date,close
1980-12-12,0.0982
1980-12-15,0.0931
1980-12-16,0.0863
1980-12-17,0.0884
1980-12-18,0.0909
1980-12-19,0.0965
1980-12-22,0.1012
1980-12-23,0.1055
1980-12-24,0.1110
1980-12-26,0.1213
1980-12-29,0.1230
1980-12-30,0.1200
1980-12-31,0.1166
1981-01-02,0.1178
1981-01-05,0.1153
1981-01-06,0.1102
1981-01-07,0.1055
1981-01-08,0.1033
1981-01-09,0.1089
1981-01-12,0.1080
1981-01-13,0.1042
1981-01-14,0.1046
1981-01-15,0.1067
1981-01-16,0.1059
1981-01-19,0.1123
1981-01-20,0.1089
1981-01-21,0.1110
1981-01-22,0.1123
1981-01-23,0.1119
1981-01-26,0.1102
1981-01-27,0.1093
1981-01-28,0.1059
1981-01-29,0.1021
1981-01-30,0.0965
1981-02-02,0.0909
1981-02-03,0.0944
1981-02-04,0.0978
1981-02-05,0.0978
1981-02-06,0.0982
1981-02-09,0.0931
1981-02-10,0.0931
1981-02-11,0.0901
1981-02-12,0.0892
1981-02-13,0.0871
1981-02-17,0.0892
1981-02-18,0.0931
1981-02-19,0.0875
1981-02-20,0.0828
1981-02-23,0.0841
1981-02-24,0.0811
1981-02-25,0.0863
1981-02-26,0.0875
1981-02-27,0.0905
1981-03-02,0.0909
1981-03-03,0.0897
1981-03-04,0.0888
1981-03-05,0.0884
1981-03-06,0.0875
1981-03-09,0.0807
1981-03-10,0.0769
1981-03-11,0.0739
1981-03-12,0.0769
1981-03-13,0.0760
1981-03-16,0.0790
1981-03-17,0.0828
1981-03-18,0.0880
1981-03-19,0.0871
1981-03-20,0.0880
1981-03-23,0.0914
1981-03-24,0.0909
1981-03-25,0.0892
1981-03-26,0.0875
1981-03-27,0.0845
1981-03-30,0.0845
1981-03-31,0.0837
1981-04-01,0.0828
1981-04-02,0.0901
1981-04-03,0.0905
1981-04-06,0.0888
1981-04-07,0.0880
1981-04-08,0.0922
1981-04-09,0.0939
1981-04-10,0.0952
1981-04-13,0.0952
1981-04-14,0.0952
1981-04-15,0.0905
1981-04-16,0.0854
1981-04-20,0.0880
1981-04-21,0.0939
1981-04-22,0.0974
1981-04-23,0.0999
1981-04-24,0.0991
1981-04-27,0.0982
1981-04-28,0.0965
1981-04-29,0.0952
1981-04-30,0.0969
1981-05-01,0.0969
1981-05-04,0.0965
1981-05-05,0.0961
1981-05-06,0.0935
1981-05-07,0.0948
1981-05-08,0.0956
1981-05-11,0.0935
1981-05-12,0.0935
1981-05-13,0.0931
1981-05-14,0.0918
1981-05-15,0.0939
1981-05-18,0.0956
1981-05-19,0.0939
1981-05-20,0.0969
1981-05-21,0.1025
1981-05-22,0.1072
1981-05-26,0.1067
1981-05-27,0.1127
1981-05-28,0.1127
1981-05-29,0.1132
1981-06-01,0.1132
1981-06-02,0.1076
1981-06-03,0.1076
1981-06-04,0.1097
1981-06-05,0.1080
1981-06-08,0.1042
1981-06-09,0.1063
1981-06-10,0.1076
1981-06-11,0.1123
1981-06-12,0.1110
1981-06-15,0.1106
1981-06-16,0.1085
1981-06-17,0.1067
1981-06-18,0.1063
1981-06-19,0.1033
1981-06-22,0.0995
1981-06-23,0.1012
1981-06-24,0.0986
1981-06-25,0.1008
1981-06-26,0.0995
1981-06-29,0.0961
1981-06-30,0.0888
1981-07-01,0.0880
1981-07-02,0.0880
1981-07-06,0.0850
1981-07-07,0.0858
1981-07-08,0.0892
1981-07-09,0.0824
1981-07-10,0.0760
1981-07-13,0.0777
1981-07-14,0.0811
1981-07-15,0.0833
1981-07-16,0.0854
1981-07-17,0.0884
1981-07-20,0.0824
1981-07-21,0.0820
1981-07-22,0.0773
1981-07-23,0.0794
1981-07-24,0.0820
1981-07-27,0.0854
1981-07-28,0.0824
1981-07-29,0.0811
1981-07-30,0.0841
1981-07-31,0.0854
1981-08-03,0.0845
1981-08-04,0.0858
1981-08-05,0.0884
1981-08-06,0.0863
1981-08-07,0.0863
1981-08-10,0.0863
1981-08-11,0.0837
1981-08-12,0.0820
1981-08-13,0.0794
1981-08-14,0.0781
1981-08-17,0.0756
1981-08-18,0.0739
1981-08-19,0.0730
1981-08-20,0.0739
1981-08-21,0.0687
1981-08-24,0.0645
1981-08-25,0.0662
1981-08-26,0.0649
1981-08-27,0.0653
1981-08-28,0.0687
1981-08-31,0.0687
1981-09-01,0.0730
1981-09-02,0.0743
1981-09-03,0.0705
1981-09-04,0.0696
1981-09-08,0.0675
1981-09-09,0.0675
1981-09-10,0.0679
1981-09-11,0.0670
1981-09-14,0.0649
1981-09-15,0.0632
1981-09-16,0.0619
1981-09-17,0.0602
1981-09-18,0.0606
1981-09-21,0.0611
1981-09-22,0.0576
1981-09-23,0.0564
1981-09-24,0.0559
1981-09-25,0.0487
1981-09-28,0.0491
1981-09-29,0.0517
1981-09-30,0.0521
1981-10-01,0.0521
1981-10-02,0.0564
1981-10-05,0.0581
1981-10-06,0.0576
1981-10-07,0.0611
1981-10-08,0.0632
1981-10-09,0.0636
1981-10-12,0.0658
1981-10-13,0.0658
1981-10-14,0.0619
1981-10-15,0.0632
1981-10-16,0.0623
1981-10-19,0.0636
1981-10-20,0.0670
1981-10-21,0.0670
1981-10-22,0.0666
1981-10-23,0.0649
1981-10-26,0.0649
1981-10-27,0.0662
1981-10-28,0.0683
1981-10-29,0.0675
1981-10-30,0.0683
1981-11-02,0.0683
1981-11-03,0.0675
1981-11-04,0.0658
1981-11-05,0.0611
1981-11-06,0.0615
1981-11-09,0.0623
1981-11-10,0.0628
1981-11-11,0.0645
1981-11-12,0.0666
1981-11-13,0.0619
1981-11-16,0.0611
1981-11-17,0.0623
1981-11-18,0.0645
1981-11-19,0.0645
1981-11-20,0.0649
1981-11-23,0.0619
1981-11-24,0.0615
1981-11-25,0.0628
1981-11-27,0.0645
1981-11-30,0.0636
1981-12-01,0.0636
1981-12-02,0.0640
1981-12-03,0.0632
1981-12-04,0.0649
1981-12-07,0.0653
1981-12-08,0.0640
1981-12-09,0.0645
1981-12-10,0.0645
1981-12-11,0.0640
1981-12-14,0.0619
1981-12-15,0.0636
1981-12-16,0.0666
1981-12-17,0.0722
1981-12-18,0.0781
1981-12-21,0.0747
1981-12-22,0.0760
1981-12-23,0.0743
1981-12-24,0.0747
1981-12-28,0.0713
1981-12-29,0.0726
1981-12-30,0.0756
1981-12-31,0.0756
1982-01-04,0.0751
1982-01-05,0.0713
1982-01-06,0.0705
1982-01-07,0.0649
1982-01-08,0.0679
1982-01-11,0.0636
1982-01-12,0.0615
1982-01-13,0.0611
1982-01-14,0.0640
1982-01-15,0.0683
1982-01-18,0.0696
1982-01-19,0.0679
1982-01-20,0.0692
1982-01-21,0.0705
1982-01-22,0.0709
1982-01-25,0.0687
1982-01-26,0.0662
1982-01-27,0.0666
1982-01-28,0.0687
1982-01-29,0.0696
1982-02-01,0.0687
1982-02-02,0.0692
1982-02-03,0.0692
1982-02-04,0.0675
1982-02-05,0.0675
1982-02-08,0.0632
1982-02-09,0.0632
1982-02-10,0.0640
1982-02-11,0.0632
1982-02-12,0.0640
1982-02-16,0.0628
1982-02-17,0.0636
1982-02-18,0.0645
1982-02-19,0.0640
1982-02-22,0.0632
1982-02-23,0.0623
1982-02-24,0.0628
1982-02-25,0.0623
1982-02-26,0.0623
1982-03-01,0.0628
1982-03-02,0.0628
1982-03-03,0.0628
1982-03-04,0.0615
1982-03-05,0.0568
1982-03-08,0.0559
1982-03-09,0.0564
1982-03-10,0.0555
1982-03-11,0.0555
1982-03-12,0.0521
1982-03-15,0.0517
1982-03-16,0.0508
1982-03-17,0.0482
1982-03-18,0.0521
1982-03-19,0.0568
1982-03-22,0.0611
1982-03-23,0.0602
1982-03-24,0.0568
1982-03-25,0.0564
1982-03-26,0.0555
1982-03-29,0.0568
1982-03-30,0.0576
1982-03-31,0.0576
1982-04-01,0.0606
1982-04-02,0.0606
1982-04-05,0.0606
1982-04-06,0.0602
1982-04-07,0.0594
1982-04-08,0.0598
1982-04-12,0.0594
1982-04-13,0.0547
1982-04-14,0.0551
1982-04-15,0.0559
1982-04-16,0.0576
1982-04-19,0.0564
1982-04-20,0.0538
1982-04-21,0.0534
1982-04-22,0.0525
1982-04-23,0.0525
1982-04-26,0.0538
1982-04-27,0.0521
1982-04-28,0.0500
1982-04-29,0.0500
1982-04-30,0.0504
1982-05-03,0.0521
1982-05-04,0.0538
1982-05-05,0.0529
1982-05-06,0.0547
1982-05-07,0.0555
1982-05-10,0.0547
1982-05-11,0.0529
1982-05-12,0.0517
1982-05-13,0.0521
1982-05-14,0.0500
1982-05-17,0.0491
1982-05-18,0.0482
1982-05-19,0.0478
1982-05-20,0.0482
1982-05-21,0.0487
1982-05-24,0.0491
1982-05-25,0.0491
1982-05-26,0.0487
1982-05-27,0.0478
1982-05-28,0.0478
1982-06-01,0.0470
1982-06-02,0.0478
1982-06-03,0.0461
1982-06-04,0.0448
1982-06-07,0.0448
1982-06-08,0.0444
1982-06-09,0.0436
1982-06-10,0.0440
1982-06-11,0.0457
1982-06-14,0.0457
1982-06-15,0.0457
1982-06-16,0.0457
1982-06-17,0.0448
1982-06-18,0.0440
1982-06-21,0.0440
1982-06-22,0.0457
1982-06-23,0.0470
1982-06-24,0.0470
1982-06-25,0.0453
1982-06-28,0.0448
1982-06-29,0.0436
1982-06-30,0.0436
1982-07-01,0.0431
1982-07-02,0.0410
1982-07-06,0.0393
1982-07-07,0.0393
1982-07-08,0.0376
1982-07-09,0.0389
1982-07-12,0.0397
1982-07-13,0.0423
1982-07-14,0.0427
1982-07-15,0.0436
1982-07-16,0.0453
1982-07-19,0.0457
1982-07-20,0.0487
1982-07-21,0.0487
1982-07-22,0.0491
1982-07-23,0.0482
1982-07-26,0.0461
1982-07-27,0.0461
1982-07-28,0.0440
1982-07-29,0.0457
1982-07-30,0.0461
1982-08-02,0.0474
1982-08-03,0.0444
1982-08-04,0.0440
1982-08-05,0.0423
1982-08-06,0.0418
1982-08-09,0.0423
1982-08-10,0.0448
1982-08-11,0.0453
1982-08-12,0.0448
1982-08-13,0.0448
1982-08-16,0.0457
1982-08-17,0.0487
1982-08-18,0.0487
1982-08-19,0.0491
1982-08-20,0.0504
1982-08-23,0.0525
1982-08-24,0.0551
1982-08-25,0.0589
1982-08-26,0.0606
1982-08-27,0.0576
1982-08-30,0.0585
1982-08-31,0.0615
1982-09-01,0.0598
1982-09-02,0.0623
1982-09-03,0.0628
1982-09-07,0.0594
1982-09-08,0.0615
1982-09-09,0.0602
1982-09-10,0.0619
1982-09-13,0.0623
1982-09-14,0.0645
1982-09-15,0.0640
1982-09-16,0.0619
1982-09-17,0.0606
1982-09-20,0.0611
1982-09-21,0.0623
1982-09-22,0.0640
1982-09-23,0.0640
1982-09-24,0.0619
1982-09-27,0.0619
1982-09-28,0.0628
1982-09-29,0.0628
1982-09-30,0.0623
1982-10-01,0.0632
1982-10-04,0.0640
1982-10-05,0.0645
1982-10-06,0.0692
1982-10-07,0.0747
1982-10-08,0.0803
1982-10-11,0.0820
1982-10-12,0.0794
1982-10-13,0.0803
1982-10-14,0.0807
1982-10-15,0.0786
1982-10-18,0.0803
1982-10-19,0.0820
1982-10-20,0.0867
1982-10-21,0.0888
1982-10-22,0.0884
1982-10-25,0.0833
1982-10-26,0.0837
1982-10-27,0.0858
1982-10-28,0.0858
1982-10-29,0.0867
1982-11-01,0.0914
1982-11-02,0.0978
1982-11-03,0.1050
1982-11-04,0.1059
1982-11-05,0.1029
1982-11-08,0.0986
1982-11-09,0.1021
1982-11-10,0.1059
1982-11-11,0.1127
1982-11-12,0.1106
1982-11-15,0.1080
1982-11-16,0.1025
1982-11-17,0.1072
1982-11-18,0.1072
1982-11-19,0.1055
1982-11-22,0.0961
1982-11-23,0.0986
1982-11-24,0.1008
1982-11-26,0.0991
1982-11-29,0.0986
1982-11-30,0.1089
1982-12-01,0.1110
1982-12-02,0.1110
1982-12-03,0.1085
1982-12-06,0.1144
1982-12-07,0.1157
1982-12-08,0.1132
1982-12-09,0.1076
1982-12-10,0.0999
1982-12-13,0.0978
1982-12-14,0.0969
1982-12-15,0.0965
1982-12-16,0.0982
1982-12-17,0.1029
1982-12-20,0.1025
1982-12-21,0.1033
1982-12-22,0.1063
1982-12-23,0.1093
1982-12-27,0.1119
1982-12-28,0.1110
1982-12-29,0.1072
1982-12-30,0.1025
1982-12-31,0.1021
1983-01-03,0.0974
1983-01-04,0.1029
1983-01-05,0.1033
1983-01-06,0.0995
1983-01-07,0.0939
1983-01-10,0.0982
1983-01-11,0.0995
1983-01-12,0.1050
1983-01-13,0.1050
1983-01-14,0.1127
1983-01-17,0.1166
1983-01-18,0.1140
1983-01-19,0.1149
1983-01-20,0.1277
1983-01-21,0.1277
1983-01-24,0.1204
1983-01-25,0.1251
1983-01-26,0.1302
1983-01-27,0.1392
1983-01-28,0.1401
1983-01-31,0.1396
1983-02-01,0.1426
1983-02-02,0.1465
1983-02-03,0.1524
1983-02-04,0.1503
1983-02-07,0.1443
1983-02-08,0.1430
1983-02-09,0.1443
1983-02-10,0.1537
1983-02-11,0.1588
1983-02-14,0.1580
1983-02-15,0.1550
1983-02-16,0.1520
1983-02-17,0.1503
1983-02-18,0.1550
1983-02-22,0.1588
1983-02-23,0.1601
1983-02-24,0.1644
1983-02-25,0.1597
1983-02-28,0.1559
1983-03-01,0.1584
1983-03-02,0.1597
1983-03-03,0.1546
1983-03-04,0.1524
1983-03-07,0.1494
1983-03-08,0.1447
1983-03-09,0.1490
1983-03-10,0.1469
1983-03-11,0.1447
1983-03-14,0.1413
1983-03-15,0.1435
1983-03-16,0.1435
1983-03-17,0.1447
1983-03-18,0.1469
1983-03-21,0.1503
1983-03-22,0.1520
1983-03-23,0.1447
1983-03-24,0.1473
1983-03-25,0.1473
1983-03-28,0.1452
1983-03-29,0.1494
1983-03-30,0.1512
1983-03-31,0.1443
1983-04-04,0.1405
1983-04-05,0.1379
1983-04-06,0.1366
1983-04-07,0.1354
1983-04-08,0.1345
1983-04-11,0.1422
1983-04-12,0.1452
1983-04-13,0.1503
1983-04-14,0.1537
1983-04-15,0.1563
1983-04-18,0.1605
1983-04-19,0.1588
1983-04-20,0.1729
1983-04-21,0.1776
1983-04-22,0.1742
1983-04-25,0.1661
1983-04-26,0.1708
1983-04-27,0.1691
1983-04-28,0.1708
1983-04-29,0.1725
1983-05-02,0.1674
1983-05-03,0.1657
1983-05-04,0.1759
1983-05-05,0.1874
1983-05-06,0.1883
1983-05-09,0.1857
1983-05-10,0.1870
1983-05-11,0.1823
1983-05-12,0.1806
1983-05-13,0.1815
1983-05-16,0.1768
1983-05-17,0.1772
1983-05-18,0.1793
1983-05-19,0.1849
1983-05-20,0.1943
1983-05-23,0.1964
1983-05-24,0.2067
1983-05-25,0.2050
1983-05-26,0.2028
1983-05-27,0.2028
1983-05-31,0.1973
1983-06-01,0.1985
1983-06-02,0.1998
1983-06-03,0.2097
1983-06-06,0.2143
1983-06-07,0.2071
1983-06-08,0.2045
1983-06-09,0.2032
1983-06-10,0.2024
1983-06-13,0.1956
1983-06-14,0.1913
1983-06-15,0.1857
1983-06-16,0.1956
1983-06-17,0.1917
1983-06-20,0.1823
1983-06-21,0.1836
1983-06-22,0.1892
1983-06-23,0.1832
1983-06-24,0.1819
1983-06-27,0.1721
1983-06-28,0.1601
1983-06-29,0.1678
1983-06-30,0.1670
1983-07-01,0.1682
1983-07-05,0.1614
1983-07-06,0.1618
1983-07-07,0.1597
1983-07-08,0.1580
1983-07-11,0.1623
1983-07-12,0.1584
1983-07-13,0.1576
1983-07-14,0.1571
1983-07-15,0.1516
1983-07-18,0.1512
1983-07-19,0.1494
1983-07-20,0.1409
1983-07-21,0.1482
1983-07-22,0.1494
1983-07-25,0.1473
1983-07-26,0.1336
1983-07-27,0.1238
1983-07-28,0.1161
1983-07-29,0.1191
1983-08-01,0.1178
1983-08-02,0.1174
1983-08-03,0.1191
1983-08-04,0.1136
1983-08-05,0.1157
1983-08-08,0.1161
1983-08-09,0.1174
1983-08-10,0.1170
1983-08-11,0.1153
1983-08-12,0.1144
1983-08-15,0.1174
1983-08-16,0.1157
1983-08-17,0.1132
1983-08-18,0.1144
1983-08-19,0.1153
1983-08-22,0.1149
1983-08-23,0.1089
1983-08-24,0.1033
1983-08-25,0.1042
1983-08-26,0.1055
1983-08-29,0.1067
1983-08-30,0.1123
1983-08-31,0.1272
1983-09-01,0.1243
1983-09-02,0.1298
1983-09-06,0.1345
1983-09-07,0.1183
1983-09-08,0.1085
1983-09-09,0.1046
1983-09-12,0.1046
1983-09-13,0.1093
1983-09-14,0.1080
1983-09-15,0.1029
1983-09-16,0.1003
1983-09-19,0.1093
1983-09-20,0.1097
1983-09-21,0.1076
1983-09-22,0.1110
1983-09-23,0.0828
1983-09-26,0.0850
1983-09-27,0.0803
1983-09-28,0.0781
1983-09-29,0.0777
1983-09-30,0.0790
1983-10-03,0.0790
1983-10-04,0.0781
1983-10-05,0.0769
1983-10-06,0.0760
1983-10-07,0.0696
1983-10-10,0.0675
1983-10-11,0.0662
1983-10-12,0.0722
1983-10-13,0.0786
1983-10-14,0.0777
1983-10-17,0.0717
1983-10-18,0.0662
1983-10-19,0.0734
1983-10-20,0.0696
1983-10-21,0.0679
1983-10-24,0.0722
1983-10-25,0.0726
1983-10-26,0.0687
1983-10-27,0.0722
1983-10-28,0.0713
1983-10-31,0.0773
1983-11-01,0.0786
1983-11-02,0.0803
1983-11-03,0.0747
1983-11-04,0.0722
1983-11-07,0.0717
1983-11-08,0.0611
1983-11-09,0.0658
1983-11-10,0.0670
1983-11-11,0.0683
1983-11-14,0.0675
1983-11-15,0.0675
1983-11-16,0.0683
1983-11-17,0.0700
1983-11-18,0.0705
1983-11-21,0.0734
1983-11-22,0.0734
1983-11-23,0.0696
1983-11-25,0.0700
1983-11-28,0.0717
1983-11-29,0.0709
1983-11-30,0.0696
1983-12-01,0.0692
1983-12-02,0.0679
1983-12-05,0.0696
1983-12-06,0.0700
1983-12-07,0.0717
1983-12-08,0.0734
1983-12-09,0.0739
1983-12-12,0.0734
1983-12-13,0.0769
1983-12-14,0.0798
1983-12-15,0.0833
1983-12-16,0.0845
1983-12-19,0.0820
1983-12-20,0.0798
1983-12-21,0.0828
1983-12-22,0.0845
1983-12-23,0.0841
1983-12-27,0.0845
1983-12-28,0.0854
1983-12-29,0.0833
1983-12-30,0.0833
1984-01-03,0.0875
1984-01-04,0.0952
1984-01-05,0.0965
1984-01-06,0.0948
1984-01-09,0.0897
1984-01-10,0.0944
1984-01-11,0.0956
1984-01-12,0.0952
1984-01-13,0.0931
1984-01-16,0.0952
1984-01-17,0.0978
1984-01-18,0.0982
1984-01-19,0.0991
1984-01-20,0.0978
1984-01-23,0.0986
1984-01-24,0.0931
1984-01-25,0.0922
1984-01-26,0.0944
1984-01-27,0.0892
1984-01-30,0.0845
1984-01-31,0.0845
1984-02-01,0.0841
1984-02-02,0.0850
1984-02-03,0.0837
1984-02-06,0.0794
1984-02-07,0.0824
1984-02-08,0.0794
1984-02-09,0.0807
1984-02-10,0.0833
1984-02-13,0.0828
1984-02-14,0.0875
1984-02-15,0.0858
1984-02-16,0.0867
1984-02-17,0.0854
1984-02-21,0.0892
1984-02-22,0.0935
1984-02-23,0.0918
1984-02-24,0.0927
1984-02-27,0.0922
1984-02-28,0.0871
1984-02-29,0.0897
1984-03-01,0.0922
1984-03-02,0.0931
1984-03-05,0.0914
1984-03-06,0.0880
1984-03-07,0.0905
1984-03-08,0.0918
1984-03-09,0.0901
1984-03-12,0.0935
1984-03-13,0.0922
1984-03-14,0.0909
1984-03-15,0.0914
1984-03-16,0.0909
1984-03-19,0.0897
1984-03-20,0.0888
1984-03-21,0.0888
1984-03-22,0.0871
1984-03-23,0.0871
1984-03-26,0.0880
1984-03-27,0.0854
1984-03-28,0.0871
1984-03-29,0.0867
1984-03-30,0.0845
1984-04-02,0.0850
1984-04-03,0.0854
1984-04-04,0.0837
1984-04-05,0.0824
1984-04-06,0.0803
1984-04-09,0.0803
1984-04-10,0.0845
1984-04-11,0.0837
1984-04-12,0.0880
1984-04-13,0.0880
1984-04-16,0.0897
1984-04-17,0.0939
1984-04-18,0.0956
1984-04-19,0.0965
1984-04-23,0.0969
1984-04-24,0.0952
1984-04-25,0.0944
1984-04-26,0.1016
1984-04-27,0.1029
1984-04-30,0.1072
1984-05-01,0.1136
1984-05-02,0.1127
1984-05-03,0.1080
1984-05-04,0.1029
1984-05-07,0.1063
1984-05-08,0.1123
1984-05-09,0.1132
1984-05-10,0.1132
1984-05-11,0.1102
1984-05-14,0.1080
1984-05-15,0.1089
1984-05-16,0.1042
1984-05-17,0.0995
1984-05-18,0.1016
1984-05-21,0.1089
1984-05-22,0.1055
1984-05-23,0.1033
1984-05-24,0.1003
1984-05-25,0.1008
1984-05-29,0.1003
1984-05-30,0.0991
1984-05-31,0.1003
1984-06-01,0.1038
1984-06-04,0.1012
1984-06-05,0.0952
1984-06-06,0.0991
1984-06-07,0.0982
1984-06-08,0.0978
1984-06-11,0.0978
1984-06-12,0.0995
1984-06-13,0.1016
1984-06-14,0.0986
1984-06-15,0.0991
1984-06-18,0.1012
1984-06-19,0.1003
1984-06-20,0.1033
1984-06-21,0.0991
1984-06-22,0.0978
1984-06-25,0.0931
1984-06-26,0.0888
1984-06-27,0.0863
1984-06-28,0.0901
1984-06-29,0.0905
1984-07-02,0.0875
1984-07-03,0.0863
1984-07-05,0.0845
1984-07-06,0.0858
1984-07-09,0.0897
1984-07-10,0.0918
1984-07-11,0.0905
1984-07-12,0.0909
1984-07-13,0.0901
1984-07-16,0.0880
1984-07-17,0.0880
1984-07-18,0.0867
1984-07-19,0.0867
1984-07-20,0.0867
1984-07-23,0.0858
1984-07-24,0.0909
1984-07-25,0.0914
1984-07-26,0.0931
1984-07-27,0.0927
1984-07-30,0.0871
1984-07-31,0.0871
1984-08-01,0.0854
1984-08-02,0.0824
1984-08-03,0.0935
1984-08-06,0.0999
1984-08-07,0.1012
1984-08-08,0.0974
1984-08-09,0.1016
1984-08-10,0.0974
1984-08-13,0.1025
1984-08-14,0.0986
1984-08-15,0.0952
1984-08-16,0.0961
1984-08-17,0.0939
1984-08-20,0.0935
1984-08-21,0.0974
1984-08-22,0.0956
1984-08-23,0.0961
1984-08-24,0.0961
1984-08-27,0.0952
1984-08-28,0.0965
1984-08-29,0.0939
1984-08-30,0.0922
1984-08-31,0.0905
1984-09-04,0.0897
1984-09-05,0.0897
1984-09-06,0.0905
1984-09-07,0.0905
1984-09-10,0.0901
1984-09-11,0.0918
1984-09-12,0.0892
1984-09-13,0.0939
1984-09-14,0.0952
1984-09-17,0.0978
1984-09-18,0.0944
1984-09-19,0.0922
1984-09-20,0.0927
1984-09-21,0.0918
1984-09-24,0.0909
1984-09-25,0.0892
1984-09-26,0.0880
1984-09-27,0.0880
1984-09-28,0.0858
1984-10-01,0.0837
1984-10-02,0.0845
1984-10-03,0.0858
1984-10-04,0.0867
1984-10-05,0.0850
1984-10-08,0.0850
1984-10-09,0.0841
1984-10-10,0.0816
1984-10-11,0.0811
1984-10-12,0.0777
1984-10-15,0.0820
1984-10-16,0.0816
1984-10-17,0.0850
1984-10-18,0.0875
1984-10-19,0.0875
1984-10-22,0.0867
1984-10-23,0.0888
1984-10-24,0.0897
1984-10-25,0.0863
1984-10-26,0.0841
1984-10-29,0.0845
1984-10-30,0.0854
1984-10-31,0.0850
1984-11-01,0.0854
1984-11-02,0.0850
1984-11-05,0.0845
1984-11-06,0.0897
1984-11-07,0.0880
1984-11-08,0.0845
1984-11-09,0.0794
1984-11-12,0.0824
1984-11-13,0.0803
1984-11-14,0.0811
1984-11-15,0.0811
1984-11-16,0.0794
1984-11-19,0.0747
1984-11-20,0.0773
1984-11-21,0.0790
1984-11-23,0.0811
1984-11-26,0.0820
1984-11-27,0.0841
1984-11-28,0.0884
1984-11-29,0.0867
1984-11-30,0.0845
1984-12-03,0.0833
1984-12-04,0.0850
1984-12-05,0.0892
1984-12-06,0.0935
1984-12-07,0.0931
1984-12-10,0.0914
1984-12-11,0.0901
1984-12-12,0.0871
1984-12-13,0.0880
1984-12-14,0.0901
1984-12-17,0.0922
1984-12-18,0.0978
1984-12-19,0.0939
1984-12-20,0.0935
1984-12-21,0.0922
1984-12-24,0.0939
1984-12-26,0.0944
1984-12-27,0.0948
1984-12-28,0.0982
1984-12-31,0.0995
1985-01-02,0.0952
1985-01-03,0.0969
1985-01-04,0.0969
1985-01-07,0.0965
1985-01-08,0.0956
1985-01-09,0.0982
1985-01-10,0.1025
1985-01-11,0.1016
1985-01-14,0.1046
1985-01-15,0.1025
1985-01-16,0.1033
1985-01-17,0.0961
1985-01-18,0.0978
1985-01-21,0.0999
1985-01-22,0.1029
1985-01-23,0.1012
1985-01-24,0.0991
1985-01-25,0.1012
1985-01-28,0.1033
1985-01-29,0.1021
1985-01-30,0.1021
1985-01-31,0.0991
1985-02-01,0.0978
1985-02-04,0.0999
1985-02-05,0.1008
1985-02-06,0.1025
1985-02-07,0.1021
1985-02-08,0.1021
1985-02-11,0.1042
1985-02-12,0.1016
1985-02-13,0.0969
1985-02-14,0.0944
1985-02-15,0.0956
1985-02-19,0.0944
1985-02-20,0.0901
1985-02-21,0.0918
1985-02-22,0.0944
1985-02-25,0.0931
1985-02-26,0.0914
1985-02-27,0.0858
1985-02-28,0.0845
1985-03-01,0.0850
1985-03-04,0.0863
1985-03-05,0.0884
1985-03-06,0.0841
1985-03-07,0.0756
1985-03-08,0.0734
1985-03-11,0.0760
1985-03-12,0.0786
1985-03-13,0.0743
1985-03-14,0.0743
1985-03-15,0.0773
1985-03-18,0.0781
1985-03-19,0.0751
1985-03-20,0.0760
1985-03-21,0.0773
1985-03-22,0.0760
1985-03-25,0.0739
1985-03-26,0.0769
1985-03-27,0.0747
1985-03-28,0.0747
1985-03-29,0.0756
1985-04-01,0.0739
1985-04-02,0.0717
1985-04-03,0.0717
1985-04-04,0.0713
1985-04-08,0.0670
1985-04-09,0.0670
1985-04-10,0.0717
1985-04-11,0.0730
1985-04-12,0.0713
1985-04-15,0.0730
1985-04-16,0.0739
1985-04-17,0.0773
1985-04-18,0.0781
1985-04-19,0.0769
1985-04-22,0.0739
1985-04-23,0.0756
1985-04-24,0.0751
1985-04-25,0.0751
1985-04-26,0.0747
1985-04-29,0.0722
1985-04-30,0.0726
1985-05-01,0.0713
1985-05-02,0.0658
1985-05-03,0.0683
1985-05-06,0.0675
1985-05-07,0.0683
1985-05-08,0.0679
1985-05-09,0.0683
1985-05-10,0.0692
1985-05-13,0.0683
1985-05-14,0.0675
1985-05-15,0.0683
1985-05-16,0.0730
1985-05-17,0.0743
1985-05-20,0.0730
1985-05-21,0.0709
1985-05-22,0.0705
1985-05-23,0.0675
1985-05-24,0.0619
1985-05-28,0.0576
1985-05-29,0.0585
1985-05-30,0.0602
1985-05-31,0.0594
1985-06-03,0.0547
1985-06-04,0.0589
1985-06-05,0.0576
1985-06-06,0.0581
1985-06-07,0.0559
1985-06-10,0.0551
1985-06-11,0.0551
1985-06-12,0.0538
1985-06-13,0.0508
1985-06-14,0.0504
1985-06-17,0.0508
1985-06-18,0.0521
1985-06-19,0.0534
1985-06-20,0.0538
1985-06-21,0.0551
1985-06-24,0.0589
1985-06-25,0.0598
1985-06-26,0.0619
1985-06-27,0.0628
1985-06-28,0.0615
1985-07-01,0.0619
1985-07-02,0.0589
1985-07-03,0.0598
1985-07-05,0.0602
1985-07-08,0.0602
1985-07-09,0.0602
1985-07-10,0.0615
1985-07-11,0.0615
1985-07-12,0.0611
1985-07-15,0.0606
1985-07-16,0.0598
1985-07-17,0.0602
1985-07-18,0.0589
1985-07-19,0.0594
1985-07-22,0.0576
1985-07-23,0.0564
1985-07-24,0.0555
1985-07-25,0.0568
1985-07-26,0.0568
1985-07-29,0.0547
1985-07-30,0.0555
1985-07-31,0.0542
1985-08-01,0.0542
1985-08-02,0.0538
1985-08-05,0.0525
1985-08-06,0.0521
1985-08-07,0.0508
1985-08-08,0.0517
1985-08-09,0.0521
1985-08-12,0.0512
1985-08-13,0.0521
1985-08-14,0.0500
1985-08-15,0.0495
1985-08-16,0.0500
1985-08-19,0.0512
1985-08-20,0.0521
1985-08-21,0.0521
1985-08-22,0.0508
1985-08-23,0.0504
1985-08-26,0.0517
1985-08-27,0.0521
1985-08-28,0.0521
1985-08-29,0.0508
1985-08-30,0.0512
1985-09-03,0.0504
1985-09-04,0.0508
1985-09-05,0.0508
1985-09-06,0.0512
1985-09-09,0.0521
1985-09-10,0.0525
1985-09-11,0.0529
1985-09-12,0.0551
1985-09-13,0.0538
1985-09-16,0.0521
1985-09-17,0.0521
1985-09-18,0.0555
1985-09-19,0.0581
1985-09-20,0.0572
1985-09-23,0.0576
1985-09-24,0.0564
1985-09-25,0.0542
1985-09-26,0.0542
1985-09-30,0.0538
1985-10-01,0.0538
1985-10-02,0.0534
1985-10-03,0.0529
1985-10-04,0.0512
1985-10-07,0.0512
1985-10-08,0.0517
1985-10-09,0.0512
1985-10-10,0.0542
1985-10-11,0.0547
1985-10-14,0.0568
1985-10-15,0.0581
1985-10-16,0.0615
1985-10-17,0.0623
1985-10-18,0.0606
1985-10-21,0.0589
1985-10-22,0.0615
1985-10-23,0.0615
1985-10-24,0.0628
1985-10-25,0.0615
1985-10-28,0.0615
1985-10-29,0.0611
1985-10-30,0.0649
1985-10-31,0.0636
1985-11-01,0.0636
1985-11-04,0.0640
1985-11-05,0.0636
1985-11-06,0.0658
1985-11-07,0.0670
1985-11-08,0.0700
1985-11-11,0.0683
1985-11-12,0.0679
1985-11-13,0.0662
1985-11-14,0.0683
1985-11-15,0.0679
1985-11-18,0.0679
1985-11-19,0.0658
1985-11-20,0.0649
1985-11-21,0.0649
1985-11-22,0.0649
1985-11-25,0.0653
1985-11-26,0.0662
1985-11-27,0.0683
1985-11-29,0.0687
1985-12-02,0.0692
1985-12-03,0.0687
1985-12-04,0.0700
1985-12-05,0.0687
1985-12-06,0.0675
1985-12-09,0.0662
1985-12-10,0.0666
1985-12-11,0.0675
1985-12-12,0.0683
1985-12-13,0.0683
1985-12-16,0.0713
1985-12-17,0.0705
1985-12-18,0.0760
1985-12-19,0.0769
1985-12-20,0.0764
1985-12-23,0.0747
1985-12-24,0.0743
1985-12-26,0.0743
1985-12-27,0.0764
1985-12-30,0.0760
1985-12-31,0.0751
1986-01-02,0.0760
1986-01-03,0.0764
1986-01-06,0.0760
1986-01-07,0.0786
1986-01-08,0.0781
1986-01-09,0.0773
1986-01-10,0.0777
1986-01-13,0.0786
1986-01-14,0.0794
1986-01-15,0.0816
1986-01-16,0.0837
1986-01-17,0.0820
1986-01-20,0.0816
1986-01-21,0.0820
1986-01-22,0.0798
1986-01-23,0.0786
1986-01-24,0.0773
1986-01-27,0.0756
1986-01-28,0.0760
1986-01-29,0.0807
1986-01-30,0.0786
1986-01-31,0.0790
1986-02-03,0.0816
1986-02-04,0.0811
1986-02-05,0.0811
1986-02-06,0.0824
1986-02-07,0.0820
1986-02-10,0.0816
1986-02-11,0.0816
1986-02-12,0.0820
1986-02-13,0.0816
1986-02-14,0.0811
1986-02-18,0.0816
1986-02-19,0.0854
1986-02-20,0.0858
1986-02-21,0.0863
1986-02-24,0.0880
1986-02-25,0.0901
1986-02-26,0.0888
1986-02-27,0.0875
1986-02-28,0.0854
1986-03-03,0.0841
1986-03-04,0.0841
1986-03-05,0.0863
1986-03-06,0.0867
1986-03-07,0.0845
1986-03-10,0.0841
1986-03-11,0.0850
1986-03-12,0.0845
1986-03-13,0.0845
1986-03-14,0.0892
1986-03-17,0.0888
1986-03-18,0.0918
1986-03-19,0.0905
1986-03-20,0.0965
1986-03-21,0.0944
1986-03-24,0.0914
1986-03-25,0.0952
1986-03-26,0.0965
1986-03-27,0.0965
1986-03-31,0.0965
1986-04-01,0.0931
1986-04-02,0.0931
1986-04-03,0.0922
1986-04-04,0.0914
1986-04-07,0.0931
1986-04-08,0.0944
1986-04-09,0.0927
1986-04-10,0.0931
1986-04-11,0.0922
1986-04-14,0.0918
1986-04-15,0.0935
1986-04-16,0.0965
1986-04-17,0.0991
1986-04-18,0.1016
1986-04-21,0.1038
1986-04-22,0.1021
1986-04-23,0.1012
1986-04-24,0.1072
1986-04-25,0.1102
1986-04-28,0.1093
1986-04-29,0.1067
1986-04-30,0.1033
1986-05-01,0.1033
1986-05-02,0.1042
1986-05-05,0.1097
1986-05-06,0.1114
1986-05-07,0.1076
1986-05-08,0.1127
1986-05-09,0.1140
1986-05-12,0.1243
1986-05-13,0.1230
1986-05-14,0.1260
1986-05-15,0.1230
1986-05-16,0.1230
1986-05-19,0.1217
1986-05-20,0.1208
1986-05-21,0.1264
1986-05-22,0.1255
1986-05-23,0.1264
1986-05-27,0.1260
1986-05-28,0.1272
1986-05-29,0.1264
1986-05-30,0.1264
1986-06-02,0.1268
1986-06-03,0.1294
1986-06-04,0.1324
1986-06-05,0.1328
1986-06-06,0.1290
1986-06-09,0.1230
1986-06-10,0.1230
1986-06-11,0.1234
1986-06-12,0.1230
1986-06-13,0.1243
1986-06-16,0.1225
1986-06-17,0.1170
1986-06-18,0.1170
1986-06-19,0.1196
1986-06-20,0.1230
1986-06-23,0.1187
1986-06-24,0.1191
1986-06-25,0.1225
1986-06-26,0.1238
1986-06-27,0.1225
1986-06-30,0.1225
1986-07-01,0.1208
1986-07-02,0.1234
1986-07-03,0.1285
1986-07-07,0.1217
1986-07-08,0.1170
1986-07-09,0.1183
1986-07-10,0.1208
1986-07-11,0.1268
1986-07-14,0.1238
1986-07-15,0.1191
1986-07-16,0.1144
1986-07-17,0.1102
1986-07-18,0.1085
1986-07-21,0.1144
1986-07-22,0.1183
1986-07-23,0.1166
1986-07-24,0.1132
1986-07-25,0.1161
1986-07-28,0.1106
1986-07-29,0.1067
1986-07-30,0.1042
1986-07-31,0.1067
1986-08-01,0.1072
1986-08-04,0.1076
1986-08-05,0.1097
1986-08-06,0.1063
1986-08-07,0.1085
1986-08-08,0.1080
1986-08-11,0.1144
1986-08-12,0.1170
1986-08-13,0.1230
1986-08-14,0.1230
1986-08-15,0.1221
1986-08-18,0.1208
1986-08-19,0.1208
1986-08-20,0.1238
1986-08-21,0.1221
1986-08-22,0.1238
1986-08-25,0.1243
1986-08-26,0.1251
1986-08-27,0.1264
1986-08-28,0.1290
1986-08-29,0.1264
1986-09-02,0.1187
1986-09-03,0.1187
1986-09-04,0.1213
1986-09-05,0.1200
1986-09-08,0.1187
1986-09-09,0.1221
1986-09-10,0.1196
1986-09-11,0.1114
1986-09-12,0.1085
1986-09-15,0.1132
1986-09-16,0.1191
1986-09-17,0.1170
1986-09-18,0.1161
1986-09-19,0.1149
1986-09-22,0.1204
1986-09-23,0.1234
1986-09-24,0.1200
1986-09-25,0.1178
1986-09-26,0.1170
1986-09-29,0.1110
1986-09-30,0.1144
1986-10-01,0.1166
1986-10-02,0.1166
1986-10-03,0.1153
1986-10-06,0.1166
1986-10-07,0.1127
1986-10-08,0.1119
1986-10-09,0.1127
1986-10-10,0.1136
1986-10-13,0.1183
1986-10-14,0.1161
1986-10-15,0.1140
1986-10-16,0.1149
1986-10-17,0.1149
1986-10-20,0.1123
1986-10-21,0.1119
1986-10-22,0.1110
1986-10-23,0.1132
1986-10-24,0.1127
1986-10-27,0.1161
1986-10-28,0.1140
1986-10-29,0.1140
1986-10-30,0.1170
1986-10-31,0.1183
1986-11-03,0.1196
1986-11-04,0.1221
1986-11-05,0.1264
1986-11-06,0.1234
1986-11-07,0.1221
1986-11-10,0.1208
1986-11-11,0.1213
1986-11-12,0.1251
1986-11-13,0.1213
1986-11-14,0.1204
1986-11-17,0.1243
1986-11-18,0.1208
1986-11-19,0.1196
1986-11-20,0.1204
1986-11-21,0.1230
1986-11-24,0.1298
1986-11-25,0.1375
1986-11-26,0.1383
1986-11-28,0.1366
1986-12-01,0.1371
1986-12-02,0.1418
1986-12-03,0.1460
1986-12-04,0.1452
1986-12-05,0.1494
1986-12-08,0.1452
1986-12-09,0.1447
1986-12-10,0.1486
1986-12-11,0.1465
1986-12-12,0.1409
1986-12-15,0.1426
1986-12-16,0.1452
1986-12-17,0.1409
1986-12-18,0.1413
1986-12-19,0.1439
1986-12-22,0.1439
1986-12-23,0.1439
1986-12-24,0.1430
1986-12-26,0.1401
1986-12-29,0.1383
1986-12-30,0.1401
1986-12-31,0.1383
1987-01-02,0.1396
1987-01-05,0.1469
1987-01-06,0.1494
1987-01-07,0.1529
1987-01-08,0.1529
1987-01-09,0.1550
1987-01-12,0.1554
1987-01-13,0.1524
1987-01-14,0.1644
1987-01-15,0.1704
1987-01-16,0.1665
1987-01-19,0.1815
1987-01-20,0.1763
1987-01-21,0.1674
1987-01-22,0.1793
1987-01-23,0.1716
1987-01-26,0.1699
1987-01-27,0.1802
1987-01-28,0.1892
1987-01-29,0.1849
1987-01-30,0.1896
1987-02-02,0.1909
1987-02-03,0.1896
1987-02-04,0.1879
1987-02-05,0.1840
1987-02-06,0.1845
1987-02-09,0.1798
1987-02-10,0.1802
1987-02-11,0.1930
1987-02-12,0.2003
1987-02-13,0.2122
1987-02-17,0.2267
1987-02-18,0.2169
1987-02-19,0.2131
1987-02-20,0.2092
1987-02-23,0.2156
1987-02-24,0.2237
1987-02-25,0.2361
1987-02-26,0.2361
1987-02-27,0.2391
1987-03-02,0.2306
1987-03-03,0.2220
1987-03-04,0.2310
1987-03-05,0.2340
1987-03-06,0.2297
1987-03-09,0.2208
1987-03-10,0.2280
1987-03-11,0.2263
1987-03-12,0.2229
1987-03-13,0.2169
1987-03-16,0.2229
1987-03-17,0.2289
1987-03-18,0.2254
1987-03-19,0.2336
1987-03-20,0.2331
1987-03-23,0.2306
1987-03-24,0.2263
1987-03-25,0.2280
1987-03-26,0.2297
1987-03-27,0.2220
1987-03-30,0.2135
1987-03-31,0.2203
1987-04-01,0.2280
1987-04-02,0.2451
1987-04-03,0.2451
1987-04-06,0.2391
1987-04-07,0.2314
1987-04-08,0.2357
1987-04-09,0.2425
1987-04-10,0.2400
1987-04-13,0.2306
1987-04-14,0.2323
1987-04-15,0.2425
1987-04-16,0.2442
1987-04-20,0.2430
1987-04-21,0.2553
1987-04-22,0.2536
1987-04-23,0.2596
1987-04-24,0.2553
1987-04-27,0.2562
1987-04-28,0.2630
1987-04-29,0.2656
1987-04-30,0.2707
1987-05-01,0.2733
1987-05-04,0.2724
1987-05-05,0.2741
1987-05-06,0.2733
1987-05-07,0.2741
1987-05-08,0.2699
1987-05-11,0.2634
1987-05-12,0.2583
1987-05-13,0.2686
1987-05-14,0.2711
1987-05-15,0.2677
1987-05-18,0.2591
1987-05-19,0.2506
1987-05-20,0.2549
1987-05-21,0.2549
1987-05-22,0.2536
1987-05-26,0.2668
1987-05-27,0.2720
1987-05-28,0.2737
1987-05-29,0.2703
1987-06-01,0.2660
1987-06-02,0.2643
1987-06-03,0.2660
1987-06-04,0.2686
1987-06-05,0.2660
1987-06-08,0.2660
1987-06-09,0.2686
1987-06-10,0.2686
1987-06-11,0.2703
1987-06-12,0.2703
1987-06-15,0.2686
1987-06-16,0.2840
1987-06-17,0.2771
1987-06-18,0.2840
1987-06-19,0.2805
1987-06-22,0.2874
1987-06-23,0.2822
1987-06-24,0.2874
1987-06-25,0.2771
1987-06-26,0.2771
1987-06-29,0.2788
1987-06-30,0.2771
1987-07-01,0.2737
1987-07-02,0.2780
1987-07-06,0.2788
1987-07-07,0.2686
1987-07-08,0.2549
1987-07-09,0.2583
1987-07-10,0.2600
1987-07-13,0.2771
1987-07-14,0.2942
1987-07-15,0.3011
1987-07-16,0.3011
1987-07-17,0.2959
1987-07-20,0.2857
1987-07-21,0.2831
1987-07-22,0.2908
1987-07-23,0.2857
1987-07-24,0.2908
1987-07-27,0.2891
1987-07-28,0.2865
1987-07-29,0.2805
1987-07-30,0.2840
1987-07-31,0.2822
1987-08-03,0.2754
1987-08-04,0.2891
1987-08-05,0.2959
1987-08-06,0.3165
1987-08-07,0.3182
1987-08-10,0.3306
1987-08-11,0.3391
1987-08-12,0.3340
1987-08-13,0.3357
1987-08-14,0.3357
1987-08-17,0.3391
1987-08-18,0.3340
1987-08-19,0.3426
1987-08-20,0.3545
1987-08-21,0.3631
1987-08-24,0.3580
1987-08-25,0.3563
1987-08-26,0.3563
1987-08-27,0.3563
1987-08-28,0.3563
1987-08-31,0.3700
1987-09-01,0.3597
1987-09-02,0.3563
1987-09-03,0.3511
1987-09-04,0.3460
1987-09-08,0.3417
1987-09-09,0.3614
1987-09-10,0.3682
1987-09-11,0.3734
1987-09-14,0.3631
1987-09-15,0.3545
1987-09-16,0.3545
1987-09-17,0.3563
1987-09-18,0.3545
1987-09-21,0.3443
1987-09-22,0.3708
1987-09-23,0.3785
1987-09-24,0.3871
1987-09-25,0.3939
1987-09-28,0.3819
1987-09-29,0.3734
1987-09-30,0.3871
1987-10-01,0.3991
1987-10-02,0.4008
1987-10-05,0.4059
1987-10-06,0.3819
1987-10-07,0.3802
1987-10-08,0.3717
1987-10-09,0.3708
1987-10-12,0.3648
1987-10-13,0.3734
1987-10-14,0.3648
1987-10-15,0.3563
1987-10-16,0.3306
1987-10-19,0.2501
1987-10-20,0.2364
1987-10-21,0.2775
1987-10-22,0.2518
1987-10-23,0.2432
1987-10-26,0.1918
1987-10-27,0.2072
1987-10-28,0.2295
1987-10-29,0.2706
1987-10-30,0.2646
1987-11-02,0.2655
1987-11-03,0.2484
1987-11-04,0.2466
1987-11-05,0.2603
1987-11-06,0.2586
1987-11-09,0.2552
1987-11-10,0.2484
1987-11-11,0.2552
1987-11-12,0.2655
1987-11-13,0.2552
1987-11-16,0.2518
1987-11-17,0.2403
1987-11-18,0.2489
1987-11-19,0.2369
1987-11-20,0.2437
1987-11-23,0.2489
1987-11-24,0.2540
1987-11-25,0.2506
1987-11-27,0.2403
1987-11-30,0.2266
1987-12-01,0.2283
1987-12-02,0.2231
1987-12-03,0.2094
1987-12-04,0.2111
1987-12-07,0.2266
1987-12-08,0.2369
1987-12-09,0.2403
1987-12-10,0.2386
1987-12-11,0.2334
1987-12-14,0.2558
1987-12-15,0.2575
1987-12-16,0.2695
1987-12-17,0.2695
1987-12-18,0.2781
1987-12-21,0.2867
1987-12-22,0.2849
1987-12-23,0.2901
1987-12-24,0.2927
1987-12-28,0.2764
1987-12-29,0.2892
1987-12-30,0.2978
1987-12-31,0.2884
1988-01-04,0.3073
1988-01-05,0.3064
1988-01-06,0.3004
1988-01-07,0.3055
1988-01-08,0.2746
1988-01-11,0.2918
1988-01-12,0.2884
1988-01-13,0.2901
1988-01-14,0.2901
1988-01-15,0.2944
1988-01-18,0.2935
1988-01-19,0.2935
1988-01-20,0.2729
1988-01-21,0.2755
1988-01-22,0.2695
1988-01-25,0.2806
1988-01-26,0.2729
1988-01-27,0.2729
1988-01-28,0.2832
1988-01-29,0.2849
1988-02-01,0.2867
1988-02-02,0.2832
1988-02-03,0.2712
1988-02-04,0.2729
1988-02-05,0.2652
1988-02-08,0.2661
1988-02-09,0.2729
1988-02-10,0.2815
1988-02-11,0.2789
1988-02-12,0.2821
1988-02-16,0.2838
1988-02-17,0.2881
1988-02-18,0.2872
1988-02-19,0.2872
1988-02-22,0.2975
1988-02-23,0.2941
1988-02-24,0.2907
1988-02-25,0.2872
1988-02-26,0.2872
1988-02-29,0.2958
1988-03-01,0.2975
1988-03-02,0.3079
1988-03-03,0.3199
1988-03-04,0.3225
1988-03-07,0.3225
1988-03-08,0.3182
1988-03-09,0.3216
1988-03-10,0.3113
1988-03-11,0.3147
1988-03-14,0.3182
1988-03-15,0.3096
1988-03-16,0.3173
1988-03-17,0.3096
1988-03-18,0.3079
1988-03-21,0.3018
1988-03-22,0.3027
1988-03-23,0.2924
1988-03-24,0.2812
1988-03-25,0.2760
1988-03-28,0.2855
1988-03-29,0.2821
1988-03-30,0.2717
1988-03-31,0.2752
1988-04-04,0.2666
1988-04-05,0.2700
1988-04-06,0.2872
1988-04-07,0.2803
1988-04-08,0.2821
1988-04-11,0.2855
1988-04-12,0.2872
1988-04-13,0.2838
1988-04-14,0.2717
1988-04-15,0.2717
1988-04-18,0.2752
1988-04-19,0.2769
1988-04-20,0.2735
1988-04-21,0.2717
1988-04-22,0.2760
1988-04-25,0.2812
1988-04-26,0.2855
1988-04-27,0.2872
1988-04-28,0.2846
1988-04-29,0.2821
1988-05-02,0.2821
1988-05-03,0.2872
1988-05-04,0.2889
1988-05-05,0.2872
1988-05-06,0.2838
1988-05-09,0.2803
1988-05-10,0.2812
1988-05-11,0.2717
1988-05-12,0.2735
1988-05-13,0.2786
1988-05-16,0.2843
1988-05-17,0.2792
1988-05-18,0.2740
1988-05-19,0.2688
1988-05-20,0.2671
1988-05-23,0.2619
1988-05-24,0.2680
1988-05-25,0.2654
1988-05-26,0.2714
1988-05-27,0.2740
1988-05-31,0.2861
1988-06-01,0.2930
1988-06-02,0.2878
1988-06-03,0.2964
1988-06-06,0.3033
1988-06-07,0.3033
1988-06-08,0.3102
1988-06-09,0.2999
1988-06-10,0.3067
1988-06-13,0.3102
1988-06-14,0.3119
1988-06-15,0.3154
1988-06-16,0.3067
1988-06-17,0.3085
1988-06-20,0.3042
1988-06-21,0.3093
1988-06-22,0.3145
1988-06-23,0.3102
1988-06-24,0.3102
1988-06-27,0.3067
1988-06-28,0.3188
1988-06-29,0.3197
1988-06-30,0.3188
1988-07-01,0.3205
1988-07-05,0.3257
1988-07-06,0.3205
1988-07-07,0.3162
1988-07-08,0.3119
1988-07-11,0.3111
1988-07-12,0.3085
1988-07-13,0.3085
1988-07-14,0.3102
1988-07-15,0.3102
1988-07-18,0.3136
1988-07-19,0.3085
1988-07-20,0.3050
1988-07-21,0.2964
1988-07-22,0.2930
1988-07-25,0.2947
1988-07-26,0.2947
1988-07-27,0.2947
1988-07-28,0.2938
1988-07-29,0.3059
1988-08-01,0.3102
1988-08-02,0.3076
1988-08-03,0.3085
1988-08-04,0.3076
1988-08-05,0.3050
1988-08-08,0.3033
1988-08-09,0.2999
1988-08-10,0.2887
1988-08-11,0.2981
1988-08-12,0.2930
1988-08-15,0.2849
1988-08-16,0.2935
1988-08-17,0.2901
1988-08-18,0.2935
1988-08-19,0.2814
1988-08-22,0.2745
1988-08-23,0.2728
1988-08-24,0.2814
1988-08-25,0.2771
1988-08-26,0.2780
1988-08-29,0.2823
1988-08-30,0.2823
1988-08-31,0.2754
1988-09-01,0.2685
1988-09-02,0.2745
1988-09-06,0.2685
1988-09-07,0.2642
1988-09-08,0.2676
1988-09-09,0.2797
1988-09-12,0.2832
1988-09-13,0.2832
1988-09-14,0.2901
1988-09-15,0.2875
1988-09-16,0.2918
1988-09-19,0.2883
1988-09-20,0.2866
1988-09-21,0.2952
1988-09-22,0.3039
1988-09-23,0.3021
1988-09-26,0.2952
1988-09-27,0.2996
1988-09-28,0.3004
1988-09-29,0.3039
1988-09-30,0.2987
1988-10-03,0.2935
1988-10-04,0.2866
1988-10-05,0.2823
1988-10-06,0.2745
1988-10-07,0.2745
1988-10-10,0.2659
1988-10-11,0.2693
1988-10-12,0.2676
1988-10-13,0.2693
1988-10-14,0.2676
1988-10-17,0.2659
1988-10-18,0.2719
1988-10-19,0.2762
1988-10-20,0.2866
1988-10-21,0.2832
1988-10-24,0.2762
1988-10-25,0.2754
1988-10-26,0.2711
1988-10-27,0.2693
1988-10-28,0.2659
1988-10-31,0.2667
1988-11-01,0.2624
1988-11-02,0.2573
1988-11-03,0.2564
1988-11-04,0.2607
1988-11-07,0.2590
1988-11-08,0.2659
1988-11-09,0.2711
1988-11-10,0.2728
1988-11-11,0.2659
1988-11-14,0.2685
1988-11-15,0.2693
1988-11-16,0.2624
1988-11-17,0.2642
1988-11-18,0.2624
1988-11-21,0.2536
1988-11-22,0.2501
1988-11-23,0.2553
1988-11-25,0.2527
1988-11-28,0.2527
1988-11-29,0.2545
1988-11-30,0.2605
1988-12-01,0.2683
1988-12-02,0.2718
1988-12-05,0.2735
1988-12-06,0.2735
1988-12-07,0.2726
1988-12-08,0.2709
1988-12-09,0.2709
1988-12-12,0.2666
1988-12-13,0.2683
1988-12-14,0.2752
1988-12-15,0.2735
1988-12-16,0.2778
1988-12-19,0.2822
1988-12-20,0.2839
1988-12-21,0.2891
1988-12-22,0.2839
1988-12-23,0.2848
1988-12-27,0.2804
1988-12-28,0.2787
1988-12-29,0.2804
1988-12-30,0.2787
1989-01-03,0.2796
1989-01-04,0.2908
1989-01-05,0.2926
1989-01-06,0.2952
1989-01-09,0.2977
1989-01-10,0.2952
1989-01-11,0.2917
1989-01-12,0.2960
1989-01-13,0.2995
1989-01-16,0.3029
1989-01-17,0.2796
1989-01-18,0.2752
1989-01-19,0.2804
1989-01-20,0.2839
1989-01-23,0.2839
1989-01-24,0.2882
1989-01-25,0.2874
1989-01-26,0.2891
1989-01-27,0.2605
1989-01-30,0.2588
1989-01-31,0.2614
1989-02-01,0.2718
1989-02-02,0.2752
1989-02-03,0.2718
1989-02-06,0.2666
1989-02-07,0.2700
1989-02-08,0.2649
1989-02-09,0.2649
1989-02-10,0.2579
1989-02-13,0.2562
1989-02-14,0.2475
1989-02-15,0.2510
1989-02-16,0.2519
1989-02-17,0.2552
1989-02-21,0.2604
1989-02-22,0.2552
1989-02-23,0.2552
1989-02-24,0.2500
1989-02-27,0.2534
1989-02-28,0.2517
1989-03-01,0.2500
1989-03-02,0.2430
1989-03-03,0.2413
1989-03-06,0.2465
1989-03-07,0.2482
1989-03-08,0.2448
1989-03-09,0.2395
1989-03-10,0.2430
1989-03-13,0.2430
1989-03-14,0.2448
1989-03-15,0.2430
1989-03-16,0.2448
1989-03-17,0.2422
1989-03-20,0.2422
1989-03-21,0.2422
1989-03-22,0.2352
1989-03-23,0.2387
1989-03-27,0.2343
1989-03-28,0.2361
1989-03-29,0.2378
1989-03-30,0.2413
1989-03-31,0.2474
1989-04-03,0.2430
1989-04-04,0.2395
1989-04-05,0.2430
1989-04-06,0.2500
1989-04-07,0.2595
1989-04-10,0.2569
1989-04-11,0.2621
1989-04-12,0.2673
1989-04-13,0.2673
1989-04-14,0.2691
1989-04-17,0.2725
1989-04-18,0.2786
1989-04-19,0.2838
1989-04-20,0.2829
1989-04-21,0.2786
1989-04-24,0.2786
1989-04-25,0.2777
1989-04-26,0.2760
1989-04-27,0.2734
1989-04-28,0.2708
1989-05-01,0.2708
1989-05-02,0.2769
1989-05-03,0.2795
1989-05-04,0.2847
1989-05-05,0.2882
1989-05-08,0.2934
1989-05-09,0.2951
1989-05-10,0.3003
1989-05-11,0.3046
1989-05-12,0.3125
1989-05-15,0.3194
1989-05-16,0.3151
1989-05-17,0.3142
1989-05-18,0.3107
1989-05-19,0.3177
1989-05-22,0.3201
1989-05-23,0.3166
1989-05-24,0.3323
1989-05-25,0.3358
1989-05-26,0.3375
1989-05-30,0.3305
1989-05-31,0.3323
1989-06-01,0.3392
1989-06-02,0.3410
1989-06-05,0.3271
1989-06-06,0.3253
1989-06-07,0.3358
1989-06-08,0.3314
1989-06-09,0.3271
1989-06-12,0.3305
1989-06-13,0.3375
1989-06-14,0.3453
1989-06-15,0.3305
1989-06-16,0.3097
1989-06-19,0.3062
1989-06-20,0.2992
1989-06-21,0.2957
1989-06-22,0.3010
1989-06-23,0.3053
1989-06-26,0.3027
1989-06-27,0.2966
1989-06-28,0.2905
1989-06-29,0.2827
1989-06-30,0.2870
1989-07-03,0.2836
1989-07-05,0.2818
1989-07-06,0.2870
1989-07-07,0.2870
1989-07-10,0.2818
1989-07-11,0.2766
1989-07-12,0.2783
1989-07-13,0.2827
1989-07-14,0.2836
1989-07-17,0.2836
1989-07-18,0.2731
1989-07-19,0.2818
1989-07-20,0.2783
1989-07-21,0.2783
1989-07-24,0.2731
1989-07-25,0.2696
1989-07-26,0.2662
1989-07-27,0.2731
1989-07-28,0.2740
1989-07-31,0.2766
1989-08-01,0.2775
1989-08-02,0.2818
1989-08-03,0.2870
1989-08-04,0.2975
1989-08-07,0.3044
1989-08-08,0.3071
1989-08-09,0.3062
1989-08-10,0.3010
1989-08-11,0.2914
1989-08-14,0.2836
1989-08-15,0.2879
1989-08-16,0.2810
1989-08-17,0.2853
1989-08-18,0.2940
1989-08-21,0.2947
1989-08-22,0.2991
1989-08-23,0.3052
1989-08-24,0.3078
1989-08-25,0.3121
1989-08-28,0.3121
1989-08-29,0.3078
1989-08-30,0.3104
1989-08-31,0.3104
1989-09-01,0.3113
1989-09-05,0.3121
1989-09-06,0.3121
1989-09-07,0.3121
1989-09-08,0.3139
1989-09-11,0.3191
1989-09-12,0.3209
1989-09-13,0.3139
1989-09-14,0.3121
1989-09-15,0.3139
1989-09-18,0.3069
1989-09-19,0.3017
1989-09-20,0.3113
1989-09-21,0.3121
1989-09-22,0.3130
1989-09-25,0.3156
1989-09-26,0.3156
1989-09-27,0.3121
1989-09-28,0.3174
1989-09-29,0.3104
1989-10-02,0.3095
1989-10-03,0.3043
1989-10-04,0.3087
1989-10-05,0.3174
1989-10-06,0.3357
1989-10-09,0.3453
1989-10-10,0.3453
1989-10-11,0.3409
1989-10-12,0.3400
1989-10-13,0.3191
1989-10-16,0.3261
1989-10-17,0.3296
1989-10-18,0.3366
1989-10-19,0.3400
1989-10-20,0.3348
1989-10-23,0.3261
1989-10-24,0.3322
1989-10-25,0.3243
1989-10-26,0.3156
1989-10-27,0.3156
1989-10-30,0.3191
1989-10-31,0.3243
1989-11-01,0.3217
1989-11-02,0.3069
1989-11-03,0.3017
1989-11-06,0.3017
1989-11-07,0.3069
1989-11-08,0.3139
1989-11-09,0.3209
1989-11-10,0.3261
1989-11-13,0.3243
1989-11-14,0.3121
1989-11-15,0.3087
1989-11-16,0.3121
1989-11-17,0.3129
1989-11-20,0.3164
1989-11-21,0.3164
1989-11-22,0.3129
1989-11-24,0.3129
1989-11-27,0.3077
1989-11-28,0.3085
1989-11-29,0.3077
1989-11-30,0.3094
1989-12-01,0.3077
1989-12-04,0.3164
1989-12-05,0.3147
1989-12-06,0.2989
1989-12-07,0.2989
1989-12-08,0.2919
1989-12-11,0.2744
1989-12-12,0.2517
1989-12-13,0.2517
1989-12-14,0.2439
1989-12-15,0.2360
1989-12-18,0.2430
1989-12-19,0.2447
1989-12-20,0.2500
1989-12-21,0.2535
1989-12-22,0.2552
1989-12-26,0.2482
1989-12-27,0.2456
1989-12-28,0.2421
1989-12-29,0.2465
1990-01-02,0.2605
1990-01-03,0.2622
1990-01-04,0.2631
1990-01-05,0.2640
1990-01-08,0.2657
1990-01-09,0.2631
1990-01-10,0.2517
1990-01-11,0.2412
1990-01-12,0.2412
1990-01-15,0.2395
1990-01-16,0.2439
1990-01-17,0.2325
1990-01-18,0.2264
1990-01-19,0.2395
1990-01-22,0.2325
1990-01-23,0.2360
1990-01-24,0.2377
1990-01-25,0.2386
1990-01-26,0.2290
1990-01-29,0.2325
1990-01-30,0.2377
1990-01-31,0.2377
1990-02-01,0.2351
1990-02-02,0.2395
1990-02-05,0.2447
1990-02-06,0.2430
1990-02-07,0.2325
1990-02-08,0.2307
1990-02-09,0.2395
1990-02-12,0.2377
1990-02-13,0.2412
1990-02-14,0.2395
1990-02-15,0.2395
1990-02-16,0.2368
1990-02-20,0.2350
1990-02-21,0.2385
1990-02-22,0.2315
1990-02-23,0.2332
1990-02-26,0.2385
1990-02-27,0.2350
1990-02-28,0.2385
1990-03-01,0.2403
1990-03-02,0.2368
1990-03-05,0.2420
1990-03-06,0.2473
1990-03-07,0.2482
1990-03-08,0.2578
1990-03-09,0.2587
1990-03-12,0.2569
1990-03-13,0.2587
1990-03-14,0.2596
1990-03-15,0.2578
1990-03-16,0.2823
1990-03-19,0.2973
1990-03-20,0.2902
1990-03-21,0.2920
1990-03-22,0.2859
1990-03-23,0.2964
1990-03-26,0.2964
1990-03-27,0.2946
1990-03-28,0.2894
1990-03-29,0.2885
1990-03-30,0.2823
1990-04-02,0.2823
1990-04-03,0.2929
1990-04-04,0.2894
1990-04-05,0.2823
1990-04-06,0.2797
1990-04-09,0.2885
1990-04-10,0.2894
1990-04-11,0.2981
1990-04-12,0.3034
1990-04-16,0.3069
1990-04-17,0.3034
1990-04-18,0.3034
1990-04-19,0.2823
1990-04-20,0.2823
1990-04-23,0.2788
1990-04-24,0.2718
1990-04-25,0.2718
1990-04-26,0.2727
1990-04-27,0.2745
1990-04-30,0.2762
1990-05-01,0.2780
1990-05-02,0.2788
1990-05-03,0.2806
1990-05-04,0.2806
1990-05-07,0.2911
1990-05-08,0.2929
1990-05-09,0.2937
1990-05-10,0.2902
1990-05-11,0.2990
1990-05-14,0.2929
1990-05-15,0.2929
1990-05-16,0.2920
1990-05-17,0.2911
1990-05-18,0.2788
1990-05-21,0.2779
1990-05-22,0.2910
1990-05-23,0.2954
1990-05-24,0.2954
1990-05-25,0.2814
1990-05-29,0.2884
1990-05-30,0.2910
1990-05-31,0.2902
1990-06-01,0.2866
1990-06-04,0.2866
1990-06-05,0.2779
1990-06-06,0.2779
1990-06-07,0.2743
1990-06-08,0.2691
1990-06-11,0.2743
1990-06-12,0.2849
1990-06-13,0.2796
1990-06-14,0.2796
1990-06-15,0.2779
1990-06-18,0.2761
1990-06-19,0.2787
1990-06-20,0.2814
1990-06-21,0.2946
1990-06-22,0.2919
1990-06-25,0.2902
1990-06-26,0.2858
1990-06-27,0.2919
1990-06-28,0.3025
1990-06-29,0.3148
1990-07-02,0.3095
1990-07-03,0.3095
1990-07-05,0.3060
1990-07-06,0.3148
1990-07-09,0.3280
1990-07-10,0.3306
1990-07-11,0.3306
1990-07-12,0.3333
1990-07-13,0.3289
1990-07-16,0.3209
1990-07-17,0.3113
1990-07-18,0.3139
1990-07-19,0.2937
1990-07-20,0.2884
1990-07-23,0.2919
1990-07-24,0.2963
1990-07-25,0.2972
1990-07-26,0.2910
1990-07-27,0.2910
1990-07-30,0.2981
1990-07-31,0.2954
1990-08-01,0.2981
1990-08-02,0.3060
1990-08-03,0.2902
1990-08-06,0.2779
1990-08-07,0.2779
1990-08-08,0.2823
1990-08-09,0.2779
1990-08-10,0.2726
1990-08-13,0.2805
1990-08-14,0.2796
1990-08-15,0.2761
1990-08-16,0.2708
1990-08-17,0.2568
1990-08-20,0.2593
1990-08-21,0.2558
1990-08-22,0.2478
1990-08-23,0.2434
1990-08-24,0.2505
1990-08-27,0.2663
1990-08-28,0.2690
1990-08-29,0.2628
1990-08-30,0.2558
1990-08-31,0.2611
1990-09-04,0.2611
1990-09-05,0.2540
1990-09-06,0.2522
1990-09-07,0.2566
1990-09-10,0.2522
1990-09-11,0.2399
1990-09-12,0.2399
1990-09-13,0.2381
1990-09-14,0.2399
1990-09-17,0.2381
1990-09-18,0.2355
1990-09-19,0.2293
1990-09-20,0.2231
1990-09-21,0.2223
1990-09-24,0.2134
1990-09-25,0.2117
1990-09-26,0.2099
1990-09-27,0.1993
1990-09-28,0.2046
1990-10-01,0.2152
1990-10-02,0.2090
1990-10-03,0.1905
1990-10-04,0.1976
1990-10-05,0.1976
1990-10-08,0.2055
1990-10-09,0.1976
1990-10-10,0.1870
1990-10-11,0.1958
1990-10-12,0.1993
1990-10-15,0.1958
1990-10-16,0.1764
1990-10-17,0.1870
1990-10-18,0.2011
1990-10-19,0.2214
1990-10-22,0.2196
1990-10-23,0.2187
1990-10-24,0.2152
1990-10-25,0.2117
1990-10-26,0.2117
1990-10-29,0.2108
1990-10-30,0.2143
1990-10-31,0.2170
1990-11-01,0.2152
1990-11-02,0.2240
1990-11-05,0.2346
1990-11-06,0.2364
1990-11-07,0.2346
1990-11-08,0.2434
1990-11-09,0.2505
1990-11-12,0.2558
1990-11-13,0.2540
1990-11-14,0.2611
1990-11-15,0.2540
1990-11-16,0.2487
1990-11-19,0.2575
1990-11-20,0.2513
1990-11-21,0.2557
1990-11-23,0.2575
1990-11-26,0.2602
1990-11-27,0.2655
1990-11-28,0.2602
1990-11-29,0.2602
1990-11-30,0.2602
1990-12-03,0.2699
1990-12-04,0.2725
1990-12-05,0.2841
1990-12-06,0.2920
1990-12-07,0.3009
1990-12-10,0.2956
1990-12-11,0.2832
1990-12-12,0.2805
1990-12-13,0.2885
1990-12-14,0.2823
1990-12-17,0.2841
1990-12-18,0.2991
1990-12-19,0.2964
1990-12-20,0.3115
1990-12-21,0.3186
1990-12-24,0.3115
1990-12-26,0.3097
1990-12-27,0.3079
1990-12-28,0.3044
1990-12-31,0.3044
1991-01-02,0.3079
1991-01-03,0.3044
1991-01-04,0.3062
1991-01-07,0.3062
1991-01-08,0.3062
1991-01-09,0.3203
1991-01-10,0.3336
1991-01-11,0.3327
1991-01-14,0.3274
1991-01-15,0.3310
1991-01-16,0.3522
1991-01-17,0.3628
1991-01-18,0.3557
1991-01-21,0.3593
1991-01-22,0.3628
1991-01-23,0.3663
1991-01-24,0.3690
1991-01-25,0.3787
1991-01-28,0.3858
1991-01-29,0.3805
1991-01-30,0.3929
1991-01-31,0.3929
1991-02-01,0.3947
1991-02-04,0.3911
1991-02-05,0.4088
1991-02-06,0.4026
1991-02-07,0.4088
1991-02-08,0.4239
1991-02-11,0.4345
1991-02-12,0.4248
1991-02-13,0.4248
1991-02-14,0.4044
1991-02-15,0.4088
1991-02-19,0.4256
1991-02-20,0.4327
1991-02-21,0.4186
1991-02-22,0.4239
1991-02-25,0.4115
1991-02-26,0.4132
1991-02-27,0.4132
1991-02-28,0.4061
1991-03-01,0.4097
1991-03-04,0.4141
1991-03-05,0.4478
1991-03-06,0.4469
1991-03-07,0.4771
1991-03-08,0.4611
1991-03-11,0.4505
1991-03-12,0.4460
1991-03-13,0.4700
1991-03-14,0.4629
1991-03-15,0.4700
1991-03-18,0.4806
1991-03-19,0.4930
1991-03-20,0.4806
1991-03-21,0.4593
1991-03-22,0.4487
1991-03-25,0.4576
1991-03-26,0.4966
1991-03-27,0.4913
1991-03-28,0.4824
1991-04-01,0.4859
1991-04-02,0.5161
1991-04-03,0.4966
1991-04-04,0.5072
1991-04-05,0.4922
1991-04-08,0.4966
1991-04-09,0.4877
1991-04-10,0.4744
1991-04-11,0.5037
1991-04-12,0.5090
1991-04-15,0.4416
1991-04-16,0.4558
1991-04-17,0.4487
1991-04-18,0.4327
1991-04-19,0.4230
1991-04-22,0.4363
1991-04-23,0.4363
1991-04-24,0.4310
1991-04-25,0.4150
1991-04-26,0.4159
1991-04-29,0.4132
1991-04-30,0.3902
1991-05-01,0.3352
1991-05-02,0.3476
1991-05-03,0.3476
1991-05-06,0.3565
1991-05-07,0.3591
1991-05-08,0.3529
1991-05-09,0.3600
1991-05-10,0.3636
1991-05-13,0.3742
1991-05-14,0.3795
1991-05-15,0.3583
1991-05-16,0.3476
1991-05-17,0.3334
1991-05-20,0.3147
1991-05-21,0.3218
1991-05-22,0.3289
1991-05-23,0.3209
1991-05-24,0.3263
1991-05-28,0.3272
1991-05-29,0.3343
1991-05-30,0.3387
1991-05-31,0.3343
1991-06-03,0.3503
1991-06-04,0.3494
1991-06-05,0.3414
1991-06-06,0.3316
1991-06-07,0.3281
1991-06-10,0.3272
1991-06-11,0.3174
1991-06-12,0.3014
1991-06-13,0.2996
1991-06-14,0.2925
1991-06-17,0.2987
1991-06-18,0.2996
1991-06-19,0.2969
1991-06-20,0.2987
1991-06-21,0.2987
1991-06-24,0.2969
1991-06-25,0.3014
1991-06-26,0.3058
1991-06-27,0.3023
1991-06-28,0.2952
1991-07-01,0.3023
1991-07-02,0.3005
1991-07-03,0.3067
1991-07-05,0.3245
1991-07-08,0.3325
1991-07-09,0.3334
1991-07-10,0.3361
1991-07-11,0.3325
1991-07-12,0.3325
1991-07-15,0.3236
1991-07-16,0.3112
1991-07-17,0.3023
1991-07-18,0.3192
1991-07-19,0.3272
1991-07-22,0.3272
1991-07-23,0.3201
1991-07-24,0.3201
1991-07-25,0.3218
1991-07-26,0.3192
1991-07-29,0.3236
1991-07-30,0.3307
1991-07-31,0.3289
1991-08-01,0.3494
1991-08-02,0.3556
1991-08-05,0.3449
1991-08-06,0.3521
1991-08-07,0.3583
1991-08-08,0.3592
1991-08-09,0.3609
1991-08-12,0.3681
1991-08-13,0.3805
1991-08-14,0.3903
1991-08-15,0.3787
1991-08-16,0.3787
1991-08-19,0.3600
1991-08-20,0.3635
1991-08-21,0.3831
1991-08-22,0.3867
1991-08-23,0.3778
1991-08-26,0.3778
1991-08-27,0.3849
1991-08-28,0.3796
1991-08-29,0.3778
1991-08-30,0.3778
1991-09-03,0.3742
1991-09-04,0.3671
1991-09-05,0.3635
1991-09-06,0.3671
1991-09-09,0.3796
1991-09-10,0.3573
1991-09-11,0.3600
1991-09-12,0.3609
1991-09-13,0.3466
1991-09-16,0.3368
1991-09-17,0.3493
1991-09-18,0.3573
1991-09-19,0.3546
1991-09-20,0.3609
1991-09-23,0.3529
1991-09-24,0.3582
1991-09-25,0.3600
1991-09-26,0.3564
1991-09-27,0.3493
1991-09-30,0.3529
1991-10-01,0.3618
1991-10-02,0.3546
1991-10-03,0.3404
1991-10-04,0.3439
1991-10-07,0.3431
1991-10-08,0.3439
1991-10-09,0.3422
1991-10-10,0.3404
1991-10-11,0.3457
1991-10-14,0.3555
1991-10-15,0.3742
1991-10-16,0.3814
1991-10-17,0.3733
1991-10-18,0.3921
1991-10-21,0.3903
1991-10-22,0.3885
1991-10-23,0.3787
1991-10-24,0.3716
1991-10-25,0.3653
1991-10-28,0.3671
1991-10-29,0.3689
1991-10-30,0.3546
1991-10-31,0.3671
1991-11-01,0.3635
1991-11-04,0.3546
1991-11-05,0.3475
1991-11-06,0.3422
1991-11-07,0.3546
1991-11-08,0.3796
1991-11-11,0.3831
1991-11-12,0.3885
1991-11-13,0.3858
1991-11-14,0.3903
1991-11-15,0.3564
1991-11-18,0.3725
1991-11-19,0.3662
1991-11-20,0.3608
1991-11-21,0.3644
1991-11-22,0.3662
1991-11-25,0.3662
1991-11-26,0.3680
1991-11-27,0.3644
1991-11-29,0.3626
1991-12-02,0.3698
1991-12-03,0.3608
1991-12-04,0.3608
1991-12-05,0.3573
1991-12-06,0.3483
1991-12-09,0.3510
1991-12-10,0.3510
1991-12-11,0.3501
1991-12-12,0.3528
1991-12-13,0.3600
1991-12-16,0.3608
1991-12-17,0.3608
1991-12-18,0.3698
1991-12-19,0.3626
1991-12-20,0.3591
1991-12-23,0.3680
1991-12-24,0.3733
1991-12-26,0.3921
1991-12-27,0.3930
1991-12-30,0.4055
1991-12-31,0.4028
1992-01-02,0.4252
1992-01-03,0.4216
1992-01-06,0.4144
1992-01-07,0.4225
1992-01-08,0.4323
1992-01-09,0.4448
1992-01-10,0.4448
1992-01-13,0.4430
1992-01-14,0.4609
1992-01-15,0.4537
1992-01-16,0.4484
1992-01-17,0.4627
1992-01-20,0.4573
1992-01-21,0.4368
1992-01-22,0.4537
1992-01-23,0.4609
1992-01-24,0.4618
1992-01-27,0.4609
1992-01-28,0.4662
1992-01-29,0.4519
1992-01-30,0.4555
1992-01-31,0.4627
1992-02-03,0.4698
1992-02-04,0.4698
1992-02-05,0.4725
1992-02-06,0.4582
1992-02-07,0.4573
1992-02-10,0.4511
1992-02-11,0.4493
1992-02-12,0.4662
1992-02-13,0.4591
1992-02-14,0.4591
1992-02-18,0.4492
1992-02-19,0.4438
1992-02-20,0.4626
1992-02-21,0.4653
1992-02-24,0.4734
1992-02-25,0.4904
1992-02-26,0.5002
1992-02-27,0.4904
1992-02-28,0.4832
1992-03-02,0.4814
1992-03-03,0.4752
1992-03-04,0.4653
1992-03-05,0.4546
1992-03-06,0.4582
1992-03-09,0.4564
1992-03-10,0.4564
1992-03-11,0.4528
1992-03-12,0.4492
1992-03-13,0.4519
1992-03-16,0.4537
1992-03-17,0.4501
1992-03-18,0.4564
1992-03-19,0.4510
1992-03-20,0.4528
1992-03-23,0.4510
1992-03-24,0.4653
1992-03-25,0.4617
1992-03-26,0.4582
1992-03-27,0.4367
1992-03-30,0.4161
1992-03-31,0.4170
1992-04-01,0.4224
1992-04-02,0.4206
1992-04-03,0.4224
1992-04-06,0.4349
1992-04-07,0.4098
1992-04-08,0.4000
1992-04-09,0.4098
1992-04-10,0.3973
1992-04-13,0.4045
1992-04-14,0.4206
1992-04-15,0.4331
1992-04-16,0.4224
1992-04-20,0.4063
1992-04-21,0.4027
1992-04-22,0.4125
1992-04-23,0.4081
1992-04-24,0.4045
1992-04-27,0.3991
1992-04-28,0.3884
1992-04-29,0.4081
1992-04-30,0.4304
1992-05-01,0.4242
1992-05-04,0.4331
1992-05-05,0.4331
1992-05-06,0.4421
1992-05-07,0.4349
1992-05-08,0.4438
1992-05-11,0.4456
1992-05-12,0.4456
1992-05-13,0.4492
1992-05-14,0.4394
1992-05-15,0.4340
1992-05-18,0.4322
1992-05-19,0.4251
1992-05-20,0.4295
1992-05-21,0.4233
1992-05-22,0.4259
1992-05-26,0.4242
1992-05-27,0.4313
1992-05-28,0.4259
1992-05-29,0.4277
1992-06-01,0.4125
1992-06-02,0.4053
1992-06-03,0.3883
1992-06-04,0.3909
1992-06-05,0.3936
1992-06-08,0.3891
1992-06-09,0.3874
1992-06-10,0.3856
1992-06-11,0.3865
1992-06-12,0.3918
1992-06-15,0.3775
1992-06-16,0.3533
1992-06-17,0.3407
1992-06-18,0.3246
1992-06-19,0.3210
1992-06-22,0.3174
1992-06-23,0.3246
1992-06-24,0.3300
1992-06-25,0.3273
1992-06-26,0.3246
1992-06-29,0.3353
1992-06-30,0.3443
1992-07-01,0.3515
1992-07-02,0.3318
1992-07-06,0.3318
1992-07-07,0.3174
1992-07-08,0.3282
1992-07-09,0.3291
1992-07-10,0.3282
1992-07-13,0.3371
1992-07-14,0.3407
1992-07-15,0.3443
1992-07-16,0.3497
1992-07-17,0.3228
1992-07-20,0.3210
1992-07-21,0.3282
1992-07-22,0.3174
1992-07-23,0.3210
1992-07-24,0.3291
1992-07-27,0.3246
1992-07-28,0.3336
1992-07-29,0.3389
1992-07-30,0.3389
1992-07-31,0.3353
1992-08-03,0.3282
1992-08-04,0.3264
1992-08-05,0.3210
1992-08-06,0.3156
1992-08-07,0.3111
1992-08-10,0.3165
1992-08-11,0.3120
1992-08-12,0.3165
1992-08-13,0.3210
1992-08-14,0.3210
1992-08-17,0.3219
1992-08-18,0.3219
1992-08-19,0.3201
1992-08-20,0.3219
1992-08-21,0.3210
1992-08-24,0.3111
1992-08-25,0.3192
1992-08-26,0.3183
1992-08-27,0.3201
1992-08-28,0.3237
1992-08-31,0.3309
1992-09-01,0.3345
1992-09-02,0.3488
1992-09-03,0.3434
1992-09-04,0.3398
1992-09-08,0.3434
1992-09-09,0.3524
1992-09-10,0.3542
1992-09-11,0.3425
1992-09-14,0.3560
1992-09-15,0.3470
1992-09-16,0.3380
1992-09-17,0.3309
1992-09-18,0.3345
1992-09-21,0.3345
1992-09-22,0.3291
1992-09-23,0.3416
1992-09-24,0.3327
1992-09-25,0.3273
1992-09-28,0.3219
1992-09-29,0.3228
1992-09-30,0.3246
1992-10-01,0.3183
1992-10-02,0.3147
1992-10-05,0.3129
1992-10-06,0.3219
1992-10-07,0.3147
1992-10-08,0.3129
1992-10-09,0.3120
1992-10-12,0.3165
1992-10-13,0.3264
1992-10-14,0.3309
1992-10-15,0.3273
1992-10-16,0.3524
1992-10-19,0.3524
1992-10-20,0.3533
1992-10-21,0.3488
1992-10-22,0.3506
1992-10-23,0.3506
1992-10-26,0.3704
1992-10-27,0.3704
1992-10-28,0.3758
1992-10-29,0.3830
1992-10-30,0.3776
1992-11-02,0.3758
1992-11-03,0.3740
1992-11-04,0.3776
1992-11-05,0.3956
1992-11-06,0.4010
1992-11-09,0.3974
1992-11-10,0.4046
1992-11-11,0.4082
1992-11-12,0.4091
1992-11-13,0.4046
1992-11-16,0.4127
1992-11-17,0.3974
1992-11-18,0.4154
1992-11-19,0.4190
1992-11-20,0.4136
1992-11-23,0.4082
1992-11-24,0.4136
1992-11-25,0.4064
1992-11-27,0.4064
1992-11-30,0.4144
1992-12-01,0.4199
1992-12-02,0.4126
1992-12-03,0.4144
1992-12-04,0.4099
1992-12-07,0.4163
1992-12-08,0.4190
1992-12-09,0.4153
1992-12-10,0.4126
1992-12-11,0.4144
1992-12-14,0.4126
1992-12-15,0.4063
1992-12-16,0.3964
1992-12-17,0.4099
1992-12-18,0.4199
1992-12-21,0.4298
1992-12-22,0.4370
1992-12-23,0.4307
1992-12-24,0.4253
1992-12-28,0.4289
1992-12-29,0.4298
1992-12-30,0.4235
1992-12-31,0.4307
1993-01-04,0.4199
1993-01-05,0.4271
1993-01-06,0.4451
1993-01-07,0.4397
1993-01-08,0.4487
1993-01-11,0.4622
1993-01-12,0.4433
1993-01-13,0.4577
1993-01-14,0.4685
1993-01-15,0.4343
1993-01-18,0.4289
1993-01-19,0.4307
1993-01-20,0.4325
1993-01-21,0.4325
1993-01-22,0.4289
1993-01-25,0.4325
1993-01-26,0.4379
1993-01-27,0.4343
1993-01-28,0.4316
1993-01-29,0.4289
1993-02-01,0.4415
1993-02-02,0.4343
1993-02-03,0.4325
1993-02-04,0.4289
1993-02-05,0.4126
1993-02-08,0.4072
1993-02-09,0.4099
1993-02-10,0.4018
1993-02-11,0.3973
1993-02-12,0.3892
1993-02-16,0.3828
1993-02-17,0.3892
1993-02-18,0.3973
1993-02-19,0.3973
1993-02-22,0.3982
1993-02-23,0.3919
1993-02-24,0.3874
1993-02-25,0.3955
1993-02-26,0.3828
1993-03-01,0.3847
1993-03-02,0.3919
1993-03-03,0.3946
1993-03-04,0.3973
1993-03-05,0.3973
1993-03-08,0.4081
1993-03-09,0.4099
1993-03-10,0.4099
1993-03-11,0.4108
1993-03-12,0.4063
1993-03-15,0.4117
1993-03-16,0.4081
1993-03-17,0.3982
1993-03-18,0.3937
1993-03-19,0.3883
1993-03-22,0.3847
1993-03-23,0.3810
1993-03-24,0.3883
1993-03-25,0.3955
1993-03-26,0.3847
1993-03-29,0.3684
1993-03-30,0.3774
1993-03-31,0.3720
1993-04-01,0.3738
1993-04-02,0.3621
1993-04-05,0.3612
1993-04-06,0.3521
1993-04-07,0.3648
1993-04-08,0.3594
1993-04-12,0.3612
1993-04-13,0.3503
1993-04-14,0.3521
1993-04-15,0.3413
1993-04-16,0.3476
1993-04-19,0.3503
1993-04-20,0.3612
1993-04-21,0.3585
1993-04-22,0.3612
1993-04-23,0.3558
1993-04-26,0.3540
1993-04-27,0.3630
1993-04-28,0.3711
1993-04-29,0.3666
1993-04-30,0.3702
1993-05-03,0.3747
1993-05-04,0.3856
1993-05-05,0.3937
1993-05-06,0.3883
1993-05-07,0.3955
1993-05-10,0.3973
1993-05-11,0.3937
1993-05-12,0.3847
1993-05-13,0.4009
1993-05-14,0.4009
1993-05-17,0.4027
1993-05-18,0.4009
1993-05-19,0.4135
1993-05-20,0.4244
1993-05-21,0.4154
1993-05-24,0.4163
1993-05-25,0.4072
1993-05-26,0.4172
1993-05-27,0.4154
1993-05-28,0.4099
1993-06-01,0.4126
1993-06-02,0.4126
1993-06-03,0.4081
1993-06-04,0.3972
1993-06-07,0.3674
1993-06-08,0.3583
1993-06-09,0.3203
1993-06-10,0.3221
1993-06-11,0.3167
1993-06-14,0.3230
1993-06-15,0.3040
1993-06-16,0.3058
1993-06-17,0.2986
1993-06-18,0.2968
1993-06-21,0.2868
1993-06-22,0.2995
1993-06-23,0.2932
1993-06-24,0.3022
1993-06-25,0.2895
1993-06-28,0.2904
1993-06-29,0.2823
1993-06-30,0.2859
1993-07-01,0.2751
1993-07-02,0.2787
1993-07-06,0.2733
1993-07-07,0.2642
1993-07-08,0.2642
1993-07-09,0.2660
1993-07-12,0.2751
1993-07-13,0.2696
1993-07-14,0.2696
1993-07-15,0.2588
1993-07-16,0.1991
1993-07-19,0.1855
1993-07-20,0.1945
1993-07-21,0.1900
1993-07-22,0.1918
1993-07-23,0.1900
1993-07-26,0.1945
1993-07-27,0.1918
1993-07-28,0.1945
1993-07-29,0.1973
1993-07-30,0.2009
1993-08-02,0.2063
1993-08-03,0.2099
1993-08-04,0.2190
1993-08-05,0.2135
1993-08-06,0.2117
1993-08-09,0.2153
1993-08-10,0.2063
1993-08-11,0.1991
1993-08-12,0.1918
1993-08-13,0.1982
1993-08-16,0.1999
1993-08-17,0.2063
1993-08-18,0.2072
1993-08-19,0.1999
1993-08-20,0.2036
1993-08-23,0.2063
1993-08-24,0.2036
1993-08-25,0.1981
1993-08-26,0.1954
1993-08-27,0.1927
1993-08-30,0.1890
1993-08-31,0.1927
1993-09-01,0.1899
1993-09-02,0.1872
1993-09-03,0.1872
1993-09-07,0.1908
1993-09-08,0.1945
1993-09-09,0.1890
1993-09-10,0.1908
1993-09-13,0.1836
1993-09-14,0.1763
1993-09-15,0.1781
1993-09-16,0.1799
1993-09-17,0.1836
1993-09-20,0.1809
1993-09-21,0.1781
1993-09-22,0.1854
1993-09-23,0.1799
1993-09-24,0.1818
1993-09-27,0.1799
1993-09-28,0.1799
1993-09-29,0.1736
1993-09-30,0.1699
1993-10-01,0.1654
1993-10-04,0.1654
1993-10-05,0.1709
1993-10-06,0.1718
1993-10-07,0.1672
1993-10-08,0.1645
1993-10-11,0.1727
1993-10-12,0.1745
1993-10-13,0.1745
1993-10-14,0.1727
1993-10-15,0.2054
1993-10-18,0.2063
1993-10-19,0.2018
1993-10-20,0.2018
1993-10-21,0.2199
1993-10-22,0.2199
1993-10-25,0.2181
1993-10-26,0.2163
1993-10-27,0.2308
1993-10-28,0.2254
1993-10-29,0.2236
1993-11-01,0.2290
1993-11-02,0.2381
1993-11-03,0.2299
1993-11-04,0.2345
1993-11-05,0.2317
1993-11-08,0.2236
1993-11-09,0.2190
1993-11-10,0.2236
1993-11-11,0.2281
1993-11-12,0.2308
1993-11-15,0.2327
1993-11-16,0.2472
1993-11-17,0.2436
1993-11-18,0.2436
1993-11-19,0.2408
1993-11-22,0.2371
1993-11-23,0.2408
1993-11-24,0.2408
1993-11-26,0.2381
1993-11-29,0.2317
1993-11-30,0.2298
1993-12-01,0.2298
1993-12-02,0.2317
1993-12-03,0.2298
1993-12-06,0.2353
1993-12-07,0.2353
1993-12-08,0.2326
1993-12-09,0.2189
1993-12-10,0.2061
1993-12-13,0.2152
1993-12-14,0.2125
1993-12-15,0.2171
1993-12-16,0.2143
1993-12-17,0.2152
1993-12-20,0.2080
1993-12-21,0.2007
1993-12-22,0.2043
1993-12-23,0.1988
1993-12-27,0.2080
1993-12-28,0.2125
1993-12-29,0.2080
1993-12-30,0.2171
1993-12-31,0.2134
1994-01-03,0.2180
1994-01-04,0.2298
1994-01-05,0.2463
1994-01-06,0.2390
1994-01-07,0.2417
1994-01-10,0.2453
1994-01-11,0.2326
1994-01-12,0.2225
1994-01-13,0.2235
1994-01-14,0.2262
1994-01-17,0.2216
1994-01-18,0.2143
1994-01-19,0.2134
1994-01-20,0.2180
1994-01-21,0.2435
1994-01-24,0.2554
1994-01-25,0.2472
1994-01-26,0.2444
1994-01-27,0.2490
1994-01-28,0.2481
1994-01-31,0.2390
1994-02-01,0.2426
1994-02-02,0.2408
1994-02-03,0.2444
1994-02-04,0.2444
1994-02-07,0.2673
1994-02-08,0.2618
1994-02-09,0.2655
1994-02-10,0.2673
1994-02-11,0.2709
1994-02-14,0.2709
1994-02-15,0.2719
1994-02-16,0.2691
1994-02-17,0.2709
1994-02-18,0.2655
1994-02-22,0.2728
1994-02-23,0.2728
1994-02-24,0.2682
1994-02-25,0.2636
1994-02-28,0.2673
1994-03-01,0.2655
1994-03-02,0.2609
1994-03-03,0.2618
1994-03-04,0.2691
1994-03-07,0.2774
1994-03-08,0.2709
1994-03-09,0.2746
1994-03-10,0.2728
1994-03-11,0.2728
1994-03-14,0.2792
1994-03-15,0.2755
1994-03-16,0.2691
1994-03-17,0.2673
1994-03-18,0.2664
1994-03-21,0.2600
1994-03-22,0.2563
1994-03-23,0.2572
1994-03-24,0.2536
1994-03-25,0.2398
1994-03-28,0.2435
1994-03-29,0.2398
1994-03-30,0.2380
1994-03-31,0.2435
1994-04-04,0.2435
1994-04-05,0.2453
1994-04-06,0.2453
1994-04-07,0.2444
1994-04-08,0.2453
1994-04-11,0.2453
1994-04-12,0.2343
1994-04-13,0.2325
1994-04-14,0.2307
1994-04-15,0.2215
1994-04-18,0.2169
1994-04-19,0.2124
1994-04-20,0.2069
1994-04-21,0.2169
1994-04-22,0.2179
1994-04-25,0.2270
1994-04-26,0.2288
1994-04-28,0.2215
1994-04-29,0.2197
1994-05-02,0.2270
1994-05-03,0.2215
1994-05-04,0.2417
1994-05-05,0.2407
1994-05-06,0.2366
1994-05-09,0.2288
1994-05-10,0.2270
1994-05-11,0.2215
1994-05-12,0.2174
1994-05-13,0.2197
1994-05-16,0.2160
1994-05-17,0.2151
1994-05-18,0.2243
1994-05-19,0.2352
1994-05-20,0.2275
1994-05-23,0.2233
1994-05-24,0.2252
1994-05-25,0.2288
1994-05-26,0.2233
1994-05-27,0.2201
1994-05-31,0.2150
1994-06-01,0.2077
1994-06-02,0.2013
1994-06-03,0.2031
1994-06-06,0.2013
1994-06-07,0.2022
1994-06-08,0.1921
1994-06-09,0.1985
1994-06-10,0.1948
1994-06-13,0.1985
1994-06-14,0.1990
1994-06-15,0.2045
1994-06-16,0.1939
1994-06-17,0.1948
1994-06-20,0.1994
1994-06-21,0.1911
1994-06-22,0.1930
1994-06-23,0.1847
1994-06-24,0.1883
1994-06-27,0.1930
1994-06-28,0.1967
1994-06-29,0.1921
1994-06-30,0.1948
1994-07-01,0.1893
1994-07-05,0.1948
1994-07-06,0.1921
1994-07-07,0.1971
1994-07-08,0.1990
1994-07-11,0.1985
1994-07-12,0.2086
1994-07-13,0.2183
1994-07-14,0.2104
1994-07-15,0.2077
1994-07-18,0.2086
1994-07-19,0.2036
1994-07-20,0.1957
1994-07-21,0.2058
1994-07-22,0.2279
1994-07-25,0.2330
1994-07-26,0.2307
1994-07-27,0.2284
1994-07-28,0.2343
1994-07-29,0.2477
1994-08-01,0.2454
1994-08-02,0.2394
1994-08-03,0.2435
1994-08-04,0.2444
1994-08-05,0.2444
1994-08-08,0.2481
1994-08-09,0.2472
1994-08-10,0.2546
1994-08-11,0.2523
1994-08-12,0.2555
1994-08-15,0.2554
1994-08-16,0.2564
1994-08-17,0.2582
1994-08-18,0.2554
1994-08-19,0.2573
1994-08-22,0.2573
1994-08-23,0.2582
1994-08-24,0.2573
1994-08-25,0.2587
1994-08-26,0.2637
1994-08-29,0.2610
1994-08-30,0.2674
1994-08-31,0.2670
1994-09-01,0.2582
1994-09-02,0.2610
1994-09-06,0.2624
1994-09-07,0.2665
1994-09-08,0.2665
1994-09-09,0.2637
1994-09-12,0.2637
1994-09-13,0.2642
1994-09-14,0.2591
1994-09-15,0.2656
1994-09-16,0.2683
1994-09-19,0.2619
1994-09-20,0.2550
1994-09-21,0.2517
1994-09-22,0.2499
1994-09-23,0.2504
1994-09-26,0.2504
1994-09-27,0.2499
1994-09-28,0.2499
1994-09-29,0.2517
1994-09-30,0.2485
1994-10-03,0.2444
1994-10-04,0.2490
1994-10-05,0.2794
1994-10-06,0.2674
1994-10-07,0.2730
1994-10-10,0.2868
1994-10-11,0.2923
1994-10-12,0.3108
1994-10-13,0.3034
1994-10-14,0.3034
1994-10-17,0.2932
1994-10-18,0.3043
1994-10-19,0.3043
1994-10-20,0.3025
1994-10-21,0.3145
1994-10-24,0.3117
1994-10-25,0.3145
1994-10-26,0.3191
1994-10-27,0.3154
1994-10-28,0.3108
1994-10-31,0.3186
1994-11-01,0.3181
1994-11-02,0.3052
1994-11-03,0.3062
1994-11-04,0.2979
1994-11-07,0.3006
1994-11-08,0.3117
1994-11-09,0.3071
1994-11-10,0.3048
1994-11-11,0.3034
1994-11-14,0.3135
1994-11-15,0.3052
1994-11-16,0.3020
1994-11-17,0.2951
1994-11-18,0.2960
1994-11-21,0.2821
1994-11-22,0.2766
1994-11-23,0.2729
1994-11-25,0.2793
1994-11-28,0.2798
1994-11-29,0.2830
1994-11-30,0.2756
1994-12-01,0.2678
1994-12-02,0.2705
1994-12-05,0.2752
1994-12-06,0.2779
1994-12-07,0.2710
1994-12-08,0.2655
1994-12-09,0.2682
1994-12-12,0.2701
1994-12-13,0.2692
1994-12-14,0.2803
1994-12-15,0.2747
1994-12-16,0.2756
1994-12-19,0.2895
1994-12-20,0.2849
1994-12-21,0.2840
1994-12-22,0.2858
1994-12-23,0.2877
1994-12-27,0.2895
1994-12-28,0.2895
1994-12-29,0.2923
1994-12-30,0.2886
1995-01-03,0.2840
1995-01-04,0.2914
1995-01-05,0.2877
1995-01-06,0.3108
1995-01-09,0.3049
1995-01-10,0.3233
1995-01-11,0.3459
1995-01-12,0.3357
1995-01-13,0.3320
1995-01-16,0.3293
1995-01-17,0.3330
1995-01-18,0.3376
1995-01-19,0.3394
1995-01-20,0.3154
1995-01-23,0.3126
1995-01-24,0.3080
1995-01-25,0.3033
1995-01-26,0.2923
1995-01-27,0.2951
1995-01-30,0.2969
1995-01-31,0.2988
1995-02-01,0.2969
1995-02-02,0.3080
1995-02-03,0.2997
1995-02-06,0.2997
1995-02-07,0.3020
1995-02-08,0.3131
1995-02-09,0.3228
1995-02-10,0.3237
1995-02-13,0.3246
1995-02-14,0.3186
1995-02-15,0.3158
1995-02-16,0.3204
1995-02-17,0.3153
1995-02-21,0.3042
1995-02-22,0.3028
1995-02-23,0.2982
1995-02-24,0.2894
1995-02-27,0.2838
1995-02-28,0.2931
1995-03-01,0.2968
1995-03-02,0.2968
1995-03-03,0.2986
1995-03-06,0.2949
1995-03-07,0.2843
1995-03-08,0.2935
1995-03-09,0.2949
1995-03-10,0.2931
1995-03-13,0.2829
1995-03-14,0.2597
1995-03-15,0.2597
1995-03-16,0.2615
1995-03-17,0.2606
1995-03-20,0.2615
1995-03-21,0.2690
1995-03-22,0.2824
1995-03-23,0.2755
1995-03-24,0.2801
1995-03-27,0.2759
1995-03-28,0.2551
1995-03-29,0.2551
1995-03-30,0.2625
1995-03-31,0.2615
1995-04-03,0.2634
1995-04-04,0.2513
1995-04-05,0.2578
1995-04-06,0.2727
1995-04-07,0.2727
1995-04-10,0.2717
1995-04-11,0.2801
1995-04-12,0.2894
1995-04-13,0.2838
1995-04-17,0.2847
1995-04-18,0.2782
1995-04-19,0.2699
1995-04-20,0.2792
1995-04-21,0.2903
1995-04-24,0.2894
1995-04-25,0.2801
1995-04-26,0.2838
1995-04-27,0.2810
1995-04-28,0.2838
1995-05-01,0.2838
1995-05-02,0.2829
1995-05-03,0.2829
1995-05-04,0.2857
1995-05-05,0.2884
1995-05-08,0.3005
1995-05-09,0.3061
1995-05-10,0.3075
1995-05-11,0.3042
1995-05-12,0.3237
1995-05-15,0.3237
1995-05-16,0.3246
1995-05-17,0.3265
1995-05-18,0.3218
1995-05-19,0.3172
1995-05-22,0.3274
1995-05-23,0.3255
1995-05-24,0.3228
1995-05-25,0.3218
1995-05-26,0.3176
1995-05-30,0.3125
1995-05-31,0.3092
1995-06-01,0.3139
1995-06-02,0.3134
1995-06-05,0.3237
1995-06-06,0.3274
1995-06-07,0.3209
1995-06-08,0.3195
1995-06-09,0.3237
1995-06-12,0.3287
1995-06-13,0.3274
1995-06-14,0.3246
1995-06-15,0.3246
1995-06-16,0.3264
1995-06-19,0.3302
1995-06-20,0.3525
1995-06-21,0.3674
1995-06-22,0.3655
1995-06-23,0.3627
1995-06-26,0.3581
1995-06-27,0.3450
1995-06-28,0.3469
1995-06-29,0.3516
1995-06-30,0.3455
1995-07-03,0.3492
1995-07-05,0.3460
1995-07-06,0.3497
1995-07-07,0.3618
1995-07-10,0.3618
1995-07-11,0.3506
1995-07-12,0.3497
1995-07-13,0.3543
1995-07-14,0.3627
1995-07-17,0.3646
1995-07-18,0.3581
1995-07-19,0.3385
1995-07-20,0.3502
1995-07-21,0.3255
1995-07-24,0.3376
1995-07-25,0.3404
1995-07-26,0.3376
1995-07-27,0.3483
1995-07-28,0.3385
1995-07-31,0.3348
1995-08-01,0.3237
1995-08-02,0.3302
1995-08-03,0.3348
1995-08-04,0.3292
1995-08-07,0.3227
1995-08-08,0.3162
1995-08-09,0.3209
1995-08-10,0.3181
1995-08-11,0.3204
1995-08-14,0.3227
1995-08-15,0.3278
1995-08-16,0.3320
1995-08-17,0.3329
1995-08-18,0.3348
1995-08-21,0.3292
1995-08-22,0.3339
1995-08-23,0.3395
1995-08-24,0.3413
1995-08-25,0.3339
1995-08-28,0.3208
1995-08-29,0.3217
1995-08-30,0.3236
1995-08-31,0.3208
1995-09-01,0.3203
1995-09-05,0.3245
1995-09-06,0.3264
1995-09-07,0.3339
1995-09-08,0.3339
1995-09-11,0.3301
1995-09-12,0.3203
1995-09-13,0.3161
1995-09-14,0.2984
1995-09-15,0.2677
1995-09-18,0.2737
1995-09-19,0.2742
1995-09-20,0.2732
1995-09-21,0.2760
1995-09-22,0.2765
1995-09-25,0.2799
1995-09-26,0.2788
1995-09-27,0.2704
1995-09-28,0.2816
1995-09-29,0.2779
1995-10-02,0.2807
1995-10-03,0.2807
1995-10-04,0.2714
1995-10-05,0.2723
1995-10-06,0.2663
1995-10-09,0.2597
1995-10-10,0.2588
1995-10-11,0.2602
1995-10-12,0.2635
1995-10-13,0.2686
1995-10-16,0.2695
1995-10-17,0.2732
1995-10-18,0.2788
1995-10-19,0.2593
1995-10-20,0.2621
1995-10-23,0.2621
1995-10-24,0.2621
1995-10-25,0.2593
1995-10-26,0.2602
1995-10-27,0.2593
1995-10-30,0.2630
1995-10-31,0.2709
1995-11-01,0.2732
1995-11-02,0.2732
1995-11-03,0.2723
1995-11-06,0.2844
1995-11-07,0.2956
1995-11-08,0.2900
1995-11-09,0.2938
1995-11-10,0.2966
1995-11-13,0.3050
1995-11-14,0.3096
1995-11-15,0.3059
1995-11-16,0.2980
1995-11-17,0.2994
1995-11-20,0.2882
1995-11-21,0.2891
1995-11-22,0.2891
1995-11-24,0.3008
1995-11-27,0.2947
1995-11-28,0.2994
1995-11-29,0.2937
1995-11-30,0.2853
1995-12-01,0.2816
1995-12-04,0.2956
1995-12-05,0.2956
1995-12-06,0.2900
1995-12-07,0.2886
1995-12-08,0.2947
1995-12-11,0.2891
1995-12-12,0.2844
1995-12-13,0.2872
1995-12-14,0.2863
1995-12-15,0.2638
1995-12-18,0.2414
1995-12-19,0.2451
1995-12-20,0.2442
1995-12-21,0.2432
1995-12-22,0.2414
1995-12-26,0.2400
1995-12-27,0.2423
1995-12-28,0.2395
1995-12-29,0.2385
1996-01-02,0.2404
1996-01-03,0.2404
1996-01-04,0.2362
1996-01-05,0.2563
1996-01-08,0.2591
1996-01-09,0.2451
1996-01-10,0.2563
1996-01-11,0.2619
1996-01-12,0.2535
1996-01-15,0.2554
1996-01-16,0.2587
1996-01-17,0.2545
1996-01-18,0.2390
1996-01-19,0.2236
1996-01-22,0.2283
1996-01-23,0.2367
1996-01-24,0.2414
1996-01-25,0.2264
1996-01-26,0.2292
1996-01-29,0.2180
1996-01-30,0.2044
1996-01-31,0.2067
1996-02-01,0.2124
1996-02-02,0.2189
1996-02-05,0.2189
1996-02-06,0.2217
1996-02-07,0.2114
1996-02-08,0.2086
1996-02-09,0.2077
1996-02-12,0.2124
1996-02-13,0.2105
1996-02-14,0.2067
1996-02-15,0.2095
1996-02-16,0.2058
1996-02-20,0.2170
1996-02-21,0.2217
1996-02-22,0.2236
1996-02-23,0.2236
1996-02-26,0.2208
1996-02-27,0.2142
1996-02-28,0.2077
1996-02-29,0.2058
1996-03-01,0.2011
1996-03-04,0.1965
1996-03-05,0.1993
1996-03-06,0.1960
1996-03-07,0.1932
1996-03-08,0.1946
1996-03-11,0.1936
1996-03-12,0.1932
1996-03-13,0.1927
1996-03-14,0.1918
1996-03-15,0.1936
1996-03-18,0.1955
1996-03-19,0.1927
1996-03-20,0.1890
1996-03-21,0.1880
1996-03-22,0.1899
1996-03-25,0.1796
1996-03-26,0.1787
1996-03-27,0.1890
1996-03-28,0.1810
1996-03-29,0.1838
1996-04-01,0.1908
1996-04-02,0.1871
1996-04-03,0.1838
1996-04-04,0.1805
1996-04-08,0.1824
1996-04-09,0.1946
1996-04-10,0.1946
1996-04-11,0.1927
1996-04-12,0.1908
1996-04-15,0.1927
1996-04-16,0.1936
1996-04-17,0.1890
1996-04-18,0.1852
1996-04-19,0.1876
1996-04-22,0.1880
1996-04-23,0.1852
1996-04-24,0.1815
1996-04-25,0.1862
1996-04-26,0.1852
1996-04-29,0.1852
1996-04-30,0.1824
1996-05-01,0.1824
1996-05-02,0.1777
1996-05-03,0.1787
1996-05-06,0.1918
1996-05-07,0.2011
1996-05-08,0.2002
1996-05-09,0.1955
1996-05-10,0.2039
1996-05-13,0.2025
1996-05-14,0.2058
1996-05-15,0.2133
1996-05-16,0.2124
1996-05-17,0.2067
1996-05-20,0.2091
1996-05-21,0.2030
1996-05-22,0.1950
1996-05-23,0.1965
1996-05-24,0.2002
1996-05-28,0.1974
1996-05-29,0.1862
1996-05-30,0.1908
1996-05-31,0.1955
1996-06-03,0.1852
1996-06-04,0.1810
1996-06-05,0.1880
1996-06-06,0.1815
1996-06-07,0.1824
1996-06-10,0.1805
1996-06-11,0.1796
1996-06-12,0.1815
1996-06-13,0.1843
1996-06-14,0.1791
1996-06-17,0.1768
1996-06-18,0.1703
1996-06-19,0.1731
1996-06-20,0.1703
1996-06-21,0.1693
1996-06-24,0.1665
1996-06-25,0.1544
1996-06-26,0.1487
1996-06-27,0.1544
1996-06-28,0.1572
1996-07-01,0.1609
1996-07-02,0.1572
1996-07-03,0.1450
1996-07-05,0.1459
1996-07-08,0.1431
1996-07-09,0.1422
1996-07-10,0.1403
1996-07-11,0.1338
1996-07-12,0.1352
1996-07-15,0.1286
1996-07-16,0.1263
1996-07-17,0.1263
1996-07-18,0.1562
1996-07-19,0.1553
1996-07-22,0.1515
1996-07-23,0.1534
1996-07-24,0.1558
1996-07-25,0.1572
1996-07-26,0.1646
1996-07-29,0.1665
1996-07-30,0.1600
1996-07-31,0.1646
1996-08-01,0.1590
1996-08-02,0.1618
1996-08-05,0.1572
1996-08-06,0.1609
1996-08-07,0.1675
1996-08-08,0.1656
1996-08-09,0.1731
1996-08-12,0.1721
1996-08-13,0.1684
1996-08-14,0.1703
1996-08-15,0.1665
1996-08-16,0.1684
1996-08-19,0.1768
1996-08-20,0.1759
1996-08-21,0.1721
1996-08-22,0.1740
1996-08-23,0.1787
1996-08-26,0.1805
1996-08-27,0.1860
1996-08-28,0.1862
1996-08-29,0.1834
1996-08-30,0.1815
1996-09-03,0.1805
1996-09-04,0.1805
1996-09-05,0.1712
1996-09-06,0.1721
1996-09-09,0.1646
1996-09-10,0.1609
1996-09-11,0.1581
1996-09-12,0.1525
1996-09-13,0.1572
1996-09-16,0.1675
1996-09-17,0.1721
1996-09-18,0.1759
1996-09-19,0.1749
1996-09-20,0.1712
1996-09-23,0.1675
1996-09-24,0.1684
1996-09-25,0.1675
1996-09-26,0.1675
1996-09-27,0.1670
1996-09-30,0.1660
1996-10-01,0.1843
1996-10-02,0.1768
1996-10-03,0.1675
1996-10-04,0.1707
1996-10-07,0.1731
1996-10-08,0.1740
1996-10-09,0.1721
1996-10-10,0.1810
1996-10-11,0.1815
1996-10-14,0.1890
1996-10-15,0.1890
1996-10-16,0.1927
1996-10-17,0.1974
1996-10-18,0.1988
1996-10-21,0.1918
1996-10-22,0.1862
1996-10-23,0.1852
1996-10-24,0.1852
1996-10-25,0.1834
1996-10-28,0.1834
1996-10-29,0.1740
1996-10-30,0.1712
1996-10-31,0.1721
1996-11-01,0.1815
1996-11-04,0.1824
1996-11-05,0.1908
1996-11-06,0.1908
1996-11-07,0.1936
1996-11-08,0.1965
1996-11-11,0.1946
1996-11-12,0.1890
1996-11-13,0.1913
1996-11-14,0.1918
1996-11-15,0.1871
1996-11-18,0.1852
1996-11-19,0.1862
1996-11-20,0.1871
1996-11-21,0.1834
1996-11-22,0.1890
1996-11-25,0.1871
1996-11-26,0.1815
1996-11-27,0.1834
1996-11-29,0.1805
1996-12-02,0.1880
1996-12-03,0.1880
1996-12-04,0.1871
1996-12-05,0.1871
1996-12-06,0.1880
1996-12-09,0.1871
1996-12-10,0.1834
1996-12-11,0.1796
1996-12-12,0.1787
1996-12-13,0.1740
1996-12-16,0.1693
1996-12-17,0.1684
1996-12-18,0.1731
1996-12-19,0.1665
1996-12-20,0.1759
1996-12-23,0.1740
1996-12-24,0.1731
1996-12-26,0.1721
1996-12-27,0.1731
1996-12-30,0.1628
1996-12-31,0.1562
1997-01-02,0.1572
1997-01-03,0.1628
1997-01-06,0.1338
1997-01-07,0.1310
1997-01-08,0.1319
1997-01-09,0.1328
1997-01-10,0.1366
1997-01-13,0.1356
1997-01-14,0.1338
1997-01-15,0.1291
1997-01-16,0.1254
1997-01-17,0.1254
1997-01-20,0.1268
1997-01-21,0.1291
1997-01-22,0.1286
1997-01-23,0.1291
1997-01-24,0.1263
1997-01-27,0.1244
1997-01-28,0.1244
1997-01-29,0.1244
1997-01-30,0.1254
1997-01-31,0.1244
1997-02-03,0.1221
1997-02-04,0.1151
1997-02-05,0.1141
1997-02-06,0.1197
1997-02-07,0.1183
1997-02-10,0.1169
1997-02-11,0.1174
1997-02-12,0.1179
1997-02-13,0.1207
1997-02-14,0.1221
1997-02-18,0.1338
1997-02-19,0.1319
1997-02-20,0.1272
1997-02-21,0.1225
1997-02-24,0.1244
1997-02-25,0.1263
1997-02-26,0.1282
1997-02-27,0.1272
1997-02-28,0.1216
1997-03-03,0.1207
1997-03-04,0.1235
1997-03-05,0.1272
1997-03-06,0.1244
1997-03-07,0.1235
1997-03-10,0.1244
1997-03-11,0.1225
1997-03-12,0.1216
1997-03-13,0.1225
1997-03-14,0.1240
1997-03-17,0.1235
1997-03-18,0.1216
1997-03-19,0.1207
1997-03-20,0.1291
1997-03-21,0.1244
1997-03-24,0.1235
1997-03-25,0.1235
1997-03-26,0.1254
1997-03-27,0.1394
1997-03-31,0.1366
1997-04-01,0.1310
1997-04-02,0.1347
1997-04-03,0.1413
1997-04-04,0.1441
1997-04-07,0.1459
1997-04-08,0.1431
1997-04-09,0.1422
1997-04-10,0.1413
1997-04-11,0.1366
1997-04-14,0.1403
1997-04-15,0.1380
1997-04-16,0.1389
1997-04-17,0.1422
1997-04-18,0.1375
1997-04-21,0.1347
1997-04-22,0.1385
1997-04-23,0.1356
1997-04-24,0.1338
1997-04-25,0.1310
1997-04-28,0.1319
1997-04-29,0.1324
1997-04-30,0.1272
1997-05-01,0.1272
1997-05-02,0.1272
1997-05-05,0.1272
1997-05-06,0.1263
1997-05-07,0.1235
1997-05-08,0.1272
1997-05-09,0.1277
1997-05-12,0.1314
1997-05-13,0.1314
1997-05-14,0.1324
1997-05-15,0.1328
1997-05-16,0.1291
1997-05-19,0.1272
1997-05-20,0.1291
1997-05-21,0.1263
1997-05-22,0.1244
1997-05-23,0.1263
1997-05-27,0.1291
1997-05-28,0.1272
1997-05-29,0.1244
1997-05-30,0.1244
1997-06-02,0.1268
1997-06-03,0.1249
1997-06-04,0.1244
1997-06-05,0.1249
1997-06-06,0.1254
1997-06-09,0.1244
1997-06-10,0.1216
1997-06-11,0.1221
1997-06-12,0.1202
1997-06-13,0.1183
1997-06-16,0.1160
1997-06-17,0.1223
1997-06-18,0.1193
1997-06-19,0.1179
1997-06-20,0.1165
1997-06-23,0.1151
1997-06-24,0.1146
1997-06-25,0.1132
1997-06-26,0.1099
1997-06-27,0.1099
1997-06-30,0.1066
1997-07-01,0.0987
1997-07-02,0.0978
1997-07-03,0.1024
1997-07-07,0.1034
1997-07-08,0.1029
1997-07-09,0.1024
1997-07-10,0.0992
1997-07-11,0.1137
1997-07-14,0.1169
1997-07-15,0.1193
1997-07-16,0.1230
1997-07-17,0.1310
1997-07-18,0.1298
1997-07-21,0.1209
1997-07-22,0.1240
1997-07-23,0.1207
1997-07-24,0.1183
1997-07-25,0.1216
1997-07-28,0.1230
1997-07-29,0.1235
1997-07-30,0.1300
1997-07-31,0.1310
1997-08-01,0.1436
1997-08-04,0.1478
1997-08-05,0.1478
1997-08-06,0.1969
1997-08-07,0.2184
1997-08-08,0.2007
1997-08-11,0.1838
1997-08-12,0.1651
1997-08-13,0.1768
1997-08-14,0.1721
1997-08-15,0.1740
1997-08-18,0.1768
1997-08-19,0.1829
1997-08-20,0.1843
1997-08-21,0.1796
1997-08-22,0.1768
1997-08-25,0.1726
1997-08-26,0.1665
1997-08-27,0.1698
1997-08-28,0.1646
1997-08-29,0.1628
1997-09-02,0.1675
1997-09-03,0.1684
1997-09-04,0.1684
1997-09-05,0.1660
1997-09-08,0.1609
1997-09-09,0.1632
1997-09-10,0.1717
1997-09-11,0.1675
1997-09-12,0.1651
1997-09-15,0.1609
1997-09-16,0.1642
1997-09-17,0.1632
1997-09-18,0.1670
1997-09-19,0.1642
1997-09-22,0.1707
1997-09-23,0.1628
1997-09-24,0.1609
1997-09-25,0.1581
1997-09-26,0.1595
1997-09-29,0.1651
1997-09-30,0.1623
1997-10-01,0.1611
1997-10-02,0.1642
1997-10-03,0.1656
1997-10-06,0.1642
1997-10-07,0.1632
1997-10-08,0.1609
1997-10-09,0.1628
1997-10-10,0.1698
1997-10-13,0.1698
1997-10-14,0.1698
1997-10-15,0.1782
1997-10-16,0.1609
1997-10-17,0.1506
1997-10-20,0.1399
1997-10-21,0.1427
1997-10-22,0.1389
1997-10-23,0.1328
1997-10-24,0.1240
1997-10-27,0.1254
1997-10-28,0.1356
1997-10-29,0.1310
1997-10-30,0.1235
1997-10-31,0.1275
1997-11-03,0.1300
1997-11-04,0.1342
1997-11-05,0.1375
1997-11-06,0.1422
1997-11-07,0.1478
1997-11-10,0.1399
1997-11-11,0.1375
1997-11-12,0.1319
1997-11-13,0.1347
1997-11-14,0.1380
1997-11-17,0.1385
1997-11-18,0.1352
1997-11-19,0.1366
1997-11-20,0.1385
1997-11-21,0.1361
1997-11-24,0.1319
1997-11-25,0.1300
1997-11-26,0.1310
1997-11-28,0.1328
1997-12-01,0.1328
1997-12-02,0.1188
1997-12-03,0.1179
1997-12-04,0.1169
1997-12-05,0.1183
1997-12-08,0.1165
1997-12-09,0.1141
1997-12-10,0.1104
1997-12-11,0.1090
1997-12-12,0.1057
1997-12-15,0.1043
1997-12-16,0.1071
1997-12-17,0.1043
1997-12-18,0.1034
1997-12-19,0.1024
1997-12-22,0.0996
1997-12-23,0.0968
1997-12-24,0.0982
1997-12-26,0.0996
1997-12-29,0.0982
1997-12-30,0.0987
1997-12-31,0.0982
1998-01-02,0.1216
1998-01-05,0.1188
1998-01-06,0.1417
1998-01-07,0.1310
1998-01-08,0.1361
1998-01-09,0.1361
1998-01-12,0.1366
1998-01-13,0.1459
1998-01-14,0.1478
1998-01-15,0.1436
1998-01-16,0.1408
1998-01-20,0.1427
1998-01-21,0.1415
1998-01-22,0.1441
1998-01-23,0.1459
1998-01-26,0.1455
1998-01-27,0.1431
1998-01-28,0.1436
1998-01-29,0.1385
1998-01-30,0.1370
1998-02-02,0.1324
1998-02-03,0.1370
1998-02-04,0.1366
1998-02-05,0.1370
1998-02-06,0.1385
1998-02-09,0.1436
1998-02-10,0.1455
1998-02-11,0.1422
1998-02-12,0.1450
1998-02-13,0.1459
1998-02-17,0.1469
1998-02-18,0.1539
1998-02-19,0.1530
1998-02-20,0.1497
1998-02-23,0.1590
1998-02-24,0.1595
1998-02-25,0.1670
1998-02-26,0.1759
1998-02-27,0.1768
1998-03-02,0.1703
1998-03-03,0.1731
1998-03-04,0.1829
1998-03-05,0.1801
1998-03-06,0.1829
1998-03-09,0.1703
1998-03-10,0.1801
1998-03-11,0.1955
1998-03-12,0.2021
1998-03-13,0.2030
1998-03-16,0.1997
1998-03-17,0.1972
1998-03-18,0.2016
1998-03-19,0.2002
1998-03-20,0.1974
1998-03-23,0.1955
1998-03-24,0.2095
1998-03-25,0.2032
1998-03-26,0.1988
1998-03-27,0.2016
1998-03-30,0.2053
1998-03-31,0.2058
1998-04-01,0.2058
1998-04-02,0.2044
1998-04-03,0.2025
1998-04-06,0.1965
1998-04-07,0.1908
1998-04-08,0.1871
1998-04-09,0.1918
1998-04-13,0.1979
1998-04-14,0.2016
1998-04-15,0.2053
1998-04-16,0.2142
1998-04-17,0.2091
1998-04-20,0.2170
1998-04-21,0.2170
1998-04-22,0.2058
1998-04-23,0.2072
1998-04-24,0.2091
1998-04-27,0.2077
1998-04-28,0.2016
1998-04-29,0.2021
1998-04-30,0.2049
1998-05-01,0.2095
1998-05-04,0.2175
1998-05-05,0.2222
1998-05-06,0.2269
1998-05-07,0.2259
1998-05-08,0.2278
1998-05-11,0.2315
1998-05-12,0.2255
1998-05-13,0.2278
1998-05-14,0.2250
1998-05-15,0.2212
1998-05-18,0.2133
1998-05-19,0.2198
1998-05-20,0.2212
1998-05-21,0.2161
1998-05-22,0.2086
1998-05-26,0.1997
1998-05-27,0.2002
1998-05-28,0.2053
1998-05-29,0.1993
1998-06-01,0.1965
1998-06-02,0.2011
1998-06-03,0.1969
1998-06-04,0.2007
1998-06-05,0.2011
1998-06-08,0.2039
1998-06-09,0.2114
1998-06-10,0.2100
1998-06-11,0.2081
1998-06-12,0.2105
1998-06-15,0.2058
1998-06-16,0.2095
1998-06-17,0.2105
1998-06-18,0.2044
1998-06-19,0.2025
1998-06-22,0.2049
1998-06-23,0.2081
1998-06-24,0.2114
1998-06-25,0.2138
1998-06-26,0.2110
1998-06-29,0.2147
1998-06-30,0.2147
1998-07-01,0.2240
1998-07-02,0.2170
1998-07-06,0.2273
1998-07-07,0.2283
1998-07-08,0.2437
1998-07-09,0.2371
1998-07-10,0.2400
1998-07-13,0.2540
1998-07-14,0.2502
1998-07-15,0.2577
1998-07-16,0.2806
1998-07-17,0.2760
1998-07-20,0.2713
1998-07-21,0.2666
1998-07-22,0.2619
1998-07-23,0.2615
1998-07-24,0.2596
1998-07-27,0.2577
1998-07-28,0.2516
1998-07-29,0.2629
1998-07-30,0.2732
1998-07-31,0.2591
1998-08-03,0.2629
1998-08-04,0.2559
1998-08-05,0.2694
1998-08-06,0.2760
1998-08-07,0.2732
1998-08-10,0.2839
1998-08-11,0.2919
1998-08-12,0.2998
1998-08-13,0.2951
1998-08-14,0.3031
1998-08-17,0.3139
1998-08-18,0.3185
1998-08-19,0.3068
1998-08-20,0.3040
1998-08-21,0.3218
1998-08-24,0.3082
1998-08-25,0.3054
1998-08-26,0.3022
1998-08-27,0.2806
1998-08-28,0.2559
1998-08-31,0.2334
1998-09-01,0.2554
1998-09-02,0.2661
1998-09-03,0.2591
1998-09-04,0.2629
1998-09-08,0.2863
1998-09-09,0.2797
1998-09-10,0.2853
1998-09-11,0.2816
1998-09-14,0.2783
1998-09-15,0.2858
1998-09-16,0.2792
1998-09-17,0.2694
1998-09-18,0.2750
1998-09-21,0.2764
1998-09-22,0.2769
1998-09-23,0.2867
1998-09-24,0.2881
1998-09-25,0.2900
1998-09-28,0.2923
1998-09-29,0.2956
1998-09-30,0.2853
1998-10-01,0.2671
1998-10-02,0.2624
1998-10-05,0.2409
1998-10-06,0.2437
1998-10-07,0.2390
1998-10-08,0.2306
1998-10-09,0.2629
1998-10-12,0.2802
1998-10-13,0.2900
1998-10-14,0.2797
1998-10-15,0.2741
1998-10-16,0.2746
1998-10-19,0.2806
1998-10-20,0.2699
1998-10-21,0.2778
1998-10-22,0.2750
1998-10-23,0.2657
1998-10-26,0.2802
1998-10-27,0.2638
1998-10-28,0.2755
1998-10-29,0.2727
1998-10-30,0.2778
1998-11-02,0.2816
1998-11-03,0.2830
1998-11-04,0.2895
1998-11-05,0.2858
1998-11-06,0.2849
1998-11-09,0.2741
1998-11-10,0.2629
1998-11-11,0.2512
1998-11-12,0.2545
1998-11-13,0.2671
1998-11-16,0.2694
1998-11-17,0.2605
1998-11-18,0.2652
1998-11-19,0.2675
1998-11-20,0.2643
1998-11-23,0.2713
1998-11-24,0.2690
1998-11-25,0.2629
1998-11-27,0.2624
1998-11-30,0.2390
1998-12-01,0.2554
1998-12-02,0.2694
1998-12-03,0.2521
1998-12-04,0.2451
1998-12-07,0.2526
1998-12-08,0.2400
1998-12-09,0.2395
1998-12-10,0.2395
1998-12-11,0.2526
1998-12-14,0.2432
1998-12-15,0.2512
1998-12-16,0.2456
1998-12-17,0.2502
1998-12-18,0.2633
1998-12-21,0.2624
1998-12-22,0.2844
1998-12-23,0.2980
1998-12-24,0.2937
1998-12-28,0.3059
1998-12-29,0.3054
1998-12-30,0.2998
1998-12-31,0.3064
1999-01-04,0.3087
1999-01-05,0.3241
1999-01-06,0.3125
1999-01-07,0.3368
1999-01-08,0.3368
1999-01-11,0.3433
1999-01-12,0.3452
1999-01-13,0.3480
1999-01-14,0.3096
1999-01-15,0.3092
1999-01-19,0.3059
1999-01-20,0.3036
1999-01-21,0.2905
1999-01-22,0.2900
1999-01-25,0.2947
1999-01-26,0.3031
1999-01-27,0.3003
1999-01-28,0.3059
1999-01-29,0.3082
1999-02-01,0.3064
1999-02-02,0.2933
1999-02-03,0.3008
1999-02-04,0.2835
1999-02-05,0.2718
1999-02-08,0.2825
1999-02-09,0.2783
1999-02-10,0.2867
1999-02-11,0.2965
1999-02-12,0.2820
1999-02-16,0.2867
1999-02-17,0.2769
1999-02-18,0.2694
1999-02-19,0.2783
1999-02-22,0.2877
1999-02-23,0.2877
1999-02-24,0.2802
1999-02-25,0.2764
1999-02-26,0.2605
1999-03-01,0.2526
1999-03-02,0.2591
1999-03-03,0.2559
1999-03-04,0.2502
1999-03-05,0.2484
1999-03-08,0.2573
1999-03-09,0.2554
1999-03-10,0.2437
1999-03-11,0.2409
1999-03-12,0.2484
1999-03-15,0.2549
1999-03-16,0.2657
1999-03-17,0.2549
1999-03-18,0.2657
1999-03-19,0.2507
1999-03-22,0.2624
1999-03-23,0.2470
1999-03-24,0.2521
1999-03-25,0.2530
1999-03-26,0.2488
1999-03-29,0.2647
1999-03-30,0.2685
1999-03-31,0.2690
1999-04-01,0.2699
1999-04-05,0.2774
1999-04-06,0.2844
1999-04-07,0.2778
1999-04-08,0.2760
1999-04-09,0.2750
1999-04-12,0.2713
1999-04-13,0.2591
1999-04-14,0.2659
1999-04-15,0.2675
1999-04-16,0.2652
1999-04-19,0.2535
1999-04-20,0.2549
1999-04-21,0.2573
1999-04-22,0.2722
1999-04-23,0.2933
1999-04-26,0.3064
1999-04-27,0.3424
1999-04-28,0.3298
1999-04-29,0.3218
1999-04-30,0.3443
1999-05-03,0.3709
1999-05-04,0.3480
1999-05-05,0.3517
1999-05-06,0.3330
1999-05-07,0.3433
1999-05-10,0.3386
1999-05-11,0.3349
1999-05-12,0.3480
1999-05-13,0.3457
1999-05-14,0.3321
1999-05-17,0.3321
1999-05-18,0.3386
1999-05-19,0.3382
1999-05-20,0.3181
1999-05-21,0.3288
1999-05-24,0.3139
1999-05-25,0.3106
1999-05-26,0.3298
1999-05-27,0.3255
1999-05-28,0.3298
1999-06-01,0.3354
1999-06-02,0.3485
1999-06-03,0.3550
1999-06-04,0.3602
1999-06-07,0.3662
1999-06-08,0.3569
1999-06-09,0.3625
1999-06-10,0.3602
1999-06-11,0.3475
1999-06-14,0.3400
1999-06-15,0.3447
1999-06-16,0.3588
1999-06-17,0.3471
1999-06-18,0.3527
1999-06-21,0.3480
1999-06-22,0.3396
1999-06-23,0.3270
1999-06-24,0.3167
1999-06-25,0.3157
1999-06-28,0.3185
1999-06-29,0.3396
1999-06-30,0.3466
1999-07-01,0.3391
1999-07-02,0.3466
1999-07-06,0.3545
1999-07-07,0.3733
1999-07-08,0.4079
1999-07-09,0.4163
1999-07-12,0.4079
1999-07-13,0.4018
1999-07-14,0.4186
1999-07-15,0.3985
1999-07-16,0.3971
1999-07-19,0.4074
1999-07-20,0.3957
1999-07-21,0.4046
1999-07-22,0.3920
1999-07-23,0.3990
1999-07-26,0.3812
1999-07-27,0.4018
1999-07-28,0.4069
1999-07-29,0.4032
1999-07-30,0.4168
1999-08-02,0.4172
1999-08-03,0.4135
1999-08-04,0.4027
1999-08-05,0.4097
1999-08-06,0.4051
1999-08-09,0.4074
1999-08-10,0.4144
1999-08-11,0.4467
1999-08-12,0.4490
1999-08-13,0.4495
1999-08-16,0.4528
1999-08-17,0.4514
1999-08-18,0.4500
1999-08-19,0.4397
1999-08-20,0.4430
1999-08-23,0.4546
1999-08-24,0.4518
1999-08-25,0.4593
1999-08-26,0.4649
1999-08-27,0.4846
1999-08-30,0.4645
1999-08-31,0.4883
1999-09-01,0.5136
1999-09-02,0.5281
1999-09-03,0.5501
1999-09-07,0.5716
1999-09-08,0.5575
1999-09-09,0.5655
1999-09-10,0.5795
1999-09-13,0.5613
1999-09-14,0.5823
1999-09-15,0.5641
1999-09-16,0.5749
1999-09-17,0.5758
1999-09-20,0.5917
1999-09-21,0.5183
1999-09-22,0.5262
1999-09-23,0.4738
1999-09-24,0.4860
1999-09-27,0.4589
1999-09-28,0.4462
1999-09-29,0.4420
1999-09-30,0.4738
1999-10-01,0.4619
1999-10-04,0.4832
1999-10-05,0.5084
1999-10-06,0.5028
1999-10-07,0.4967
1999-10-08,0.4907
1999-10-11,0.4991
1999-10-12,0.5066
1999-10-13,0.4792
1999-10-14,0.5477
1999-10-15,0.5580
1999-10-18,0.5482
1999-10-19,0.5126
1999-10-20,0.5622
1999-10-21,0.5697
1999-10-22,0.5533
1999-10-25,0.5575
1999-10-26,0.5618
1999-10-27,0.5716
1999-10-28,0.5828
1999-10-29,0.5996
1999-11-01,0.5809
1999-11-02,0.6006
1999-11-03,0.6099
1999-11-04,0.6258
1999-11-05,0.6609
1999-11-08,0.7213
1999-11-09,0.6707
1999-11-10,0.6843
1999-11-11,0.6904
1999-11-12,0.6782
1999-11-15,0.6693
1999-11-16,0.6824
1999-11-17,0.6754
1999-11-18,0.6707
1999-11-19,0.6918
1999-11-22,0.6782
1999-11-23,0.6946
1999-11-24,0.7086
1999-11-26,0.7114
1999-11-29,0.7077
1999-11-30,0.7325
1999-12-01,0.7713
1999-12-02,0.8246
1999-12-03,0.8606
1999-12-06,0.8681
1999-12-07,0.8817
1999-12-08,0.8237
1999-12-09,0.7877
1999-12-10,0.7708
1999-12-13,0.7409
1999-12-14,0.7100
1999-12-15,0.7259
1999-12-16,0.7358
1999-12-17,0.7484
1999-12-20,0.7334
1999-12-21,0.7671
1999-12-22,0.7479
1999-12-23,0.7746
1999-12-27,0.7432
1999-12-28,0.7348
1999-12-29,0.7535
1999-12-30,0.7507
1999-12-31,0.7694
2000-01-03,0.8377
2000-01-04,0.7671
2000-01-05,0.7783
2000-01-06,0.7110
2000-01-07,0.7446
2000-01-10,0.7315
2000-01-11,0.6941
2000-01-12,0.6525
2000-01-13,0.7241
2000-01-14,0.7517
2000-01-18,0.7779
2000-01-19,0.7975
2000-01-20,0.8494
2000-01-21,0.8330
2000-01-24,0.7952
2000-01-25,0.8401
2000-01-26,0.8246
2000-01-27,0.8232
2000-01-28,0.7605
2000-01-31,0.7764
2000-02-01,0.7503
2000-02-02,0.7395
2000-02-03,0.7732
2000-02-04,0.8083
2000-02-07,0.8536
2000-02-08,0.8597
2000-02-09,0.8429
2000-02-10,0.8494
2000-02-11,0.8139
2000-02-14,0.8667
2000-02-15,0.8906
2000-02-16,0.8541
2000-02-17,0.8597
2000-02-18,0.8326
2000-02-22,0.8518
2000-02-23,0.8700
2000-02-24,0.8622
2000-02-25,0.8260
2000-02-28,0.8475
2000-02-29,0.8578
2000-03-01,0.9752
2000-03-02,0.9130
2000-03-03,0.9579
2000-03-06,0.9406
2000-03-07,0.9196
2000-03-08,0.9130
2000-03-09,0.9149
2000-03-10,0.9411
2000-03-13,0.9079
2000-03-14,0.8550
2000-03-15,0.8700
2000-03-16,0.9098
2000-03-17,0.9355
2000-03-20,0.9205
2000-03-21,1.0099
2000-03-22,1.0791
2000-03-23,1.0576
2000-03-24,1.0379
2000-03-27,1.0445
2000-03-28,1.0412
2000-03-29,1.0173
2000-03-30,0.9411
2000-03-31,1.0164
2000-04-03,0.9977
2000-04-04,0.9528
2000-04-05,0.9757
2000-04-06,0.9369
2000-04-07,0.9860
2000-04-10,0.9355
2000-04-11,0.8939
2000-04-12,0.8176
2000-04-13,0.8518
2000-04-14,0.8373
2000-04-17,0.9271
2000-04-18,0.9495
2000-04-19,0.9065
2000-04-20,0.8896
2000-04-24,0.9018
2000-04-25,0.9603
2000-04-26,0.9079
2000-04-27,0.9486
2000-04-28,0.9285
2000-05-01,0.9303
2000-05-02,0.8822
2000-05-03,0.8611
2000-05-04,0.8284
2000-05-05,0.8466
2000-05-08,0.8242
2000-05-09,0.7891
2000-05-10,0.7432
2000-05-11,0.7694
2000-05-12,0.8055
2000-05-15,0.7559
2000-05-16,0.7909
2000-05-17,0.7587
2000-05-18,0.7540
2000-05-19,0.7035
2000-05-22,0.6731
2000-05-23,0.6422
2000-05-24,0.6562
2000-05-25,0.6531
2000-05-26,0.6464
2000-05-30,0.6553
2000-05-31,0.6286
2000-06-01,0.6670
2000-06-02,0.6927
2000-06-05,0.6834
2000-06-06,0.6951
2000-06-07,0.7227
2000-06-08,0.7096
2000-06-09,0.7166
2000-06-12,0.6824
2000-06-13,0.7072
2000-06-14,0.6768
2000-06-15,0.6913
2000-06-16,0.6824
2000-06-19,0.7231
2000-06-20,0.7577
2000-06-21,0.8326
2000-06-22,0.8045
2000-06-23,0.7736
2000-06-26,0.8101
2000-06-27,0.7746
2000-06-28,0.8148
2000-06-29,0.7671
2000-06-30,0.7839
2000-07-03,0.7980
2000-07-05,0.7727
2000-07-06,0.7755
2000-07-07,0.8148
2000-07-10,0.8550
2000-07-11,0.8522
2000-07-12,0.8812
2000-07-13,0.8457
2000-07-14,0.8634
2000-07-17,0.8728
2000-07-18,0.8569
2000-07-19,0.7886
2000-07-20,0.8251
2000-07-21,0.8017
2000-07-24,0.7287
2000-07-25,0.7493
2000-07-26,0.7493
2000-07-27,0.7783
2000-07-28,0.7231
2000-07-31,0.7605
2000-08-01,0.7381
2000-08-02,0.7072
2000-08-03,0.7185
2000-08-04,0.7091
2000-08-07,0.7175
2000-08-08,0.6997
2000-08-09,0.7110
2000-08-10,0.7119
2000-08-11,0.7138
2000-08-14,0.7044
2000-08-15,0.6988
2000-08-16,0.7259
2000-08-17,0.7699
2000-08-18,0.7484
2000-08-21,0.7559
2000-08-22,0.7736
2000-08-23,0.8129
2000-08-24,0.8398
2000-08-25,0.8504
2000-08-28,0.8691
2000-08-29,0.8859
2000-08-30,0.8906
2000-08-31,0.9121
2000-09-01,0.9495
2000-09-05,0.9345
2000-09-06,0.8747
2000-09-07,0.9280
2000-09-08,0.8812
2000-09-11,0.8747
2000-09-12,0.8644
2000-09-13,0.8681
2000-09-14,0.8511
2000-09-15,0.8267
2000-09-18,0.9079
2000-09-19,0.8971
2000-09-20,0.9137
2000-09-21,0.8485
2000-09-22,0.7811
2000-09-25,0.8008
2000-09-26,0.7699
2000-09-27,0.7325
2000-09-28,0.8008
2000-09-29,0.3854
2000-10-02,0.3630
2000-10-03,0.3340
2000-10-04,0.3536
2000-10-05,0.3302
2000-10-06,0.3321
2000-10-09,0.3255
2000-10-10,0.3125
2000-10-11,0.2937
2000-10-12,0.2994
2000-10-13,0.3302
2000-10-16,0.3218
2000-10-17,0.3012
2000-10-18,0.3012
2000-10-19,0.2835
2000-10-20,0.2919
2000-10-23,0.3050
2000-10-24,0.2825
2000-10-25,0.2769
2000-10-26,0.2769
2000-10-27,0.2778
2000-10-30,0.2891
2000-10-31,0.2928
2000-11-01,0.3068
2000-11-02,0.3340
2000-11-03,0.3330
2000-11-06,0.3209
2000-11-07,0.3190
2000-11-08,0.3003
2000-11-09,0.3022
2000-11-10,0.2853
2000-11-13,0.2900
2000-11-14,0.3031
2000-11-15,0.2975
2000-11-16,0.2844
2000-11-17,0.2769
2000-11-20,0.2835
2000-11-21,0.2816
2000-11-22,0.2769
2000-11-24,0.2891
2000-11-27,0.2797
2000-11-28,0.2699
2000-11-29,0.2629
2000-11-30,0.2470
2000-12-01,0.2554
2000-12-04,0.2498
2000-12-05,0.2545
2000-12-06,0.2142
2000-12-07,0.2142
2000-12-08,0.2255
2000-12-11,0.2273
2000-12-12,0.2301
2000-12-13,0.2245
2000-12-14,0.2161
2000-12-15,0.2105
2000-12-18,0.2133
2000-12-19,0.2095
2000-12-20,0.2152
2000-12-21,0.2105
2000-12-22,0.2245
2000-12-26,0.2198
2000-12-27,0.2217
2000-12-28,0.2217
2000-12-29,0.2226
2001-01-02,0.2226
2001-01-03,0.2451
2001-01-04,0.2554
2001-01-05,0.2451
2001-01-08,0.2479
2001-01-09,0.2573
2001-01-10,0.2479
2001-01-11,0.2694
2001-01-12,0.2573
2001-01-16,0.2563
2001-01-17,0.2516
2001-01-18,0.2797
2001-01-19,0.2919
2001-01-22,0.2881
2001-01-23,0.3068
2001-01-24,0.3068
2001-01-25,0.2984
2001-01-26,0.2928
2001-01-29,0.3246
2001-01-30,0.3255
2001-01-31,0.3237
2001-02-01,0.3162
2001-02-02,0.3087
2001-02-05,0.3022
2001-02-06,0.3162
2001-02-07,0.3106
2001-02-08,0.3106
2001-02-09,0.2863
2001-02-12,0.2947
2001-02-13,0.2863
2001-02-14,0.2919
2001-02-15,0.3003
2001-02-16,0.2844
2001-02-20,0.2741
2001-02-21,0.2825
2001-02-22,0.2816
2001-02-23,0.2816
2001-02-26,0.2919
2001-02-27,0.2900
2001-02-28,0.2732
2001-03-01,0.2806
2001-03-02,0.2881
2001-03-05,0.3050
2001-03-06,0.3218
2001-03-07,0.3181
2001-03-08,0.3115
2001-03-09,0.3031
2001-03-12,0.2788
2001-03-13,0.2928
2001-03-14,0.3059
2001-03-15,0.2947
2001-03-16,0.2937
2001-03-19,0.3078
2001-03-20,0.2947
2001-03-21,0.3012
2001-03-22,0.3237
2001-03-23,0.3443
2001-03-26,0.3260
2001-03-27,0.3423
2001-03-28,0.3318
2001-03-29,0.3372
2001-03-30,0.3303
2001-04-02,0.3232
2001-04-03,0.3029
2001-04-04,0.2919
2001-04-05,0.3124
2001-04-06,0.3082
2001-04-09,0.3074
2001-04-10,0.3299
2001-04-11,0.3263
2001-04-12,0.3356
2001-04-16,0.3209
2001-04-17,0.3053
2001-04-18,0.3411
2001-04-19,0.3850
2001-04-20,0.3748
2001-04-23,0.3630
2001-04-24,0.3597
2001-04-25,0.3700
2001-04-26,0.3696
2001-04-27,0.3922
2001-04-30,0.3815
2001-05-01,0.3881
2001-05-02,0.3980
2001-05-03,0.3736
2001-05-04,0.3854
2001-05-07,0.3736
2001-05-08,0.3678
2001-05-09,0.3589
2001-05-10,0.3443
2001-05-11,0.3420
2001-05-14,0.3486
2001-05-15,0.3470
2001-05-16,0.3607
2001-05-17,0.3525
2001-05-18,0.3522
2001-05-21,0.3526
2001-05-22,0.3517
2001-05-23,0.3477
2001-05-24,0.3473
2001-05-25,0.3407
2001-05-29,0.3214
2001-05-30,0.2961
2001-05-31,0.2986
2001-06-01,0.3127
2001-06-04,0.3092
2001-06-05,0.3134
2001-06-06,0.3103
2001-06-07,0.3242
2001-06-08,0.3191
2001-06-11,0.3000
2001-06-12,0.3040
2001-06-13,0.3064
2001-06-14,0.2976
2001-06-15,0.3059
2001-06-18,0.3043
2001-06-19,0.3022
2001-06-20,0.3244
2001-06-21,0.3366
2001-06-22,0.3332
2001-06-25,0.3591
2001-06-26,0.3555
2001-06-27,0.3493
2001-06-28,0.3523
2001-06-29,0.3480
2001-07-02,0.3577
2001-07-03,0.3568
2001-07-05,0.3471
2001-07-06,0.3297
2001-07-09,0.3398
2001-07-10,0.3164
2001-07-11,0.3374
2001-07-12,0.3646
2001-07-13,0.3719
2001-07-16,0.3586
2001-07-17,0.3757
2001-07-18,0.3112
2001-07-19,0.2988
2001-07-20,0.2991
2001-07-23,0.2925
2001-07-24,0.2857
2001-07-25,0.2765
2001-07-26,0.2782
2001-07-27,0.2838
2001-07-30,0.2833
2001-07-31,0.2812
2001-08-01,0.2853
2001-08-02,0.2967
2001-08-03,0.2919
2001-08-06,0.2863
2001-08-07,0.2881
2001-08-08,0.2829
2001-08-09,0.2851
2001-08-10,0.2847
2001-08-13,0.2857
2001-08-14,0.2803
2001-08-15,0.2760
2001-08-16,0.2791
2001-08-17,0.2705
2001-08-20,0.2712
2001-08-21,0.2682
2001-08-22,0.2726
2001-08-23,0.2666
2001-08-24,0.2780
2001-08-27,0.2832
2001-08-28,0.2754
2001-08-29,0.2669
2001-08-30,0.2669
2001-08-31,0.2777
2001-09-04,0.2732
2001-09-05,0.2777
2001-09-06,0.2652
2001-09-07,0.2586
2001-09-10,0.2600
2001-09-17,0.2543
2001-09-18,0.2437
2001-09-19,0.2548
2001-09-20,0.2347
2001-09-21,0.2354
2001-09-24,0.2462
2001-09-25,0.2326
2001-09-26,0.2268
2001-09-27,0.2321
2001-09-28,0.2321
2001-10-01,0.2326
2001-10-02,0.2253
2001-10-03,0.2242
2001-10-04,0.2377
2001-10-05,0.2416
2001-10-08,0.2425
2001-10-09,0.2395
2001-10-10,0.2518
2001-10-11,0.2655
2001-10-12,0.2696
2001-10-15,0.2693
2001-10-16,0.2696
2001-10-17,0.2543
2001-10-18,0.2694
2001-10-19,0.2739
2001-10-22,0.2847
2001-10-23,0.2715
2001-10-24,0.2836
2001-10-25,0.2872
2001-10-26,0.2794
2001-10-29,0.2639
2001-10-30,0.2634
2001-10-31,0.2628
2001-11-01,0.2782
2001-11-02,0.2780
2001-11-05,0.2854
2001-11-06,0.2929
2001-11-07,0.2932
2001-11-08,0.2800
2001-11-09,0.2800
2001-11-12,0.2806
2001-11-13,0.2899
2001-11-14,0.2935
2001-11-15,0.2911
2001-11-16,0.2839
2001-11-19,0.2994
2001-11-20,0.2923
2001-11-21,0.2946
2001-11-23,0.2970
2001-11-26,0.3199
2001-11-27,0.3143
2001-11-28,0.3073
2001-11-29,0.3056
2001-11-30,0.3188
2001-12-03,0.3151
2001-12-04,0.3353
2001-12-05,0.3556
2001-12-06,0.3410
2001-12-07,0.3374
2001-12-10,0.3374
2001-12-11,0.3260
2001-12-12,0.3217
2001-12-13,0.3143
2001-12-14,0.3052
2001-12-17,0.3086
2001-12-18,0.3145
2001-12-19,0.3236
2001-12-20,0.3094
2001-12-21,0.3143
2001-12-24,0.3197
2001-12-26,0.3217
2001-12-27,0.3303
2001-12-28,0.3357
2001-12-31,0.3278
2002-01-02,0.3487
2002-01-03,0.3529
2002-01-04,0.3546
2002-01-07,0.3428
2002-01-08,0.3384
2002-01-09,0.3241
2002-01-10,0.3178
2002-01-11,0.3151
2002-01-14,0.3166
2002-01-15,0.3248
2002-01-16,0.3110
2002-01-17,0.3365
2002-01-18,0.3318
2002-01-22,0.3266
2002-01-23,0.3446
2002-01-24,0.3474
2002-01-25,0.3480
2002-01-28,0.3483
2002-01-29,0.3453
2002-01-30,0.3606
2002-01-31,0.3700
2002-02-01,0.3654
2002-02-04,0.3794
2002-02-05,0.3809
2002-02-06,0.3693
2002-02-07,0.3637
2002-02-08,0.3597
2002-02-11,0.3739
2002-02-12,0.3699
2002-02-13,0.3743
2002-02-14,0.3682
2002-02-15,0.3577
2002-02-19,0.3386
2002-02-20,0.3462
2002-02-21,0.3218
2002-02-22,0.3404
2002-02-25,0.3564
2002-02-26,0.3543
2002-02-27,0.3287
2002-02-28,0.3248
2002-03-01,0.3510
2002-03-04,0.3636
2002-03-05,0.3522
2002-03-06,0.3603
2002-03-07,0.3649
2002-03-08,0.3691
2002-03-11,0.3751
2002-03-12,0.3700
2002-03-13,0.3666
2002-03-14,0.3657
2002-03-15,0.3734
2002-03-18,0.3703
2002-03-19,0.3719
2002-03-20,0.3730
2002-03-21,0.3633
2002-03-22,0.3606
2002-03-25,0.3495
2002-03-26,0.3511
2002-03-27,0.3513
2002-03-28,0.3543
2002-04-01,0.3661
2002-04-02,0.3603
2002-04-03,0.3555
2002-04-04,0.3727
2002-04-05,0.3703
2002-04-08,0.3676
2002-04-09,0.3607
2002-04-10,0.3691
2002-04-11,0.3721
2002-04-12,0.3751
2002-04-15,0.3742
2002-04-16,0.3853
2002-04-17,0.3908
2002-04-18,0.3803
2002-04-19,0.3739
2002-04-22,0.3672
2002-04-23,0.3630
2002-04-24,0.3558
2002-04-25,0.3610
2002-04-26,0.3444
2002-04-29,0.3586
2002-04-30,0.3633
2002-05-01,0.3589
2002-05-02,0.3546
2002-05-03,0.3519
2002-05-06,0.3390
2002-05-07,0.3363
2002-05-08,0.3648
2002-05-09,0.3621
2002-05-10,0.3490
2002-05-13,0.3583
2002-05-14,0.3833
2002-05-15,0.3784
2002-05-16,0.3773
2002-05-17,0.3743
2002-05-20,0.3703
2002-05-21,0.3511
2002-05-22,0.3640
2002-05-23,0.3769
2002-05-24,0.3615
2002-05-28,0.3589
2002-05-29,0.3589
2002-05-30,0.3622
2002-05-31,0.3487
2002-06-03,0.3429
2002-06-04,0.3410
2002-06-05,0.3401
2002-06-06,0.3317
2002-06-07,0.3203
2002-06-10,0.3215
2002-06-11,0.3062
2002-06-12,0.3007
2002-06-13,0.2925
2002-06-14,0.3009
2002-06-17,0.3074
2002-06-18,0.3016
2002-06-19,0.2562
2002-06-20,0.2561
2002-06-21,0.2522
2002-06-24,0.2585
2002-06-25,0.2565
2002-06-26,0.2477
2002-06-27,0.2553
2002-06-28,0.2652
2002-07-01,0.2553
2002-07-02,0.2536
2002-07-03,0.2627
2002-07-05,0.2805
2002-07-08,0.2696
2002-07-09,0.2624
2002-07-10,0.2592
2002-07-11,0.2739
2002-07-12,0.2621
2002-07-15,0.2729
2002-07-16,0.2673
2002-07-17,0.2339
2002-07-18,0.2244
2002-07-19,0.2239
2002-07-22,0.2233
2002-07-23,0.2166
2002-07-24,0.2275
2002-07-25,0.2149
2002-07-26,0.2146
2002-07-29,0.2248
2002-07-30,0.2310
2002-07-31,0.2284
2002-08-01,0.2215
2002-08-02,0.2163
2002-08-05,0.2094
2002-08-06,0.2206
2002-08-07,0.2250
2002-08-08,0.2290
2002-08-09,0.2245
2002-08-12,0.2244
2002-08-13,0.2184
2002-08-14,0.2271
2002-08-15,0.2336
2002-08-16,0.2366
2002-08-19,0.2392
2002-08-20,0.2381
2002-08-21,0.2413
2002-08-22,0.2390
2002-08-23,0.2354
2002-08-26,0.2324
2002-08-27,0.2223
2002-08-28,0.2200
2002-08-29,0.2200
2002-08-30,0.2208
2002-09-03,0.2103
2002-09-04,0.2167
2002-09-05,0.2122
2002-09-06,0.2152
2002-09-09,0.2151
2002-09-10,0.2145
2002-09-11,0.2139
2002-09-12,0.2116
2002-09-13,0.2121
2002-09-16,0.2170
2002-09-17,0.2215
2002-09-18,0.2248
2002-09-19,0.2182
2002-09-20,0.2226
2002-09-23,0.2223
2002-09-24,0.2191
2002-09-25,0.2235
2002-09-26,0.2200
2002-09-27,0.2203
2002-09-30,0.2170
2002-10-01,0.2172
2002-10-02,0.2121
2002-10-03,0.2140
2002-10-04,0.2100
2002-10-07,0.2061
2002-10-08,0.2048
2002-10-09,0.2034
2002-10-10,0.2112
2002-10-11,0.2172
2002-10-14,0.2211
2002-10-15,0.2269
2002-10-16,0.2179
2002-10-17,0.2112
2002-10-18,0.2146
2002-10-21,0.2179
2002-10-22,0.2200
2002-10-23,0.2227
2002-10-24,0.2199
2002-10-25,0.2308
2002-10-28,0.2336
2002-10-29,0.2311
2002-10-30,0.2392
2002-10-31,0.2405
2002-11-01,0.2449
2002-11-04,0.2528
2002-11-05,0.2530
2002-11-06,0.2577
2002-11-07,0.2395
2002-11-08,0.2371
2002-11-11,0.2269
2002-11-12,0.2341
2002-11-13,0.2333
2002-11-14,0.2440
2002-11-15,0.2387
2002-11-18,0.2342
2002-11-19,0.2286
2002-11-20,0.2324
2002-11-21,0.2447
2002-11-22,0.2396
2002-11-25,0.2390
2002-11-26,0.2307
2002-11-27,0.2353
2002-11-29,0.2320
2002-12-02,0.2272
2002-12-03,0.2269
2002-12-04,0.2241
2002-12-05,0.2190
2002-12-06,0.2238
2002-12-09,0.2208
2002-12-10,0.2287
2002-12-11,0.2318
2002-12-12,0.2274
2002-12-13,0.2214
2002-12-16,0.2223
2002-12-17,0.2257
2002-12-18,0.2181
2002-12-19,0.2125
2002-12-20,0.2116
2002-12-23,0.2169
2002-12-24,0.2149
2002-12-26,0.2155
2002-12-27,0.2104
2002-12-30,0.2106
2002-12-31,0.2145
2003-01-02,0.2215
2003-01-03,0.2230
2003-01-06,0.2230
2003-01-07,0.2223
2003-01-08,0.2178
2003-01-09,0.2197
2003-01-10,0.2203
2003-01-13,0.2190
2003-01-14,0.2187
2003-01-15,0.2160
2003-01-16,0.2188
2003-01-17,0.2110
2003-01-21,0.2098
2003-01-22,0.2078
2003-01-23,0.2121
2003-01-24,0.2066
2003-01-27,0.2115
2003-01-28,0.2182
2003-01-29,0.2235
2003-01-30,0.2143
2003-01-31,0.2149
2003-02-03,0.2194
2003-02-04,0.2185
2003-02-05,0.2163
2003-02-06,0.2160
2003-02-07,0.2118
2003-02-10,0.2148
2003-02-11,0.2148
2003-02-12,0.2154
2003-02-13,0.2176
2003-02-14,0.2196
2003-02-18,0.2286
2003-02-19,0.2223
2003-02-20,0.2211
2003-02-21,0.2245
2003-02-24,0.2206
2003-02-25,0.2248
2003-02-26,0.2170
2003-02-27,0.2224
2003-02-28,0.2247
2003-03-03,0.2193
2003-03-04,0.2179
2003-03-05,0.2188
2003-03-06,0.2179
2003-03-07,0.2175
2003-03-10,0.2151
2003-03-11,0.2130
2003-03-12,0.2128
2003-03-13,0.2203
2003-03-14,0.2212
2003-03-17,0.2247
2003-03-18,0.2245
2003-03-19,0.2238
2003-03-20,0.2232
2003-03-21,0.2245
2003-03-24,0.2151
2003-03-25,0.2178
2003-03-26,0.2157
2003-03-27,0.2169
2003-03-28,0.2181
2003-03-31,0.2116
2003-04-01,0.2119
2003-04-02,0.2185
2003-04-03,0.2164
2003-04-04,0.2157
2003-04-07,0.2169
2003-04-08,0.2163
2003-04-09,0.2124
2003-04-10,0.2151
2003-04-11,0.1976
2003-04-14,0.2033
2003-04-15,0.2004
2003-04-16,0.1982
2003-04-17,0.1964
2003-04-21,0.1967
2003-04-22,0.2022
2003-04-23,0.2033
2003-04-24,0.2012
2003-04-25,0.1998
2003-04-28,0.2075
2003-04-29,0.2104
2003-04-30,0.2128
2003-05-01,0.2149
2003-05-02,0.2163
2003-05-05,0.2408
2003-05-06,0.2619
2003-05-07,0.2642
2003-05-08,0.2694
2003-05-09,0.2739
2003-05-12,0.2778
2003-05-13,0.2794
2003-05-14,0.2777
2003-05-15,0.2803
2003-05-16,0.2814
2003-05-19,0.2709
2003-05-20,0.2663
2003-05-21,0.2672
2003-05-22,0.2730
2003-05-23,0.2742
2003-05-27,0.2826
2003-05-28,0.2736
2003-05-29,0.2709
2003-05-30,0.2687
2003-06-02,0.2612
2003-06-03,0.2591
2003-06-04,0.2634
2003-06-05,0.2640
2003-06-06,0.2567
2003-06-09,0.2513
2003-06-10,0.2571
2003-06-11,0.2612
2003-06-12,0.2660
2003-06-13,0.2607
2003-06-16,0.2735
2003-06-17,0.2723
2003-06-18,0.2862
2003-06-19,0.2865
2003-06-20,0.2874
2003-06-23,0.2853
2003-06-24,0.2811
2003-06-25,0.2857
2003-06-26,0.2887
2003-06-27,0.2803
2003-06-30,0.2853
2003-07-01,0.2857
2003-07-02,0.2884
2003-07-03,0.2863
2003-07-07,0.2974
2003-07-08,0.3053
2003-07-09,0.2977
2003-07-10,0.2931
2003-07-11,0.2971
2003-07-14,0.2979
2003-07-15,0.2935
2003-07-16,0.2974
2003-07-17,0.3128
2003-07-18,0.3122
2003-07-21,0.3085
2003-07-22,0.3113
2003-07-23,0.3112
2003-07-24,0.3070
2003-07-25,0.3224
2003-07-28,0.3142
2003-07-29,0.3101
2003-07-30,0.3035
2003-07-31,0.3155
2003-08-01,0.3103
2003-08-04,0.3175
2003-08-05,0.3050
2003-08-06,0.2938
2003-08-07,0.2983
2003-08-08,0.2940
2003-08-11,0.2943
2003-08-12,0.2949
2003-08-13,0.3020
2003-08-14,0.2989
2003-08-15,0.2950
2003-08-18,0.3044
2003-08-19,0.3041
2003-08-20,0.3145
2003-08-21,0.3245
2003-08-22,0.3125
2003-08-25,0.3122
2003-08-26,0.3151
2003-08-27,0.3215
2003-08-28,0.3321
2003-08-29,0.3384
2003-09-02,0.3420
2003-09-03,0.3435
2003-09-04,0.3417
2003-09-05,0.3368
2003-09-08,0.3404
2003-09-09,0.3348
2003-09-10,0.3320
2003-09-11,0.3377
2003-09-12,0.3458
2003-09-15,0.3324
2003-09-16,0.3347
2003-09-17,0.3311
2003-09-18,0.3425
2003-09-19,0.3380
2003-09-22,0.3305
2003-09-23,0.3357
2003-09-24,0.3191
2003-09-25,0.3058
2003-09-26,0.3097
2003-09-29,0.3188
2003-09-30,0.3101
2003-10-01,0.3112
2003-10-02,0.3079
2003-10-03,0.3246
2003-10-06,0.3336
2003-10-07,0.3476
2003-10-08,0.3452
2003-10-09,0.3510
2003-10-10,0.3544
2003-10-13,0.3645
2003-10-14,0.3675
2003-10-15,0.3715
2003-10-16,0.3480
2003-10-17,0.3405
2003-10-20,0.3476
2003-10-21,0.3470
2003-10-22,0.3407
2003-10-23,0.3441
2003-10-24,0.3383
2003-10-27,0.3383
2003-10-28,0.3550
2003-10-29,0.3546
2003-10-30,0.3456
2003-10-31,0.3426
2003-11-03,0.3465
2003-11-04,0.3429
2003-11-05,0.3447
2003-11-06,0.3461
2003-11-07,0.3368
2003-11-10,0.3278
2003-11-11,0.3224
2003-11-12,0.3342
2003-11-13,0.3356
2003-11-14,0.3212
2003-11-17,0.3163
2003-11-18,0.3055
2003-11-19,0.3056
2003-11-20,0.3050
2003-11-21,0.3035
2003-11-24,0.3166
2003-11-25,0.3095
2003-11-26,0.3101
2003-11-28,0.3130
2003-12-01,0.3249
2003-12-02,0.3224
2003-12-03,0.3148
2003-12-04,0.3166
2003-12-05,0.3121
2003-12-08,0.3151
2003-12-09,0.3061
2003-12-10,0.3050
2003-12-11,0.3175
2003-12-12,0.3127
2003-12-15,0.3019
2003-12-16,0.3012
2003-12-17,0.2976
2003-12-18,0.3000
2003-12-19,0.2949
2003-12-22,0.2971
2003-12-23,0.2965
2003-12-24,0.3055
2003-12-26,0.3110
2003-12-29,0.3166
2003-12-30,0.3185
2003-12-31,0.3199
2004-01-02,0.3185
2004-01-05,0.3318
2004-01-06,0.3306
2004-01-07,0.3381
2004-01-08,0.3496
2004-01-09,0.3443
2004-01-12,0.3552
2004-01-13,0.3610
2004-01-14,0.3622
2004-01-15,0.3420
2004-01-16,0.3401
2004-01-20,0.3402
2004-01-21,0.3384
2004-01-22,0.3320
2004-01-23,0.3377
2004-01-26,0.3444
2004-01-27,0.3453
2004-01-28,0.3371
2004-01-29,0.3395
2004-01-30,0.3377
2004-02-02,0.3341
2004-02-03,0.3332
2004-02-04,0.3261
2004-02-05,0.3356
2004-02-06,0.3399
2004-02-09,0.3393
2004-02-10,0.3440
2004-02-11,0.3562
2004-02-12,0.3552
2004-02-13,0.3443
2004-02-17,0.3467
2004-02-18,0.3481
2004-02-19,0.3363
2004-02-20,0.3353
2004-02-23,0.3321
2004-02-24,0.3347
2004-02-25,0.3414
2004-02-26,0.3449
2004-02-27,0.3580
2004-03-01,0.3595
2004-03-02,0.3564
2004-03-03,0.3580
2004-03-04,0.3766
2004-03-05,0.4002
2004-03-08,0.3892
2004-03-09,0.4056
2004-03-10,0.4143
2004-03-11,0.4064
2004-03-12,0.4125
2004-03-15,0.3959
2004-03-16,0.3865
2004-03-17,0.3920
2004-03-18,0.3842
2004-03-19,0.3871
2004-03-22,0.3871
2004-03-23,0.3785
2004-03-24,0.3817
2004-03-25,0.4022
2004-03-26,0.4047
2004-03-29,0.4177
2004-03-30,0.4179
2004-03-31,0.4047
2004-04-01,0.4058
2004-04-02,0.4116
2004-04-05,0.4239
2004-04-06,0.4166
2004-04-07,0.4088
2004-04-08,0.4121
2004-04-12,0.4197
2004-04-13,0.4031
2004-04-14,0.3987
2004-04-15,0.4386
2004-04-16,0.4368
2004-04-19,0.4243
2004-04-20,0.4151
2004-04-21,0.4151
2004-04-22,0.4158
2004-04-23,0.4146
2004-04-26,0.4061
2004-04-27,0.4032
2004-04-28,0.3959
2004-04-29,0.4007
2004-04-30,0.3859
2004-05-03,0.3902
2004-05-04,0.3913
2004-05-05,0.3989
2004-05-06,0.3978
2004-05-07,0.3992
2004-05-10,0.3934
2004-05-11,0.4062
2004-05-12,0.4086
2004-05-13,0.4070
2004-05-14,0.4050
2004-05-17,0.3987
2004-05-18,0.4050
2004-05-19,0.3962
2004-05-20,0.3998
2004-05-21,0.4058
2004-05-24,0.4092
2004-05-25,0.4252
2004-05-26,0.4267
2004-05-27,0.4216
2004-05-28,0.4200
2004-06-01,0.4200
2004-06-02,0.4329
2004-06-03,0.4251
2004-06-04,0.4308
2004-06-07,0.4462
2004-06-08,0.4543
2004-06-09,0.4520
2004-06-10,0.4601
2004-06-14,0.4508
2004-06-15,0.4594
2004-06-16,0.4900
2004-06-17,0.4911
2004-06-18,0.4926
2004-06-21,0.4839
2004-06-22,0.4939
2004-06-23,0.5044
2004-06-24,0.4966
2004-06-25,0.5044
2004-06-28,0.4863
2004-06-29,0.4865
2004-06-30,0.4870
2004-07-01,0.4835
2004-07-02,0.4652
2004-07-06,0.4633
2004-07-07,0.4549
2004-07-08,0.4511
2004-07-09,0.4495
2004-07-12,0.4362
2004-07-13,0.4374
2004-07-14,0.4427
2004-07-15,0.4929
2004-07-16,0.4820
2004-07-19,0.4785
2004-07-20,0.4820
2004-07-21,0.4733
2004-07-22,0.4742
2004-07-23,0.4595
2004-07-26,0.4679
2004-07-27,0.4854
2004-07-28,0.4830
2004-07-29,0.4885
2004-07-30,0.4841
2004-08-02,0.4727
2004-08-03,0.4683
2004-08-04,0.4758
2004-08-05,0.4698
2004-08-06,0.4457
2004-08-09,0.4535
2004-08-10,0.4718
2004-08-11,0.4641
2004-08-12,0.4546
2004-08-13,0.4616
2004-08-16,0.4607
2004-08-17,0.4621
2004-08-18,0.4751
2004-08-19,0.4597
2004-08-20,0.4610
2004-08-23,0.4652
2004-08-24,0.4782
2004-08-25,0.4947
2004-08-26,0.5188
2004-08-27,0.5141
2004-08-30,0.5107
2004-08-31,0.5162
2004-09-01,0.5367
2004-09-02,0.5337
2004-09-03,0.5273
2004-09-07,0.5352
2004-09-08,0.5441
2004-09-09,0.5343
2004-09-10,0.5369
2004-09-13,0.5327
2004-09-14,0.5312
2004-09-15,0.5269
2004-09-16,0.5441
2004-09-17,0.5559
2004-09-20,0.5644
2004-09-21,0.5689
2004-09-22,0.5526
2004-09-23,0.5578
2004-09-24,0.5581
2004-09-27,0.5617
2004-09-28,0.5694
2004-09-29,0.5790
2004-09-30,0.5800
2004-10-01,0.5788
2004-10-04,0.5806
2004-10-05,0.5893
2004-10-06,0.6083
2004-10-07,0.5930
2004-10-08,0.5846
2004-10-11,0.5776
2004-10-12,0.5731
2004-10-13,0.5950
2004-10-14,0.6732
2004-10-15,0.6810
2004-10-18,0.7147
2004-10-19,0.7098
2004-10-20,0.7105
2004-10-21,0.7176
2004-10-22,0.7096
2004-10-25,0.7117
2004-10-26,0.7180
2004-10-27,0.7529
2004-10-28,0.7812
2004-10-29,0.7843
2004-11-01,0.7851
2004-11-02,0.8008
2004-11-03,0.8279
2004-11-04,0.8150
2004-11-05,0.8190
2004-11-08,0.8139
2004-11-09,0.8090
2004-11-10,0.8195
2004-11-11,0.8277
2004-11-12,0.8307
2004-11-15,0.8268
2004-11-16,0.8223
2004-11-17,0.8217
2004-11-18,0.8291
2004-11-19,0.8258
2004-11-22,0.9183
2004-11-23,0.9171
2004-11-24,0.9587
2004-11-26,0.9662
2004-11-29,1.0244
2004-11-30,1.0036
2004-12-01,1.0147
2004-12-02,0.9760
2004-12-03,0.9382
2004-12-06,0.9846
2004-12-07,0.9413
2004-12-08,0.9472
2004-12-09,0.9578
2004-12-10,0.9751
2004-12-13,0.9716
2004-12-14,0.9772
2004-12-15,0.9768
2004-12-16,0.9968
2004-12-17,0.9728
2004-12-20,0.9388
2004-12-21,0.9533
2004-12-22,0.9542
2004-12-23,0.9581
2004-12-27,0.9454
2004-12-28,0.9606
2004-12-29,0.9645
2004-12-30,0.9699
2004-12-31,0.9639
2005-01-03,0.9473
2005-01-04,0.9570
2005-01-05,0.9654
2005-01-06,0.9662
2005-01-07,1.0365
2005-01-10,1.0322
2005-01-11,0.9663
2005-01-12,0.9798
2005-01-13,1.0447
2005-01-14,1.0507
2005-01-18,1.0575
2005-01-19,1.0459
2005-01-20,1.0546
2005-01-21,1.0551
2005-01-24,1.0591
2005-01-25,1.0784
2005-01-26,1.0814
2005-01-27,1.0873
2005-01-28,1.1073
2005-01-31,1.1510
2005-02-01,1.1604
2005-02-02,1.1919
2005-02-03,1.1646
2005-02-04,1.1801
2005-02-07,1.1816
2005-02-08,1.2109
2005-02-09,1.1786
2005-02-10,1.1729
2005-02-11,1.2155
2005-02-14,1.2667
2005-02-15,1.3233
2005-02-16,1.3490
2005-02-17,1.3143
2005-02-18,1.2993
2005-02-22,1.2766
2005-02-23,1.3206
2005-02-24,1.3311
2005-02-25,1.3320
2005-02-28,1.3429
2005-03-01,1.3321
2005-03-02,1.3208
2005-03-03,1.2510
2005-03-04,1.2815
2005-03-07,1.2797
2005-03-08,1.2133
2005-03-09,1.1780
2005-03-10,1.1923
2005-03-11,1.2055
2005-03-14,1.2070
2005-03-15,1.2262
2005-03-16,1.2327
2005-03-17,1.2648
2005-03-18,1.2860
2005-03-21,1.3082
2005-03-22,1.2821
2005-03-23,1.2738
2005-03-24,1.2723
2005-03-28,1.2732
2005-03-29,1.2498
2005-03-30,1.2812
2005-03-31,1.2474
2005-04-01,1.2241
2005-04-04,1.2300
2005-04-05,1.2540
2005-04-06,1.2672
2005-04-07,1.3040
2005-04-08,1.3094
2005-04-11,1.2549
2005-04-12,1.2770
2005-04-13,1.2285
2005-04-14,1.1154
2005-04-15,1.0582
2005-04-18,1.0663
2005-04-19,1.1103
2005-04-20,1.0630
2005-04-21,1.1130
2005-04-22,1.0627
2005-04-25,1.1070
2005-04-26,1.0834
2005-04-27,1.0762
2005-04-28,1.0639
2005-04-29,1.0795
2005-05-02,1.0905
2005-05-03,1.0840
2005-05-04,1.1121
2005-05-05,1.0980
2005-05-06,1.1148
2005-05-09,1.1067
2005-05-10,1.0902
2005-05-11,1.0660
2005-05-12,1.0217
2005-05-13,1.0409
2005-05-16,1.0642
2005-05-17,1.0585
2005-05-18,1.0729
2005-05-19,1.1241
2005-05-20,1.1241
2005-05-23,1.1902
2005-05-24,1.1884
2005-05-25,1.1908
2005-05-26,1.2196
2005-05-27,1.2142
2005-05-31,1.1902
2005-06-01,1.2064
2005-06-02,1.1986
2005-06-03,1.1447
2005-06-06,1.1352
2005-06-07,1.0938
2005-06-08,1.1052
2005-06-09,1.1271
2005-06-10,1.0720
2005-06-13,1.0747
2005-06-14,1.0777
2005-06-15,1.1115
2005-06-16,1.1369
2005-06-17,1.1468
2005-06-20,1.1259
2005-06-21,1.1334
2005-06-22,1.1540
2005-06-23,1.1642
2005-06-24,1.1304
2005-06-27,1.1106
2005-06-28,1.1169
2005-06-29,1.0888
2005-06-30,1.1019
2005-07-01,1.0926
2005-07-05,1.1369
2005-07-06,1.1193
2005-07-07,1.1265
2005-07-08,1.1450
2005-07-11,1.1405
2005-07-12,1.1447
2005-07-13,1.1480
2005-07-14,1.2199
2005-07-15,1.2438
2005-07-18,1.2420
2005-07-19,1.2929
2005-07-20,1.3061
2005-07-21,1.2959
2005-07-22,1.3172
2005-07-25,1.3115
2005-07-26,1.3061
2005-07-27,1.3169
2005-07-28,1.3112
2005-07-29,1.2767
2005-08-01,1.2797
2005-08-02,1.2929
2005-08-03,1.2938
2005-08-04,1.2785
2005-08-05,1.2869
2005-08-08,1.2767
2005-08-09,1.3118
2005-08-10,1.2986
2005-08-11,1.3172
2005-08-12,1.3800
2005-08-15,1.4273
2005-08-16,1.3845
2005-08-17,1.4115
2005-08-18,1.3860
2005-08-19,1.3719
2005-08-22,1.3731
2005-08-23,1.3692
2005-08-24,1.3701
2005-08-25,1.3788
2005-08-26,1.3692
2005-08-29,1.3722
2005-08-30,1.3941
2005-08-31,1.4037
2005-09-01,1.3848
2005-09-02,1.3836
2005-09-06,1.4608
2005-09-07,1.4573
2005-09-08,1.4902
2005-09-09,1.5360
2005-09-12,1.5387
2005-09-13,1.5213
2005-09-14,1.4851
2005-09-15,1.4929
2005-09-16,1.5330
2005-09-19,1.5758
2005-09-20,1.5923
2005-09-21,1.5599
2005-09-22,1.5536
2005-09-23,1.5926
2005-09-26,1.6117
2005-09-27,1.5997
2005-09-28,1.5291
2005-09-29,1.5668
2005-09-30,1.6048
2005-10-03,1.6297
2005-10-04,1.6090
2005-10-05,1.5800
2005-10-06,1.5477
2005-10-07,1.5357
2005-10-10,1.5078
2005-10-11,1.5444
2005-10-12,1.4743
2005-10-13,1.6087
2005-10-14,1.6165
2005-10-17,1.5997
2005-10-18,1.5629
2005-10-19,1.6447
2005-10-20,1.6806
2005-10-21,1.6662
2005-10-24,1.7000
2005-10-25,1.6794
2005-10-26,1.7072
2005-10-27,1.6587
2005-10-28,1.6306
2005-10-31,1.7240
2005-11-01,1.7213
2005-11-02,1.7946
2005-11-03,1.8515
2005-11-04,1.8306
2005-11-07,1.8030
2005-11-08,1.7931
2005-11-09,1.7994
2005-11-10,1.8314
2005-11-11,1.8422
2005-11-14,1.8395
2005-11-15,1.8644
2005-11-16,1.9443
2005-11-17,1.9314
2005-11-18,1.9326
2005-11-21,1.9446
2005-11-22,1.9913
2005-11-23,2.0090
2005-11-25,2.0757
2005-11-28,2.0853
2005-11-29,2.0386
2005-11-30,2.0302
2005-12-01,2.1434
2005-12-02,2.1742
2005-12-05,2.1500
2005-12-06,2.2167
2005-12-07,2.2137
2005-12-08,2.2176
2005-12-09,2.2251
2005-12-12,2.2425
2005-12-13,2.2446
2005-12-14,2.1556
2005-12-15,2.1607
2005-12-16,2.1287
2005-12-19,2.1368
2005-12-20,2.1586
2005-12-21,2.2003
2005-12-22,2.2158
2005-12-23,2.1958
2005-12-27,2.2221
2005-12-28,2.2023
2005-12-29,2.1389
2005-12-30,2.1521
2006-01-03,2.2377
2006-01-04,2.2443
2006-01-05,2.2266
2006-01-06,2.2841
2006-01-09,2.2766
2006-01-10,2.4206
2006-01-11,2.5116
2006-01-12,2.5233
2006-01-13,2.5622
2006-01-17,2.5358
2006-01-18,2.4694
2006-01-19,2.3661
2006-01-20,2.2778
2006-01-23,2.3251
2006-01-24,2.2763
2006-01-25,2.2212
2006-01-26,2.1652
2006-01-27,2.1562
2006-01-30,2.2452
2006-01-31,2.2604
2006-02-01,2.2577
2006-02-02,2.1583
2006-02-03,2.1509
2006-02-06,2.0147
2006-02-07,2.0236
2006-02-08,2.0599
2006-02-09,1.9443
2006-02-10,2.0150
2006-02-13,1.9371
2006-02-14,2.0248
2006-02-15,2.0721
2006-02-16,2.1125
2006-02-17,2.1042
2006-02-21,2.0679
2006-02-22,2.1350
2006-02-23,2.1479
2006-02-24,2.1392
2006-02-27,2.1251
2006-02-28,2.0503
2006-03-01,2.0685
2006-03-02,2.0838
2006-03-03,2.0272
2006-03-06,1.9602
2006-03-07,1.9850
2006-03-08,1.9656
2006-03-09,1.9138
2006-03-10,1.8916
2006-03-13,1.9662
2006-03-14,2.0153
2006-03-15,1.9826
2006-03-16,1.9251
2006-03-17,1.9356
2006-03-20,1.9156
2006-03-21,1.8503
2006-03-22,1.8461
2006-03-23,1.8009
2006-03-24,1.7949
2006-03-27,1.7815
2006-03-28,1.7575
2006-03-29,1.8659
2006-03-30,1.8784
2006-03-31,1.8776
2006-04-03,1.8755
2006-04-04,1.8311
2006-04-05,2.0120
2006-04-06,2.1326
2006-04-07,2.0892
2006-04-10,2.0557
2006-04-11,2.0353
2006-04-12,1.9970
2006-04-13,1.9898
2006-04-17,1.9401
2006-04-18,1.9823
2006-04-19,1.9653
2006-04-20,2.0245
2006-04-21,2.0069
2006-04-24,1.9683
2006-04-25,1.9808
2006-04-26,2.0401
2006-04-27,2.0763
2006-04-28,2.1072
2006-05-01,2.0835
2006-05-02,2.1440
2006-05-03,2.1296
2006-05-04,2.1293
2006-05-05,2.1521
2006-05-08,2.1521
2006-05-09,2.1263
2006-05-10,2.1134
2006-05-11,2.0401
2006-05-12,2.0266
2006-05-15,2.0293
2006-05-16,1.9452
2006-05-17,1.9536
2006-05-18,1.8913
2006-05-19,1.9311
2006-05-22,1.8973
2006-05-23,1.8904
2006-05-24,1.8961
2006-05-25,1.9257
2006-05-26,1.9024
2006-05-30,1.8326
2006-05-31,1.7892
2006-06-01,1.8611
2006-06-02,1.8458
2006-06-05,1.7961
2006-06-06,1.7877
2006-06-07,1.7530
2006-06-08,1.8189
2006-06-09,1.7734
2006-06-12,1.7063
2006-06-13,1.7461
2006-06-14,1.7246
2006-06-15,1.7776
2006-06-16,1.7231
2006-06-19,1.7123
2006-06-20,1.7204
2006-06-21,1.7321
2006-06-22,1.7836
2006-06-23,1.7611
2006-06-26,1.7659
2006-06-27,1.7192
2006-06-28,1.6770
2006-06-29,1.7653
2006-06-30,1.7144
2006-07-03,1.7348
2006-07-05,1.7063
2006-07-06,1.6695
2006-07-07,1.6584
2006-07-10,1.6464
2006-07-11,1.6659
2006-07-12,1.5854
2006-07-13,1.5641
2006-07-14,1.5168
2006-07-17,1.5677
2006-07-18,1.5836
2006-07-19,1.6195
2006-07-20,1.8111
2006-07-21,1.8177
2006-07-24,1.8386
2006-07-25,1.8539
2006-07-26,1.9120
2006-07-27,1.8979
2006-07-28,1.9635
2006-07-31,2.0344
2006-08-01,2.0111
2006-08-02,2.0404
2006-08-03,2.0832
2006-08-04,2.0446
2006-08-07,2.0120
2006-08-08,1.9392
2006-08-09,1.9036
2006-08-10,1.9180
2006-08-11,1.9054
2006-08-14,1.9141
2006-08-15,1.9892
2006-08-16,2.0350
2006-08-17,2.0233
2006-08-18,2.0329
2006-08-21,1.9925
2006-08-22,2.0242
2006-08-23,2.0150
2006-08-24,2.0299
2006-08-25,2.0581
2006-08-28,2.0051
2006-08-29,1.9901
2006-08-30,2.0045
2006-08-31,2.0311
2006-09-01,2.0470
2006-09-05,2.1398
2006-09-06,2.0964
2006-09-07,2.1793
2006-09-08,2.1709
2006-09-11,2.1703
2006-09-12,2.1742
2006-09-13,2.2212
2006-09-14,2.2203
2006-09-15,2.2182
2006-09-18,2.2119
2006-09-19,2.2083
2006-09-20,2.2529
2006-09-21,2.2347
2006-09-22,2.1853
2006-09-25,2.2676
2006-09-26,2.3233
2006-09-27,2.2874
2006-09-28,2.3053
2006-09-29,2.3044
2006-10-02,2.2410
2006-10-03,2.2176
2006-10-04,2.2565
2006-10-05,2.2401
2006-10-06,2.2218
2006-10-09,2.2341
2006-10-10,2.2095
2006-10-11,2.1922
2006-10-12,2.2529
2006-10-13,2.2458
2006-10-16,2.2571
2006-10-17,2.2239
2006-10-18,2.2311
2006-10-19,2.3646
2006-10-20,2.3933
2006-10-23,2.4385
2006-10-24,2.4263
2006-10-25,2.4451
2006-10-26,2.4604
2006-10-27,2.4071
2006-10-30,2.4074
2006-10-31,2.4272
2006-11-01,2.3697
2006-11-02,2.3643
2006-11-03,2.3436
2006-11-06,2.3862
2006-11-07,2.4101
2006-11-08,2.4682
2006-11-09,2.4948
2006-11-10,2.4882
2006-11-13,2.5251
2006-11-14,2.5445
2006-11-15,2.5161
2006-11-16,2.5628
2006-11-17,2.5700
2006-11-20,2.5885
2006-11-21,2.6523
2006-11-22,2.7035
2006-11-24,2.7430
2006-11-27,2.6804
2006-11-28,2.7484
2006-11-29,2.7481
2006-11-30,2.7439
2006-12-01,2.7337
2006-12-04,2.7277
2006-12-05,2.7322
2006-12-06,2.6891
2006-12-07,2.6056
2006-12-08,2.6421
2006-12-11,2.6568
2006-12-12,2.5786
2006-12-13,2.6657
2006-12-14,2.6508
2006-12-15,2.6259
2006-12-18,2.5586
2006-12-19,2.5837
2006-12-20,2.5373
2006-12-21,2.4816
2006-12-22,2.4607
2006-12-26,2.4400
2006-12-27,2.4403
2006-12-28,2.4209
2006-12-29,2.5397
2007-01-03,2.5086
2007-01-04,2.5643
2007-01-05,2.5460
2007-01-08,2.5586
2007-01-09,2.7711
2007-01-10,2.9037
2007-01-11,2.8678
2007-01-12,2.8325
2007-01-16,2.9067
2007-01-17,2.8424
2007-01-18,2.6663
2007-01-19,2.6493
2007-01-22,2.5981
2007-01-23,2.5655
2007-01-24,2.5954
2007-01-25,2.5819
2007-01-26,2.5559
2007-01-29,2.5726
2007-01-30,2.5610
2007-01-31,2.5664
2007-02-01,2.5367
2007-02-02,2.5370
2007-02-05,2.5128
2007-02-06,2.5191
2007-02-07,2.5789
2007-02-08,2.5798
2007-02-09,2.4927
2007-02-12,2.5409
2007-02-13,2.5355
2007-02-14,2.5535
2007-02-15,2.5508
2007-02-16,2.5394
2007-02-20,2.5715
2007-02-21,2.6702
2007-02-22,2.6795
2007-02-23,2.6663
2007-02-26,2.6496
2007-02-27,2.5125
2007-02-28,2.5328
2007-03-01,2.6062
2007-03-02,2.5568
2007-03-05,2.5840
2007-03-06,2.6400
2007-03-07,2.6259
2007-03-08,2.6343
2007-03-09,2.6334
2007-03-12,2.6903
2007-03-13,2.6463
2007-03-14,2.6942
2007-03-15,2.6813
2007-03-16,2.6819
2007-03-19,2.7280
2007-03-20,2.7385
2007-03-21,2.8100
2007-03-22,2.8127
2007-03-23,2.7996
2007-03-26,2.8693
2007-03-27,2.8576
2007-03-28,2.7912
2007-03-29,2.8064
2007-03-30,2.7813
2007-04-02,2.8035
2007-04-03,2.8289
2007-04-04,2.8220
2007-04-05,2.8343
2007-04-09,2.8035
2007-04-10,2.8214
2007-04-11,2.7717
2007-04-12,2.7597
2007-04-13,2.7014
2007-04-16,2.7370
2007-04-17,2.7047
2007-04-18,2.7062
2007-04-19,2.7023
2007-04-20,2.7232
2007-04-23,2.7993
2007-04-24,2.7912
2007-04-25,2.8543
2007-04-26,2.9588
2007-04-27,2.9911
2007-04-30,2.9876
2007-05-01,2.9777
2007-05-02,3.0052
2007-05-03,3.0055
2007-05-04,3.0178
2007-05-07,3.1109
2007-05-08,3.1450
2007-05-09,3.1995
2007-05-10,3.2133
2007-05-11,3.2552
2007-05-14,3.2737
2007-05-15,3.2187
2007-05-16,3.2133
2007-05-17,3.2761
2007-05-18,3.2935
2007-05-21,3.3522
2007-05-22,3.3989
2007-05-23,3.3794
2007-05-24,3.3136
2007-05-25,3.4013
2007-05-29,3.4231
2007-05-30,3.5554
2007-05-31,3.6279
2007-06-01,3.5444
2007-06-04,3.6321
2007-06-05,3.6722
2007-06-06,3.7012
2007-06-07,3.7141
2007-06-08,3.7267
2007-06-11,3.5979
2007-06-12,3.6036
2007-06-13,3.5174
2007-06-14,3.5548
2007-06-15,3.6072
2007-06-18,3.7446
2007-06-19,3.7018
2007-06-20,3.6387
2007-06-21,3.7090
2007-06-22,3.6821
2007-06-25,3.6623
2007-06-26,3.5818
2007-06-27,3.6488
2007-06-28,3.6090
2007-06-29,3.6533
2007-07-02,3.6300
2007-07-03,3.8069
2007-07-05,3.9739
2007-07-06,3.9605
2007-07-09,3.9015
2007-07-10,3.9620
2007-07-11,3.9632
2007-07-12,4.0134
2007-07-13,4.1230
2007-07-16,4.1341
2007-07-17,4.1583
2007-07-18,4.1347
2007-07-19,4.1910
2007-07-20,4.3032
2007-07-23,4.3017
2007-07-24,4.0380
2007-07-25,4.1089
2007-07-26,4.3706
2007-07-27,4.3062
2007-07-30,4.2338
2007-07-31,3.9443
2007-08-01,4.0413
2007-08-02,4.0859
2007-08-03,3.9470
2007-08-06,4.0488
2007-08-07,4.0422
2007-08-08,4.0116
2007-08-09,3.7835
2007-08-10,3.7419
2007-08-13,3.8254
2007-08-14,3.7129
2007-08-15,3.5893
2007-08-16,3.5039
2007-08-17,3.6539
2007-08-20,3.6587
2007-08-21,3.8189
2007-08-22,3.9667
2007-08-23,3.9236
2007-08-24,4.0503
2007-08-27,3.9590
2007-08-28,3.7964
2007-08-29,4.0137
2007-08-30,4.0787
2007-08-31,4.1455
2007-09-04,4.3155
2007-09-05,4.0940
2007-09-06,4.0416
2007-09-07,3.9446
2007-09-10,4.0925
2007-09-11,4.0560
2007-09-12,4.0967
2007-09-13,4.1071
2007-09-14,4.1553
2007-09-17,4.1434
2007-09-18,4.2185
2007-09-19,4.2140
2007-09-20,4.2002
2007-09-21,4.3152
2007-09-24,4.4388
2007-09-25,4.5855
2007-09-26,4.5732
2007-09-27,4.6250
2007-09-28,4.5942
2007-10-01,4.6801
2007-10-02,4.7433
2007-10-03,4.7274
2007-10-04,4.6771
2007-10-05,4.8331
2007-10-08,5.0265
2007-10-09,5.0250
2007-10-10,4.9929
2007-10-11,4.8564
2007-10-12,5.0067
2007-10-15,4.9986
2007-10-16,5.0765
2007-10-17,5.1713
2007-10-18,5.1938
2007-10-19,5.1016
2007-10-22,5.2195
2007-10-23,5.5728
2007-10-24,5.5659
2007-10-25,5.4716
2007-10-26,5.5291
2007-10-29,5.5407
2007-10-30,5.5979
2007-10-31,5.6862
2007-11-01,5.6111
2007-11-02,5.6240
2007-11-05,5.5734
2007-11-06,5.7413
2007-11-07,5.5770
2007-11-08,5.2528
2007-11-09,4.9504
2007-11-12,4.6029
2007-11-13,5.0878
2007-11-14,4.9726
2007-11-15,4.9184
2007-11-16,4.9810
2007-11-19,4.9079
2007-11-20,5.0546
2007-11-21,5.0429
2007-11-23,5.1351
2007-11-26,5.1651
2007-11-27,5.2330
2007-11-28,5.3950
2007-11-29,5.5168
2007-11-30,5.4548
2007-12-03,5.3542
2007-12-04,5.3827
2007-12-05,5.5530
2007-12-06,5.6862
2007-12-07,5.8165
2007-12-10,5.8138
2007-12-11,5.6440
2007-12-12,5.7135
2007-12-13,5.7425
2007-12-14,5.6994
2007-12-17,5.5201
2007-12-18,5.4776
2007-12-19,5.4818
2007-12-20,5.6042
2007-12-21,5.8048
2007-12-24,5.9512
2007-12-26,5.9557
2007-12-27,5.9443
2007-12-28,5.9820
2007-12-31,5.9296
2008-01-02,5.8326
2008-01-03,5.8353
2008-01-04,5.3899
2008-01-07,5.3177
2008-01-08,5.1264
2008-01-09,5.3704
2008-01-10,5.3291
2008-01-11,5.1695
2008-01-14,5.3519
2008-01-15,5.0603
2008-01-16,4.7789
2008-01-17,4.8163
2008-01-18,4.8304
2008-01-22,4.6591
2008-01-23,4.1631
2008-01-24,4.0592
2008-01-25,3.8919
2008-01-28,3.8919
2008-01-29,3.9377
2008-01-30,3.9569
2008-01-31,4.0521
2008-02-01,4.0039
2008-02-04,3.9410
2008-02-05,3.8724
2008-02-06,3.6521
2008-02-07,3.6294
2008-02-08,3.7563
2008-02-11,3.8751
2008-02-12,3.7377
2008-02-13,3.8736
2008-02-14,3.8156
2008-02-15,3.7309
2008-02-19,3.6575
2008-02-20,3.7066
2008-02-21,3.6384
2008-02-22,3.5761
2008-02-25,3.5845
2008-02-26,3.5668
2008-02-27,3.6809
2008-02-28,3.8889
2008-02-29,3.7425
2008-03-03,3.6440
2008-03-04,3.7306
2008-03-05,3.7267
2008-03-06,3.6201
2008-03-07,3.6596
2008-03-10,3.5830
2008-03-11,3.8123
2008-03-12,3.7728
2008-03-13,3.8299
2008-03-14,3.7901
2008-03-17,3.7937
2008-03-18,3.9760
2008-03-19,3.8817
2008-03-20,3.9895
2008-03-24,4.1769
2008-03-25,4.2203
2008-03-26,4.3424
2008-03-27,4.1984
2008-03-28,4.2811
2008-03-31,4.2957
2008-04-01,4.4762
2008-04-02,4.4152
2008-04-03,4.5385
2008-04-04,4.5825
2008-04-07,4.6666
2008-04-08,4.5753
2008-04-09,4.5334
2008-04-10,4.6265
2008-04-11,4.4047
2008-04-14,4.4239
2008-04-15,4.4418
2008-04-16,4.6011
2008-04-17,4.6247
2008-04-18,4.8208
2008-04-21,5.0339
2008-04-22,4.7957
2008-04-23,4.8762
2008-04-24,5.0573
2008-04-25,5.0809
2008-04-28,5.1561
2008-04-29,5.2402
2008-04-30,5.2073
2008-05-01,5.3884
2008-05-02,5.4165
2008-05-05,5.5300
2008-05-06,5.5877
2008-05-07,5.4659
2008-05-08,5.5398
2008-05-09,5.4917
2008-05-12,5.6326
2008-05-13,5.6865
2008-05-14,5.5758
2008-05-15,5.6796
2008-05-16,5.6165
2008-05-19,5.4961
2008-05-20,5.5650
2008-05-21,5.3342
2008-05-22,5.3001
2008-05-23,5.4234
2008-05-27,5.5809
2008-05-28,5.5982
2008-05-29,5.5886
2008-05-30,5.6503
2008-06-02,5.5710
2008-06-03,5.5491
2008-06-04,5.5437
2008-06-05,5.6707
2008-06-06,5.5572
2008-06-09,5.4366
2008-06-10,5.5572
2008-06-11,5.4126
2008-06-12,5.1866
2008-06-13,5.1600
2008-06-16,5.2938
2008-06-17,5.4312
2008-06-18,5.3510
2008-06-19,5.4153
2008-06-20,5.2468
2008-06-23,5.1836
2008-06-24,5.1863
2008-06-25,5.3102
2008-06-26,5.0369
2008-06-27,5.0917
2008-06-30,5.0124
2008-07-01,5.2291
2008-07-02,5.0345
2008-07-03,5.0926
2008-07-07,5.2435
2008-07-08,5.3749
2008-07-09,5.2162
2008-07-10,5.2875
2008-07-11,5.1663
2008-07-14,5.2052
2008-07-15,5.0782
2008-07-16,5.1731
2008-07-17,5.1432
2008-07-18,4.9438
2008-07-21,4.9780
2008-07-22,4.8501
2008-07-23,4.9771
2008-07-24,4.7606
2008-07-25,4.8531
2008-07-28,4.6220
2008-07-29,4.7023
2008-07-30,4.7861
2008-07-31,4.7582
2008-08-01,4.6897
2008-08-04,4.5870
2008-08-05,4.8088
2008-08-06,4.9151
2008-08-07,4.8965
2008-08-08,5.0756
2008-08-11,5.1956
2008-08-12,5.2905
2008-08-13,5.3674
2008-08-14,5.3680
2008-08-15,5.2609
2008-08-18,5.2504
2008-08-19,5.1947
2008-08-20,5.2638
2008-08-21,5.2174
2008-08-22,5.2923
2008-08-25,5.1654
2008-08-26,5.1980
2008-08-27,5.2288
2008-08-28,5.2010
2008-08-29,5.0750
2008-09-02,4.9750
2008-09-03,4.9980
2008-09-04,4.8262
2008-09-05,4.7951
2008-09-08,4.7274
2008-09-09,4.5406
2008-09-10,4.5385
2008-09-11,4.5696
2008-09-12,4.4586
2008-09-15,4.2017
2008-09-16,4.1874
2008-09-17,3.8266
2008-09-18,4.0140
2008-09-19,4.2182
2008-09-22,3.9230
2008-09-23,3.7970
2008-09-24,3.8530
2008-09-25,3.9494
2008-09-26,3.8389
2008-09-29,3.1510
2008-09-30,3.4025
2008-10-01,3.2666
2008-10-02,2.9965
2008-10-03,2.9058
2008-10-06,2.9379
2008-10-07,2.6690
2008-10-08,2.6879
2008-10-09,2.6565
2008-10-10,2.8977
2008-10-13,3.3007
2008-10-14,3.1157
2008-10-15,2.9322
2008-10-16,3.0501
2008-10-17,2.9157
2008-10-20,2.9468
2008-10-21,2.7388
2008-10-22,2.8998
2008-10-23,2.9406
2008-10-24,2.8852
2008-10-27,2.7568
2008-10-28,2.9908
2008-10-29,3.1297
2008-10-30,3.3240
2008-10-31,3.2208
2008-11-03,3.2019
2008-11-04,3.3225
2008-11-05,3.0923
2008-11-06,2.9666
2008-11-07,2.9409
2008-11-10,2.8702
2008-11-11,2.8370
2008-11-12,2.6978
2008-11-13,2.8870
2008-11-14,2.7014
2008-11-17,2.6385
2008-11-18,2.6915
2008-11-19,2.5831
2008-11-20,2.4095
2008-11-21,2.4721
2008-11-24,2.7825
2008-11-25,2.7181
2008-11-26,2.8439
2008-11-28,2.7741
2008-12-01,2.6622
2008-12-02,2.7681
2008-12-03,2.8708
2008-12-04,2.7364
2008-12-05,2.8139
2008-12-08,2.9852
2008-12-09,2.9953
2008-12-10,2.9400
2008-12-11,2.8439
2008-12-12,2.9418
2008-12-15,2.8364
2008-12-16,2.8567
2008-12-17,2.6690
2008-12-18,2.6771
2008-12-19,2.6942
2008-12-22,2.5667
2008-12-23,2.5858
2008-12-24,2.5457
2008-12-26,2.5688
2008-12-29,2.5927
2008-12-30,2.5831
2008-12-31,2.5550
2009-01-02,2.7166
2009-01-05,2.8313
2009-01-06,2.7846
2009-01-07,2.7244
2009-01-08,2.7750
2009-01-09,2.7116
2009-01-12,2.6541
2009-01-13,2.6256
2009-01-14,2.5544
2009-01-15,2.4960
2009-01-16,2.4646
2009-01-20,2.3409
2009-01-21,2.4796
2009-01-22,2.6451
2009-01-23,2.6451
2009-01-26,2.6834
2009-01-27,2.7160
2009-01-28,2.8199
2009-01-29,2.7840
2009-01-30,2.6981
2009-02-02,2.7394
2009-02-03,2.7834
2009-02-04,2.8005
2009-02-05,2.8876
2009-02-06,2.9852
2009-02-09,3.0687
2009-02-10,2.9286
2009-02-11,2.8983
2009-02-12,2.9717
2009-02-13,2.9684
2009-02-17,2.8298
2009-02-18,2.8250
2009-02-19,2.7133
2009-02-20,2.7301
2009-02-23,2.6029
2009-02-24,2.7017
2009-02-25,2.7289
2009-02-26,2.6699
2009-02-27,2.6735
2009-03-02,2.6325
2009-03-03,2.6454
2009-03-04,2.7292
2009-03-05,2.6595
2009-03-06,2.5535
2009-03-09,2.4879
2009-03-10,2.6532
2009-03-11,2.7744
2009-03-12,2.8843
2009-03-13,2.8717
2009-03-16,2.8564
2009-03-17,2.9834
2009-03-18,3.0390
2009-03-19,3.0420
2009-03-20,3.0411
2009-03-23,3.2228
2009-03-24,3.1881
2009-03-25,3.1878
2009-03-26,3.2890
2009-03-27,3.1986
2009-03-30,3.1280
2009-03-31,3.1468
2009-04-01,3.2537
2009-04-02,3.3740
2009-04-03,3.4722
2009-04-06,3.5459
2009-04-07,3.4426
2009-04-08,3.4821
2009-04-09,3.5794
2009-04-13,3.5988
2009-04-14,3.5417
2009-04-15,3.5216
2009-04-16,3.6357
2009-04-17,3.6946
2009-04-20,3.6072
2009-04-21,3.6449
2009-04-22,3.6375
2009-04-23,3.7539
2009-04-24,3.7090
2009-04-27,3.7338
2009-04-28,3.7090
2009-04-29,3.7461
2009-04-30,3.7668
2009-05-01,3.8090
2009-05-04,3.9536
2009-05-05,3.9727
2009-05-06,3.9664
2009-05-07,3.8635
2009-05-08,3.8674
2009-05-11,3.8787
2009-05-12,3.7246
2009-05-13,3.5770
2009-05-14,3.6806
2009-05-15,3.6647
2009-05-18,3.7913
2009-05-19,3.8153
2009-05-20,3.7680
2009-05-21,3.7174
2009-05-22,3.6671
2009-05-26,3.9150
2009-05-27,3.9829
2009-05-28,4.0434
2009-05-29,4.0655
2009-06-01,4.1715
2009-06-02,4.1757
2009-06-03,4.2194
2009-06-04,4.3029
2009-06-05,4.3308
2009-06-08,4.3062
2009-06-09,4.2724
2009-06-10,4.1984
2009-06-11,4.1895
2009-06-12,4.1003
2009-06-15,4.0739
2009-06-16,4.0817
2009-06-17,4.0586
2009-06-18,4.0676
2009-06-19,4.1754
2009-06-22,4.1122
2009-06-23,4.0116
2009-06-24,4.0778
2009-06-25,4.1868
2009-06-26,4.2640
2009-06-29,4.2499
2009-06-30,4.2637
2009-07-01,4.2757
2009-07-02,4.1916
2009-07-06,4.1493
2009-07-07,4.0533
2009-07-08,4.1077
2009-07-09,4.0820
2009-07-10,4.1467
2009-07-13,4.2610
2009-07-14,4.2589
2009-07-15,4.3969
2009-07-16,4.4161
2009-07-17,4.5427
2009-07-20,4.5774
2009-07-21,4.5355
2009-07-22,4.6921
2009-07-23,4.7244
2009-07-24,4.7894
2009-07-27,4.7927
2009-07-28,4.7897
2009-07-29,4.7906
2009-07-30,4.8732
2009-07-31,4.8911
2009-08-03,4.9822
2009-08-04,4.9558
2009-08-05,4.9426
2009-08-06,4.9067
2009-08-07,4.9546
2009-08-10,4.9310
2009-08-11,4.8744
2009-08-12,4.9486
2009-08-13,5.0417
2009-08-14,4.9926
2009-08-17,4.7774
2009-08-18,4.9094
2009-08-19,4.9274
2009-08-20,4.9792
2009-08-21,5.0657
2009-08-24,5.0609
2009-08-25,5.0711
2009-08-26,5.0115
2009-08-27,5.0726
2009-08-28,5.0905
2009-08-31,5.0354
2009-09-01,4.9483
2009-09-02,4.9447
2009-09-03,4.9857
2009-09-04,5.0983
2009-09-08,5.1767
2009-09-09,5.1231
2009-09-10,5.1657
2009-09-11,5.1537
2009-09-14,5.2004
2009-09-15,5.2435
2009-09-16,5.4444
2009-09-17,5.5246
2009-09-18,5.5387
2009-09-21,5.5087
2009-09-22,5.5225
2009-09-23,5.5530
2009-09-24,5.5027
2009-09-25,5.4593
2009-09-28,5.5725
2009-09-29,5.5494
2009-09-30,5.5485
2009-10-01,5.4141
2009-10-02,5.5351
2009-10-05,5.5686
2009-10-06,5.6880
2009-10-07,5.6952
2009-10-08,5.6659
2009-10-09,5.7018
2009-10-12,5.7120
2009-10-13,5.6883
2009-10-14,5.7263
2009-10-15,5.7045
2009-10-16,5.6294
2009-10-19,5.6835
2009-10-20,5.9500
2009-10-21,6.1344
2009-10-22,6.1427
2009-10-23,6.1050
2009-10-26,6.0613
2009-10-27,5.9084
2009-10-28,5.7596
2009-10-29,5.8778
2009-10-30,5.6428
2009-11-02,5.6671
2009-11-03,5.6503
2009-11-04,5.7120
2009-11-05,5.8084
2009-11-06,5.8177
2009-11-09,6.0308
2009-11-10,6.0763
2009-11-11,6.0844
2009-11-12,6.0467
2009-11-13,6.1203
2009-11-16,6.1856
2009-11-17,6.1966
2009-11-18,6.1655
2009-11-19,6.0024
2009-11-20,5.9847
2009-11-23,6.1631
2009-11-24,6.1200
2009-11-25,6.1125
2009-11-27,6.0047
2009-11-30,5.9844
2009-12-01,5.8964
2009-12-02,5.8742
2009-12-03,5.8817
2009-12-04,5.7871
2009-12-07,5.6563
2009-12-08,5.6838
2009-12-09,5.9212
2009-12-10,5.8802
2009-12-11,5.8275
2009-12-14,5.8967
2009-12-15,5.8126
2009-12-16,5.8383
2009-12-17,5.7434
2009-12-18,5.8503
2009-12-21,5.9341
2009-12-22,5.9979
2009-12-23,6.0499
2009-12-24,6.2577
2009-12-28,6.3346
2009-12-29,6.2595
2009-12-30,6.3355
2009-12-31,6.3083
2010-01-04,6.4065
2010-01-05,6.4176
2010-01-06,6.3155
2010-01-07,6.3038
2010-01-08,6.3457
2010-01-11,6.2897
2010-01-12,6.2182
2010-01-13,6.3059
2010-01-14,6.2694
2010-01-15,6.1646
2010-01-19,6.4373
2010-01-20,6.3382
2010-01-21,6.2287
2010-01-22,5.9197
2010-01-25,6.0790
2010-01-26,6.1649
2010-01-27,6.2230
2010-01-28,5.9658
2010-01-29,5.7494
2010-02-01,5.8293
2010-02-02,5.8632
2010-02-03,5.9640
2010-02-04,5.7491
2010-02-05,5.8512
2010-02-08,5.8111
2010-02-09,5.8730
2010-02-10,5.8410
2010-02-11,5.9473
2010-02-12,5.9985
2010-02-16,6.0889
2010-02-17,6.0634
2010-02-18,6.0748
2010-02-19,6.0371
2010-02-22,5.9997
2010-02-23,5.8991
2010-02-24,6.0068
2010-02-25,6.0470
2010-02-26,6.1254
2010-03-01,6.2562
2010-03-02,6.2520
2010-03-03,6.2664
2010-03-04,6.3077
2010-03-05,6.5544
2010-03-08,6.5583
2010-03-09,6.6762
2010-03-10,6.7307
2010-03-11,6.7504
2010-03-12,6.7834
2010-03-15,6.7007
2010-03-16,6.7190
2010-03-17,6.7091
2010-03-18,6.7250
2010-03-19,6.6531
2010-03-22,6.7280
2010-03-23,6.8361
2010-03-24,6.8663
2010-03-25,6.7849
2010-03-26,6.9121
2010-03-29,6.9567
2010-03-30,7.0603
2010-03-31,7.0348
2010-04-01,7.0639
2010-04-05,7.1393
2010-04-06,7.1707
2010-04-07,7.2025
2010-04-08,7.1830
2010-04-09,7.2381
2010-04-12,7.2531
2010-04-13,7.2572
2010-04-14,7.3548
2010-04-15,7.4515
2010-04-16,7.4060
2010-04-19,7.3961
2010-04-20,7.3219
2010-04-21,7.7599
2010-04-22,7.9769
2010-04-23,8.1074
2010-04-26,8.0676
2010-04-27,7.8443
2010-04-28,7.8311
2010-04-29,8.0419
2010-04-30,7.8158
2010-05-03,7.9733
2010-05-04,7.7437
2010-05-05,7.6632
2010-05-06,7.3716
2010-05-07,7.0606
2010-05-10,7.6033
2010-05-11,7.6790
2010-05-12,7.8458
2010-05-13,7.7341
2010-05-14,7.5982
2010-05-17,7.6102
2010-05-18,7.5545
2010-05-19,7.4342
2010-05-20,7.1174
2010-05-21,7.2540
2010-05-24,7.3869
2010-05-25,7.3408
2010-05-26,7.3075
2010-05-27,7.5841
2010-05-28,7.6898
2010-06-01,7.8081
2010-06-02,7.9015
2010-06-03,7.8766
2010-06-04,7.6623
2010-06-07,7.5120
2010-06-08,7.4638
2010-06-09,7.2803
2010-06-10,7.4991
2010-06-11,7.5889
2010-06-14,7.6120
2010-06-15,7.7739
2010-06-16,8.0002
2010-06-17,8.1385
2010-06-18,8.2044
2010-06-21,8.0877
2010-06-22,8.1978
2010-06-23,8.1116
2010-06-24,8.0526
2010-06-25,7.9838
2010-06-28,8.0317
2010-06-29,7.6686
2010-06-30,7.5297
2010-07-01,7.4384
2010-07-02,7.3923
2010-07-06,7.4428
2010-07-07,7.7434
2010-07-08,7.7260
2010-07-09,7.7718
2010-07-12,7.7021
2010-07-13,7.5377
2010-07-14,7.5656
2010-07-15,7.5273
2010-07-16,7.4809
2010-07-19,7.3515
2010-07-20,7.5404
2010-07-21,7.6108
2010-07-22,7.7539
2010-07-23,7.7814
2010-07-26,7.7617
2010-07-27,7.9053
2010-07-28,7.8119
2010-07-29,7.7266
2010-07-30,7.7009
2010-08-02,7.8386
2010-08-03,7.8410
2010-08-04,7.8724
2010-08-05,7.8341
2010-08-06,7.7859
2010-08-09,7.8356
2010-08-10,7.7655
2010-08-11,7.4895
2010-08-12,7.5374
2010-08-13,7.4569
2010-08-16,7.4132
2010-08-17,7.5428
2010-08-18,7.5758
2010-08-19,7.4803
2010-08-20,7.4731
2010-08-23,7.3581
2010-08-24,7.1824
2010-08-25,7.2710
2010-08-26,7.1929
2010-08-27,7.2330
2010-08-30,7.2593
2010-08-31,7.2773
2010-09-01,7.4937
2010-09-02,7.5488
2010-09-03,7.7464
2010-09-07,7.7177
2010-09-08,7.8706
2010-09-09,7.8751
2010-09-10,7.8853
2010-09-13,7.9940
2010-09-14,8.0245
2010-09-15,8.0892
2010-09-16,8.2792
2010-09-17,8.2433
2010-09-20,8.4786
2010-09-21,8.4948
2010-09-22,8.6139
2010-09-23,8.6489
2010-09-24,8.7507
2010-09-27,8.7160
2010-09-28,8.5873
2010-09-29,8.6025
2010-09-30,8.4942
2010-10-01,8.4574
2010-10-04,8.3412
2010-10-05,8.6495
2010-10-06,8.6570
2010-10-07,8.6579
2010-10-08,8.8031
2010-10-11,8.8417
2010-10-12,8.9369
2010-10-13,8.9848
2010-10-14,9.0498
2010-10-15,9.4219
2010-10-18,9.5195
2010-10-19,9.2647
2010-10-20,9.2958
2010-10-21,9.2656
2010-10-22,9.2042
2010-10-25,9.2453
2010-10-26,9.2216
2010-10-27,9.2150
2010-10-28,9.1375
2010-10-29,9.0100
2010-11-01,9.1058
2010-11-02,9.2608
2010-11-03,9.3638
2010-11-04,9.5275
2010-11-05,9.4934
2010-11-08,9.5380
2010-11-09,9.4620
2010-11-10,9.5204
2010-11-11,9.4791
2010-11-12,9.2210
2010-11-15,9.1914
2010-11-16,9.0282
2010-11-17,8.9956
2010-11-18,9.2330
2010-11-19,9.1821
2010-11-22,9.3806
2010-11-23,9.2420
2010-11-24,9.4237
2010-11-26,9.4297
2010-11-29,9.4856
2010-11-30,9.3144
2010-12-01,9.4716
2010-12-02,9.5240
2010-12-03,9.5027
2010-12-06,9.5838
2010-12-07,9.5258
2010-12-08,9.6096
2010-12-09,9.5722
2010-12-10,9.5961
2010-12-13,9.6293
2010-12-14,9.5880
2010-12-15,9.5901
2010-12-16,9.6168
2010-12-17,9.5976
2010-12-20,9.6455
2010-12-21,9.7051
2010-12-22,9.7338
2010-12-23,9.6871
2010-12-27,9.7194
2010-12-28,9.7431
2010-12-29,9.7377
2010-12-30,9.6889
2010-12-31,9.6560
2011-01-03,9.8658
2011-01-04,9.9173
2011-01-05,9.9984
2011-01-06,9.9904
2011-01-07,10.0619
2011-01-10,10.2514
2011-01-11,10.2271
2011-01-12,10.3104
2011-01-13,10.3481
2011-01-14,10.4319
2011-01-18,10.1975
2011-01-19,10.1433
2011-01-20,9.9589
2011-01-21,9.7805
2011-01-24,10.1017
2011-01-25,10.2200
2011-01-26,10.2933
2011-01-27,10.2741
2011-01-28,10.0613
2011-01-31,10.1577
2011-02-01,10.3286
2011-02-02,10.3074
2011-02-03,10.2810
2011-02-04,10.3726
2011-02-07,10.5337
2011-02-08,10.6331
2011-02-09,10.7217
2011-02-10,10.6133
2011-02-11,10.6825
2011-02-14,10.7522
2011-02-15,10.7738
2011-02-16,10.8704
2011-02-17,10.7259
2011-02-18,10.4942
2011-02-22,10.1364
2011-02-23,10.2565
2011-02-24,10.2643
2011-02-25,10.4223
2011-02-28,10.5735
2011-03-01,10.4567
2011-03-02,10.5409
2011-03-03,10.7636
2011-03-04,10.7768
2011-03-07,10.6379
2011-03-08,10.6498
2011-03-09,10.5513
2011-03-10,10.3777
2011-03-11,10.5370
2011-03-14,10.5840
2011-03-15,10.3406
2011-03-16,9.8790
2011-03-17,10.0176
2011-03-18,9.8987
2011-03-21,10.1571
2011-03-22,10.2140
2011-03-23,10.1538
2011-03-24,10.3268
2011-03-25,10.5235
2011-03-28,10.4906
2011-03-29,10.5061
2011-03-30,10.4364
2011-03-31,10.4328
2011-04-01,10.3145
2011-04-04,10.2137
2011-04-05,10.1448
2011-04-06,10.1194
2011-04-07,10.1206
2011-04-08,10.0302
2011-04-11,9.9026
2011-04-12,9.9505
2011-04-13,10.0622
2011-04-14,9.9511
2011-04-15,9.8027
2011-04-18,9.9341
2011-04-19,10.1140
2011-04-20,10.2502
2011-04-21,10.4984
2011-04-25,10.5675
2011-04-26,10.4900
2011-04-27,10.4819
2011-04-28,10.3801
2011-04-29,10.4813
2011-05-02,10.3660
2011-05-03,10.4235
2011-05-04,10.4645
2011-05-05,10.3801
2011-05-06,10.3774
2011-05-09,10.4056
2011-05-10,10.4609
2011-05-11,10.3945
2011-05-12,10.3747
2011-05-13,10.1930
2011-05-16,9.9775
2011-05-17,10.0625
2011-05-18,10.1742
2011-05-19,10.1939
2011-05-20,10.0350
2011-05-23,10.0104
2011-05-24,9.9443
2011-05-25,10.0817
2011-05-26,10.0284
2011-05-27,10.1005
2011-05-31,10.4124
2011-06-01,10.3430
2011-06-02,10.3607
2011-06-03,10.2810
2011-06-06,10.1194
2011-06-07,9.9398
2011-06-08,9.9457
2011-06-09,9.9233
2011-06-10,9.7560
2011-06-13,9.7769
2011-06-14,9.9517
2011-06-15,9.7814
2011-06-16,9.7338
2011-06-17,9.5871
2011-06-20,9.4392
2011-06-21,9.7380
2011-06-22,9.6575
2011-06-23,9.9155
2011-06-24,9.7694
2011-06-27,9.9398
2011-06-28,10.0361
2011-06-29,9.9996
2011-06-30,10.0484
2011-07-01,10.2756
2011-07-05,10.4603
2011-07-06,10.5301
2011-07-07,10.6929
2011-07-08,10.7681
2011-07-11,10.5971
2011-07-12,10.5897
2011-07-13,10.7175
2011-07-14,10.7100
2011-07-15,10.9240
2011-07-18,11.1899
2011-07-19,11.2812
2011-07-20,11.5820
2011-07-21,11.5937
2011-07-22,11.7736
2011-07-25,11.9293
2011-07-26,12.0763
2011-07-27,11.7523
2011-07-28,11.7293
2011-07-29,11.6892
2011-08-01,11.8769
2011-08-02,11.6422
2011-08-03,11.7517
2011-08-04,11.2967
2011-08-05,11.1845
2011-08-08,10.5735
2011-08-09,11.1961
2011-08-10,10.8872
2011-08-11,11.1869
2011-08-12,11.2854
2011-08-15,11.4775
2011-08-16,11.3898
2011-08-17,11.3886
2011-08-18,10.9579
2011-08-19,10.6579
2011-08-22,10.6702
2011-08-23,11.1839
2011-08-24,11.2611
2011-08-25,11.1875
2011-08-26,11.4826
2011-08-29,11.6739
2011-08-30,11.6745
2011-08-31,11.5201
2011-09-01,11.4063
2011-09-02,11.1973
2011-09-06,11.3677
2011-09-07,11.4931
2011-09-08,11.4994
2011-09-09,11.3000
2011-09-12,11.3737
2011-09-13,11.5138
2011-09-14,11.6539
2011-09-15,11.7634
2011-09-16,11.9891
2011-09-19,12.3223
2011-09-20,12.3768
2011-09-21,12.3376
2011-09-22,12.0287
2011-09-23,12.1029
2011-09-26,12.0691
2011-09-27,11.9520
2011-09-28,11.8847
2011-09-29,11.6919
2011-09-30,11.4150
2011-10-03,11.2138
2011-10-04,11.1509
2011-10-05,11.3231
2011-10-06,11.2967
2011-10-07,11.0701
2011-10-10,11.6392
2011-10-11,11.9829
2011-10-12,12.0397
2011-10-13,12.2265
2011-10-14,12.6328
2011-10-17,12.5726
2011-10-18,12.6399
2011-10-19,11.9329
2011-10-20,11.8338
2011-10-21,11.7607
2011-10-24,12.1469
2011-10-25,11.9074
2011-10-26,11.9921
2011-10-27,12.1146
2011-10-28,12.1223
2011-10-31,12.1173
2011-11-01,11.8697
2011-11-02,11.8966
2011-11-03,12.0661
2011-11-04,11.9814
2011-11-07,11.9661
2011-11-08,12.1607
2011-11-09,11.8329
2011-11-10,11.5317
2011-11-11,11.5138
2011-11-14,11.3533
2011-11-15,11.6398
2011-11-16,11.5183
2011-11-17,11.2979
2011-11-18,11.2240
2011-11-21,11.0465
2011-11-22,11.2710
2011-11-23,10.9860
2011-11-25,10.8836
2011-11-28,11.2593
2011-11-29,11.1719
2011-11-30,11.4413
2011-12-01,11.6129
2011-12-02,11.6658
2011-12-05,11.7649
2011-12-06,11.7033
2011-12-07,11.6476
2011-12-08,11.6946
2011-12-09,11.7832
2011-12-12,11.7299
2011-12-13,11.6392
2011-12-14,11.3811
2011-12-15,11.3437
2011-12-16,11.4060
2011-12-19,11.4416
2011-12-20,11.8529
2011-12-21,11.8679
2011-12-22,11.9308
2011-12-23,12.0739
2011-12-27,12.1696
2011-12-28,12.0532
2011-12-29,12.1274
2011-12-30,12.1238
2012-01-03,12.3103
2012-01-04,12.3765
2012-01-05,12.5139
2012-01-06,12.6447
2012-01-09,12.6247
2012-01-10,12.6699
2012-01-11,12.6492
2012-01-12,12.6145
2012-01-13,12.5672
2012-01-17,12.7136
2012-01-18,12.8456
2012-01-19,12.8049
2012-01-20,12.5819
2012-01-23,12.7947
2012-01-24,12.5852
2012-01-25,13.3710
2012-01-26,13.3102
2012-01-27,13.3895
2012-01-30,13.5610
2012-01-31,13.6649
2012-02-01,13.6562
2012-02-02,13.6242
2012-02-03,13.7607
2012-02-06,13.8891
2012-02-07,14.0346
2012-02-08,14.2696
2012-02-09,14.7633
2012-02-10,14.7707
2012-02-13,15.0455
2012-02-14,15.2509
2012-02-15,14.8980
2012-02-16,15.0339
2012-02-17,15.0312
2012-02-21,15.4123
2012-02-22,15.3581
2012-02-23,15.4584
2012-02-24,15.6386
2012-02-27,15.7388
2012-02-28,16.0277
2012-02-29,16.2382
2012-03-01,16.2989
2012-03-02,16.3202
2012-03-05,15.9604
2012-03-06,15.8736
2012-03-07,15.8864
2012-03-08,16.2247
2012-03-09,16.3199
2012-03-12,16.5244
2012-03-13,17.0063
2012-03-14,17.6493
2012-03-15,17.5290
2012-03-16,17.5293
2012-03-19,17.9942
2012-03-20,18.1397
2012-03-21,18.0361
2012-03-22,17.9415
2012-03-23,17.8430
2012-03-26,18.1702
2012-03-27,18.3947
2012-03-28,18.4887
2012-03-29,18.2564
2012-03-30,17.9478
2012-04-02,18.5189
2012-04-03,18.8390
2012-04-04,18.6890
2012-04-05,18.9695
2012-04-09,19.0458
2012-04-10,18.8126
2012-04-11,18.7456
2012-04-12,18.6429
2012-04-13,18.1178
2012-04-16,17.3664
2012-04-17,18.2516
2012-04-18,18.2109
2012-04-19,17.5853
2012-04-20,17.1524
2012-04-23,17.1141
2012-04-24,16.7722
2012-04-25,18.2606
2012-04-26,18.1918
2012-04-27,18.0511
2012-04-30,17.4817
2012-05-01,17.4263
2012-05-02,17.5416
2012-05-03,17.4170
2012-05-04,16.9210
2012-05-07,17.0476
2012-05-08,17.0087
2012-05-09,17.0386
2012-05-10,17.0788
2012-05-11,16.9647
2012-05-14,16.7106
2012-05-15,16.5594
2012-05-16,16.3471
2012-05-17,15.8694
2012-05-18,15.8771
2012-05-21,16.8022
2012-05-22,16.6731
2012-05-23,17.0800
2012-05-24,16.9231
2012-05-25,16.8324
2012-05-29,17.1311
2012-05-30,17.3377
2012-05-31,17.2946
2012-06-01,16.7935
2012-06-04,16.8923
2012-06-05,16.8486
2012-06-06,17.1069
2012-06-07,17.1147
2012-06-08,17.3721
2012-06-11,17.0982
2012-06-12,17.2476
2012-06-13,17.1279
2012-06-14,17.1090
2012-06-15,17.1868
2012-06-18,17.5356
2012-06-19,17.5844
2012-06-20,17.5344
2012-06-21,17.2928
2012-06-22,17.4254
2012-06-25,17.0862
2012-06-26,17.1240
2012-06-27,17.1979
2012-06-28,17.0348
2012-06-29,17.4823
2012-07-02,17.7373
2012-07-03,17.9436
2012-07-05,18.2588
2012-07-06,18.1373
2012-07-09,18.3771
2012-07-10,18.2070
2012-07-11,18.0939
2012-07-12,17.9283
2012-07-13,18.1100
2012-07-16,18.1681
2012-07-17,18.1690
2012-07-18,18.1486
2012-07-19,18.3899
2012-07-20,18.0900
2012-07-23,18.0759
2012-07-24,17.9888
2012-07-25,17.2120
2012-07-26,17.2093
2012-07-27,17.5170
2012-07-30,17.8125
2012-07-31,18.2834
2012-08-01,18.1651
2012-08-02,18.1944
2012-08-03,18.4312
2012-08-06,18.6363
2012-08-07,18.5872
2012-08-08,18.5558
2012-08-09,18.6616
2012-08-10,18.6908
2012-08-13,18.9403
2012-08-14,18.9911
2012-08-15,18.9652
2012-08-16,19.1309
2012-08-17,19.4847
2012-08-20,19.9970
2012-08-21,19.7238
2012-08-22,20.1089
2012-08-23,19.9213
2012-08-24,19.9390
2012-08-27,20.3136
2012-08-28,20.2872
2012-08-29,20.2472
2012-08-30,19.9585
2012-08-31,19.9997
2012-09-04,20.2923
2012-09-05,20.1498
2012-09-06,20.3313
2012-09-07,20.4567
2012-09-10,19.9246
2012-09-11,19.8600
2012-09-12,20.1365
2012-09-13,20.5331
2012-09-14,20.7826
2012-09-17,21.0382
2012-09-18,21.1022
2012-09-19,21.1079
2012-09-20,21.0057
2012-09-21,21.0475
2012-09-24,20.7679
2012-09-25,20.2493
2012-09-26,19.9979
2012-09-27,20.4832
2012-09-28,20.0557
2012-10-01,19.8239
2012-10-02,19.8816
2012-10-03,20.1864
2012-10-04,20.0466
2012-10-05,19.6194
2012-10-08,19.1859
2012-10-09,19.1162
2012-10-10,19.2683
2012-10-11,18.8832
2012-10-12,18.9316
2012-10-15,19.0834
2012-10-16,19.5353
2012-10-17,19.3795
2012-10-18,19.0197
2012-10-19,18.3342
2012-10-22,19.0614
2012-10-23,18.4400
2012-10-24,18.5444
2012-10-25,18.3252
2012-10-26,18.1586
2012-10-31,17.8977
2012-11-01,17.9343
2012-11-02,17.3409
2012-11-05,17.5760
2012-11-06,17.5228
2012-11-07,16.8523
2012-11-08,16.2407
2012-11-09,16.5219
2012-11-12,16.3942
2012-11-13,16.3963
2012-11-14,16.2145
2012-11-15,15.8744
2012-11-16,15.9366
2012-11-19,17.0858
2012-11-20,16.9402
2012-11-21,16.9641
2012-11-23,17.2600
2012-11-26,17.8046
2012-11-27,17.6611
2012-11-28,17.6055
2012-11-29,17.7994
2012-11-30,17.6762
2012-12-03,17.7037
2012-12-04,17.3914
2012-12-05,16.2721
2012-12-06,16.5273
2012-12-07,16.1048
2012-12-10,16.0012
2012-12-11,16.3507
2012-12-12,16.2785
2012-12-13,15.9973
2012-12-14,15.3963
2012-12-17,15.6693
2012-12-18,16.1245
2012-12-19,15.8952
2012-12-20,15.7569
2012-12-21,15.6844
2012-12-24,15.7098
2012-12-26,15.4932
2012-12-27,15.5555
2012-12-28,15.3903
2012-12-31,16.0722
2013-01-02,16.5814
2013-01-03,16.3721
2013-01-04,15.9161
2013-01-07,15.8224
2013-01-08,15.8650
2013-01-09,15.6171
2013-01-10,15.8107
2013-01-11,15.7137
2013-01-14,15.1535
2013-01-15,14.6754
2013-01-16,15.2846
2013-01-17,15.1816
2013-01-18,15.1006
2013-01-22,15.2447
2013-01-23,15.5238
2013-01-24,13.6057
2013-01-25,13.2849
2013-01-28,13.5854
2013-01-29,13.8403
2013-01-30,13.7968
2013-01-31,13.7564
2013-02-01,13.6999
2013-02-04,13.3586
2013-02-05,13.8273
2013-02-06,13.8126
2013-02-07,14.2233
2013-02-08,14.4286
2013-02-11,14.5790
2013-02-12,14.2135
2013-02-13,14.1865
2013-02-14,14.1737
2013-02-15,13.9784
2013-02-19,13.9732
2013-02-20,13.6348
2013-02-21,13.5501
2013-02-22,13.6944
2013-02-25,13.4511
2013-02-26,13.6385
2013-02-27,13.5048
2013-02-28,13.4085
2013-03-01,13.0765
2013-03-04,12.7600
2013-03-05,13.0969
2013-03-06,12.9304
2013-03-07,13.0798
2013-03-08,13.1145
2013-03-11,13.3013
2013-03-12,13.0145
2013-03-13,13.0121
2013-03-14,13.1382
2013-03-15,13.4772
2013-03-18,13.8435
2013-03-19,13.8062
2013-03-20,13.7330
2013-03-21,13.7527
2013-03-22,14.0316
2013-03-25,14.0823
2013-03-26,14.0082
2013-03-27,13.7330
2013-03-28,13.4468
2013-04-01,13.0291
2013-04-02,13.0559
2013-04-03,13.1227
2013-04-04,12.9930
2013-04-05,12.8557
2013-04-08,12.9471
2013-04-09,12.9705
2013-04-10,13.2351
2013-04-11,13.1938
2013-04-12,13.0562
2013-04-15,12.7539
2013-04-16,12.9480
2013-04-17,12.2360
2013-04-18,11.9094
2013-04-19,11.8632
2013-04-22,12.1105
2013-04-23,12.3371
2013-04-24,12.3168
2013-04-25,12.4055
2013-04-26,12.6734
2013-04-29,13.0659
2013-04-30,13.4505
2013-05-01,13.3444
2013-05-02,13.5337
2013-05-03,13.6692
2013-05-06,13.9951
2013-05-07,13.9328
2013-05-08,14.0902
2013-05-09,13.9673
2013-05-10,13.8511
2013-05-13,13.9052
2013-05-14,13.5725
2013-05-15,13.1135
2013-05-16,13.2887
2013-05-17,13.2484
2013-05-20,13.5441
2013-05-21,13.4441
2013-05-22,13.4958
2013-05-23,13.5199
2013-05-24,13.6120
2013-05-28,13.4985
2013-05-29,13.6058
2013-05-30,13.8086
2013-05-31,13.7520
2013-06-03,13.7823
2013-06-04,13.7392
2013-06-05,13.6107
2013-06-06,13.4074
2013-06-07,13.5098
2013-06-10,13.4205
2013-06-11,13.3811
2013-06-12,13.2157
2013-06-13,13.3309
2013-06-14,13.1502
2013-06-17,13.2098
2013-06-18,13.2028
2013-06-19,12.9346
2013-06-20,12.7463
2013-06-21,12.6442
2013-06-24,12.3090
2013-06-25,12.3118
2013-06-26,12.1723
2013-06-27,12.0411
2013-06-28,12.1252
2013-07-01,12.5133
2013-07-02,12.7967
2013-07-03,12.8674
2013-07-05,12.7640
2013-07-08,12.6915
2013-07-09,12.9148
2013-07-10,12.8652
2013-07-11,13.0658
2013-07-12,13.0420
2013-07-15,13.0704
2013-07-16,13.1548
2013-07-17,13.1582
2013-07-18,13.2025
2013-07-19,12.9943
2013-07-22,13.0359
2013-07-23,12.8120
2013-07-24,13.4701
2013-07-25,13.4086
2013-07-26,13.4847
2013-07-29,13.6927
2013-07-30,13.8618
2013-07-31,13.8376
2013-08-01,13.9645
2013-08-02,14.1437
2013-08-05,14.3550
2013-08-06,14.2266
2013-08-07,14.2183
2013-08-08,14.1900
2013-08-09,13.9881
2013-08-12,14.3855
2013-08-13,15.0691
2013-08-14,15.3440
2013-08-15,15.3258
2013-08-16,15.4618
2013-08-19,15.6284
2013-08-20,15.4231
2013-08-21,15.4628
2013-08-22,15.4812
2013-08-23,15.4215
2013-08-26,15.4815
2013-08-27,15.0389
2013-08-28,15.1100
2013-08-29,15.1347
2013-08-30,14.9968
2013-09-03,15.0386
2013-09-04,15.3498
2013-09-05,15.2445
2013-09-06,15.3353
2013-09-09,15.5800
2013-09-10,15.2251
2013-09-11,14.3962
2013-09-12,14.5495
2013-09-13,14.3097
2013-09-16,13.8548
2013-09-17,14.0149
2013-09-18,14.3030
2013-09-19,14.5375
2013-09-20,14.3870
2013-09-23,15.1020
2013-09-24,15.0546
2013-09-25,14.8216
2013-09-26,14.9660
2013-09-27,14.8592
2013-09-30,14.6745
2013-10-01,15.0195
2013-10-02,15.0688
2013-10-03,14.8795
2013-10-04,14.8678
2013-10-07,15.0131
2013-10-08,14.8035
2013-10-09,14.9774
2013-10-10,15.0712
2013-10-11,15.1688
2013-10-14,15.2682
2013-10-15,15.3495
2013-10-16,15.4243
2013-10-17,15.5286
2013-10-18,15.6638
2013-10-21,16.0476
2013-10-22,16.0017
2013-10-23,16.1584
2013-10-24,16.3723
2013-10-25,16.1892
2013-10-28,16.3098
2013-10-29,15.9035
2013-10-30,16.1566
2013-10-31,16.0888
2013-11-01,16.0067
2013-11-04,16.2135
2013-11-05,16.1735
2013-11-06,16.1277
2013-11-07,15.8667
2013-11-08,16.1165
2013-11-11,16.0698
2013-11-12,16.0995
2013-11-13,16.1187
2013-11-14,16.3518
2013-11-15,16.2537
2013-11-18,16.0568
2013-11-19,16.0853
2013-11-20,15.9444
2013-11-21,16.1345
2013-11-22,16.0930
2013-11-25,16.2150
2013-11-26,16.5140
2013-11-27,16.9029
2013-11-29,17.2159
2013-12-02,17.0661
2013-12-03,17.5332
2013-12-04,17.4924
2013-12-05,17.5822
2013-12-06,17.3382
2013-12-09,17.5367
2013-12-10,17.5094
2013-12-11,17.3797
2013-12-12,17.3543
2013-12-13,17.1651
2013-12-16,17.2602
2013-12-17,17.1825
2013-12-18,17.0518
2013-12-19,16.8565
2013-12-20,16.9976
2013-12-23,17.6500
2013-12-24,17.5750
2013-12-26,17.4583
2013-12-27,17.3404
2013-12-30,17.1679
2013-12-31,17.3692
2014-01-02,17.1249
2014-01-03,16.7487
2014-01-06,16.8401
2014-01-07,16.7196
2014-01-08,16.8255
2014-01-09,16.6106
2014-01-10,16.4998
2014-01-13,16.5862
2014-01-14,16.9162
2014-01-15,17.2558
2014-01-16,17.1596
2014-01-17,16.7391
2014-01-21,16.9992
2014-01-22,17.0747
2014-01-23,17.2193
2014-01-24,16.9063
2014-01-27,17.0435
2014-01-28,15.6812
2014-01-29,15.5032
2014-01-30,15.4732
2014-01-31,15.4986
2014-02-03,15.5274
2014-02-04,15.7521
2014-02-05,15.8698
2014-02-06,15.9623
2014-02-07,16.1856
2014-02-10,16.4755
2014-02-11,16.6926
2014-02-12,16.6914
2014-02-13,16.9564
2014-02-14,16.9427
2014-02-18,17.0050
2014-02-19,16.7365
2014-02-20,16.5428
2014-02-21,16.3591
2014-02-24,16.4307
2014-02-25,16.2597
2014-02-26,16.1130
2014-02-27,16.4344
2014-02-28,16.3899
2014-03-03,16.4372
2014-03-04,16.5456
2014-03-05,16.5805
2014-03-06,16.5304
2014-03-07,16.5207
2014-03-10,16.5357
2014-03-11,16.6967
2014-03-12,16.7129
2014-03-13,16.5272
2014-03-14,16.3416
2014-03-17,16.4055
2014-03-18,16.5506
2014-03-19,16.5462
2014-03-20,16.4665
2014-03-21,16.5964
2014-03-24,16.7932
2014-03-25,16.9739
2014-03-26,16.8116
2014-03-27,16.7393
2014-03-28,16.7207
2014-03-31,16.7169
2014-04-01,16.8698
2014-04-02,16.8979
2014-04-03,16.7808
2014-04-04,16.5637
2014-04-07,16.3036
2014-04-08,16.3027
2014-04-09,16.5170
2014-04-10,16.3039
2014-04-11,16.1834
2014-04-14,16.2479
2014-04-15,16.1320
2014-04-16,16.1647
2014-04-17,16.3494
2014-04-21,16.5434
2014-04-22,16.5599
2014-04-23,16.3435
2014-04-24,17.6834
2014-04-25,17.8132
2014-04-28,18.5031
2014-04-29,18.4483
2014-04-30,18.3785
2014-05-01,18.4218
2014-05-02,18.4561
2014-05-05,18.7171
2014-05-06,18.5131
2014-05-07,18.4483
2014-05-08,18.4154
2014-05-09,18.3387
2014-05-12,18.5670
2014-05-13,18.5961
2014-05-14,18.5996
2014-05-15,18.4414
2014-05-16,18.7136
2014-05-19,18.9353
2014-05-20,18.9391
2014-05-21,18.9892
2014-05-22,19.0192
2014-05-23,19.2341
2014-05-27,19.5943
2014-05-28,19.5435
2014-05-29,19.8996
2014-05-30,19.8251
2014-06-02,19.6888
2014-06-03,19.9673
2014-06-04,20.1953
2014-06-05,20.2745
2014-06-06,20.2188
2014-06-09,20.5423
2014-06-10,20.6629
2014-06-11,20.5774
2014-06-12,20.2332
2014-06-13,20.0117
2014-06-16,20.2134
2014-06-17,20.1871
2014-06-18,20.2091
2014-06-19,20.1389
2014-06-20,19.9306
2014-06-23,19.9131
2014-06-24,19.7925
2014-06-25,19.8101
2014-06-26,19.9284
2014-06-27,20.1652
2014-06-30,20.3735
2014-07-01,20.5028
2014-07-02,20.4941
2014-07-03,20.6146
2014-07-07,21.0400
2014-07-08,20.9040
2014-07-09,20.9128
2014-07-10,20.8361
2014-07-11,20.8755
2014-07-14,21.1452
2014-07-15,20.8975
2014-07-16,20.7791
2014-07-17,20.4086
2014-07-18,20.7023
2014-07-21,20.5949
2014-07-22,20.7659
2014-07-23,21.3074
2014-07-24,21.2723
2014-07-25,21.4127
2014-07-28,21.7086
2014-07-29,21.5683
2014-07-30,21.5179
2014-07-31,20.9588
2014-08-01,21.0750
2014-08-04,20.9566
2014-08-05,20.8536
2014-08-06,20.8185
2014-08-07,20.8163
2014-08-08,20.8736
2014-08-11,21.1490
2014-08-12,21.1446
2014-08-13,21.4244
2014-08-14,21.4817
2014-08-15,21.5875
2014-08-18,21.8475
2014-08-19,22.1493
2014-08-20,22.1581
2014-08-21,22.1603
2014-08-22,22.3233
2014-08-25,22.3718
2014-08-26,22.2286
2014-08-27,22.5018
2014-08-28,22.5283
2014-08-29,22.5833
2014-09-02,22.7596
2014-09-03,21.7990
2014-09-04,21.6183
2014-09-05,21.8056
2014-09-08,21.6712
2014-09-09,21.5897
2014-09-10,22.2528
2014-09-11,22.3476
2014-09-12,22.3983
2014-09-15,22.3916
2014-09-16,22.2220
2014-09-17,22.3806
2014-09-18,22.4269
2014-09-19,22.2440
2014-09-22,22.2661
2014-09-23,22.6142
2014-09-24,22.4181
2014-09-25,21.5632
2014-09-26,22.1978
2014-09-29,22.0568
2014-09-30,22.1978
2014-10-01,21.8519
2014-10-02,22.0105
2014-10-03,21.9488
2014-10-06,21.9488
2014-10-07,21.7571
2014-10-08,22.2088
2014-10-09,22.2572
2014-10-10,22.1934
2014-10-13,21.9907
2014-10-14,21.7571
2014-10-15,21.4905
2014-10-16,21.2085
2014-10-17,21.5192
2014-10-20,21.9796
2014-10-21,22.5767
2014-10-22,22.6913
2014-10-23,23.0967
2014-10-24,23.1826
2014-10-27,23.1584
2014-10-28,23.5175
2014-10-29,23.6497
2014-10-30,23.5704
2014-10-31,23.7951
2014-11-03,24.1036
2014-11-04,23.9273
2014-11-05,23.9846
2014-11-06,24.0532
2014-11-07,24.1218
2014-11-10,24.0820
2014-11-11,24.2745
2014-11-12,24.6175
2014-11-13,24.9649
2014-11-14,25.2658
2014-11-17,25.2238
2014-11-18,25.5513
2014-11-19,25.3742
2014-11-20,25.7371
2014-11-21,25.7725
2014-11-24,26.2505
2014-11-25,26.0226
2014-11-26,26.3324
2014-11-28,26.3169
2014-12-01,25.4628
2014-12-02,25.3654
2014-12-03,25.6531
2014-12-04,25.5557
2014-12-05,25.4473
2014-12-08,24.8719
2014-12-09,25.2525
2014-12-10,24.7724
2014-12-11,24.6993
2014-12-12,24.2811
2014-12-15,23.9492
2014-12-16,23.6217
2014-12-17,24.2103
2014-12-18,24.9272
2014-12-19,24.7347
2014-12-22,24.9914
2014-12-23,24.9029
2014-12-24,24.7856
2014-12-26,25.2238
2014-12-29,25.2061
2014-12-30,24.8985
2014-12-31,24.4249
2015-01-02,24.1926
2015-01-05,23.5111
2015-01-06,23.5133
2015-01-07,23.8430
2015-01-08,24.7591
2015-01-09,24.7856
2015-01-12,24.1749
2015-01-13,24.3895
2015-01-14,24.2966
2015-01-15,23.6372
2015-01-16,23.4535
2015-01-20,24.0576
2015-01-21,24.2413
2015-01-22,24.8719
2015-01-23,25.0003
2015-01-26,25.0268
2015-01-27,24.1506
2015-01-28,25.5159
2015-01-29,26.3103
2015-01-30,25.9252
2015-02-02,26.2505
2015-02-03,26.2549
2015-02-04,26.4563
2015-02-05,26.6451
2015-02-06,26.4208
2015-02-09,26.5963
2015-02-10,27.1072
2015-02-11,27.7426
2015-02-12,28.0936
2015-02-13,28.2313
2015-02-17,28.3979
2015-02-18,28.5956
2015-02-19,28.5357
2015-02-20,28.7689
2015-02-23,29.5465
2015-02-24,29.3621
2015-02-25,28.6112
2015-02-26,28.9733
2015-02-27,28.5379
2015-03-02,28.6778
2015-03-03,28.7378
2015-03-04,28.5557
2015-03-05,28.0825
2015-03-06,28.1247
2015-03-09,28.2446
2015-03-10,27.6604
2015-03-11,27.1561
2015-03-12,27.6470
2015-03-13,27.4560
2015-03-16,27.7581
2015-03-17,28.2224
2015-03-18,28.5401
2015-03-19,28.3246
2015-03-20,27.9692
2015-03-23,28.2602
2015-03-24,28.1447
2015-03-25,27.4094
2015-03-26,27.6004
2015-03-27,27.3805
2015-03-30,28.0736
2015-03-31,27.6426
2015-04-01,27.6026
2015-04-02,27.8403
2015-04-06,28.2913
2015-04-07,27.9936
2015-04-08,27.9025
2015-04-09,28.1158
2015-04-10,28.2358
2015-04-13,28.1802
2015-04-14,28.0580
2015-04-15,28.1647
2015-04-16,28.0292
2015-04-17,27.7137
2015-04-20,28.3468
2015-04-21,28.1936
2015-04-22,28.5734
2015-04-23,28.8067
2015-04-24,28.9422
2015-04-27,29.4687
2015-04-28,29.0044
2015-04-29,28.5779
2015-04-30,27.8026
2015-05-01,28.6467
2015-05-04,28.5912
2015-05-05,27.9470
2015-05-06,27.7715
2015-05-07,27.9432
2015-05-08,28.4697
2015-05-11,28.1797
2015-05-12,28.0793
2015-05-13,28.1105
2015-05-14,28.7664
2015-05-15,28.7262
2015-05-18,29.0430
2015-05-19,29.0163
2015-05-20,29.0140
2015-05-21,29.3107
2015-05-22,29.5673
2015-05-26,28.9159
2015-05-27,29.4557
2015-05-28,29.3977
2015-05-29,29.0631
2015-06-01,29.1211
2015-06-02,28.9917
2015-06-03,29.0274
2015-06-04,28.8579
2015-06-05,28.6995
2015-06-08,28.5099
2015-06-09,28.4251
2015-06-10,28.7508
2015-06-11,28.6861
2015-06-12,28.3693
2015-06-15,28.3135
2015-06-16,28.4652
2015-06-17,28.3983
2015-06-18,28.5277
2015-06-19,28.2422
2015-06-22,28.4675
2015-06-23,28.3381
2015-06-24,28.5790
2015-06-25,28.4429
2015-06-26,28.2756
2015-06-29,27.7804
2015-06-30,27.9812
2015-07-01,28.2422
2015-07-02,28.2065
2015-07-06,28.1083
2015-07-07,28.0392
2015-07-08,27.3431
2015-07-09,26.7854
2015-07-10,27.5015
2015-07-13,28.0325
2015-07-14,28.0213
2015-07-15,28.2912
2015-07-16,28.6682
2015-07-17,28.9159
2015-07-20,29.4624
2015-07-21,29.1679
2015-07-22,27.9343
2015-07-23,27.9209
2015-07-24,27.7737
2015-07-27,27.3878
2015-07-28,27.5238
2015-07-29,27.4368
2015-07-30,27.2985
2015-07-31,27.0598
2015-08-03,26.4218
2015-08-04,25.5741
2015-08-05,25.7436
2015-08-06,25.7997
2015-08-07,25.8871
2015-08-10,26.8282
2015-08-11,25.4322
2015-08-12,25.8243
2015-08-13,25.8042
2015-08-14,25.9857
2015-08-17,26.2546
2015-08-18,26.1067
2015-08-19,25.7728
2015-08-20,25.2439
2015-08-21,23.6999
2015-08-24,23.1083
2015-08-25,23.2473
2015-08-26,24.5806
2015-08-27,25.3044
2015-08-28,25.3873
2015-08-31,25.2686
2015-09-01,24.1391
2015-09-02,25.1745
2015-09-03,24.7330
2015-09-04,24.4865
2015-09-08,25.1677
2015-09-09,24.6837
2015-09-10,25.2260
2015-09-11,25.5935
2015-09-14,25.8400
2015-09-15,26.0574
2015-09-16,26.0865
2015-09-17,25.5285
2015-09-18,25.4232
2015-09-21,25.8176
2015-09-22,25.4120
2015-09-23,25.6182
2015-09-24,25.7705
2015-09-25,25.7055
2015-09-28,25.1968
2015-09-29,24.4394
2015-09-30,24.7173
2015-10-01,24.5560
2015-10-02,24.7352
2015-10-05,24.8249
2015-10-06,24.9436
2015-10-07,24.8249
2015-10-08,24.5380
2015-10-09,25.1251
2015-10-12,25.0086
2015-10-13,25.0512
2015-10-14,24.6971
2015-10-15,25.0669
2015-10-16,24.8831
2015-10-19,25.0378
2015-10-20,25.4949
2015-10-21,25.4927
2015-10-22,25.8826
2015-10-23,26.6848
2015-10-26,25.8333
2015-10-27,25.6697
2015-10-28,26.7274
2015-10-29,27.0098
2015-10-30,26.7789
2015-11-02,27.1554
2015-11-03,27.4669
2015-11-04,27.3392
2015-11-05,27.2131
2015-11-06,27.2447
2015-11-09,27.1344
2015-11-10,26.2792
2015-11-11,26.1306
2015-11-12,26.0429
2015-11-13,25.2822
2015-11-16,25.6963
2015-11-17,25.5860
2015-11-18,26.3962
2015-11-19,26.7315
2015-11-20,26.8486
2015-11-23,26.4997
2015-11-24,26.7540
2015-11-25,26.5627
2015-11-27,26.5132
2015-11-30,26.6235
2015-12-01,26.4075
2015-12-02,26.1689
2015-12-03,25.9259
2015-12-04,26.7878
2015-12-07,26.6190
2015-12-08,26.6078
2015-12-09,26.0204
2015-12-10,26.1442
2015-12-11,25.4713
2015-12-14,25.3137
2015-12-15,24.8659
2015-12-16,25.0572
2015-12-17,24.5260
2015-12-18,23.8621
2015-12-21,24.1547
2015-12-22,24.1322
2015-12-23,24.4428
2015-12-24,24.3122
2015-12-28,24.0399
2015-12-29,24.4720
2015-12-30,24.1525
2015-12-31,23.6888
2016-01-04,23.7091
2016-01-05,23.1150
2016-01-06,22.6626
2016-01-07,21.7062
2016-01-08,21.8209
2016-01-11,22.1743
2016-01-12,22.4961
2016-01-13,21.9177
2016-01-14,22.3971
2016-01-15,21.8592
2016-01-19,21.7534
2016-01-20,21.7827
2016-01-21,21.6724
2016-01-22,22.8247
2016-01-25,22.3791
2016-01-26,22.5028
2016-01-27,21.0242
2016-01-28,21.1750
2016-01-29,21.9064
2016-02-01,21.7016
2016-02-02,21.2628
2016-02-03,21.6836
2016-02-04,21.8579
2016-02-05,21.2741
2016-02-08,21.4981
2016-02-09,21.4936
2016-02-10,21.3307
2016-02-11,21.2017
2016-02-12,21.2673
2016-02-16,21.8669
2016-02-17,22.2018
2016-02-18,21.7809
2016-02-19,21.7312
2016-02-22,21.9212
2016-02-23,21.4257
2016-02-24,21.7447
2016-02-25,21.8941
2016-02-26,21.9280
2016-02-29,21.8782
2016-03-01,22.7471
2016-03-02,22.7969
2016-03-03,22.9666
2016-03-04,23.3083
2016-03-07,23.0503
2016-03-08,22.8603
2016-03-09,22.8806
2016-03-10,22.8919
2016-03-11,23.1386
2016-03-14,23.1974
2016-03-15,23.6635
2016-03-16,23.9780
2016-03-17,23.9396
2016-03-18,23.9667
2016-03-21,23.9645
2016-03-22,24.1478
2016-03-23,24.0142
2016-03-24,23.9102
2016-03-28,23.8015
2016-03-29,24.3650
2016-03-30,24.7904
2016-03-31,24.6614
2016-04-01,24.8877
2016-04-04,25.1433
2016-04-05,24.8469
2016-04-06,25.1071
2016-04-07,24.5596
2016-04-08,24.5867
2016-04-11,24.6682
2016-04-12,24.9895
2016-04-13,25.3515
2016-04-14,25.3651
2016-04-15,24.8560
2016-04-18,24.3197
2016-04-19,24.1907
2016-04-20,24.2405
2016-04-21,23.9780
2016-04-22,23.9124
2016-04-25,23.7767
2016-04-26,23.6115
2016-04-27,22.1339
2016-04-28,21.4574
2016-04-29,21.2107
2016-05-02,21.1881
2016-05-03,21.5366
2016-05-04,21.3126
2016-05-05,21.2260
2016-05-06,21.1077
2016-05-09,21.1236
2016-05-10,21.2670
2016-05-11,21.0599
2016-05-12,20.5659
2016-05-13,20.6068
2016-05-16,21.3717
2016-05-17,21.2830
2016-05-18,21.5265
2016-05-19,21.4446
2016-05-20,21.6768
2016-05-23,21.9523
2016-05-24,22.2869
2016-05-25,22.6785
2016-05-26,22.8583
2016-05-27,22.8446
2016-05-31,22.7331
2016-06-01,22.4144
2016-06-02,22.2459
2016-06-03,22.2915
2016-06-06,22.4531
2016-06-07,22.5441
2016-06-08,22.5237
2016-06-09,22.6853
2016-06-10,22.4986
2016-06-13,22.1594
2016-06-14,22.1867
2016-06-15,22.1139
2016-06-16,22.2072
2016-06-17,21.7018
2016-06-20,21.6495
2016-06-21,21.8339
2016-06-22,21.7519
2016-06-23,21.8771
2016-06-24,21.2625
2016-06-27,20.9529
2016-06-28,21.3057
2016-06-29,21.4901
2016-06-30,21.7633
2016-07-01,21.8293
2016-07-05,21.6244
2016-07-06,21.7474
2016-07-07,21.8407
2016-07-08,22.0092
2016-07-11,22.0775
2016-07-12,22.1776
2016-07-13,22.0524
2016-07-14,22.4895
2016-07-15,22.4872
2016-07-18,22.7263
2016-07-19,22.7354
2016-07-20,22.7559
2016-07-21,22.6352
2016-07-22,22.4599
2016-07-25,22.1594
2016-07-26,22.0069
2016-07-27,23.4365
2016-07-28,23.7530
2016-07-29,23.7234
2016-08-01,24.1422
2016-08-02,23.7848
2016-08-03,24.0831
2016-08-04,24.2318
2016-08-05,24.6003
2016-08-08,24.8040
2016-08-09,24.9047
2016-08-10,24.7193
2016-08-11,24.7033
2016-08-12,24.7606
2016-08-15,25.0581
2016-08-16,25.0352
2016-08-17,24.9986
2016-08-18,24.9665
2016-08-19,25.0306
2016-08-22,24.8361
2016-08-23,24.9139
2016-08-24,24.7262
2016-08-25,24.6209
2016-08-26,24.4767
2016-08-29,24.4493
2016-08-30,24.2616
2016-08-31,24.2845
2016-09-01,24.4287
2016-09-02,24.6576
2016-09-06,24.6507
2016-09-07,24.8017
2016-09-08,24.1517
2016-09-09,23.6047
2016-09-12,24.1334
2016-09-13,24.7079
2016-09-14,25.5822
2016-09-15,26.4520
2016-09-16,26.3032
2016-09-19,25.9965
2016-09-20,25.9942
2016-09-21,25.9896
2016-09-22,26.2346
2016-09-23,25.7974
2016-09-26,25.8363
2016-09-27,25.8844
2016-09-28,26.0812
2016-09-29,25.6761
2016-09-30,25.8752
2016-10-03,25.7539
2016-10-04,25.8638
2016-10-05,25.8752
2016-10-06,26.0675
2016-10-07,26.1064
2016-10-10,26.5619
2016-10-11,26.6191
2016-10-12,26.8571
2016-10-13,26.7747
2016-10-14,26.9235
2016-10-17,26.9052
2016-10-18,26.8869
2016-10-19,26.8068
2016-10-20,26.7930
2016-10-21,26.6877
2016-10-24,26.9281
2016-10-25,27.0654
2016-10-26,26.4566
2016-10-27,26.2025
2016-10-28,26.0286
2016-10-31,25.9874
2016-11-01,25.5182
2016-11-02,25.5410
2016-11-03,25.2673
2016-11-04,25.0395
2016-11-07,25.4007
2016-11-08,25.5502
2016-11-09,25.5088
2016-11-10,24.7980
2016-11-11,24.9452
2016-11-14,24.3194
2016-11-15,24.6415
2016-11-16,25.3041
2016-11-17,25.2949
2016-11-18,25.3202
2016-11-21,25.7044
2016-11-22,25.7205
2016-11-23,25.5894
2016-11-25,25.7182
2016-11-28,25.6676
2016-11-29,25.6423
2016-11-30,25.4260
2016-12-01,25.1891
2016-12-02,25.2834
2016-12-05,25.1016
2016-12-06,25.2949
2016-12-07,25.5433
2016-12-08,25.7941
2016-12-09,26.2151
2016-12-12,26.0656
2016-12-13,26.5004
2016-12-14,26.5004
2016-12-15,26.6453
2016-12-16,26.6798
2016-12-19,26.8340
2016-12-20,26.9053
2016-12-21,26.9306
2016-12-22,26.7534
2016-12-23,26.8064
2016-12-27,26.9766
2016-12-28,26.8616
2016-12-29,26.8547
2016-12-30,26.6453
2017-01-03,26.7212
2017-01-04,26.6913
2017-01-05,26.8271
2017-01-06,27.1261
2017-01-09,27.3746
2017-01-10,27.4022
2017-01-11,27.5494
2017-01-12,27.4344
2017-01-13,27.3861
2017-01-17,27.6070
2017-01-18,27.6047
2017-01-19,27.5563
2017-01-20,27.6070
2017-01-23,27.6254
2017-01-24,27.6001
2017-01-25,28.0395
2017-01-26,28.0533
2017-01-27,28.0556
2017-01-30,27.9820
2017-01-31,27.9175
2017-02-01,29.6200
2017-02-02,29.5694
2017-02-03,29.6959
2017-02-06,29.9743
2017-02-07,30.2595
2017-02-08,30.3769
2017-02-09,30.5964
2017-02-10,30.5270
2017-02-13,30.7974
2017-02-14,31.1971
2017-02-15,31.3103
2017-02-16,31.2734
2017-02-17,31.3588
2017-02-21,31.5853
2017-02-22,31.6800
2017-02-23,31.5460
2017-02-24,31.5760
2017-02-27,31.6384
2017-02-28,31.6523
2017-03-01,32.2992
2017-03-02,32.1075
2017-03-03,32.2969
2017-03-06,32.1953
2017-03-07,32.2369
2017-03-08,32.1167
2017-03-09,32.0428
2017-03-10,32.1490
2017-03-13,32.1629
2017-03-14,32.1144
2017-03-15,32.4540
2017-03-16,32.5072
2017-03-17,32.3454
2017-03-20,32.6851
2017-03-21,32.3108
2017-03-22,32.6759
2017-03-23,32.5603
2017-03-24,32.4956
2017-03-27,32.5511
2017-03-28,33.2258
2017-03-29,33.2997
2017-03-30,33.2558
2017-03-31,33.1934
2017-04-03,33.2027
2017-04-04,33.4499
2017-04-05,33.2766
2017-04-06,33.1934
2017-04-07,33.1195
2017-04-10,33.0802
2017-04-11,32.7244
2017-04-12,32.7637
2017-04-13,32.5904
2017-04-17,32.7706
2017-04-18,32.6250
2017-04-19,32.5049
2017-04-20,32.9115
2017-04-21,32.8723
2017-04-24,33.1888
2017-04-25,33.3945
2017-04-26,33.1980
2017-04-27,33.2235
2017-04-28,33.1911
2017-05-01,33.8681
2017-05-02,34.0830
2017-05-03,33.9790
2017-05-04,33.8566
2017-05-05,34.4180
2017-05-08,35.3538
2017-05-09,35.5802
2017-05-10,35.4116
2017-05-11,35.7178
2017-05-12,36.2166
2017-05-15,36.1238
2017-05-16,36.0705
2017-05-17,34.8594
2017-05-18,35.3907
2017-05-19,35.5113
2017-05-22,35.7271
2017-05-23,35.6830
2017-05-24,35.5763
2017-05-25,35.6992
2017-05-26,35.6389
2017-05-30,35.6528
2017-05-31,35.4417
2017-06-01,35.5392
2017-06-02,36.0658
2017-06-05,35.7132
2017-06-06,35.8338
2017-06-07,36.0473
2017-06-08,35.9591
2017-06-09,34.5647
2017-06-12,33.7388
2017-06-13,34.0102
2017-06-14,33.6784
2017-06-15,33.4766
2017-06-16,33.0079
2017-06-19,33.9522
2017-06-20,33.6436
2017-06-21,33.8432
2017-06-22,33.7875
2017-06-23,33.9383
2017-06-26,33.8316
2017-06-27,33.3467
2017-06-28,33.8339
2017-06-29,33.3351
2017-06-30,33.4140
2017-07-03,33.2933
2017-07-05,33.4302
2017-07-06,33.1147
2017-07-07,33.4511
2017-07-10,33.6552
2017-07-11,33.7643
2017-07-12,33.8130
2017-07-13,34.2840
2017-07-14,34.5786
2017-07-17,34.6993
2017-07-18,34.8199
2017-07-19,35.0380
2017-07-20,34.8802
2017-07-21,34.8640
2017-07-24,35.2863
2017-07-25,35.4371
2017-07-26,35.6041
2017-07-27,34.9313
2017-07-28,34.6854
2017-07-31,34.5067
2017-08-01,34.8130
2017-08-02,36.4579
2017-08-03,36.0937
2017-08-04,36.2839
2017-08-07,36.8454
2017-08-08,37.1400
2017-08-09,37.3674
2017-08-10,36.1772
2017-08-11,36.6803
2017-08-14,37.2323
2017-08-15,37.6399
2017-08-16,37.4885
2017-08-17,36.7688
2017-08-18,36.6849
2017-08-21,36.6174
2017-08-22,37.2160
2017-08-23,37.2626
2017-08-24,37.0972
2017-08-25,37.2346
2017-08-28,37.6096
2017-08-29,37.9450
2017-08-30,38.0475
2017-08-31,38.1989
2017-09-01,38.2106
2017-09-05,37.7517
2017-09-06,37.7121
2017-09-07,37.5607
2017-09-08,36.9481
2017-09-11,37.6166
2017-09-12,37.4675
2017-09-13,37.1857
2017-09-14,36.8666
2017-09-15,37.2393
2017-09-18,36.9574
2017-09-19,36.9714
2017-09-20,36.3519
2017-09-21,35.7276
2017-09-22,35.3783
2017-09-25,35.0662
2017-09-26,35.6694
2017-09-27,35.9233
2017-09-28,35.7020
2017-09-29,35.8977
2017-10-02,35.8255
2017-10-03,35.9815
2017-10-04,35.7486
2017-10-05,36.1935
2017-10-06,36.1725
2017-10-09,36.2983
2017-10-10,36.3123
2017-10-11,36.4637
2017-10-12,36.3356
2017-10-13,36.5661
2017-10-16,37.2393
2017-10-17,37.3767
2017-10-18,37.2113
2017-10-19,36.3309
2017-10-20,36.3938
2017-10-23,36.3752
2017-10-24,36.5918
2017-10-25,36.4311
2017-10-26,36.6640
2017-10-27,37.9776
2017-10-30,38.8325
2017-10-31,39.3728
2017-11-01,38.8721
2017-11-02,39.1562
2017-11-03,40.1787
2017-11-06,40.5864
2017-11-07,40.7168
2017-11-08,41.0499
2017-11-09,40.9660
2017-11-10,40.8304
2017-11-13,40.6668
2017-11-14,40.0520
2017-11-15,39.5237
2017-11-16,39.9959
2017-11-17,39.7738
2017-11-20,39.7341
2017-11-21,40.4728
2017-11-22,40.8982
2017-11-24,40.9006
2017-11-27,40.6949
2017-11-28,40.4564
2017-11-29,39.6172
2017-11-30,40.1712
2017-12-01,39.9842
2017-12-04,39.6920
2017-12-05,39.6546
2017-12-06,39.5074
2017-12-07,39.5798
2017-12-08,39.5915
2017-12-11,40.3629
2017-12-12,40.1362
2017-12-13,40.2694
2017-12-14,40.2577
2017-12-15,40.6668
2017-12-18,41.2395
2017-12-19,40.8000
2017-12-20,40.7556
2017-12-21,40.9099
2017-12-22,40.9099
2017-12-26,39.8720
2017-12-27,39.8790
2017-12-28,39.9912
2017-12-29,39.5588
2018-01-02,40.2671
2018-01-03,40.2601
2018-01-04,40.4471
2018-01-05,40.9076
2018-01-08,40.7556
2018-01-09,40.7510
2018-01-10,40.7416
2018-01-11,40.9730
2018-01-12,41.3961
2018-01-16,41.1857
2018-01-17,41.8660
2018-01-18,41.9034
2018-01-19,41.7164
2018-01-22,41.3751
2018-01-23,41.3844
2018-01-24,40.7252
2018-01-25,39.9982
2018-01-26,40.0918
2018-01-29,39.2619
2018-01-30,39.0305
2018-01-31,39.1380
2018-02-01,39.2198
2018-02-02,37.5181
2018-02-05,36.5807
2018-02-06,38.1095
2018-02-07,37.2937
2018-02-08,36.2675
2018-02-09,36.7111
2018-02-12,38.1898
2018-02-13,38.5723
2018-02-14,39.2835
2018-02-15,40.6026
2018-02-16,40.4711
2018-02-20,40.3350
2018-02-21,40.1519
2018-02-22,40.4876
2018-02-23,41.1917
2018-02-26,42.0062
2018-02-27,41.8700
2018-02-28,41.8066
2018-03-01,41.0744
2018-03-02,41.3584
2018-03-05,41.5015
2018-03-06,41.4663
2018-03-07,41.0814
2018-03-08,41.5297
2018-03-09,42.2432
2018-03-12,42.6516
2018-03-13,42.2409
2018-03-14,41.8818
2018-03-15,41.9311
2018-03-16,41.7832
2018-03-19,41.1448
2018-03-20,41.1307
2018-03-21,40.1989
2018-03-22,39.6309
2018-03-23,38.7132
2018-03-26,40.5510
2018-03-27,39.5112
2018-03-28,39.0746
2018-03-29,39.3798
2018-04-02,39.1216
2018-04-03,39.5229
2018-04-04,40.2787
2018-04-05,40.5580
2018-04-06,39.5206
2018-04-09,39.9125
2018-04-10,40.6636
2018-04-11,40.4735
2018-04-12,40.8725
2018-04-13,41.0110
2018-04-16,41.2668
2018-04-17,41.8348
2018-04-18,41.7409
2018-04-19,40.5580
2018-04-20,38.8962
2018-04-23,38.7836
2018-04-24,38.2437
2018-04-25,38.4104
2018-04-26,38.5442
2018-04-27,38.0982
2018-04-30,38.7883
2018-05-01,39.6896
2018-05-02,41.4429
2018-05-03,41.5180
2018-05-04,43.1469
2018-05-07,43.4590
2018-05-08,43.6679
2018-05-09,43.9754
2018-05-10,44.6044
2018-05-11,44.4348
2018-05-14,44.3311
2018-05-15,43.9282
2018-05-16,44.3382
2018-05-17,44.0578
2018-05-18,43.8975
2018-05-21,44.2086
2018-05-22,44.0978
2018-05-23,44.3806
2018-05-24,44.3311
2018-05-25,44.4324
2018-05-29,44.2722
2018-05-30,44.1779
2018-05-31,44.0295
2018-06-01,44.8235
2018-06-04,45.1982
2018-06-05,45.5469
2018-06-06,45.7047
2018-06-07,45.5822
2018-06-08,45.1675
2018-06-11,45.0568
2018-06-12,45.3042
2018-06-13,44.9319
2018-06-14,44.9555
2018-06-15,44.4937
2018-06-18,44.4701
2018-06-19,43.7515
2018-06-20,43.9423
2018-06-21,43.6973
2018-06-22,43.5701
2018-06-25,42.9221
2018-06-26,43.4546
2018-06-27,43.3910
2018-06-28,43.7067
2018-06-29,43.6148
2018-07-02,44.1025
2018-07-03,43.3344
2018-07-05,43.6831
2018-07-06,44.2887
2018-07-09,44.9036
2018-07-10,44.8494
2018-07-11,44.2675
2018-07-12,45.0097
2018-07-13,45.0804
2018-07-16,44.9814
2018-07-17,45.1086
2018-07-18,44.8612
2018-07-19,45.2099
2018-07-20,45.1063
2018-07-23,45.1463
2018-07-24,45.4738
2018-07-25,45.9026
2018-07-26,45.7589
2018-07-27,44.9979
2018-07-30,44.7458
2018-07-31,44.8353
2018-08-01,47.4766
2018-08-02,48.8643
2018-08-03,49.0057
2018-08-06,49.2602
2018-08-07,48.7984
2018-08-08,48.8313
2018-08-09,49.2154
2018-08-10,49.0688
2018-08-13,49.3856
2018-08-14,49.5937
2018-08-15,49.7096
2018-08-16,50.4378
2018-08-17,51.4451
2018-08-20,50.9438
2018-08-21,50.8445
2018-08-22,50.8469
2018-08-23,50.9509
2018-08-24,51.1093
2018-08-27,51.5302
2018-08-28,51.9463
2018-08-29,52.7218
2018-08-30,53.2065
2018-08-31,53.8213
2018-09-04,53.9939
2018-09-05,53.6416
2018-09-06,52.7502
2018-09-07,52.3246
2018-09-10,51.6224
2018-09-11,52.9275
2018-09-12,52.2702
2018-09-13,53.5328
2018-09-14,52.9252
2018-09-17,51.5160
2018-09-18,51.6011
2018-09-19,51.6318
2018-09-20,52.0243
2018-09-21,51.4640
2018-09-24,52.2040
2018-09-25,52.5350
2018-09-26,52.1165
2018-09-27,53.1876
2018-09-28,53.3744
2018-10-01,53.7338
2018-10-02,54.2114
2018-10-03,54.8711
2018-10-04,53.9064
2018-10-05,53.0316
2018-10-08,52.9086
2018-10-09,53.6416
2018-10-10,51.1566
2018-10-11,50.7050
2018-10-12,52.5161
2018-10-15,51.3930
2018-10-16,52.5256
2018-10-17,52.2986
2018-10-18,51.0762
2018-10-19,51.8541
2018-10-22,52.1709
2018-10-23,52.6627
2018-10-24,50.8563
2018-10-25,51.9700
2018-10-26,51.1424
2018-10-29,50.1825
2018-10-30,50.4331
2018-10-31,51.7477
2018-11-01,52.5421
2018-11-02,49.0570
2018-11-05,47.6643
2018-11-06,48.1798
2018-11-07,49.6410
2018-11-08,49.4678
2018-11-09,48.5140
2018-11-12,46.0701
2018-11-13,45.6098
2018-11-14,44.3215
2018-11-15,45.4153
2018-11-16,45.9183
2018-11-19,44.0984
2018-11-20,41.9915
2018-11-21,41.9441
2018-11-23,40.8787
2018-11-26,41.4316
2018-11-27,41.3414
2018-11-28,42.9311
2018-11-29,42.6013
2018-11-30,42.3712
2018-12-03,43.8517
2018-12-04,41.9227
2018-12-06,41.4553
2018-12-07,39.9771
2018-12-10,40.2405
2018-12-11,40.0103
2018-12-12,40.1218
2018-12-13,40.5608
2018-12-14,39.2629
2018-12-17,38.8976
2018-12-18,39.4029
2018-12-19,38.1739
2018-12-20,37.2106
2018-12-21,35.7633
2018-12-24,34.8379
2018-12-26,37.2913
2018-12-27,37.0492
2018-12-28,37.0682
2018-12-31,37.4265
2019-01-02,37.4692
2019-01-03,33.7370
2019-01-04,35.1772
2019-01-07,35.0989
2019-01-08,35.7680
2019-01-09,36.3754
2019-01-10,36.4917
2019-01-11,36.1334
2019-01-14,35.5900
2019-01-15,36.3185
2019-01-16,36.7621
2019-01-17,36.9804
2019-01-18,37.2082
2019-01-22,36.3730
2019-01-23,36.5201
2019-01-24,36.2307
2019-01-25,37.4312
2019-01-28,37.0848
2019-01-29,36.7005
2019-01-30,39.2084
2019-01-31,39.4907
2019-02-01,39.5097
2019-02-04,40.6320
2019-02-05,41.3272
2019-02-06,41.3414
2019-02-07,40.5584
2019-02-08,40.6061
2019-02-11,40.3726
2019-02-12,40.7205
2019-02-13,40.5513
2019-02-14,40.6990
2019-02-15,40.6085
2019-02-19,40.7300
2019-02-20,40.9921
2019-02-21,40.7610
2019-02-22,41.2161
2019-02-25,41.5163
2019-02-26,41.5401
2019-02-27,41.6688
2019-02-28,41.2590
2019-03-01,41.6927
2019-03-04,41.9024
2019-03-05,41.8261
2019-03-06,41.5854
2019-03-07,41.1041
2019-03-08,41.2018
2019-03-11,42.6291
2019-03-12,43.1081
2019-03-13,43.2987
2019-03-14,43.7800
2019-03-15,44.3495
2019-03-18,44.8023
2019-03-19,44.4472
2019-03-20,44.8356
2019-03-21,46.4869
2019-03-22,45.5243
2019-03-25,44.9738
2019-03-26,44.5092
2019-03-27,44.9095
2019-03-28,44.9691
2019-03-29,45.2621
2019-04-01,45.5695
2019-04-02,46.2320
2019-04-03,46.5489
2019-04-04,46.6299
2019-04-05,46.9421
2019-04-08,47.6807
2019-04-09,47.5378
2019-04-10,47.8046
2019-04-11,47.4067
2019-04-12,47.3876
2019-04-15,47.4734
2019-04-16,47.4782
2019-04-17,48.4028
2019-04-18,48.5767
2019-04-22,48.7364
2019-04-23,49.4393
2019-04-24,49.3630
2019-04-25,48.9151
2019-04-26,48.6815
2019-04-29,48.7554
2019-04-30,47.8166
2019-05-01,50.1637
2019-05-02,49.8372
2019-05-03,50.4568
2019-05-06,49.6776
2019-05-07,48.3384
2019-05-08,48.3480
2019-05-09,47.8285
2019-05-10,47.1659
2019-05-13,44.4246
2019-05-14,45.1279
2019-05-15,45.6685
2019-05-16,45.4676
2019-05-17,45.2092
2019-05-20,43.7955
2019-05-21,44.6351
2019-05-22,43.7214
2019-05-23,42.9751
2019-05-24,42.8100
2019-05-28,42.6330
2019-05-29,42.4297
2019-05-30,42.6497
2019-05-31,41.8771
2019-06-03,41.4538
2019-06-04,42.9703
2019-06-05,43.6640
2019-06-06,44.3050
2019-06-07,45.4843
2019-06-10,46.0656
2019-06-11,46.5990
2019-06-12,46.4507
2019-06-13,46.4411
2019-06-14,46.1038
2019-06-17,46.3789
2019-06-18,47.4697
2019-06-19,47.3309
2019-06-20,47.7113
2019-06-21,47.5486
2019-06-24,47.5008
2019-06-25,46.7808
2019-06-26,47.7926
2019-06-27,47.7783
2019-06-28,47.3429
2019-07-01,48.2112
2019-07-02,48.4935
2019-07-03,48.8953
2019-07-05,48.8523
2019-07-08,47.8452
2019-07-09,48.1371
2019-07-10,48.6131
2019-07-11,48.2590
2019-07-12,48.6298
2019-07-15,49.0867
2019-07-16,48.9169
2019-07-17,48.6418
2019-07-18,49.1943
2019-07-19,48.4600
2019-07-22,49.5675
2019-07-23,49.9550
2019-07-24,49.9143
2019-07-25,49.5196
2019-07-26,49.6919
2019-07-29,50.1559
2019-07-30,49.9406
2019-07-31,50.9596
2019-08-01,49.8569
2019-08-02,48.8020
2019-08-05,46.2474
2019-08-06,47.1228
2019-08-07,47.6108
2019-08-08,48.6609
2019-08-09,48.2599
2019-08-12,48.1375
2019-08-13,50.1760
2019-08-14,48.6825
2019-08-15,48.4400
2019-08-16,49.5829
2019-08-19,50.5074
2019-08-20,50.5098
2019-08-21,51.0572
2019-08-22,51.0140
2019-08-23,48.6561
2019-08-26,49.5805
2019-08-27,49.0211
2019-08-28,49.3500
2019-08-29,50.1856
2019-08-30,50.1208
2019-09-03,49.3908
2019-09-04,50.2288
2019-09-05,51.2109
2019-09-06,51.2061
2019-09-09,51.4246
2019-09-10,52.0321
2019-09-11,53.6864
2019-09-12,53.5664
2019-09-13,52.5243
2019-09-16,52.8004
2019-09-17,52.9925
2019-09-18,53.4895
2019-09-19,53.0549
2019-09-20,52.2794
2019-09-23,52.5171
2019-09-24,52.2674
2019-09-25,53.0717
2019-09-26,52.7980
2019-09-27,52.5411
2019-09-30,53.7777
2019-10-01,53.9265
2019-10-02,52.5747
2019-10-03,53.0213
2019-10-04,54.5076
2019-10-07,54.5196
2019-10-08,53.8809
2019-10-09,54.5124
2019-10-10,55.2472
2019-10-11,56.7166
2019-10-14,56.6350
2019-10-15,56.5029
2019-10-16,56.2748
2019-10-17,56.4933
2019-10-18,56.7646
2019-10-21,57.7491
2019-10-22,57.6171
2019-10-23,58.3902
2019-10-24,58.4863
2019-10-25,59.2066
2019-10-28,59.7997
2019-10-29,58.4166
2019-10-30,58.4094
2019-10-31,59.7300
2019-11-01,61.4252
2019-11-04,61.8286
2019-11-05,61.7398
2019-11-06,61.7662
2019-11-07,62.4790
2019-11-08,62.6500
2019-11-11,63.1462
2019-11-12,63.0883
2019-11-13,63.6928
2019-11-14,63.2521
2019-11-15,64.0035
2019-11-18,64.3262
2019-11-19,64.1311
2019-11-20,63.3846
2019-11-21,63.1004
2019-11-22,63.0450
2019-11-25,64.1504
2019-11-26,63.6495
2019-11-27,64.5044
2019-11-29,64.3623
2019-12-02,63.6182
2019-12-03,62.4838
2019-12-04,63.0353
2019-12-05,63.9602
2019-12-06,65.1956
2019-12-09,64.2829
2019-12-10,64.6586
2019-12-11,65.2101
2019-12-12,65.3762
2019-12-13,66.2649
2019-12-16,67.3992
2019-12-17,67.5317
2019-12-18,67.3703
2019-12-19,67.4378
2019-12-20,67.2981
2019-12-23,68.3963
2019-12-24,68.4613
2019-12-26,69.8196
2019-12-27,69.7931
2019-12-30,70.2073
2019-12-31,70.7203
2020-01-02,72.3339
2020-01-03,71.6306
2020-01-06,72.2014
2020-01-07,71.8618
2020-01-08,73.0178
2020-01-09,74.5688
2020-01-10,74.7374
2020-01-13,76.3341
2020-01-14,75.3033
2020-01-15,74.9806
2020-01-16,75.9199
2020-01-17,76.7604
2020-01-21,76.2402
2020-01-22,76.5123
2020-01-23,76.8808
2020-01-24,76.6592
2020-01-27,74.4050
2020-01-28,76.5099
2020-01-29,78.1114
2020-01-30,77.9982
2020-01-31,74.5399
2020-02-03,74.3352
2020-02-04,76.7893
2020-02-05,77.4154
2020-02-06,78.3210
2020-02-07,77.2564
2020-02-10,77.6233
2020-02-11,77.1550
2020-02-12,78.9872
2020-02-13,78.4248
2020-02-14,78.4441
2020-02-18,77.0077
2020-02-19,78.1230
2020-02-20,77.3215
2020-02-21,75.5714
2020-02-24,71.9817
2020-02-25,69.5435
2020-02-26,70.6467
2020-02-27,66.0287
2020-02-28,65.9901
2020-03-02,72.1338
2020-03-03,69.8428
2020-03-04,73.0825
2020-03-05,70.7119
2020-03-06,69.7729
2020-03-09,64.2544
2020-03-10,68.8821
2020-03-11,66.4898
2020-03-12,59.9236
2020-03-13,67.1029
2020-03-16,58.4703
2020-03-17,61.0413
2020-03-18,59.5470
2020-03-19,59.0907
2020-03-20,55.3393
2020-03-23,54.1637
2020-03-24,59.5977
2020-03-25,59.2694
2020-03-26,62.3883
2020-03-27,59.8053
2020-03-30,61.5120
2020-03-31,61.3865
2020-04-01,58.1565
2020-04-02,59.1270
2020-04-03,58.2772
2020-04-06,63.3612
2020-04-07,62.6273
2020-04-08,64.2302
2020-04-09,64.6937
2020-04-13,65.9635
2020-04-14,69.2949
2020-04-15,68.6624
2020-04-16,69.2080
2020-04-17,68.2689
2020-04-20,66.8519
2020-04-21,64.7854
2020-04-22,66.6515
2020-04-23,66.3932
2020-04-24,68.3099
2020-04-27,68.3582
2020-04-28,67.2502
2020-04-29,69.4590
2020-04-30,70.9244
2020-05-01,69.7825
2020-05-04,70.7698
2020-05-05,71.8320
2020-05-06,72.5731
2020-05-07,73.3239
2020-05-08,75.0691
2020-05-11,76.2504
2020-05-12,75.3790
2020-05-13,74.4688
2020-05-14,74.9263
2020-05-15,74.4834
2020-05-18,76.2383
2020-05-19,75.7977
2020-05-20,77.2719
2020-05-21,76.6958
2020-05-22,77.1896
2020-05-26,76.6667
2020-05-27,77.0007
2020-05-28,77.0346
2020-05-29,76.9596
2020-06-01,77.9060
2020-06-02,78.2667
2020-06-03,78.6976
2020-06-04,78.0198
2020-06-05,80.2419
2020-06-08,80.7163
2020-06-09,83.2652
2020-06-10,85.4074
2020-06-11,81.3069
2020-06-12,82.0089
2020-06-15,83.0231
2020-06-16,85.2234
2020-06-17,85.1048
2020-06-18,85.1387
2020-06-19,84.6522
2020-06-22,86.8670
2020-06-23,88.7211
2020-06-24,87.1551
2020-06-25,88.3121
2020-06-26,85.5986
2020-06-29,87.5714
2020-06-30,88.3024
2020-07-01,88.1354
2020-07-02,88.1354
2020-07-06,90.4930
2020-07-07,90.2122
2020-07-08,92.3133
2020-07-09,92.7103
2020-07-10,92.8724
2020-07-13,92.4440
2020-07-14,93.9738
2020-07-15,94.6201
2020-07-16,93.4557
2020-07-17,93.2670
2020-07-20,95.2325
2020-07-21,93.9181
2020-07-22,94.1819
2020-07-23,89.8951
2020-07-24,89.6724
2020-07-27,91.7977
2020-07-28,90.2897
2020-07-29,92.0204
2020-07-30,93.1339
2020-07-31,102.8839
2020-08-03,105.4763
2020-08-04,106.1807
2020-08-05,106.5656
2020-08-06,110.2836
2020-08-07,107.7762
2020-08-10,109.3427
2020-08-11,106.0909
2020-08-12,109.6167
2020-08-13,111.5567
2020-08-14,111.4573
2020-08-17,111.1663
2020-08-18,112.0926
2020-08-19,112.2332
2020-08-20,114.7236
2020-08-21,120.6356
2020-08-24,122.0785
2020-08-25,121.0770
2020-08-26,122.7235
2020-08-27,121.2564
2020-08-28,121.0600
2020-08-31,125.1654
2020-09-01,130.1510
2020-09-02,127.4545
2020-09-03,117.2504
2020-09-04,117.3280
2020-09-08,109.4324
2020-09-09,113.7973
2020-09-10,110.0823
2020-09-11,108.6370
2020-09-14,111.8962
2020-09-15,112.0708
2020-09-16,108.7631
2020-09-17,107.0269
2020-09-18,103.6320
2020-09-21,106.7747
2020-09-22,108.4528
2020-09-23,103.9036
2020-09-24,104.9705
2020-09-25,108.9086
2020-09-28,111.5082
2020-09-29,110.6643
2020-09-30,112.3326
2020-10-01,113.2832
2020-10-02,109.6264
2020-10-05,113.0019
2020-10-06,109.7622
2020-10-07,111.6246
2020-10-08,111.5179
2020-10-09,113.4578
2020-10-12,120.6647
2020-10-13,117.4638
2020-10-14,117.5511
2020-10-15,117.0855
2020-10-16,115.4463
2020-10-19,112.4976
2020-10-20,113.9816
2020-10-21,113.3608
2020-10-22,112.2745
2020-10-23,111.5858
2020-10-26,111.5955
2020-10-27,113.0989
2020-10-28,107.8611
2020-10-29,111.8574
2020-10-30,105.5913
2020-11-02,105.5040
2020-11-03,107.1239
2020-11-04,111.4985
2020-11-05,115.4560
2020-11-06,115.3248
2020-11-09,113.0220
2020-11-10,112.6819
2020-11-11,116.1021
2020-11-12,115.8300
2020-11-13,115.8786
2020-11-16,116.8891
2020-11-17,116.0050
2020-11-18,114.6835
2020-11-19,115.2762
2020-11-20,114.0131
2020-11-23,110.6220
2020-11-24,111.9046
2020-11-25,112.7402
2020-11-27,113.2843
2020-11-30,115.6746
2020-12-01,119.2405
2020-12-02,119.5903
2020-12-03,119.4543
2020-12-04,118.7839
2020-12-07,120.2413
2020-12-08,120.8535
2020-12-09,118.3272
2020-12-10,119.7458
2020-12-11,118.9393
2020-12-14,118.3272
2020-12-15,124.2542
2020-12-16,124.1862
2020-12-17,125.0510
2020-12-18,123.0688
2020-12-21,124.5943
2020-12-22,128.1408
2020-12-23,127.2469
2020-12-24,128.2282
2020-12-28,132.8145
2020-12-29,131.0460
2020-12-30,129.9286
2020-12-31,128.9278
2021-01-04,125.7408
2021-01-05,127.2955
2021-01-06,123.0105
2021-01-07,127.2080
2021-01-08,128.3060
2021-01-11,125.3230
2021-01-12,125.1481
2021-01-13,127.1789
2021-01-14,125.2551
2021-01-15,123.5352
2021-01-19,124.2056
2021-01-20,128.2866
2021-01-21,132.9893
2021-01-22,135.1270
2021-01-25,138.8678
2021-01-26,139.1010
2021-01-27,138.0322
2021-01-28,133.2031
2021-01-29,128.2186
2021-02-01,130.3368
2021-02-02,131.1626
2021-02-03,130.1424
2021-02-04,133.4946
2021-02-05,133.0810
2021-02-08,133.2270
2021-02-09,132.3512
2021-02-10,131.7479
2021-02-11,131.4949
2021-02-12,131.7284
2021-02-16,129.6071
2021-02-17,127.3203
2021-02-18,126.2207
2021-02-19,126.3764
2021-02-22,122.6105
2021-02-23,122.4742
2021-02-24,121.9780
2021-02-25,117.7353
2021-02-26,117.9980
2021-03-01,124.3523
2021-03-02,121.7542
2021-03-03,118.7765
2021-03-04,116.8984
2021-03-05,118.1537
2021-03-08,113.2298
2021-03-09,117.8326
2021-03-10,116.7524
2021-03-11,118.6792
2021-03-12,117.7742
2021-03-15,120.6545
2021-03-16,122.1920
2021-03-17,121.4038
2021-03-18,117.2876
2021-03-19,116.7621
2021-03-22,120.0707
2021-03-23,119.2435
2021-03-24,116.8594
2021-03-25,117.3460
2021-03-26,117.9493
2021-03-29,118.1245
2021-03-30,116.6746
2021-03-31,118.8641
2021-04-01,119.6912
2021-04-05,122.5132
2021-04-06,122.8148
2021-04-07,124.4594
2021-04-08,126.8532
2021-04-09,129.4221
2021-04-12,127.7095
2021-04-13,130.8137
2021-04-14,128.4782
2021-04-15,130.8819
2021-04-16,130.5510
2021-04-19,131.2127
2021-04-20,129.5293
2021-04-21,129.9087
2021-04-22,128.3907
2021-04-23,130.7067
2021-04-26,131.0959
2021-04-27,130.7748
2021-04-28,129.9866
2021-04-29,129.8892
2021-04-30,127.9236
2021-05-03,128.9745
2021-05-04,124.4107
2021-05-05,124.6540
2021-05-06,126.2499
2021-05-07,126.9224
2021-05-10,123.6473
2021-05-11,122.7310
2021-05-12,119.6703
2021-05-13,121.8147
2021-05-14,124.2321
2021-05-17,123.0819
2021-05-18,121.6978
2021-05-19,121.5418
2021-05-20,124.0957
2021-05-21,122.2631
2021-05-24,123.8910
2021-05-25,123.6960
2021-05-26,123.6473
2021-05-27,122.1169
2021-05-28,121.4638
2021-06-01,121.1422
2021-06-02,121.9025
2021-06-03,120.4208
2021-06-04,122.7115
2021-06-07,122.7213
2021-06-08,123.5401
2021-06-09,123.9202
2021-06-10,122.9260
2021-06-11,124.1346
2021-06-14,127.1856
2021-06-15,126.3668
2021-06-16,126.8640
2021-06-17,128.4625
2021-06-18,127.1662
2021-06-21,128.9596
2021-06-22,130.5973
2021-06-23,130.3243
2021-06-24,130.0417
2021-06-25,129.7493
2021-06-28,131.3770
2021-06-29,132.8880
2021-06-30,133.5020
2021-07-01,133.8042
2021-07-02,136.4263
2021-07-06,138.4343
2021-07-07,140.9199
2021-07-08,139.6235
2021-07-09,141.4462
2021-07-12,140.8517
2021-07-13,141.9629
2021-07-14,145.3842
2021-07-15,144.7312
2021-07-16,142.6939
2021-07-19,138.8534
2021-07-20,142.4600
2021-07-21,141.7289
2021-07-22,143.0936
2021-07-23,144.8092
2021-07-26,145.2283
2021-07-27,143.0644
2021-07-28,141.3195
2021-07-29,141.9629
2021-07-30,142.1773
2021-08-02,141.8459
2021-08-03,143.6394
2021-08-04,143.2398
2021-08-05,143.3470
2021-08-06,142.6637
2021-08-09,142.6149
2021-08-10,142.1365
2021-08-11,142.3903
2021-08-12,145.3483
2021-08-13,145.5533
2021-08-16,147.5252
2021-08-17,146.6173
2021-08-18,142.8784
2021-08-19,143.2103
2021-08-20,144.6649
2021-08-23,146.1488
2021-08-24,146.0609
2021-08-25,144.8309
2021-08-26,144.0304
2021-08-27,145.0652
2021-08-30,149.4776
2021-08-31,148.2183
2021-09-01,148.8822
2021-09-02,149.9950
2021-09-03,150.6296
2021-09-07,152.9627
2021-09-08,151.4203
2021-09-09,150.4050
2021-09-10,145.4264
2021-09-13,145.9926
2021-09-14,144.5965
2021-09-15,145.4850
2021-09-16,145.2506
2021-09-17,142.5856
2021-09-20,139.5398
2021-09-21,140.0181
2021-09-22,142.3806
2021-09-23,143.3372
2021-09-24,143.4251
2021-09-27,141.9120
2021-09-28,138.5343
2021-09-29,139.4324
2021-09-30,138.1340
2021-10-01,139.2567
2021-10-04,135.8302
2021-10-05,137.7533
2021-10-06,138.6221
2021-10-07,139.8815
2021-10-08,139.5007
2021-10-11,139.4129
2021-10-12,138.1438
2021-10-13,137.5581
2021-10-14,140.3403
2021-10-15,141.3946
2021-10-18,143.0639
2021-10-19,145.2213
2021-10-20,145.7095
2021-10-21,145.9242
2021-10-22,145.1530
2021-10-25,145.1042
2021-10-26,145.7681
2021-10-27,145.3092
2021-10-28,148.9407
2021-10-29,146.2366
2021-11-01,145.4166
2021-11-02,146.4514
2021-11-03,147.8864
2021-11-04,147.3690
2021-11-05,147.8969
2021-11-08,147.0757
2021-11-09,147.4374
2021-11-10,144.6121
2021-11-11,144.5632
2021-11-12,146.6358
2021-11-15,146.6456
2021-11-16,147.6232
2021-11-17,150.0575
2021-11-18,154.3395
2021-11-19,156.9596
2021-11-22,157.4191
2021-11-23,157.8004
2021-11-24,158.3185
2021-11-26,153.3033
2021-11-29,156.6566
2021-11-30,161.6034
2021-12-01,161.0853
2021-12-02,160.0978
2021-12-03,158.2208
2021-12-06,161.6230
2021-12-07,167.3519
2021-12-08,171.1647
2021-12-09,170.6563
2021-12-10,175.4370
2021-12-13,171.8100
2021-12-14,170.4315
2021-12-15,175.2903
2021-12-16,168.4077
2021-12-17,167.3128
2021-12-20,165.9539
2021-12-21,169.1215
2021-12-22,171.7122
2021-12-23,172.3378
2021-12-27,176.2973
2021-12-28,175.2805
2021-12-29,175.3686
2021-12-30,174.2150
2021-12-31,173.5990
2022-01-03,177.9397
2022-01-04,175.6814
2022-01-05,171.0083
2022-01-06,168.1536
2022-01-07,168.3198
2022-01-10,168.3393
2022-01-11,171.1647
2022-01-12,171.6046
2022-01-13,168.3393
2022-01-14,169.1996
2022-01-18,166.0028
2022-01-19,162.5126
2022-01-20,160.8310
2022-01-21,158.7780
2022-01-24,158.0057
2022-01-25,156.2068
2022-01-26,156.1189
2022-01-27,155.6593
2022-01-28,166.5209
2022-01-31,170.8714
2022-02-01,170.7052
2022-02-02,171.9077
2022-02-03,169.0334
2022-02-04,168.7496
2022-02-07,168.0350
2022-02-08,171.1381
2022-02-09,172.5574
2022-02-10,168.4853
2022-02-11,165.0788
2022-02-14,165.3137
2022-02-15,169.1411
2022-02-16,168.9062
2022-02-17,165.3137
2022-02-18,163.7671
2022-02-22,160.8500
2022-02-23,156.6898
2022-02-24,159.3033
2022-02-25,161.3688
2022-02-28,161.6331
2022-03-01,159.7537
2022-03-02,163.0427
2022-03-03,162.7197
2022-03-04,159.7243
2022-03-07,155.9360
2022-03-08,154.1153
2022-03-09,159.5089
2022-03-10,155.1725
2022-03-11,151.4625
2022-03-14,147.4393
2022-03-15,151.8149
2022-03-16,156.2199
2022-03-17,157.2281
2022-03-18,160.5172
2022-03-21,161.8876
2022-03-22,165.2550
2022-03-23,166.6156
2022-03-24,170.3941
2022-03-25,171.0304
2022-03-28,171.8918
2022-03-29,175.1808
2022-03-30,174.0160
2022-03-31,170.9227
2022-04-01,170.6290
2022-04-04,174.6718
2022-04-05,171.3632
2022-04-06,168.2014
2022-04-07,168.5049
2022-04-08,166.4982
2022-04-11,162.2498
2022-04-12,164.1195
2022-04-13,166.8016
2022-04-14,161.7995
2022-04-18,161.5842
2022-04-19,163.8649
2022-04-20,163.6985
2022-04-21,162.9056
2022-04-22,158.3734
2022-04-25,159.4404
2022-04-26,153.4888
2022-04-27,153.2637
2022-04-28,160.1844
2022-04-29,154.3209
2022-05-02,154.6243
2022-05-03,156.1122
2022-05-04,162.5141
2022-05-05,153.4594
2022-05-06,154.1848
2022-05-09,149.0676
2022-05-10,151.4694
2022-05-11,143.6170
2022-05-12,139.7546
2022-05-13,144.2150
2022-05-16,142.6759
2022-05-17,146.3031
2022-05-18,138.0488
2022-05-19,134.6471
2022-05-20,134.8824
2022-05-23,140.2937
2022-05-24,137.5978
2022-05-25,137.7547
2022-05-26,140.9506
2022-05-27,146.6952
2022-05-31,145.9110
2022-06-01,145.7835
2022-06-02,148.2343
2022-06-03,142.5190
2022-06-06,143.2641
2022-06-07,145.7835
2022-06-08,145.0483
2022-06-09,139.8330
2022-06-10,134.4314
2022-06-13,129.2847
2022-06-14,130.1474
2022-06-15,132.7648
2022-06-16,127.5005
2022-06-17,128.9710
2022-06-21,133.1962
2022-06-22,132.6864
2022-06-23,135.5490
2022-06-24,138.8723
2022-06-27,138.8723
2022-06-28,134.7353
2022-06-29,136.4901
2022-06-30,134.0294
2022-07-01,136.1960
2022-07-05,138.7742
2022-07-06,140.1075
2022-07-07,143.4700
2022-07-08,144.1464
2022-07-11,142.0191
2022-07-12,142.9896
2022-07-13,142.6269
2022-07-14,145.5482
2022-07-15,147.2148
2022-07-18,144.1758
2022-07-19,148.0284
2022-07-20,150.0283
2022-07-21,152.2928
2022-07-22,151.0576
2022-07-25,149.9401
2022-07-26,148.6167
2022-07-27,153.7045
2022-07-28,154.2535
2022-07-29,159.3119
2022-08-01,158.3316
2022-08-02,156.8611
2022-08-03,162.8607
2022-08-04,162.5470
2022-08-05,162.3212
2022-08-08,161.8500
2022-08-09,161.8991
2022-08-10,166.1400
2022-08-11,165.4037
2022-08-12,168.9476
2022-08-15,170.0176
2022-08-16,169.8605
2022-08-17,171.3527
2022-08-18,170.9600
2022-08-19,168.3782
2022-08-22,164.5006
2022-08-23,164.1668
2022-08-24,164.4613
2022-08-25,166.9155
2022-08-26,160.6229
2022-08-29,158.4240
2022-08-30,155.9992
2022-08-31,154.3401
2022-09-01,155.0666
2022-09-02,152.9560
2022-09-06,151.6994
2022-09-07,153.1032
2022-09-08,151.6307
2022-09-09,154.4874
2022-09-12,160.4364
2022-09-13,151.0221
2022-09-14,152.4651
2022-09-15,149.5790
2022-09-16,147.9396
2022-09-19,151.6503
2022-09-20,154.0260
2022-09-21,150.9042
2022-09-22,149.9422
2022-09-23,147.6745
2022-09-26,148.0083
2022-09-27,148.9801
2022-09-28,147.0953
2022-09-29,139.8701
2022-09-30,135.6685
2022-10-03,139.8407
2022-10-04,143.4238
2022-10-05,143.7183
2022-10-06,142.7661
2022-10-07,137.5239
2022-10-10,137.8479
2022-10-11,136.4342
2022-10-12,135.8060
2022-10-13,140.3708
2022-10-14,135.8452
2022-10-17,139.8014
2022-10-18,141.1169
2022-10-19,141.2249
2022-10-20,140.7635
2022-10-21,144.5724
2022-10-24,146.7125
2022-10-25,149.5495
2022-10-26,146.6143
2022-10-27,142.1477
2022-10-28,152.8873
2022-10-31,150.5312
2022-11-01,147.8905
2022-11-02,142.3734
2022-11-03,136.3361
2022-11-04,136.0706
2022-11-07,136.6016
2022-11-08,137.1719
2022-11-09,132.6192
2022-11-10,144.4189
2022-11-11,147.2016
2022-11-14,145.8054
2022-11-15,147.5360
2022-11-16,146.3069
2022-11-17,148.2046
2022-11-18,148.7651
2022-11-21,145.5399
2022-11-22,147.6736
2022-11-23,148.5488
2022-11-25,145.6382
2022-11-28,141.8131
2022-11-29,138.8140
2022-11-30,145.5595
2022-12-01,145.8349
2022-12-02,145.3432
2022-12-05,144.1829
2022-12-06,140.5250
2022-12-07,138.5879
2022-12-08,140.2693
2022-12-09,139.7875
2022-12-12,142.0786
2022-12-13,143.0423
2022-12-14,140.8200
2022-12-15,134.2220
2022-12-16,132.2652
2022-12-19,130.1609
2022-12-20,130.0921
2022-12-21,133.1895
2022-12-22,130.0233
2022-12-23,129.6594
2022-12-27,127.8599
2022-12-28,123.9365
2022-12-29,127.4469
2022-12-30,127.7616
2023-01-03,122.9827
2023-01-04,124.2512
2023-01-05,122.9335
2023-01-06,127.4568
2023-01-09,127.9779
2023-01-10,128.5482
2023-01-11,131.2622
2023-01-12,131.1835
2023-01-13,132.5110
2023-01-17,133.6713
2023-01-18,132.9535
2023-01-19,133.0125
2023-01-20,135.5691
2023-01-23,138.7550
2023-01-24,140.1513
2023-01-25,139.4925
2023-01-26,141.5575
2023-01-27,143.4946
2023-01-30,140.6135
2023-01-31,141.8820
2023-02-01,143.0029
2023-02-02,148.3030
2023-02-03,151.9216
2023-02-06,149.1978
2023-02-07,152.0690
2023-02-08,149.3846
2023-02-09,148.3521
2023-02-10,148.7165
2023-02-13,151.5134
2023-02-14,150.8733
2023-02-15,152.9709
2023-02-16,151.3755
2023-02-17,150.2332
2023-02-21,146.2250
2023-02-22,146.6484
2023-02-23,147.1310
2023-02-24,144.4818
2023-02-27,145.6735
2023-02-28,145.1712
2023-03-01,143.1031
2023-03-02,143.6940
2023-03-03,148.7363
2023-03-06,151.4937
2023-03-07,149.2976
2023-03-08,150.5483
2023-03-09,148.3029
2023-03-10,146.2446
2023-03-13,148.1847
2023-03-14,150.2725
2023-03-15,150.6664
2023-03-16,153.4830
2023-03-17,152.6459
2023-03-20,155.0095
2023-03-21,156.8609
2023-03-22,155.4330
2023-03-23,156.5162
2023-03-24,157.8162
2023-03-27,155.8761
2023-03-28,155.2557
2023-03-29,158.3283
2023-03-30,159.8941
2023-03-31,162.3956
2023-04-03,163.6463
2023-04-04,163.1145
2023-04-05,161.2729
2023-04-06,162.1592
2023-04-10,159.5692
2023-04-11,158.3578
2023-04-12,157.6684
2023-04-13,163.0455
2023-04-14,162.7009
2023-04-17,162.7205
2023-04-18,163.9417
2023-04-19,165.0841
2023-04-20,164.1190
2023-04-21,162.5137
2023-04-24,162.8190
2023-04-25,161.2827
2023-04-26,161.2729
2023-04-27,165.8523
2023-04-28,167.1030
2023-05-01,167.0144
2023-05-02,165.9803
2023-05-03,164.9068
2023-05-04,163.2720
2023-05-05,170.9339
2023-05-08,170.8649
2023-05-09,169.1612
2023-05-10,170.9240
2023-05-11,171.1112
2023-05-12,170.1842
2023-05-15,169.6911
2023-05-16,169.6911
2023-05-17,170.3025
2023-05-18,172.6299
2023-05-19,172.7384
2023-05-22,171.7916
2023-05-23,169.1881
2023-05-24,169.4642
2023-05-25,170.5984
2023-05-26,173.0046
2023-05-30,174.8488
2023-05-31,174.7994
2023-06-01,177.6002
2023-06-02,178.4483
2023-06-05,177.0972
2023-06-06,176.7324
2023-06-07,175.3616
2023-06-08,178.0736
2023-06-09,178.4582
2023-06-12,181.2490
2023-06-13,180.7757
2023-06-14,181.4068
2023-06-15,183.4383
2023-06-16,182.3634
2023-06-20,182.4522
2023-06-21,181.4167
2023-06-22,184.4147
2023-06-23,184.0991
2023-06-26,182.7086
2023-06-27,185.4600
2023-06-28,186.6336
2023-06-29,186.9688
2023-06-30,191.2883
2023-07-03,189.7992
2023-07-05,188.6848
2023-07-06,189.1581
2023-07-07,188.0438
2023-07-10,186.0024
2023-07-11,185.4797
2023-07-12,187.1463
2023-07-13,187.9057
2023-07-14,188.0536
2023-07-17,191.3080
2023-07-18,191.0516
2023-07-19,192.4027
2023-07-20,190.4599
2023-07-21,189.2864
2023-07-24,190.0851
2023-07-25,190.9432
2023-07-26,191.8110
2023-07-27,190.5487
2023-07-28,193.1226
2023-07-31,193.7340
2023-08-01,192.9056
2023-08-02,189.9175
2023-08-03,188.5270
2023-08-04,179.4739
2023-08-07,176.3773
2023-08-08,177.3142
2023-08-09,175.7265
2023-08-10,175.5095
2023-08-11,175.5688
2023-08-14,177.2179
2023-08-15,175.2330
2023-08-16,174.3640
2023-08-17,171.8261
2023-08-18,172.3100
2023-08-21,173.6431
2023-08-22,175.0157
2023-08-23,178.8571
2023-08-24,174.1763
2023-08-25,176.3785
2023-08-28,177.9388
2023-08-29,181.8196
2023-08-30,185.3056
2023-08-31,185.5228
2023-09-01,187.0930
2023-09-05,187.3300
2023-09-06,180.6248
2023-09-07,175.3416
2023-09-08,175.9539
2023-09-11,177.1191
2023-09-12,174.0974
2023-09-13,172.0335
2023-09-14,173.5443
2023-09-15,172.8235
2023-09-18,175.7465
2023-09-19,176.8327
2023-09-20,173.2975
2023-09-21,171.7570
2023-09-22,172.6062
2023-09-25,173.8801
2023-09-26,169.8116
2023-09-27,168.3007
2023-09-28,168.5574
2023-09-29,169.0710
2023-10-02,171.5792
2023-10-03,170.2461
2023-10-04,171.4904
2023-10-05,172.7248
2023-10-06,175.2725
2023-10-09,176.7538
2023-10-10,176.1612
2023-10-11,177.5536
2023-10-12,178.4523
2023-10-13,176.6155
2023-10-16,176.4871
2023-10-17,174.9367
2023-10-18,173.6431
2023-10-19,173.2679
2023-10-20,170.7201
2023-10-23,170.8386
2023-10-24,171.2731
2023-10-25,168.9624
2023-10-26,164.8049
2023-10-27,166.1183
2023-10-30,168.1624
2023-10-31,168.6364
2023-11-01,171.7965
2023-11-02,175.3515
2023-11-03,174.4430
2023-11-06,176.9908
2023-11-07,179.5484
2023-11-08,180.6050
2023-11-09,180.1310
2023-11-10,184.3137
2023-11-13,182.7316
2023-11-14,185.3420
2023-11-15,185.9057
2023-11-16,187.5867
2023-11-17,187.5668
2023-11-20,189.3071
2023-11-21,188.5062
2023-11-22,189.1687
2023-11-24,187.8437
2023-11-27,187.6657
2023-11-28,188.2689
2023-11-29,187.2505
2023-11-30,187.8239
2023-12-01,189.0995
2023-12-04,187.3097
2023-12-05,191.2551
2023-12-06,190.1674
2023-12-07,192.0956
2023-12-08,193.5195
2023-12-11,191.0178
2023-12-12,192.5307
2023-12-13,195.7443
2023-12-14,195.8926
2023-12-15,195.3587
2023-12-18,193.6974
2023-12-19,194.7357
2023-12-20,192.6493
2023-12-21,192.5010
2023-12-22,191.4331
2023-12-26,190.8893
2023-12-27,190.9881
2023-12-28,191.4133
2023-12-29,190.3751
2024-01-02,183.5622
2024-01-03,182.1877
2024-01-04,179.8739
2024-01-05,179.1521
2024-01-08,183.4831
2024-01-09,183.0678
2024-01-10,184.1060
2024-01-11,183.5128
2024-01-12,183.8391
2024-01-16,181.5747
2024-01-17,180.6353
2024-01-18,186.5187
2024-01-19,189.4159
2024-01-22,191.7198
2024-01-23,192.9954
2024-01-24,192.3230
2024-01-25,191.9967
2024-01-26,190.2663
2024-01-29,189.5840
2024-01-30,185.9353
2024-01-31,182.3361
2024-02-01,184.7686
2024-02-02,183.7699
2024-02-05,185.5793
2024-02-06,187.1812
2024-02-07,187.2900
2024-02-08,186.2122
2024-02-09,186.9745
2024-02-12,185.2914
2024-02-13,183.2024
2024-02-14,182.3212
2024-02-15,182.0341
2024-02-16,180.4995
2024-02-20,179.7570
2024-02-21,180.5094
2024-02-22,182.5390
2024-02-23,180.7074
2024-02-26,179.3609
2024-02-27,180.8163
2024-02-28,179.6183
2024-02-29,178.9550
2024-03-01,177.8758
2024-03-04,173.3611
2024-03-05,168.4305
2024-03-06,167.4405
2024-03-07,167.3217
2024-03-08,169.0345
2024-03-11,171.0344
2024-03-12,171.5097
2024-03-13,169.4305
2024-03-14,171.2820
2024-03-15,170.9057
2024-03-18,171.9948
2024-03-19,174.3313
2024-03-20,176.8956
2024-03-21,169.6682
2024-03-22,170.5691
2024-03-25,169.1533
2024-03-26,168.0246
2024-03-27,171.5889
2024-03-28,169.7770
2024-04-01,168.3415
2024-04-02,167.1633
2024-04-03,167.9652
2024-04-04,167.1435
2024-04-05,167.8959
2024-04-08,166.7771
2024-04-09,167.9850
2024-04-10,166.1138
2024-04-11,173.3017
2024-04-12,174.7967
2024-04-15,170.9750
2024-04-16,167.6979
2024-04-17,166.3316
2024-04-18,165.3811
2024-04-19,163.3614
2024-04-22,164.1930
2024-04-23,165.2425
2024-04-24,167.3415
2024-04-25,168.2029
2024-04-26,167.6187
2024-04-29,171.7770
2024-04-30,168.6385
2024-05-01,167.6187
2024-05-02,171.3117
2024-05-03,181.5589
2024-05-06,179.9055
2024-05-07,180.5886
2024-05-08,180.9252
2024-05-09,182.7371
2024-05-10,181.4780
2024-05-13,184.6802
2024-05-14,185.8203
2024-05-15,188.0907
2024-05-16,188.2096
2024-05-17,188.2394
2024-05-20,189.3994
2024-05-21,190.6981
2024-05-22,189.2605
2024-05-23,185.2751
2024-05-24,188.3484
2024-05-28,188.3584
2024-05-29,188.6558
2024-05-30,189.6472
2024-05-31,190.5990
2024-06-03,192.3636
2024-06-04,192.6809
2024-06-05,194.1879
2024-06-06,192.8098
2024-06-07,195.1991
2024-06-10,191.4615
2024-06-11,205.3710
2024-06-12,211.2402
2024-06-13,212.4001
2024-06-14,210.6651
2024-06-17,214.8092
2024-06-18,212.4497
2024-06-20,207.8792
2024-06-21,205.7081
2024-06-24,206.3525
2024-06-25,207.2745
2024-06-26,211.4186
2024-06-27,212.2613
2024-06-28,208.8112
2024-07-01,214.8885
2024-07-02,218.3783
2024-07-03,219.6473
2024-07-05,224.3961
2024-07-08,225.8635
2024-07-09,226.7161
2024-07-10,230.9792
2024-07-11,225.6156
2024-07-12,228.5601
2024-07-15,232.3870
2024-07-16,232.8034
2024-07-17,226.9144
2024-07-18,222.2547
2024-07-19,222.3836
2024-07-22,222.0366
2024-07-23,223.0776
2024-07-24,216.6632
2024-07-25,215.6222
2024-07-26,216.0882
2024-07-29,216.3658
2024-07-30,216.9209
2024-07-31,220.1728
2024-08-01,216.4847
2024-08-02,217.9718
2024-08-05,207.4728
2024-08-06,205.4503
2024-08-07,208.0181
2024-08-08,211.4781
2024-08-09,214.3829
2024-08-12,215.9115
2024-08-13,219.6236
2024-08-14,220.0703
2024-08-15,223.0480
2024-08-16,224.3681
2024-08-19,224.2093
2024-08-20,224.8246
2024-08-21,224.7155
2024-08-22,222.8594
2024-08-23,225.1522
2024-08-26,225.4897
2024-08-27,226.3333
2024-08-28,224.8048
2024-08-29,228.0803
2024-08-30,227.2961
2024-09-03,221.1125
2024-09-04,219.2068
2024-09-05,220.7254
2024-09-06,219.1770
2024-09-09,219.2663
2024-09-10,218.4723
2024-09-11,221.0033
2024-09-12,221.1125
2024-09-13,220.8445
2024-09-16,214.7105
2024-09-17,215.1770
2024-09-18,219.0479
2024-09-19,227.1671
2024-09-20,226.5020
2024-09-23,224.7850
2024-09-24,225.6783
2024-09-25,224.6857
2024-09-26,225.8271
2024-09-27,226.0951
2024-09-30,231.2664
2024-10-01,224.5269
2024-10-02,225.0926
2024-10-03,223.9909
2024-10-04,225.1125
2024-10-07,220.0405
2024-10-08,224.0901
2024-10-09,227.8321
2024-10-10,227.3358
2024-10-11,225.8569
2024-10-14,229.5790
2024-10-15,232.1100
2024-10-16,230.0554
2024-10-17,230.4227
2024-10-18,233.2515
2024-10-21,234.7205
2024-10-22,234.1051
2024-10-23,229.0430
2024-10-24,228.8545
2024-10-25,229.6882
2024-10-28,231.6634
2024-10-29,231.9314
2024-10-30,228.3879
2024-10-31,224.2291
2024-11-01,221.2514
2024-11-04,220.3581
2024-11-05,221.7874
2024-11-06,221.0629
2024-11-07,225.7874
2024-11-08,225.5192
2024-11-11,222.8065
2024-11-12,222.8065
2024-11-13,223.6908
2024-11-14,226.7711
2024-11-15,223.5716
2024-11-18,226.5724
2024-11-19,226.8308
2024-11-20,227.5462
2024-11-21,227.0692
2024-11-22,228.4107
2024-11-25,231.3916
2024-11-26,233.5677
2024-11-27,233.4385
2024-11-29,235.8233
2024-12-02,238.0690
2024-12-03,241.1095
2024-12-04,241.4672
2024-12-05,241.4971
2024-12-06,241.2983
2024-12-09,245.1835
2024-12-10,246.1971
2024-12-11,244.9252
2024-12-12,246.3858
2024-12-13,246.5547
2024-12-16,249.4463
2024-12-17,251.8708
2024-12-18,246.4753
2024-12-19,248.2042
2024-12-20,252.8744
2024-12-23,253.6494
2024-12-24,256.5608
2024-12-26,257.3756
2024-12-27,253.9674
2024-12-30,250.5989
2024-12-31,248.8302
2025-01-02,242.3019
2025-01-03,241.8150
2025-01-06,243.4446
2025-01-07,240.6723
2025-01-08,241.1592
2025-01-10,235.3464
2025-01-13,232.9119
2025-01-14,231.7990
2025-01-15,236.3599
2025-01-16,226.8109
2025-01-17,228.5200
2025-01-21,221.2266
2025-01-22,222.4090
2025-01-23,222.2401
2025-01-24,221.3657
2025-01-27,228.4007
2025-01-28,236.7474
2025-01-29,237.8404
2025-01-30,236.0816
2025-01-31,234.5018
2025-02-03,226.5625
2025-02-04,231.3221
2025-02-05,230.9942
2025-02-06,231.7394
2025-02-07,226.1849
2025-02-10,226.4534
2025-02-11,231.3974
2025-02-12,235.6250
2025-02-13,240.2605
2025-02-14,243.3144
2025-02-18,243.1851
2025-02-19,243.5829
2025-02-20,244.5379
2025-02-21,244.2594
2025-02-24,245.8013
2025-02-25,245.7416
2025-02-26,239.0967
2025-02-27,236.0527
2025-02-28,240.5689
2025-03-03,236.7789
2025-03-04,234.6900
2025-03-05,234.5010
2025-03-06,234.0931
2025-03-07,237.8135
2025-03-10,226.2844
2025-03-11,219.6793
2025-03-12,215.8396
2025-03-13,208.5779
2025-03-14,212.3679
2025-03-17,212.8752
2025-03-18,211.5721
2025-03-19,214.1087
2025-03-20,212.9747
2025-03-21,217.1228
2025-03-24,219.5699
2025-03-25,222.5740
2025-03-26,220.3656
2025-03-27,222.6735
2025-03-28,216.7547
2025-03-31,220.9625
2025-04-01,222.0169
2025-04-02,222.7132
2025-04-03,202.1220
2025-04-04,187.3899
2025-04-07,180.5063
2025-04-08,171.5138
2025-04-09,197.8049
2025-04-10,189.4191
2025-04-11,197.1085
2025-04-14,201.4556
2025-04-15,201.0775
2025-04-16,193.2489
2025-04-17,195.9447
2025-04-21,192.1447
2025-04-22,198.6902
2025-04-23,203.5246
2025-04-24,207.2748
2025-04-25,208.1800
2025-04-28,209.0355
2025-04-29,210.0999
2025-04-30,211.3831
2025-05-01,212.1988
2025-05-02,204.2707
2025-05-05,197.8447
2025-05-06,197.4666
2025-05-07,195.2185
2025-05-08,196.4520
2025-05-09,197.4865
2025-05-12,209.9570
2025-05-13,212.0886
2025-05-14,211.4910
2025-05-15,210.6145
2025-05-16,210.4252
2025-05-19,207.9550
2025-05-20,206.0426
2025-05-21,201.2914
2025-05-22,200.5643
2025-05-23,194.4984
2025-05-27,199.4189
2025-05-28,199.6280
2025-05-29,199.1599
2025-05-30,200.0563
2025-06-02,200.9030
2025-06-03,202.4668
2025-06-04,202.0186
2025-06-05,199.8372
2025-06-06,203.1142
2025-06-09,200.6539
2025-06-10,201.8692
2025-06-11,197.9945
2025-06-12,198.4129
2025-06-13,195.6737
2025-06-16,197.6359
2025-06-17,194.8669
2025-06-18,195.8032
2025-06-20,200.2057
2025-06-23,200.7038
2025-06-24,199.5085
2025-06-25,200.7635
2025-06-26,200.2057
2025-06-27,200.2854
2025-06-30,204.3593
2025-07-01,206.9988
2025-07-02,211.6005
2025-07-03,212.7061
2025-07-07,209.1204
2025-07-08,209.1801
2025-07-09,210.3057
2025-07-10,211.5707
2025-07-11,210.3256
2025-07-14,207.7956
2025-07-15,208.2837
2025-07-16,209.3296
2025-07-17,209.1901
2025-07-18,210.3455
2025-07-21,211.6404
2025-07-22,213.5528
2025-07-23,213.3038
2025-07-24,212.9153
2025-07-25,213.0348
2025-07-28,213.2042
2025-07-29,210.4352
2025-07-30,208.2239
2025-07-31,206.7498
2025-08-01,201.5803
2025-08-04,202.5465
2025-08-05,202.1181
2025-08-06,212.4073
2025-08-07,219.1605
2025-08-08,228.4437
2025-08-11,226.5391
2025-08-12,229.0021
2025-08-13,232.6718
2025-08-14,232.1233
2025-08-15,230.9366
2025-08-18,230.2386
2025-08-19,229.9096
2025-08-20,225.3724
2025-08-21,224.2655
2025-08-22,227.1174
2025-08-25,226.5191
2025-08-26,228.6631
2025-08-27,229.8398
2025-08-28,231.9039
2025-08-29,231.4851
2025-09-02,229.0719
2025-09-03,237.7973
2025-09-04,239.1035
2025-09-05,239.0138
2025-09-08,237.2089
2025-09-09,233.6889
2025-09-10,226.1502
2025-09-11,229.3811
2025-09-12,233.4097
2025-09-15,236.0322
2025-09-16,237.4781
2025-09-17,238.3158
2025-09-18,237.2089
2025-09-19,244.8074
2025-09-22,255.3576
2025-09-23,253.7122
2025-09-24,251.5982
2025-09-25,256.1453
2025-09-26,254.7393
2025-09-29,253.7122
2025-09-30,253.9117
2025-10-01,254.7293
2025-10-02,256.4046
2025-10-03,257.2921
2025-10-06,255.9658
2025-10-07,255.7565
2025-10-08,257.3320
2025-10-09,253.3233
2025-10-10,244.5781
2025-10-13,246.9613
2025-10-14,247.0710
2025-10-15,248.6366
2025-10-16,246.7519
2025-10-17,251.5782
2025-10-20,261.5002
2025-10-21,262.0287
2025-10-22,257.7209
2025-10-23,258.8477
2025-10-24,262.0786
2025-10-27,268.0516
2025-10-28,268.2411
2025-10-29,268.9391
2025-10-30,270.6343
2025-10-31,269.6072
2025-11-03,268.2910
2025-11-04,269.2782
2025-11-05,269.3779
2025-11-06,269.0089
2025-11-07,267.7126
2025-11-10,268.9303
2025-11-11,274.7396
2025-11-12,272.9629
2025-11-13,272.4438
2025-11-14,271.9048
2025-11-17,266.9640
2025-11-18,266.9440
2025-11-19,268.0620
2025-11-20,265.7563
2025-11-21,270.9865
2025-11-24,275.4084
2025-11-25,276.4564
2025-11-26,277.0353
2025-11-28,278.3329
2025-12-01,282.5750
2025-12-02,285.6593
2025-12-03,283.6230
2025-12-04,280.1794
2025-12-05,278.2630
2025-12-08,277.3747
2025-12-09,276.6660
2025-12-10,278.2630
2025-12-11,277.5144
2025-12-12,277.7639
2025-12-15,273.6017
2025-12-16,274.1007
2025-12-17,271.3359
2025-12-18,271.6852
2025-12-19,273.1625
2025-12-22,270.4675
2025-12-23,271.8549
2025-12-24,273.3022
2025-12-26,272.8930
2025-12-29,273.2523
2025-12-30,272.5735
2025-12-31,271.3558
2026-01-02,270.5074
2026-01-05,266.7644
2026-01-06,261.8735
2026-01-07,259.8472
2026-01-08,258.5596
2026-01-09,258.8890
2026-01-12,259.7674
2026-01-13,260.5659
2026-01-14,259.4779
2026-01-15,257.7312
2026-01-16,255.0561
2026-01-20,246.2425
2026-01-21,247.1908
2026-01-22,247.8895
2026-01-23,247.5800
2026-01-26,254.9364
2026-01-27,257.7910
2026-01-28,255.9644
2026-01-29,257.8010
2026-01-30,258.9988
2026-02-02,269.5093
2026-02-03,268.9803
2026-02-04,275.9772
2026-02-05,275.3983
2026-02-06,277.6042
2026-02-09,274.3672
2026-02-10,273.4281
2026-02-11,275.2464
2026-02-12,261.4891
2026-02-13,255.5446
2026-02-17,263.6371
2026-02-18,264.1067
2026-02-19,260.3401
2026-02-20,264.3365
2026-02-23,265.9350
2026-02-24,271.8895
2026-02-25,273.9776
2026-02-26,272.6988
2026-02-27,263.9368
2026-03-02,264.4763
2026-03-03,263.5072
2026-03-04,262.2784
2026-03-05,260.0504
2026-03-06,257.2230
2026-03-09,259.6408
2026-03-10,260.5899
2026-03-11,260.5699
2026-03-12,255.5246
2026-03-13,249.8898
2026-03-16,252.5873
2026-03-17,253.9960
2026-03-18,249.7099
2026-03-19,248.7309
2026-03-20,247.7617
2026-03-23,251.2585
2026-03-24,251.4084
2026-03-25,252.3875
2026-03-26,252.6572
2026-03-27,248.5710
2026-03-30,246.4030
2026-03-31,253.5564
2026-04-01,255.3947
2026-04-02,255.6844
2026-04-06,258.6217
2026-04-07,253.2667
2026-04-08,258.6617
2026-04-09,260.2502
2026-04-10,260.2402
2026-04-13,258.9614
2026-04-14,258.5917
2026-04-15,266.1848
2026-04-16,263.1575
2026-04-17,269.9813
2026-04-20,272.7986
2026-04-21,265.9250
2026-04-22,272.9186
2026-04-23,273.1783
2026-04-24,270.8105
2026-04-27,267.3636
2026-04-28,270.4608
2026-04-29,269.9213
2026-04-30,271.1003
2026-05-01,279.8821
2026-05-04,276.5752
2026-05-05,283.9184
2026-05-06,287.2454
2026-05-07,287.1754
2026-05-08,293.0500
2026-05-11,292.6800
2026-05-12,294.8000
2026-05-13,298.8700
2026-05-14,298.2100
2026-05-15,300.2300
2026-05-18,297.8400
2026-05-19,298.9700
2026-05-20,302.2500
2026-05-21,304.9900
2026-05-22,308.8200
2026-05-26,308.3300
2026-05-27,310.8500
2026-05-28,312.5100
2026-05-29,312.0600
2026-06-01,306.3100
2026-06-02,315.2000
2026-06-03,310.2600
2026-06-04,311.2300
2026-06-05,307.3400
2026-06-08,301.5400
2026-06-09,290.5500
2026-06-10,291.5800
2026-06-11,295.6300
2026-06-12,291.1300
2026-06-15,296.4200
2026-06-16,299.2400
2026-06-17,295.9500
2026-06-18,298.0100
2026-06-22,297.0100
2026-06-23,294.3000
2026-06-24,293.0800
2026-06-25,275.1500
2026-06-26,283.7800
2026-06-29,281.7400
2026-06-30,289.3600
2026-07-01,294.3800
2026-07-02,308.6300
2026-07-06,312.6600
2026-07-07,310.6600
2026-07-08,313.3900
2026-07-09,316.2200
2026-07-10,315.3200
2026-07-13,317.3100
2026-07-14,314.8600
2026-07-15,327.5000
2026-07-16,333.2600
2026-07-17,333.7400
2026-07-20,326.5900
2026-07-21,327.7400
2026-07-22,325.8900
2026-07-23,321.6600
2026-07-24,333.0200
2026-07-27,336.9100
2026-07-28,340.0800
2026-07-29,338.1900
2026-07-30,333.4300
2026-07-31,308.6438
2026-08-03,303.1586
2026-08-04,309.1134
2026-08-05,310.7320
2026-08-06,312.1408
2026-08-07,313.0600
2026-08-10,308.2600
2026-08-11,304.9100
2026-08-12,302.2500
2026-08-13,305.2600
2026-08-14,305.9300
2026-08-17,305.5900
2026-08-18,310.0300
2026-08-19,316.8300
2026-08-20,311.3000
2026-08-21,309.3500
2026-08-24,310.3400
2026-08-25,309.9000
2026-08-26,313.4500
2026-08-27,314.5800
2026-08-28,319.7000
2026-08-31,316.8500
2026-09-01,325.1300
2026-09-02,324.9600
2026-09-03,328.2100
