date,close
2006-07-31,85.3000
2006-08-01,85.0500
2006-08-02,85.0500
2006-08-03,85.0200
2006-08-04,84.5700
2006-08-07,84.7500
2006-08-08,84.6600
2006-08-09,84.7100
2006-08-10,85.0800
2006-08-11,85.5200
2006-08-14,85.6400
2006-08-15,85.2200
2006-08-16,84.8800
2006-08-17,85.0400
2006-08-18,85.0900
2006-08-21,84.6300
2006-08-22,85.1800
2006-08-23,85.1300
2006-08-24,85.2800
2006-08-25,85.3800
2006-08-28,85.2300
2006-08-29,84.9100
2006-08-30,84.9700
2006-08-31,85.0500
2006-09-01,84.9400
2006-09-05,85.0000
2006-09-06,85.1000
2006-09-07,85.5300
2006-09-08,85.9500
2006-09-11,85.9200
2006-09-12,85.9200
2006-09-13,85.8700
2006-09-14,85.6600
2006-09-15,85.9900
2006-09-18,85.8100
2006-09-19,85.9400
2006-09-20,85.8100
2006-09-21,85.1800
2006-09-22,85.2000
2006-09-25,85.2900
2006-09-26,85.6300
2006-09-27,85.6600
2006-09-28,85.7200
2006-09-29,85.9700
2006-10-02,85.5900
2006-10-03,85.7100
2006-10-04,85.8400
2006-10-05,85.9200
2006-10-06,86.4400
2006-10-09,86.5200
2006-10-10,87.0200
2006-10-11,87.1200
2006-10-12,86.9200
2006-10-13,87.1200
2006-10-16,87.0000
2006-10-17,86.8700
2006-10-18,86.8800
2006-10-19,86.2400
2006-10-20,86.2700
2006-10-23,86.7100
2006-10-24,86.6300
2006-10-25,86.3800
2006-10-26,85.8900
2006-10-27,85.5600
2006-10-30,85.5900
2006-10-31,85.3200
2006-11-01,85.3200
2006-11-02,85.3400
2006-11-03,85.7100
2006-11-06,85.7500
2006-11-07,85.4300
2006-11-08,85.4100
2006-11-09,85.1800
2006-11-10,85.0500
2006-11-13,85.3600
2006-11-14,85.2400
2006-11-15,85.3400
2006-11-16,85.5000
2006-11-17,85.3700
2006-11-20,85.4200
2006-11-21,85.2400
2006-11-22,84.6500
2006-11-23,84.4800
2006-11-24,83.7100
2006-11-27,83.5100
2006-11-28,83.2100
2006-11-29,83.4400
2006-11-30,82.9200
2006-12-01,82.4800
2006-12-04,82.4900
2006-12-05,82.4500
2006-12-06,82.7700
2006-12-07,82.8000
2006-12-08,83.3300
2006-12-11,83.1200
2006-12-12,82.9700
2006-12-13,82.9700
2006-12-14,83.6500
2006-12-15,84.0600
2006-12-18,83.9800
2006-12-19,83.4600
2006-12-20,83.5200
2006-12-21,83.5700
2006-12-22,83.9400
2006-12-26,84.0700
2006-12-27,83.9400
2006-12-28,83.8200
2006-12-29,83.7200
2007-01-02,83.2000
2007-01-03,83.9200
2007-01-04,84.3200
2007-01-05,84.6300
2007-01-08,84.6000
2007-01-09,84.7400
2007-01-10,85.0800
2007-01-11,85.3100
2007-01-12,85.0300
2007-01-16,85.0500
2007-01-17,84.9800
2007-01-18,84.9100
2007-01-19,84.8600
2007-01-22,85.0200
2007-01-23,84.6700
2007-01-24,84.9400
2007-01-25,85.1100
2007-01-26,85.2800
2007-01-29,85.1000
2007-01-30,85.0300
2007-01-31,84.6100
2007-02-01,84.6300
2007-02-02,84.9600
2007-02-05,85.0800
2007-02-06,84.7800
2007-02-07,84.7500
2007-02-08,84.7000
2007-02-09,84.8700
2007-02-12,85.1500
2007-02-13,84.7300
2007-02-14,84.2000
2007-02-15,84.0100
2007-02-16,84.0900
2007-02-20,84.1900
2007-02-21,84.2100
2007-02-22,84.3200
2007-02-23,84.0700
2007-02-26,83.9300
2007-02-27,83.4800
2007-02-28,83.5700
2007-03-01,83.6800
2007-03-02,83.7400
2007-03-05,84.1500
2007-03-06,84.0700
2007-03-07,83.7800
2007-03-08,84.1000
2007-03-09,84.2400
2007-03-12,83.8600
2007-03-13,83.7300
2007-03-14,83.6100
2007-03-15,83.6800
2007-03-16,83.2300
2007-03-19,83.3900
2007-03-20,83.1100
2007-03-21,82.7700
2007-03-22,83.0900
2007-03-23,83.2800
2007-03-26,83.0800
2007-03-27,83.0100
2007-03-28,83.0300
2007-03-29,83.0900
2007-03-30,82.9300
2007-04-02,82.8700
2007-04-03,83.1500
2007-04-04,82.9600
2007-04-05,82.6800
2007-04-09,83.1000
2007-04-10,82.7000
2007-04-11,82.6700
2007-04-12,82.3700
2007-04-13,82.1300
2007-04-16,82.0700
2007-04-17,81.8300
2007-04-18,81.7400
2007-04-19,81.6400
2007-04-20,81.6400
2007-04-23,81.7400
2007-04-24,81.5500
2007-04-25,81.4300
2007-04-26,81.7500
2007-04-27,81.5300
2007-04-30,81.4500
2007-05-01,81.6000
2007-05-02,81.7400
2007-05-03,81.9500
2007-05-04,81.7400
2007-05-07,81.6800
2007-05-08,81.9400
2007-05-09,82.0200
2007-05-10,82.2900
2007-05-11,82.1200
2007-05-14,82.0700
2007-05-15,81.7500
2007-05-16,82.1600
2007-05-17,82.3200
2007-05-18,82.2000
2007-05-21,82.3600
2007-05-22,82.3900
2007-05-23,82.3100
2007-05-24,82.4100
2007-05-25,82.3300
2007-05-29,82.3100
2007-05-30,82.4300
2007-05-31,82.3000
2007-06-01,82.3200
2007-06-04,82.0600
2007-06-05,81.8900
2007-06-06,81.9000
2007-06-07,82.2900
2007-06-08,82.6900
2007-06-11,82.7100
2007-06-12,82.8900
2007-06-13,83.0400
2007-06-14,83.1300
2007-06-15,82.8500
2007-06-18,82.7100
2007-06-19,82.5400
2007-06-20,82.5200
2007-06-21,82.7300
2007-06-22,82.3400
2007-06-25,82.3200
2007-06-26,82.2900
2007-06-27,82.3200
2007-06-28,82.3300
2007-06-29,81.9200
2007-07-02,81.3900
2007-07-03,81.4300
2007-07-05,81.5400
2007-07-06,81.4600
2007-07-09,81.4300
2007-07-10,80.8600
2007-07-11,80.7300
2007-07-12,80.6400
2007-07-13,80.5800
2007-07-16,80.5200
2007-07-17,80.5400
2007-07-18,80.4200
2007-07-19,80.4200
2007-07-20,80.2900
2007-07-23,80.3500
2007-07-24,80.0800
2007-07-25,80.6500
2007-07-26,80.4500
2007-07-27,80.9500
2007-07-30,80.8500
2007-07-31,80.7700
2007-08-01,80.8700
2007-08-02,80.7100
2007-08-03,80.1800
2007-08-06,80.2500
2007-08-07,80.4800
2007-08-08,80.3400
2007-08-09,80.7400
2007-08-10,80.6800
2007-08-13,81.0500
2007-08-14,81.4900
2007-08-15,81.8200
2007-08-16,81.7300
2007-08-17,81.4300
2007-08-20,81.4000
2007-08-21,81.4900
2007-08-22,81.2500
2007-08-23,81.1400
2007-08-24,80.6700
2007-08-27,80.7400
2007-08-28,80.7600
2007-08-29,80.7000
2007-08-30,80.7900
2007-08-31,80.7900
2007-09-04,80.8800
2007-09-05,80.6200
2007-09-06,80.4700
2007-09-07,79.9600
2007-09-10,79.8200
2007-09-11,79.7000
2007-09-12,79.3600
2007-09-13,79.5100
2007-09-14,79.6200
2007-09-17,79.7200
2007-09-18,79.2100
2007-09-19,79.3000
2007-09-20,78.5800
2007-09-21,78.6000
2007-09-24,78.5300
2007-09-25,78.3100
2007-09-26,78.4900
2007-09-27,78.3400
2007-09-28,77.7200
2007-10-01,77.9000
2007-10-02,78.3000
2007-10-03,78.5700
2007-10-04,78.4800
2007-10-05,78.3100
2007-10-08,78.6700
2007-10-09,78.5300
2007-10-10,78.3800
2007-10-11,78.0800
2007-10-12,78.2200
2007-10-15,78.0900
2007-10-16,78.2500
2007-10-17,78.1200
2007-10-18,77.5900
2007-10-19,77.4100
2007-10-22,78.0600
2007-10-23,77.5900
2007-10-24,77.5500
2007-10-25,77.2800
2007-10-26,77.0300
2007-10-29,76.8400
2007-10-30,76.7700
2007-10-31,76.4800
2007-11-01,76.5900
2007-11-02,76.3400
2007-11-05,76.4300
2007-11-06,76.0400
2007-11-07,75.4100
2007-11-08,75.4600
2007-11-09,75.4000
2007-11-12,75.9000
2007-11-13,75.8800
2007-11-14,75.8100
2007-11-15,76.0700
2007-11-16,75.8300
2007-11-19,75.7800
2007-11-20,75.2100
2007-11-21,75.0700
2007-11-23,75.0500
2007-11-26,74.8600
2007-11-27,75.1000
2007-11-28,75.0800
2007-11-29,75.5900
2007-11-30,76.1500
2007-12-03,75.9300
2007-12-04,75.6900
2007-12-05,76.4100
2007-12-06,76.3800
2007-12-07,76.2900
2007-12-10,76.0600
2007-12-11,76.2200
2007-12-12,76.1400
2007-12-13,76.5600
2007-12-14,77.4400
2007-12-17,77.4000
2007-12-18,77.4100
2007-12-19,77.5900
2007-12-20,77.7900
2007-12-21,77.7200
2007-12-24,77.5700
2007-12-26,77.1500
2007-12-27,76.6100
2007-12-28,76.2200
2007-12-31,76.7000
2008-01-02,75.9700
2008-01-03,75.8900
2008-01-04,75.7900
2008-01-07,76.1700
2008-01-08,76.1100
2008-01-09,76.4200
2008-01-10,75.9300
2008-01-11,75.9800
2008-01-14,75.6100
2008-01-15,75.5700
2008-01-16,76.2600
2008-01-17,76.1700
2008-01-18,76.3800
2008-01-22,76.3500
2008-01-23,76.4000
2008-01-24,75.6900
2008-01-25,75.9700
2008-01-28,75.5800
2008-01-29,75.5400
2008-01-30,75.0300
2008-01-31,75.1800
2008-02-01,75.4500
2008-02-04,75.3700
2008-02-05,76.1200
2008-02-06,76.1400
2008-02-07,76.9400
2008-02-08,76.6700
2008-02-11,76.5800
2008-02-12,76.3200
2008-02-13,76.4000
2008-02-14,76.1500
2008-02-15,76.1000
2008-02-19,76.0000
2008-02-20,76.1200
2008-02-21,75.6000
2008-02-22,75.5200
2008-02-25,75.5300
2008-02-26,74.7600
2008-02-27,74.2100
2008-02-28,73.7200
2008-02-29,73.7100
2008-03-03,73.7000
2008-03-04,73.6600
2008-03-05,73.4800
2008-03-06,73.0000
2008-03-07,73.0300
2008-03-10,72.9900
2008-03-11,73.2800
2008-03-12,72.4000
2008-03-13,72.0700
2008-03-14,71.6600
2008-03-17,71.4600
2008-03-18,71.5700
2008-03-19,72.1400
2008-03-20,72.7500
2008-03-24,72.9500
2008-03-25,72.2800
2008-03-26,71.5100
2008-03-27,71.6600
2008-03-28,71.6800
2008-03-31,71.8000
2008-04-01,72.5600
2008-04-02,72.2600
2008-04-03,72.2200
2008-04-04,72.0200
2008-04-07,72.2000
2008-04-08,72.2300
2008-04-09,71.8300
2008-04-10,72.1200
2008-04-11,71.8100
2008-04-14,71.8800
2008-04-15,72.0200
2008-04-16,71.4100
2008-04-17,71.6800
2008-04-18,72.0100
2008-04-21,71.6500
2008-04-22,71.3300
2008-04-23,71.8200
2008-04-24,72.5400
2008-04-25,72.7900
2008-04-28,72.7900
2008-04-29,72.8900
2008-04-30,72.5100
2008-05-01,73.2800
2008-05-02,73.5000
2008-05-05,73.1900
2008-05-06,73.0000
2008-05-07,73.5100
2008-05-08,73.4800
2008-05-09,73.0500
2008-05-12,72.9500
2008-05-13,73.2700
2008-05-14,73.4000
2008-05-15,73.3500
2008-05-16,72.8400
2008-05-19,73.0400
2008-05-20,72.4000
2008-05-21,71.9400
2008-05-22,72.2800
2008-05-23,71.8900
2008-05-27,72.3400
2008-05-28,72.5500
2008-05-29,73.0200
2008-05-30,72.8800
2008-06-02,72.9300
2008-06-03,73.2400
2008-06-04,73.4200
2008-06-05,73.0400
2008-06-06,72.3900
2008-06-09,72.8500
2008-06-10,73.7000
2008-06-11,73.2100
2008-06-12,73.8600
2008-06-13,74.1500
2008-06-16,73.6100
2008-06-17,73.5100
2008-06-18,73.4400
2008-06-19,73.4800
2008-06-20,73.0300
2008-06-23,73.4300
2008-06-24,73.2400
2008-06-25,72.9300
2008-06-26,72.4900
2008-06-27,72.3600
2008-06-30,72.4600
2008-07-01,72.3700
2008-07-02,72.0300
2008-07-03,72.7400
2008-07-07,72.6700
2008-07-08,73.0100
2008-07-09,72.5800
2008-07-10,72.4900
2008-07-11,72.1000
2008-07-14,71.9200
2008-07-15,71.8700
2008-07-16,72.0600
2008-07-17,72.2400
2008-07-18,72.1900
2008-07-21,71.9900
2008-07-22,72.4500
2008-07-23,72.8100
2008-07-24,72.9300
2008-07-25,72.8600
2008-07-28,72.6500
2008-07-29,73.3100
2008-07-30,73.3200
2008-07-31,73.2300
2008-08-01,73.4200
2008-08-04,73.4600
2008-08-05,73.8800
2008-08-06,74.2400
2008-08-07,74.5500
2008-08-08,75.8500
2008-08-11,76.1300
2008-08-12,76.1500
2008-08-13,76.2100
2008-08-14,76.6700
2008-08-15,77.1800
2008-08-18,77.1200
2008-08-19,76.8400
2008-08-20,76.9600
2008-08-21,76.2000
2008-08-22,76.8100
2008-08-25,76.7900
2008-08-26,77.2500
2008-08-27,77.0500
2008-08-28,77.1500
2008-08-29,77.3800
2008-09-02,78.0600
2008-09-03,78.0900
2008-09-04,78.6100
2008-09-05,78.9300
2008-09-08,79.5900
2008-09-09,79.2500
2008-09-10,79.8500
2008-09-11,80.1500
2008-09-12,78.9700
2008-09-15,78.9100
2008-09-16,79.0700
2008-09-17,78.1000
2008-09-18,78.0200
2008-09-19,77.6800
2008-09-22,76.1500
2008-09-23,76.4700
2008-09-24,76.7900
2008-09-25,76.9900
2008-09-26,76.9500
2008-09-29,77.4700
2008-09-30,79.4500
2008-10-01,79.4600
2008-10-02,80.4400
2008-10-03,80.3100
2008-10-06,81.6800
2008-10-07,80.9700
2008-10-08,80.9100
2008-10-09,81.1600
2008-10-10,83.0000
2008-10-13,81.8800
2008-10-14,81.3600
2008-10-15,82.0500
2008-10-16,82.4600
2008-10-17,82.4100
2008-10-20,83.1000
2008-10-21,83.9900
2008-10-22,85.3700
2008-10-23,85.3600
2008-10-24,86.4400
2008-10-27,86.9300
2008-10-28,87.0300
2008-10-29,85.0700
2008-10-30,84.5600
2008-10-31,85.6300
2008-11-03,86.3500
2008-11-04,84.7800
2008-11-05,84.6100
2008-11-06,85.8900
2008-11-07,85.9100
2008-11-10,85.9100
2008-11-11,87.0700
2008-11-12,87.4700
2008-11-13,86.9400
2008-11-14,86.3600
2008-11-17,86.8100
2008-11-18,87.3700
2008-11-19,87.3100
2008-11-20,87.9700
2008-11-21,88.1900
2008-11-24,86.0800
2008-11-25,85.0000
2008-11-26,85.6700
2008-11-28,86.5200
2008-12-01,86.7200
2008-12-02,86.7000
2008-12-03,87.0300
2008-12-04,86.4400
2008-12-05,87.1200
2008-12-08,85.5600
2008-12-09,85.8400
2008-12-10,85.4800
2008-12-11,83.8300
2008-12-12,83.6400
2008-12-15,82.2700
2008-12-16,80.6800
2008-12-17,78.9100
2008-12-18,79.4700
2008-12-19,81.3000
2008-12-22,81.0900
2008-12-23,81.2400
2008-12-24,81.2100
2008-12-26,80.8900
2008-12-29,80.6800
2008-12-30,80.9000
2008-12-31,81.3100
2009-01-02,81.8400
2009-01-05,82.6400
2009-01-06,82.8500
2009-01-07,82.2800
2009-01-08,81.5400
2009-01-09,82.6600
2009-01-12,83.0200
2009-01-13,84.2700
2009-01-14,84.4200
2009-01-15,84.4400
2009-01-16,84.2100
2009-01-20,86.2200
2009-01-21,85.8200
2009-01-22,85.5200
2009-01-23,85.6100
2009-01-26,84.7300
2009-01-27,84.4300
2009-01-28,84.6700
2009-01-29,85.2800
2009-01-30,86.0000
2009-02-02,86.0700
2009-02-03,85.0500
2009-02-04,85.7000
2009-02-05,86.0600
2009-02-06,85.3500
2009-02-09,84.7900
2009-02-10,85.8100
2009-02-11,85.7800
2009-02-12,86.5500
2009-02-13,86.0400
2009-02-17,87.5800
2009-02-18,88.0100
2009-02-19,87.4400
2009-02-20,86.4900
2009-02-23,87.2400
2009-02-24,86.8900
2009-02-25,87.9100
2009-02-26,87.7300
2009-02-27,88.0100
2009-03-02,88.9400
2009-03-03,88.9100
2009-03-04,88.5800
2009-03-05,89.1100
2009-03-06,88.5100
2009-03-09,89.0100
2009-03-10,88.9300
2009-03-11,87.8700
2009-03-12,87.6600
2009-03-13,87.4300
2009-03-16,86.9500
2009-03-17,86.9300
2009-03-18,84.6000
2009-03-19,83.1300
2009-03-20,83.8400
2009-03-23,83.4300
2009-03-24,83.8600
2009-03-25,83.8100
2009-03-26,84.1700
2009-03-27,85.1100
2009-03-30,85.8700
2009-03-31,85.4300
2009-04-01,85.5000
2009-04-02,84.4500
2009-04-03,84.1700
2009-04-06,84.5700
2009-04-07,85.2900
2009-04-08,85.3600
2009-04-09,85.7900
2009-04-13,84.6400
2009-04-14,84.6400
2009-04-15,85.0800
2009-04-16,85.2300
2009-04-17,85.9800
2009-04-20,86.6400
2009-04-21,86.5800
2009-04-22,86.1900
2009-04-23,85.5200
2009-04-24,84.7100
2009-04-27,85.7000
2009-04-28,85.1600
2009-04-29,84.4700
2009-04-30,84.6100
2009-05-01,84.5500
2009-05-04,83.9700
2009-05-05,84.1600
2009-05-06,83.8000
2009-05-07,83.9400
2009-05-08,82.5300
2009-05-11,82.6800
2009-05-12,82.3100
2009-05-13,82.5000
2009-05-14,82.2800
2009-05-15,83.0200
2009-05-18,82.6700
2009-05-19,81.9800
2009-05-20,80.9900
2009-05-21,80.5600
2009-05-22,79.9600
2009-05-26,80.1300
2009-05-27,80.3300
2009-05-28,80.4300
2009-05-29,80.4300
2009-06-01,79.1700
2009-06-02,78.4000
2009-06-03,79.5000
2009-06-04,79.4100
2009-06-05,80.6700
2009-06-08,80.9100
2009-06-09,79.7900
2009-06-10,80.3300
2009-06-11,79.4100
2009-06-12,80.1400
2009-06-15,81.1400
2009-06-16,80.7100
2009-06-17,80.1700
2009-06-18,80.6100
2009-06-19,80.2600
2009-06-22,80.7800
2009-06-23,79.8400
2009-06-24,80.5600
2009-06-25,80.4000
2009-06-26,79.8800
2009-06-29,79.8400
2009-06-30,80.1300
2009-07-01,79.6300
2009-07-02,80.1500
2009-07-06,80.4500
2009-07-07,80.6200
2009-07-08,80.7700
2009-07-09,79.8600
2009-07-10,80.2300
2009-07-13,80.1300
2009-07-14,80.1800
2009-07-15,79.3200
2009-07-16,79.2200
2009-07-17,79.3500
2009-07-20,78.9100
2009-07-21,78.9300
2009-07-22,78.7100
2009-07-23,78.8000
2009-07-24,78.7500
2009-07-27,78.6300
2009-07-28,78.8500
2009-07-29,79.6300
2009-07-30,79.2900
2009-07-31,78.3500
2009-08-03,77.6400
2009-08-04,77.7700
2009-08-05,77.5200
2009-08-06,78.0700
2009-08-07,78.9700
2009-08-10,79.2600
2009-08-11,79.1800
2009-08-12,78.7900
2009-08-13,78.4900
2009-08-14,78.8900
2009-08-17,79.2900
2009-08-18,78.9400
2009-08-19,78.4700
2009-08-20,78.3800
2009-08-21,78.0400
2009-08-24,78.2700
2009-08-25,78.2400
2009-08-26,78.6600
2009-08-27,78.0100
2009-08-28,78.3700
2009-08-31,78.1700
2009-09-01,78.7600
2009-09-02,78.3800
2009-09-03,78.4600
2009-09-04,78.1400
2009-09-08,77.3200
2009-09-09,77.0900
2009-09-10,76.8200
2009-09-11,76.6100
2009-09-14,76.7000
2009-09-15,76.5400
2009-09-16,76.2400
2009-09-17,76.1900
2009-09-18,76.4300
2009-09-21,76.7800
2009-09-22,76.1200
2009-09-23,76.0500
2009-09-24,76.9000
2009-09-25,76.8100
2009-09-28,77.0500
2009-09-29,77.1200
2009-09-30,76.6500
2009-10-01,77.1900
2009-10-02,77.0000
2009-10-05,76.6400
2009-10-06,76.3400
2009-10-07,76.4900
2009-10-08,75.9700
2009-10-09,76.4300
2009-10-12,76.1300
2009-10-13,75.9800
2009-10-14,75.5500
2009-10-15,75.4800
2009-10-16,75.6000
2009-10-19,75.5100
2009-10-20,75.5700
2009-10-21,74.9700
2009-10-22,75.0900
2009-10-23,75.4700
2009-10-26,76.0600
2009-10-27,76.1400
2009-10-28,76.4300
2009-10-29,75.9200
2009-10-30,76.3000
2009-11-02,76.2900
2009-11-03,76.3900
2009-11-04,75.6400
2009-11-05,75.7400
2009-11-06,75.8200
2009-11-09,75.0300
2009-11-10,75.0200
2009-11-11,75.1600
2009-11-12,75.6000
2009-11-13,75.3300
2009-11-16,74.9100
2009-11-17,75.3700
2009-11-18,75.1800
2009-11-19,75.2900
2009-11-20,75.6600
2009-11-23,75.0900
2009-11-24,75.0700
2009-11-25,74.2700
2009-11-27,75.0000
2009-11-30,74.8800
2009-12-01,74.3600
2009-12-02,74.6700
2009-12-03,74.6300
2009-12-04,75.9100
2009-12-07,75.7700
2009-12-08,76.3100
2009-12-09,76.0400
2009-12-10,76.0400
2009-12-11,76.5700
2009-12-14,76.3500
2009-12-15,76.9600
2009-12-16,77.0000
2009-12-17,77.6900
2009-12-18,77.8200
2009-12-21,78.0400
2009-12-22,78.2500
2009-12-23,77.9000
2009-12-24,77.8400
2009-12-28,77.6300
2009-12-29,77.8300
2009-12-30,77.9100
2009-12-31,77.8600
2010-01-04,77.5300
2010-01-05,77.6200
2010-01-06,77.4900
2010-01-07,77.9100
2010-01-08,77.4700
2010-01-11,77.0000
2010-01-12,76.9500
2010-01-13,76.8500
2010-01-14,76.7300
2010-01-15,77.3200
2010-01-19,77.5000
2010-01-20,78.3400
2010-01-21,78.3200
2010-01-22,78.2800
2010-01-25,78.1900
2010-01-26,78.4300
2010-01-27,78.6800
2010-01-28,78.9000
2010-01-29,79.4600
2010-02-01,79.2400
2010-02-02,79.0100
2010-02-03,79.3700
2010-02-04,79.9200
2010-02-05,80.4400
2010-02-08,80.3000
2010-02-09,79.8600
2010-02-10,80.0300
2010-02-11,79.9900
2010-02-12,80.3200
2010-02-16,79.7000
2010-02-17,80.3800
2010-02-18,80.4000
2010-02-19,80.6400
2010-02-22,80.5100
2010-02-23,80.8500
2010-02-24,80.8500
2010-02-25,80.7900
2010-02-26,80.3600
2010-03-01,80.6600
2010-03-02,80.5200
2010-03-03,79.9800
2010-03-04,80.5600
2010-03-05,80.4300
2010-03-08,80.4300
2010-03-09,80.5900
2010-03-10,80.4500
2010-03-11,80.3200
2010-03-12,79.8300
2010-03-15,80.2500
2010-03-16,79.7500
2010-03-17,79.6400
2010-03-18,80.2200
2010-03-19,80.7200
2010-03-22,80.6500
2010-03-23,80.9000
2010-03-24,81.8400
2010-03-25,82.1200
2010-03-26,81.6800
2010-03-29,81.3600
2010-03-30,81.4700
2010-03-31,81.0700
2010-04-01,80.7800
2010-04-05,81.0900
2010-04-06,81.3900
2010-04-07,81.4400
2010-04-08,81.5300
2010-04-09,81.0900
2010-04-12,80.5600
2010-04-13,80.5100
2010-04-14,80.1900
2010-04-15,80.4800
2010-04-16,80.8200
2010-04-19,81.0000
2010-04-20,81.0500
2010-04-21,81.1600
2010-04-22,81.5700
2010-04-23,81.3500
2010-04-26,81.4800
2010-04-27,82.1500
2010-04-28,82.3800
2010-04-29,82.0000
2010-04-30,81.8700
2010-05-03,82.2700
2010-05-04,83.3000
2010-05-05,84.0800
2010-05-06,84.8900
2010-05-07,84.4500
2010-05-10,84.1600
2010-05-11,84.4700
2010-05-12,84.8300
2010-05-13,85.2100
2010-05-14,86.1000
2010-05-17,86.2100
2010-05-18,87.1600
2010-05-19,86.3900
2010-05-20,85.5700
2010-05-21,85.3700
2010-05-24,86.2100
2010-05-25,86.7800
2010-05-26,87.1200
2010-05-27,86.1800
2010-05-28,86.4800
2010-06-01,86.6400
2010-06-02,86.7900
2010-06-03,87.1400
2010-06-04,88.2300
2010-06-07,88.4000
2010-06-08,88.3900
2010-06-09,87.9000
2010-06-10,87.1700
2010-06-11,87.5100
2010-06-14,86.5100
2010-06-15,85.9800
2010-06-16,86.0800
2010-06-17,85.6900
2010-06-18,85.7000
2010-06-21,85.9300
2010-06-22,86.1100
2010-06-23,85.7400
2010-06-24,85.7300
2010-06-25,85.3100
2010-06-28,85.6500
2010-06-29,86.0300
2010-06-30,86.0200
2010-07-01,84.7200
2010-07-02,84.4300
2010-07-06,84.0800
2010-07-07,83.8200
2010-07-08,83.8200
2010-07-09,83.9500
2010-07-12,84.2000
2010-07-13,83.6400
2010-07-14,83.4300
2010-07-15,82.5600
2010-07-16,82.4900
2010-07-19,82.5100
2010-07-20,82.7500
2010-07-21,83.3900
2010-07-22,82.6000
2010-07-23,82.4600
2010-07-26,82.0900
2010-07-27,82.1800
2010-07-28,82.1800
2010-07-29,81.6400
2010-07-30,81.5400
2010-08-02,80.9400
2010-08-03,80.6000
2010-08-04,80.8900
2010-08-05,80.8200
2010-08-06,80.4100
2010-08-09,80.7100
2010-08-10,80.8000
2010-08-11,82.2900
2010-08-12,82.6400
2010-08-13,82.9500
2010-08-16,82.5300
2010-08-17,82.2300
2010-08-18,82.2200
2010-08-19,82.4500
2010-08-20,83.0600
2010-08-23,83.1200
2010-08-24,83.1500
2010-08-25,83.2600
2010-08-26,82.9300
2010-08-27,82.9200
2010-08-30,83.1600
2010-08-31,83.2000
2010-09-01,82.5200
2010-09-02,82.4600
2010-09-03,83.1000
2010-09-07,82.8200
2010-09-08,82.5900
2010-09-09,82.6700
2010-09-10,82.7000
2010-09-13,81.9100
2010-09-14,81.0800
2010-09-15,81.4900
2010-09-16,81.2400
2010-09-17,81.4000
2010-09-20,81.3400
2010-09-21,80.4400
2010-09-22,79.8300
2010-09-23,80.0100
2010-09-24,79.3900
2010-09-27,79.3400
2010-09-28,79.0100
2010-09-29,78.6900
2010-09-30,78.7200
2010-10-01,78.0900
2010-10-04,78.4500
2010-10-05,77.7500
2010-10-06,77.3900
2010-10-07,77.3900
2010-10-08,77.3200
2010-10-11,77.4400
2010-10-12,77.3600
2010-10-13,77.0700
2010-10-14,76.6500
2010-10-15,77.0400
2010-10-18,76.9300
2010-10-19,78.1800
2010-10-20,77.1700
2010-10-21,77.4200
2010-10-22,77.4700
2010-10-25,77.1000
2010-10-26,77.7100
2010-10-27,78.1500
2010-10-28,77.3100
2010-10-29,77.2700
2010-11-01,77.3000
2010-11-02,76.7200
2010-11-03,76.4800
2010-11-04,75.8800
2010-11-05,76.5500
2010-11-08,77.0300
2010-11-09,77.4400
2010-11-10,77.6300
2010-11-11,78.2200
2010-11-12,78.0800
2010-11-15,78.5200
2010-11-16,79.2100
2010-11-17,79.0800
2010-11-18,78.6200
2010-11-19,78.5000
2010-11-22,78.6800
2010-11-23,79.6800
2010-11-24,79.8700
2010-11-26,80.3600
2010-11-29,80.8400
2010-11-30,81.2000
2010-12-01,80.7100
2010-12-02,80.3000
2010-12-03,79.3800
2010-12-06,79.5700
2010-12-07,79.8600
2010-12-08,80.0000
2010-12-09,80.0700
2010-12-10,80.0700
2010-12-13,79.2800
2010-12-14,79.3700
2010-12-15,80.2600
2010-12-16,80.1800
2010-12-17,80.3700
2010-12-20,80.6300
2010-12-21,80.7200
2010-12-22,80.7300
2010-12-23,80.5000
2010-12-27,80.3700
2010-12-28,80.3600
2010-12-29,79.8000
2010-12-30,79.5200
2010-12-31,79.0300
2011-01-03,79.1300
2011-01-04,79.4400
2011-01-05,80.2600
2011-01-06,80.7900
2011-01-07,81.0100
2011-01-10,80.8800
2011-01-11,80.8500
2011-01-12,80.0300
2011-01-13,79.1900
2011-01-14,79.1600
2011-01-18,78.9600
2011-01-19,78.6400
2011-01-20,78.8200
2011-01-21,78.2100
2011-01-24,78.0500
2011-01-25,78.0000
2011-01-26,77.9000
2011-01-27,77.7300
2011-01-28,78.1300
2011-01-31,77.7400
2011-02-01,77.0700
2011-02-02,77.1600
2011-02-03,77.7500
2011-02-04,78.0400
2011-02-07,78.0300
2011-02-08,78.0000
2011-02-09,77.6400
2011-02-10,78.2500
2011-02-11,78.4600
2011-02-14,78.6100
2011-02-15,78.5700
2011-02-16,78.2200
2011-02-17,78.0000
2011-02-18,77.6600
2011-02-22,77.7700
2011-02-23,77.4100
2011-02-24,77.0600
2011-02-25,77.2800
2011-02-28,76.8900
2011-03-01,77.0500
2011-03-02,76.6700
2011-03-03,76.4800
2011-03-04,76.4000
2011-03-07,76.5000
2011-03-08,76.8000
2011-03-09,76.7200
2011-03-10,77.2800
2011-03-11,76.7800
2011-03-14,76.3500
2011-03-15,76.3300
2011-03-16,76.6800
2011-03-17,76.0400
2011-03-18,75.7200
2011-03-21,75.4000
2011-03-22,75.4300
2011-03-23,75.7900
2011-03-24,75.6600
2011-03-25,76.2200
2011-03-28,76.1300
2011-03-29,76.2500
2011-03-30,76.1200
2011-03-31,75.8600
2011-04-01,75.8300
2011-04-04,75.9100
2011-04-05,75.8800
2011-04-06,75.5100
2011-04-07,75.5900
2011-04-08,75.0700
2011-04-11,75.0600
2011-04-12,74.8500
2011-04-13,74.9800
2011-04-14,74.6800
2011-04-15,74.8300
2011-04-18,75.5000
2011-04-19,75.0300
2011-04-20,74.3700
2011-04-21,74.0000
2011-04-25,73.9900
2011-04-26,73.8400
2011-04-27,73.5200
2011-04-28,73.1200
2011-04-29,72.9300
2011-05-02,72.9500
2011-05-03,73.1400
2011-05-04,73.0300
2011-05-05,74.1900
2011-05-06,74.8400
2011-05-09,74.7400
2011-05-10,74.6100
2011-05-11,75.3300
2011-05-12,75.2400
2011-05-13,75.7600
2011-05-16,75.4700
2011-05-17,75.4000
2011-05-18,75.4700
2011-05-19,75.1200
2011-05-20,75.4300
2011-05-23,76.1000
2011-05-24,75.8800
2011-05-25,75.9300
2011-05-26,75.5500
2011-05-27,74.9500
2011-05-31,74.6400
2011-06-01,74.6800
2011-06-02,74.3300
2011-06-03,73.7800
2011-06-06,73.9500
2011-06-07,73.5200
2011-06-08,73.9300
2011-06-09,74.1900
2011-06-10,74.7900
2011-06-13,74.5100
2011-06-14,74.3300
2011-06-15,75.6000
2011-06-16,75.7500
2011-06-17,74.9900
2011-06-20,75.0300
2011-06-21,74.5400
2011-06-22,74.7800
2011-06-23,75.4500
2011-06-24,75.6700
2011-06-27,75.3900
2011-06-28,75.0600
2011-06-29,74.6900
2011-06-30,74.3000
2011-07-01,74.3500
2011-07-05,74.6900
2011-07-06,75.1200
2011-07-07,74.9600
2011-07-08,75.1800
2011-07-11,75.9900
2011-07-12,75.8100
2011-07-13,75.2100
2011-07-14,75.2500
2011-07-15,75.1300
2011-07-18,75.4800
2011-07-19,75.2200
2011-07-20,74.7900
2011-07-21,74.0200
2011-07-22,74.2000
2011-07-25,74.0600
2011-07-26,73.4700
2011-07-27,74.0900
2011-07-28,74.2200
2011-07-29,73.9000
2011-08-01,74.2600
2011-08-02,74.5100
2011-08-03,74.0400
2011-08-04,75.1200
2011-08-05,74.6000
2011-08-08,74.7900
2011-08-09,74.6100
2011-08-10,74.6400
2011-08-11,74.6800
2011-08-12,74.6100
2011-08-15,73.8400
2011-08-16,74.0100
2011-08-17,73.6700
2011-08-18,74.2400
2011-08-19,73.9900
2011-08-22,74.0700
2011-08-23,73.8700
2011-08-24,74.0100
2011-08-25,74.2800
2011-08-26,73.8100
2011-08-29,73.7200
2011-08-30,73.9400
2011-08-31,74.1300
2011-09-01,74.4800
2011-09-02,74.7500
2011-09-06,75.9200
2011-09-07,75.4600
2011-09-08,76.2400
2011-09-09,77.1900
2011-09-12,77.5700
2011-09-13,76.9100
2011-09-14,76.8300
2011-09-15,76.2400
2011-09-16,76.5800
2011-09-19,77.3900
2011-09-20,77.0300
2011-09-21,77.3400
2011-09-22,78.3800
2011-09-23,78.3000
2011-09-26,78.3600
2011-09-27,77.5100
2011-09-28,77.8500
2011-09-29,77.9200
2011-09-30,78.5500
2011-10-03,79.4500
2011-10-04,79.6000
2011-10-05,78.9100
2011-10-06,78.5300
2011-10-07,78.7200
2011-10-10,77.6000
2011-10-11,77.5800
2011-10-12,76.9900
2011-10-13,76.9900
2011-10-14,76.6200
2011-10-17,77.1400
2011-10-18,77.1300
2011-10-19,77.1100
2011-10-20,76.9700
2011-10-21,76.3000
2011-10-24,76.0200
2011-10-25,76.2500
2011-10-26,76.2000
2011-10-27,74.8700
2011-10-28,75.0900
2011-10-31,76.1700
2011-11-01,77.2600
2011-11-02,77.0100
2011-11-03,76.6700
2011-11-04,76.9100
2011-11-07,76.9600
2011-11-08,76.6700
2011-11-09,77.9300
2011-11-10,77.6400
2011-11-11,76.9400
2011-11-14,77.5600
2011-11-15,77.8800
2011-11-16,78.1600
2011-11-17,78.2900
2011-11-18,78.0200
2011-11-21,78.3000
2011-11-22,78.2300
2011-11-23,79.0000
2011-11-25,79.6100
2011-11-28,79.2900
2011-11-29,79.0000
2011-11-30,78.3900
2011-12-01,78.3200
2011-12-02,78.6300
2011-12-05,78.6100
2011-12-06,78.5100
2011-12-07,78.4800
2011-12-08,78.8100
2011-12-09,78.6300
2011-12-12,79.5700
2011-12-13,80.2500
2011-12-14,80.5300
2011-12-15,80.2400
2011-12-16,80.2500
2011-12-19,80.2500
2011-12-20,79.8800
2011-12-21,80.0200
2011-12-22,79.9200
2011-12-23,80.0100
2011-12-27,79.7900
2011-12-28,80.4900
2011-12-29,80.4800
2011-12-30,80.1700
2012-01-03,79.6100
2012-01-04,80.0900
2012-01-05,80.9400
2012-01-06,81.2400
2012-01-09,81.0500
2012-01-10,80.8000
2012-01-11,81.3500
2012-01-12,80.7700
2012-01-13,81.4300
2012-01-17,81.1800
2012-01-18,80.6000
2012-01-19,80.2100
2012-01-20,80.2200
2012-01-23,79.6900
2012-01-24,79.8600
2012-01-25,79.5700
2012-01-26,79.4100
2012-01-27,78.9000
2012-01-30,79.1600
2012-01-31,79.2800
2012-02-01,78.9200
2012-02-02,78.9700
2012-02-03,78.9400
2012-02-06,79.0900
2012-02-07,78.5700
2012-02-08,78.6400
2012-02-09,78.5600
2012-02-10,79.1100
2012-02-13,78.9400
2012-02-14,79.5800
2012-02-15,79.6700
2012-02-16,79.3400
2012-02-17,79.3300
2012-02-21,79.0400
2012-02-22,79.2100
2012-02-23,78.8100
2012-02-24,78.3500
2012-02-27,78.5600
2012-02-28,78.2700
2012-02-29,78.7300
2012-03-01,78.7800
2012-03-02,79.4000
2012-03-05,79.3200
2012-03-06,79.8600
2012-03-07,79.7100
2012-03-08,79.1600
2012-03-09,80.0400
2012-03-12,79.8700
2012-03-13,80.1900
2012-03-14,80.5600
2012-03-15,80.1500
2012-03-16,79.7800
2012-03-19,79.4500
2012-03-20,79.5900
2012-03-21,79.6300
2012-03-22,79.7400
2012-03-23,79.3400
2012-03-26,78.9300
2012-03-27,79.0400
2012-03-28,79.1600
2012-03-29,79.1800
2012-03-30,78.9300
2012-04-02,78.8200
2012-04-03,79.4800
2012-04-04,79.7600
2012-04-05,80.0700
2012-04-09,79.7300
2012-04-10,79.8900
2012-04-11,79.7800
2012-04-12,79.2800
2012-04-13,79.8800
2012-04-16,79.5500
2012-04-17,79.4700
2012-04-18,79.5300
2012-04-19,79.5600
2012-04-20,79.1800
2012-04-23,79.4200
2012-04-24,79.2200
2012-04-25,79.0100
2012-04-26,78.9100
2012-04-27,78.7000
2012-04-30,78.7900
2012-05-01,78.8600
2012-05-02,79.1300
2012-05-03,79.2200
2012-05-04,79.4700
2012-05-07,79.6000
2012-05-08,79.7300
2012-05-09,80.0800
2012-05-10,80.1100
2012-05-11,80.2800
2012-05-14,80.6000
2012-05-15,81.2200
2012-05-16,81.3700
2012-05-17,81.3800
2012-05-18,81.2900
2012-05-21,81.0800
2012-05-22,81.6700
2012-05-23,82.0900
2012-05-24,82.2900
2012-05-25,82.4000
2012-05-29,82.4400
2012-05-30,83.0100
2012-05-31,83.0400
2012-06-01,82.8900
2012-06-04,82.5500
2012-06-05,82.8000
2012-06-06,82.3200
2012-06-07,82.0500
2012-06-08,82.5100
2012-06-11,82.5100
2012-06-12,82.4100
2012-06-13,82.0500
2012-06-14,81.9000
2012-06-15,81.5900
2012-06-18,81.9400
2012-06-19,81.3700
2012-06-20,81.4900
2012-06-21,82.3200
2012-06-22,82.2200
2012-06-25,82.4600
2012-06-26,82.3700
2012-06-27,82.5600
2012-06-28,82.6700
2012-06-29,81.6500
2012-07-02,81.8700
2012-07-03,81.7800
2012-07-05,82.8100
2012-07-06,83.2900
2012-07-09,83.1600
2012-07-10,83.3600
2012-07-11,83.5700
2012-07-12,83.6500
2012-07-13,83.3000
2012-07-16,83.0900
2012-07-17,83.0300
2012-07-18,82.9500
2012-07-19,82.9000
2012-07-20,83.4700
2012-07-23,83.7100
2012-07-24,84.0100
2012-07-25,83.5200
2012-07-26,82.8100
2012-07-27,82.7100
2012-07-30,82.7900
2012-07-31,82.6400
2012-08-01,83.0600
2012-08-02,83.3300
2012-08-03,82.3800
2012-08-06,82.2700
2012-08-07,82.2100
2012-08-08,82.3900
2012-08-09,82.6400
2012-08-10,82.5500
2012-08-13,82.4400
2012-08-14,82.4800
2012-08-15,82.6500
2012-08-16,82.3600
2012-08-17,82.6000
2012-08-20,82.4600
2012-08-21,81.9100
2012-08-22,81.4900
2012-08-23,81.3600
2012-08-24,81.5900
2012-08-27,81.6600
2012-08-28,81.3700
2012-08-29,81.5500
2012-08-30,81.6800
2012-08-31,81.2500
2012-09-04,81.3200
2012-09-05,81.2400
2012-09-06,81.0800
2012-09-07,80.2500
2012-09-10,80.3600
2012-09-11,79.8600
2012-09-12,79.7400
2012-09-13,79.2600
2012-09-14,78.8500
2012-09-17,79.0100
2012-09-18,79.2500
2012-09-19,79.0600
2012-09-20,79.4100
2012-09-21,79.3300
2012-09-24,79.5200
2012-09-25,79.5500
2012-09-26,79.8900
2012-09-27,79.5500
2012-09-28,79.9400
2012-10-01,79.8200
2012-10-02,79.7400
2012-10-03,79.9700
2012-10-04,79.3500
2012-10-05,79.3400
2012-10-08,79.5400
2012-10-09,79.9500
2012-10-10,79.9200
2012-10-11,79.7800
2012-10-12,79.6900
2012-10-15,79.7400
2012-10-16,79.3700
2012-10-17,79.0200
2012-10-18,79.3700
2012-10-19,79.6400
2012-10-22,79.6500
2012-10-23,79.9800
2012-10-24,79.9700
2012-10-25,80.0400
2012-10-26,80.0700
2012-10-31,79.9200
2012-11-01,80.0500
2012-11-02,80.5900
2012-11-05,80.7500
2012-11-06,80.6100
2012-11-07,80.7600
2012-11-08,80.7900
2012-11-09,81.0300
2012-11-12,81.0400
2012-11-13,81.0800
2012-11-14,81.0600
2012-11-15,81.0800
2012-11-16,81.2600
2012-11-19,80.8700
2012-11-20,80.9600
2012-11-21,80.9300
2012-11-23,80.1900
2012-11-26,80.2500
2012-11-27,80.4000
2012-11-28,80.3400
2012-11-29,80.2000
2012-11-30,80.1500
2012-12-03,79.8800
2012-12-04,79.6400
2012-12-05,79.7700
2012-12-06,80.2600
2012-12-07,80.4200
2012-12-10,80.3300
2012-12-11,80.0600
2012-12-12,79.8900
2012-12-13,79.9300
2012-12-14,79.6000
2012-12-17,79.5700
2012-12-18,79.3600
2012-12-19,79.2500
2012-12-20,79.2600
2012-12-21,79.6200
2012-12-24,79.6400
2012-12-26,79.6200
2012-12-27,79.6200
2012-12-28,79.6800
2012-12-31,79.7700
2013-01-02,79.8500
2013-01-03,80.4300
2013-01-04,80.5000
2013-01-07,80.2600
2013-01-08,80.3500
2013-01-09,80.5600
2013-01-10,79.7400
2013-01-11,79.5600
2013-01-14,79.4900
2013-01-15,79.7800
2013-01-16,79.8000
2013-01-17,79.6500
2013-01-18,80.0500
2013-01-22,79.8700
2013-01-23,79.9200
2013-01-24,79.9500
2013-01-25,79.7500
2013-01-28,79.7800
2013-01-29,79.5600
2013-01-30,79.2800
2013-01-31,79.2100
2013-02-01,79.1300
2013-02-04,79.5500
2013-02-05,79.4900
2013-02-06,79.7200
2013-02-07,80.1900
2013-02-08,80.2500
2013-02-11,80.3100
2013-02-12,80.1100
2013-02-13,80.0900
2013-02-14,80.4600
2013-02-15,80.5800
2013-02-19,80.4700
2013-02-20,81.0900
2013-02-21,81.4600
2013-02-22,81.4800
2013-02-25,81.6700
2013-02-26,81.8700
2013-02-27,81.6000
2013-02-28,81.9800
2013-03-01,82.3100
2013-03-04,82.2200
2013-03-05,82.0900
2013-03-06,82.4600
2013-03-07,82.0800
2013-03-08,82.7000
2013-03-11,82.5700
2013-03-12,82.5800
2013-03-13,82.8900
2013-03-14,82.6100
2013-03-15,82.2600
2013-03-18,82.6900
2013-03-19,82.9900
2013-03-20,82.7800
2013-03-21,82.8000
2013-03-22,82.5300
2013-03-25,82.8700
2013-03-26,82.8800
2013-03-27,83.2100
2013-03-28,82.9900
2013-04-01,82.7300
2013-04-02,82.9400
2013-04-03,82.7200
2013-04-04,82.6800
2013-04-05,82.5000
2013-04-08,82.7500
2013-04-09,82.3100
2013-04-10,82.5300
2013-04-11,82.2500
2013-04-12,82.3100
2013-04-15,82.4200
2013-04-16,81.7500
2013-04-17,82.6600
2013-04-18,82.5500
2013-04-19,82.7100
2013-04-22,82.6800
2013-04-23,83.0300
2013-04-24,82.9300
2013-04-25,82.7400
2013-04-26,82.4800
2013-04-29,82.1500
2013-04-30,81.7300
2013-05-01,81.6400
2013-05-02,82.2100
2013-05-03,82.1000
2013-05-06,82.3200
2013-05-07,82.3000
2013-05-08,81.9000
2013-05-09,82.7900
2013-05-10,83.1400
2013-05-13,83.2600
2013-05-14,83.5700
2013-05-15,83.8300
2013-05-16,83.7700
2013-05-17,84.2800
2013-05-20,83.8100
2013-05-21,83.8600
2013-05-22,84.2500
2013-05-23,83.8000
2013-05-24,83.7000
2013-05-28,84.1400
2013-05-29,83.6400
2013-05-30,83.0100
2013-05-31,83.3800
2013-06-03,82.6800
2013-06-04,82.7700
2013-06-05,82.5700
2013-06-06,81.5200
2013-06-07,81.6900
2013-06-10,81.6500
2013-06-11,81.0600
2013-06-12,80.9600
2013-06-13,80.6200
2013-06-14,80.6700
2013-06-17,80.5700
2013-06-18,80.6200
2013-06-19,81.4300
2013-06-20,81.8400
2013-06-21,82.3200
2013-06-24,82.4300
2013-06-25,82.5800
2013-06-26,82.9500
2013-06-27,82.9100
2013-06-28,83.1700
2013-07-01,82.9800
2013-07-02,83.5400
2013-07-03,83.2300
2013-07-05,84.4200
2013-07-08,84.2000
2013-07-09,84.5800
2013-07-10,84.0400
2013-07-11,82.7500
2013-07-12,82.9900
2013-07-15,83.0400
2013-07-16,82.4300
2013-07-17,82.7100
2013-07-18,82.8200
2013-07-19,82.5800
2013-07-22,82.2200
2013-07-23,82.0100
2013-07-24,82.3000
2013-07-25,81.9700
2013-07-26,81.6200
2013-07-29,81.6600
2013-07-30,81.8300
2013-07-31,81.4500
2013-08-01,82.3400
2013-08-02,81.9100
2013-08-05,81.8800
2013-08-06,81.6000
2013-08-07,81.2900
2013-08-08,81.0100
2013-08-09,81.1300
2013-08-12,81.3300
2013-08-13,81.7300
2013-08-14,81.7000
2013-08-15,81.1300
2013-08-16,81.2600
2013-08-19,81.2300
2013-08-20,80.9100
2013-08-21,81.3200
2013-08-22,81.4900
2013-08-23,81.3400
2013-08-26,81.3700
2013-08-27,81.1700
2013-08-28,81.4200
2013-08-29,81.9500
2013-08-30,82.0900
2013-09-03,82.3600
2013-09-04,82.1700
2013-09-05,82.6300
2013-09-06,82.1500
2013-09-09,81.7900
2013-09-10,81.8200
2013-09-11,81.5200
2013-09-12,81.4900
2013-09-13,81.4500
2013-09-16,81.2500
2013-09-17,81.1700
2013-09-18,80.2400
2013-09-19,80.3600
2013-09-20,80.4400
2013-09-23,80.4500
2013-09-24,80.5600
2013-09-25,80.3300
2013-09-26,80.5200
2013-09-27,80.2700
2013-09-30,80.2200
2013-10-01,80.1000
2013-10-02,79.8800
2013-10-03,79.7700
2013-10-04,80.1200
2013-10-07,79.9400
2013-10-08,80.0600
2013-10-09,80.3700
2013-10-10,80.4200
2013-10-11,80.3600
2013-10-14,80.2600
2013-10-15,80.4800
2013-10-16,80.5000
2013-10-17,79.6500
2013-10-18,79.6400
2013-10-21,79.6800
2013-10-22,79.2400
2013-10-23,79.2600
2013-10-24,79.1900
2013-10-25,79.1800
2013-10-28,79.2500
2013-10-29,79.6300
2013-10-30,79.7500
2013-10-31,80.2000
2013-11-01,80.7300
2013-11-04,80.5500
2013-11-05,80.7100
2013-11-06,80.4800
2013-11-07,80.8200
2013-11-08,81.2100
2013-11-11,81.0900
2013-11-12,81.1900
2013-11-13,80.9300
2013-11-14,80.9800
2013-11-15,80.8400
2013-11-18,80.8300
2013-11-19,80.7000
2013-11-20,81.1100
2013-11-21,81.0500
2013-11-22,80.7100
2013-11-25,80.9200
2013-11-26,80.6100
2013-11-27,80.7400
2013-11-29,80.6800
2013-12-02,80.9100
2013-12-03,80.6200
2013-12-04,80.6300
2013-12-05,80.2700
2013-12-06,80.2700
2013-12-09,80.1300
2013-12-10,79.9700
2013-12-11,79.8900
2013-12-12,80.2000
2013-12-13,80.2100
2013-12-16,80.0700
2013-12-17,80.0600
2013-12-18,80.1100
2013-12-19,80.6300
2013-12-20,80.5800
2013-12-23,80.4500
2013-12-24,80.5300
2013-12-26,80.4800
2013-12-27,80.3900
2013-12-30,80.0000
2013-12-31,80.0400
2014-01-02,80.6300
2014-01-03,80.7900
2014-01-06,80.6500
2014-01-07,80.8300
2014-01-08,81.0400
2014-01-09,81.0100
2014-01-10,80.6600
2014-01-13,80.5100
2014-01-14,80.6100
2014-01-15,81.0000
2014-01-16,80.9000
2014-01-17,81.2600
2014-01-21,81.1000
2014-01-22,81.1700
2014-01-23,80.4400
2014-01-24,80.4600
2014-01-27,80.5000
2014-01-28,80.5700
2014-01-29,80.5100
2014-01-30,81.0900
2014-01-31,81.2700
2014-02-03,81.0100
2014-02-04,81.1200
2014-02-05,81.0300
2014-02-06,80.8900
2014-02-07,80.6900
2014-02-10,80.6700
2014-02-11,80.6300
2014-02-12,80.6800
2014-02-13,80.2900
2014-02-14,80.1300
2014-02-18,80.0100
2014-02-19,80.1700
2014-02-20,80.2900
2014-02-21,80.2400
2014-02-24,80.2100
2014-02-25,80.1500
2014-02-26,80.4100
2014-02-27,80.2900
2014-02-28,79.7800
2014-03-03,80.0700
2014-03-04,80.1600
2014-03-05,80.1100
2014-03-06,79.6800
2014-03-07,79.7200
2014-03-10,79.7500
2014-03-11,79.7700
2014-03-12,79.6100
2014-03-13,79.6200
2014-03-14,79.4400
2014-03-17,79.3900
2014-03-18,79.4100
2014-03-19,79.9900
2014-03-20,80.2100
2014-03-21,80.1100
2014-03-24,79.9300
2014-03-25,79.9400
2014-03-26,79.9800
2014-03-27,80.1100
2014-03-28,80.1800
2014-03-31,80.1000
2014-04-01,80.0800
2014-04-02,80.2200
2014-04-03,80.4700
2014-04-04,80.4200
2014-04-07,80.2200
2014-04-08,79.7500
2014-04-09,79.4800
2014-04-10,79.3800
2014-04-11,79.4500
2014-04-14,79.7300
2014-04-15,79.8000
2014-04-16,79.8200
2014-04-17,79.8300
2014-04-21,79.9500
2014-04-22,79.9100
2014-04-23,79.8600
2014-04-24,79.8000
2014-04-25,79.7700
2014-04-28,79.6800
2014-04-29,79.8100
2014-04-30,79.4900
2014-05-01,79.5300
2014-05-02,79.5200
2014-05-05,79.4900
2014-05-06,79.1400
2014-05-07,79.2200
2014-05-08,79.4300
2014-05-09,79.9000
2014-05-12,79.9000
2014-05-13,80.1400
2014-05-14,80.0700
2014-05-15,80.0000
2014-05-16,80.0400
2014-05-19,79.9900
2014-05-20,80.0400
2014-05-21,80.1000
2014-05-22,80.2500
2014-05-23,80.3900
2014-05-27,80.3500
2014-05-28,80.5700
2014-05-29,80.4900
2014-05-30,80.3700
2014-06-02,80.6400
2014-06-03,80.5500
2014-06-04,80.6700
2014-06-05,80.3700
2014-06-06,80.4100
2014-06-09,80.6500
2014-06-10,80.8200
2014-06-11,80.7900
2014-06-12,80.5800
2014-06-13,80.5800
2014-06-16,80.4700
2014-06-17,80.6300
2014-06-18,80.5800
2014-06-19,80.3200
2014-06-20,80.3700
2014-06-23,80.2600
2014-06-24,80.3300
2014-06-25,80.2200
2014-06-26,80.2300
2014-06-27,80.0400
2014-06-30,79.7800
2014-07-01,79.8200
2014-07-02,79.9600
2014-07-03,80.2100
2014-07-07,80.2200
2014-07-08,80.1800
2014-07-09,79.9900
2014-07-10,80.1300
2014-07-11,80.1900
2014-07-14,80.1900
2014-07-15,80.3900
2014-07-16,80.5600
2014-07-17,80.5200
2014-07-18,80.5200
2014-07-21,80.5600
2014-07-22,80.7800
2014-07-23,80.8100
2014-07-24,80.8700
2014-07-25,81.0300
2014-07-28,81.0300
2014-07-29,81.2100
2014-07-30,81.4200
2014-07-31,81.4600
2014-08-01,81.3000
2014-08-04,81.3300
2014-08-05,81.5200
2014-08-06,81.4400
2014-08-07,81.5200
2014-08-08,81.3900
2014-08-11,81.4700
2014-08-12,81.5000
2014-08-13,81.6000
2014-08-14,81.5900
2014-08-15,81.4200
2014-08-18,81.5800
2014-08-19,81.8800
2014-08-20,82.2500
2014-08-21,82.1500
2014-08-22,82.3400
2014-08-25,82.5500
2014-08-26,82.6500
2014-08-27,82.4300
2014-08-28,82.4800
2014-08-29,82.7500
2014-09-02,82.9900
2014-09-03,82.8700
2014-09-04,83.8200
2014-09-05,83.7600
2014-09-08,84.2300
2014-09-09,84.2800
2014-09-10,84.2500
2014-09-11,84.3000
2014-09-12,84.2400
2014-09-15,84.2600
2014-09-16,84.0700
2014-09-17,84.7000
2014-09-18,84.3200
2014-09-19,84.8000
2014-09-22,84.6700
2014-09-23,84.6600
2014-09-24,85.0500
2014-09-25,85.2000
2014-09-26,85.6400
2014-09-29,85.5900
2014-09-30,85.9400
2014-10-01,85.9700
2014-10-02,85.6000
2014-10-03,86.6900
2014-10-06,85.7100
2014-10-07,85.6700
2014-10-08,85.3000
2014-10-09,85.5200
2014-10-10,85.9100
2014-10-13,85.4300
2014-10-14,85.8200
2014-10-15,85.1500
2014-10-16,85.0000
2014-10-17,85.1900
2014-10-20,84.9500
2014-10-21,85.3100
2014-10-22,85.7400
2014-10-23,85.8400
2014-10-24,85.7300
2014-10-27,85.5000
2014-10-28,85.4100
2014-10-29,85.9500
2014-10-30,86.1500
2014-10-31,86.8800
2014-11-03,87.3100
2014-11-04,86.9800
2014-11-05,87.4400
2014-11-06,88.0100
2014-11-07,87.6400
2014-11-10,87.8100
2014-11-11,87.5300
2014-11-12,87.8200
2014-11-13,87.6700
2014-11-14,87.5300
2014-11-17,87.9300
2014-11-18,87.5800
2014-11-19,87.6500
2014-11-20,87.5900
2014-11-21,88.3100
2014-11-24,88.1500
2014-11-25,87.9200
2014-11-26,87.6100
2014-11-28,88.3600
2014-12-01,87.9500
2014-12-02,88.6500
2014-12-03,88.9600
2014-12-04,88.7000
2014-12-05,89.3300
2014-12-08,89.0400
2014-12-09,88.6900
2014-12-10,88.2700
2014-12-11,88.6600
2014-12-12,88.3600
2014-12-15,88.4600
2014-12-16,88.1300
2014-12-17,89.1300
2014-12-18,89.2400
2014-12-19,89.6000
2014-12-22,89.7700
2014-12-23,90.0600
2014-12-24,89.9700
2014-12-26,90.0300
2014-12-29,90.1900
2014-12-30,89.9900
2014-12-31,90.2700
2015-01-02,91.0800
2015-01-05,91.3800
2015-01-06,91.5000
2015-01-07,91.8900
2015-01-08,92.3700
2015-01-09,91.9400
2015-01-12,91.9800
2015-01-13,92.3100
2015-01-14,92.1600
2015-01-15,92.3500
2015-01-16,92.5200
2015-01-20,93.0500
2015-01-21,92.9000
2015-01-22,94.2400
2015-01-23,95.0000
2015-01-26,94.8000
2015-01-27,94.0200
2015-01-28,94.4700
2015-01-29,94.7800
2015-01-30,94.8000
2015-02-02,94.5000
2015-02-03,93.6000
2015-02-04,93.9900
2015-02-05,94.7000
2015-02-06,94.7000
2015-02-09,94.4500
2015-02-10,94.7600
2015-02-11,94.9900
2015-02-12,94.0900
2015-02-13,94.2000
2015-02-17,94.0600
2015-02-18,94.2000
2015-02-19,94.4000
2015-02-20,94.2500
2015-02-23,94.5700
2015-02-24,94.4900
2015-02-25,94.2100
2015-02-26,95.2900
2015-02-27,95.2500
2015-03-02,95.4600
2015-03-03,95.3800
2015-03-04,95.9700
2015-03-05,96.3800
2015-03-06,97.6200
2015-03-09,97.5900
2015-03-10,98.6200
2015-03-11,99.8000
2015-03-12,99.1500
2015-03-13,100.3300
2015-03-16,99.6000
2015-03-17,99.5900
2015-03-18,98.5500
2015-03-19,99.1000
2015-03-20,97.9100
2015-03-23,97.0300
2015-03-24,97.1900
2015-03-25,96.9800
2015-03-26,97.4400
2015-03-27,97.2900
2015-03-30,97.9800
2015-03-31,98.3600
2015-04-01,98.1900
2015-04-02,97.4400
2015-04-06,97.1100
2015-04-07,97.8300
2015-04-08,98.0700
2015-04-09,99.1600
2015-04-10,99.3900
2015-04-13,99.4900
2015-04-14,98.7600
2015-04-15,98.3300
2015-04-16,97.4200
2015-04-17,97.5200
2015-04-20,97.9400
2015-04-21,97.9800
2015-04-22,98.0200
2015-04-23,97.2800
2015-04-24,96.9200
2015-04-27,96.7700
2015-04-28,96.0900
2015-04-29,95.1200
2015-04-30,94.6000
2015-05-01,95.3000
2015-05-04,95.4800
2015-05-05,95.1300
2015-05-06,94.1300
2015-05-07,94.6200
2015-05-08,94.7900
2015-05-11,95.0100
2015-05-12,94.5300
2015-05-13,93.6200
2015-05-14,93.3600
2015-05-15,93.1400
2015-05-18,94.1900
2015-05-19,95.2700
2015-05-20,95.4500
2015-05-21,95.2600
2015-05-22,96.0100
2015-05-26,97.3000
2015-05-27,97.3700
2015-05-28,96.9700
2015-05-29,96.9100
2015-06-01,97.3900
2015-06-02,95.8400
2015-06-03,95.4700
2015-06-04,95.4600
2015-06-05,96.3100
2015-06-08,95.3000
2015-06-09,95.1700
2015-06-10,94.6500
2015-06-11,94.9800
2015-06-12,94.9700
2015-06-15,94.8100
2015-06-16,95.0000
2015-06-17,94.3000
2015-06-18,94.0400
2015-06-19,94.0900
2015-06-22,94.3300
2015-06-23,95.4300
2015-06-24,95.2600
2015-06-25,95.1900
2015-06-26,95.4700
2015-06-29,94.7900
2015-06-30,95.4900
2015-07-01,96.3100
2015-07-02,96.1100
2015-07-06,96.3000
2015-07-07,96.8700
2015-07-08,96.2900
2015-07-09,96.6100
2015-07-10,96.0300
2015-07-13,96.8600
2015-07-14,96.6400
2015-07-15,97.1300
2015-07-16,97.6600
2015-07-17,97.8600
2015-07-20,98.0300
2015-07-21,97.3300
2015-07-22,97.6000
2015-07-23,97.1200
2015-07-24,97.2400
2015-07-27,96.5000
2015-07-28,96.7700
2015-07-29,96.9800
2015-07-30,97.5600
2015-07-31,97.3700
2015-08-03,97.4900
2015-08-04,97.9300
2015-08-05,97.9600
2015-08-06,97.8300
2015-08-07,97.5600
2015-08-10,97.1600
2015-08-11,97.2900
2015-08-12,96.2600
2015-08-13,96.4500
2015-08-14,96.5700
2015-08-17,96.8200
2015-08-18,96.9700
2015-08-19,96.4600
2015-08-20,95.7500
2015-08-21,94.8300
2015-08-24,93.3100
2015-08-25,94.5300
2015-08-26,95.1000
2015-08-27,95.6100
2015-08-28,96.1100
2015-08-31,95.9500
2015-09-01,95.4500
2015-09-02,95.8300
2015-09-03,96.4100
2015-09-04,96.2300
2015-09-08,95.8800
2015-09-09,96.0100
2015-09-10,95.4600
2015-09-11,95.1900
2015-09-14,95.2500
2015-09-15,95.6100
2015-09-16,95.4200
2015-09-17,94.5500
2015-09-18,94.8600
2015-09-21,95.8900
2015-09-22,96.2800
2015-09-23,96.0700
2015-09-24,95.9900
2015-09-25,96.2700
2015-09-28,96.0300
2015-09-29,95.8900
2015-09-30,96.3500
2015-10-01,96.1900
2015-10-02,95.8300
2015-10-05,96.1100
2015-10-06,95.4600
2015-10-07,95.5000
2015-10-08,95.3200
2015-10-09,94.8100
2015-10-12,94.8400
2015-10-13,94.7600
2015-10-14,93.9300
2015-10-15,94.3700
2015-10-16,94.5400
2015-10-19,94.9600
2015-10-20,94.8500
2015-10-21,95.0500
2015-10-22,96.3400
2015-10-23,97.0700
2015-10-26,96.8600
2015-10-27,96.9100
2015-10-28,97.7800
2015-10-29,97.2800
2015-10-30,96.9500
2015-11-02,96.9300
2015-11-03,97.1600
2015-11-04,97.9500
2015-11-05,97.9400
2015-11-06,99.1600
2015-11-09,98.9800
2015-11-10,99.2900
2015-11-11,99.0100
2015-11-12,98.6500
2015-11-13,98.9900
2015-11-16,99.4400
2015-11-17,99.6300
2015-11-18,99.6500
2015-11-19,98.9900
2015-11-20,99.5700
2015-11-23,99.8000
2015-11-24,99.5300
2015-11-25,99.8000
2015-11-27,100.0200
2015-11-30,100.1700
2015-12-01,99.8000
2015-12-02,99.9900
2015-12-03,97.6200
2015-12-04,98.3500
2015-12-07,98.6600
2015-12-08,98.4700
2015-12-09,97.3500
2015-12-10,97.9400
2015-12-11,97.5700
2015-12-14,97.6000
2015-12-15,98.2200
2015-12-16,97.8700
2015-12-17,99.2700
2015-12-18,98.7000
2015-12-21,98.4600
2015-12-22,98.2400
2015-12-23,98.3400
2015-12-24,97.9800
2015-12-28,97.9200
2015-12-29,98.1000
2015-12-30,98.2700
2015-12-31,98.6300
2016-01-04,98.8700
2016-01-05,99.4000
2016-01-06,99.1800
2016-01-07,98.2200
2016-01-08,98.5400
2016-01-11,98.7300
2016-01-12,98.9700
2016-01-13,98.9300
2016-01-14,99.0900
2016-01-15,98.9600
2016-01-18,99.1200
2016-01-19,98.9900
2016-01-20,99.0900
2016-01-21,99.0600
2016-01-22,99.5700
2016-01-25,99.3600
2016-01-26,99.3600
2016-01-27,98.9000
2016-01-28,98.5100
2016-01-29,99.6100
2016-02-01,99.0000
2016-02-02,98.8700
2016-02-03,97.2900
2016-02-04,96.4700
2016-02-05,97.0300
2016-02-08,96.5700
2016-02-09,96.0700
2016-02-10,95.8900
2016-02-11,95.5600
2016-02-12,95.9800
2016-02-16,96.8700
2016-02-17,96.7900
2016-02-18,96.9500
2016-02-19,96.6000
2016-02-22,97.3800
2016-02-23,97.4800
2016-02-24,97.4600
2016-02-25,97.2900
2016-02-26,98.1500
2016-02-29,98.2100
2016-03-01,98.3500
2016-03-02,98.2100
2016-03-03,97.5700
2016-03-04,97.3400
2016-03-07,97.0700
2016-03-08,97.2100
2016-03-09,97.1700
2016-03-10,96.0700
2016-03-11,96.1700
2016-03-14,96.6200
2016-03-15,96.6300
2016-03-16,95.8900
2016-03-17,94.7600
2016-03-18,94.9900
2016-03-21,95.2900
2016-03-22,95.6500
2016-03-23,96.0500
2016-03-24,96.1400
2016-03-28,95.9400
2016-03-29,95.1600
2016-03-30,94.8400
2016-03-31,94.5900
2016-04-01,94.6200
2016-04-04,94.5100
2016-04-05,94.6300
2016-04-06,94.4300
2016-04-07,94.4800
2016-04-08,94.2400
2016-04-11,93.9500
2016-04-12,93.9600
2016-04-13,94.7400
2016-04-14,94.9000
2016-04-15,94.7000
2016-04-18,94.4900
2016-04-19,93.9800
2016-04-20,94.4900
2016-04-21,94.6000
2016-04-22,95.1200
2016-04-25,94.8400
2016-04-26,94.5700
2016-04-27,94.3900
2016-04-28,93.7600
2016-04-29,93.0800
2016-05-02,92.6300
2016-05-03,92.9400
2016-05-04,93.1800
2016-05-05,93.7800
2016-05-06,93.8900
2016-05-09,94.1500
2016-05-10,94.2900
2016-05-11,93.8200
2016-05-12,94.1400
2016-05-13,94.6100
2016-05-16,94.5700
2016-05-17,94.5500
2016-05-18,95.0800
2016-05-19,95.2900
2016-05-20,95.3100
2016-05-23,95.2300
2016-05-24,95.5700
2016-05-25,95.3500
2016-05-26,95.1700
2016-05-27,95.5200
2016-05-31,95.8900
2016-06-01,95.4600
2016-06-02,95.5600
2016-06-03,94.0300
2016-06-06,93.9000
2016-06-07,93.8300
2016-06-08,93.5900
2016-06-09,94.1000
2016-06-10,94.6000
2016-06-13,94.3700
2016-06-14,94.9300
2016-06-15,94.6100
2016-06-16,94.5700
2016-06-17,94.2100
2016-06-20,93.6100
2016-06-21,94.0200
2016-06-22,93.7200
2016-06-23,93.5300
2016-06-24,95.4500
2016-06-27,96.5400
2016-06-28,96.2500
2016-06-29,95.7700
2016-06-30,96.1400
2016-07-01,95.6500
2016-07-05,96.1700
2016-07-06,96.0600
2016-07-07,96.3300
2016-07-08,96.3000
2016-07-11,96.5700
2016-07-12,96.4400
2016-07-13,96.2200
2016-07-14,96.0800
2016-07-15,96.5800
2016-07-18,96.5600
2016-07-19,97.0500
2016-07-20,97.2000
2016-07-21,97.0000
2016-07-22,97.4700
2016-07-25,97.2900
2016-07-26,97.1600
2016-07-27,97.0500
2016-07-28,96.7400
2016-07-29,95.5300
2016-08-01,95.7100
2016-08-02,95.0600
2016-08-03,95.5600
2016-08-04,95.7600
2016-08-05,96.1900
2016-08-08,96.4000
2016-08-09,96.1800
2016-08-10,95.6500
2016-08-11,95.8600
2016-08-12,95.7200
2016-08-15,95.6300
2016-08-16,94.7900
2016-08-17,94.7200
2016-08-18,94.1600
2016-08-19,94.5100
2016-08-22,94.5200
2016-08-23,94.5400
2016-08-24,94.7900
2016-08-25,94.7700
2016-08-26,95.5700
2016-08-29,95.5800
2016-08-30,96.0500
2016-08-31,96.0200
2016-09-01,95.6500
2016-09-02,95.8800
2016-09-06,94.8200
2016-09-07,94.9600
2016-09-08,95.0300
2016-09-09,95.3400
2016-09-12,95.1000
2016-09-13,95.6300
2016-09-14,95.3300
2016-09-15,95.2900
2016-09-16,96.1100
2016-09-19,95.8400
2016-09-20,96.0200
2016-09-21,95.6600
2016-09-22,95.4500
2016-09-23,95.4800
2016-09-26,95.3100
2016-09-27,95.4400
2016-09-28,95.4300
2016-09-29,95.5400
2016-09-30,95.4600
2016-10-03,95.7500
2016-10-04,96.1200
2016-10-05,96.1300
2016-10-06,96.6600
2016-10-07,96.5200
2016-10-11,97.7000
2016-10-12,97.9700
2016-10-13,97.5200
2016-10-14,98.0200
2016-10-17,97.8900
2016-10-18,97.9000
2016-10-19,97.8700
2016-10-20,98.3200
2016-10-21,98.7000
2016-10-24,98.6700
2016-10-25,98.7200
2016-10-26,98.6300
2016-10-27,98.8900
2016-10-28,98.3500
2016-10-31,98.4500
2016-11-01,97.7000
2016-11-02,97.4000
2016-11-03,97.1600
2016-11-04,97.0700
2016-11-07,97.7800
2016-11-08,97.8600
2016-11-09,98.5000
2016-11-10,98.7900
2016-11-14,100.1100
2016-11-15,100.1900
2016-11-16,100.4100
2016-11-17,100.8900
2016-11-18,101.2100
2016-11-21,101.0500
2016-11-22,101.0400
2016-11-23,101.7000
2016-11-25,101.4900
2016-11-28,101.3300
2016-11-29,100.9300
2016-11-30,101.5000
2016-12-01,101.0400
2016-12-02,100.7700
2016-12-05,100.1400
2016-12-06,100.4900
2016-12-07,100.2300
2016-12-08,101.0700
2016-12-09,101.5700
2016-12-12,100.9600
2016-12-13,101.0300
2016-12-14,102.0000
2016-12-15,103.1300
2016-12-16,102.9500
2016-12-19,103.1400
2016-12-20,103.2900
2016-12-21,103.0200
2016-12-22,103.0900
2016-12-23,103.0100
2016-12-27,103.0200
2016-12-28,103.2600
2016-12-29,102.6800
2016-12-30,102.3900
2017-01-03,103.2100
2017-01-04,102.7000
2017-01-05,101.5200
2017-01-06,102.2200
2017-01-09,101.9300
2017-01-10,102.0100
2017-01-11,101.7800
2017-01-12,101.3500
2017-01-13,101.1800
2017-01-17,100.3300
2017-01-18,100.9300
2017-01-19,101.1500
2017-01-20,100.7400
2017-01-23,100.1600
2017-01-24,100.3500
2017-01-25,100.0300
2017-01-26,100.3800
2017-01-27,100.5300
2017-01-30,100.4300
2017-01-31,99.5100
2017-02-01,99.6400
2017-02-02,99.8500
2017-02-03,99.8700
2017-02-06,99.9100
2017-02-07,100.2600
2017-02-08,100.2800
2017-02-09,100.6500
2017-02-10,100.8000
2017-02-13,100.9600
2017-02-14,101.2500
2017-02-15,101.1800
2017-02-16,100.4400
2017-02-17,100.9500
2017-02-21,101.3700
2017-02-22,101.3300
2017-02-23,101.0500
2017-02-24,101.0900
2017-02-27,101.1300
2017-02-28,101.1200
2017-03-01,101.7800
2017-03-02,102.2000
2017-03-03,101.5400
2017-03-06,101.6400
2017-03-07,101.8100
2017-03-08,102.0700
2017-03-09,101.8500
2017-03-10,101.2500
2017-03-13,101.3800
2017-03-14,101.7000
2017-03-15,100.7400
2017-03-16,100.2700
2017-03-17,100.3000
2017-03-20,100.4100
2017-03-21,99.8100
2017-03-22,99.6800
2017-03-23,99.7600
2017-03-24,99.6300
2017-03-27,99.1700
2017-03-28,99.7100
2017-03-29,100.0000
2017-03-30,100.4100
2017-03-31,100.3500
2017-04-03,100.5400
2017-04-04,100.5400
2017-04-05,100.5600
2017-04-06,100.6700
2017-04-07,101.1800
2017-04-10,101.0200
2017-04-11,100.7100
2017-04-12,100.7800
2017-04-13,100.5600
2017-04-17,100.3000
2017-04-18,99.5000
2017-04-19,99.7400
2017-04-20,99.7800
2017-04-21,99.9800
2017-04-24,99.0900
2017-04-25,98.8200
2017-04-26,98.9600
2017-04-27,99.0800
2017-04-28,99.0500
2017-05-01,99.1400
2017-05-02,98.9800
2017-05-03,99.2100
2017-05-04,98.7600
2017-05-05,98.6500
2017-05-08,99.1500
2017-05-09,99.5900
2017-05-10,99.6700
2017-05-11,99.6200
2017-05-12,99.2500
2017-05-15,98.9100
2017-05-16,98.1100
2017-05-17,97.4200
2017-05-18,97.8800
2017-05-19,97.1500
2017-05-22,96.9800
2017-05-23,97.3500
2017-05-24,97.2400
2017-05-25,97.2500
2017-05-26,97.4000
2017-05-30,97.2800
2017-05-31,96.9200
2017-06-01,97.2000
2017-06-02,96.7200
2017-06-05,96.8000
2017-06-06,96.6400
2017-06-07,96.7500
2017-06-08,96.9200
2017-06-09,97.2700
2017-06-12,97.1400
2017-06-13,96.9800
2017-06-14,96.9400
2017-06-15,97.4300
2017-06-16,97.1600
2017-06-19,97.5300
2017-06-20,97.7500
2017-06-21,97.5600
2017-06-22,97.5400
2017-06-23,97.3000
2017-06-26,97.4300
2017-06-27,96.4700
2017-06-28,96.0500
2017-06-29,95.6300
2017-06-30,95.6600
2017-07-03,96.2000
2017-07-05,96.2900
2017-07-06,95.8200
2017-07-07,96.0100
2017-07-10,96.0500
2017-07-11,95.7400
2017-07-12,95.7900
2017-07-13,95.7300
2017-07-14,95.1100
2017-07-17,95.1300
2017-07-18,94.6600
2017-07-19,94.8000
2017-07-20,94.2700
2017-07-21,93.9400
2017-07-24,93.9800
2017-07-25,94.0500
2017-07-26,93.6700
2017-07-27,93.8600
2017-07-28,93.2600
2017-07-31,92.8600
2017-08-01,93.0300
2017-08-02,92.8300
2017-08-03,92.8100
2017-08-04,93.5400
2017-08-07,93.4300
2017-08-08,93.6400
2017-08-09,93.5200
2017-08-10,93.4000
2017-08-11,93.0700
2017-08-14,93.4600
2017-08-15,93.8500
2017-08-16,93.4900
2017-08-17,93.6200
2017-08-18,93.4300
2017-08-21,93.1000
2017-08-22,93.5500
2017-08-23,93.1500
2017-08-24,93.2800
2017-08-25,92.7400
2017-08-28,92.2100
2017-08-29,92.3500
2017-08-30,92.8800
2017-08-31,92.6700
2017-09-01,92.8100
2017-09-05,92.3100
2017-09-06,92.2900
2017-09-07,91.5300
2017-09-08,91.3300
2017-09-11,91.8600
2017-09-12,91.9100
2017-09-13,92.5200
2017-09-14,92.1200
2017-09-15,91.8700
2017-09-18,92.0500
2017-09-19,91.7900
2017-09-20,92.5100
2017-09-21,92.2600
2017-09-22,92.1700
2017-09-25,92.6500
2017-09-26,92.9700
2017-09-27,93.3600
2017-09-28,93.0900
2017-09-29,93.0800
2017-10-02,93.5600
2017-10-03,93.5700
2017-10-04,93.4600
2017-10-05,93.9600
2017-10-06,93.8000
2017-10-09,93.7400
2017-10-10,93.2900
2017-10-11,92.9600
2017-10-12,93.1200
2017-10-13,93.0900
2017-10-16,93.2800
2017-10-17,93.4900
2017-10-18,93.3600
2017-10-19,93.2700
2017-10-20,93.7000
2017-10-23,93.9400
2017-10-24,93.9600
2017-10-25,93.7100
2017-10-26,94.6100
2017-10-27,94.9200
2017-10-30,94.4900
2017-10-31,94.5500
2017-11-01,94.8200
2017-11-02,94.6900
2017-11-03,94.9400
2017-11-06,94.7200
2017-11-07,94.9100
2017-11-08,94.8700
2017-11-09,94.4400
2017-11-10,94.3900
2017-11-13,94.4900
2017-11-14,93.8300
2017-11-15,93.8100
2017-11-16,93.9300
2017-11-17,93.6600
2017-11-20,94.0800
2017-11-21,93.9500
2017-11-22,93.2200
2017-11-24,92.7600
2017-11-27,92.9000
2017-11-28,93.2600
2017-11-29,93.2600
2017-11-30,93.0100
2017-12-01,92.9000
2017-12-04,93.1900
2017-12-05,93.3800
2017-12-06,93.6100
2017-12-07,93.8000
2017-12-08,93.9000
2017-12-11,93.8700
2017-12-12,94.1000
2017-12-13,93.4300
2017-12-14,93.4900
2017-12-15,93.9300
2017-12-18,93.7000
2017-12-19,93.4700
2017-12-20,93.3500
2017-12-21,93.2800
2017-12-22,93.3500
2017-12-26,93.2600
2017-12-27,93.0300
2017-12-28,92.6000
2017-12-29,92.1200
2018-01-02,91.8500
2018-01-03,92.1600
2018-01-04,91.8500
2018-01-05,91.9500
2018-01-08,92.3300
2018-01-09,92.5300
2018-01-10,92.3300
2018-01-11,91.8500
2018-01-12,90.9700
2018-01-16,90.3900
2018-01-17,90.5400
2018-01-18,90.5000
2018-01-19,90.5700
2018-01-22,90.4000
2018-01-23,90.1200
2018-01-24,89.2100
2018-01-25,89.3900
2018-01-26,89.0700
2018-01-29,89.3100
2018-01-30,89.1900
2018-01-31,89.1300
2018-02-01,88.6700
2018-02-02,89.2000
2018-02-05,89.5500
2018-02-06,89.5900
2018-02-07,90.2600
2018-02-08,90.2300
2018-02-09,90.4400
2018-02-12,90.2100
2018-02-13,89.7000
2018-02-14,89.1200
2018-02-15,88.5900
2018-02-16,89.1000
2018-02-20,89.7200
2018-02-21,90.0800
2018-02-22,89.7500
2018-02-23,89.8800
2018-02-26,89.8200
2018-02-27,90.3600
2018-02-28,90.6100
2018-03-01,90.3200
2018-03-02,89.9400
2018-03-05,90.0800
2018-03-06,89.6200
2018-03-07,89.6400
2018-03-08,90.1200
2018-03-09,90.0900
2018-03-12,89.9000
2018-03-13,89.6600
2018-03-14,89.7000
2018-03-15,90.1400
2018-03-16,90.2300
2018-03-19,89.9000
2018-03-20,90.3700
2018-03-21,89.7800
2018-03-22,89.8600
2018-03-23,89.4400
2018-03-26,89.0300
2018-03-27,89.3700
2018-03-28,90.0600
2018-03-29,90.1500
2018-04-02,90.0500
2018-04-03,90.2000
2018-04-04,90.1400
2018-04-05,90.4600
2018-04-06,90.1100
2018-04-09,89.8400
2018-04-10,89.5900
2018-04-11,89.5700
2018-04-12,89.7500
2018-04-13,89.8000
2018-04-16,89.4300
2018-04-17,89.5200
2018-04-18,89.6200
2018-04-19,89.9400
2018-04-20,90.3200
2018-04-23,90.9400
2018-04-24,90.7700
2018-04-25,91.1700
2018-04-26,91.5600
2018-04-27,91.5400
2018-04-30,91.8400
2018-05-01,92.4500
2018-05-02,92.5100
2018-05-03,92.4100
2018-05-04,92.5700
2018-05-07,92.7500
2018-05-08,93.1200
2018-05-09,93.0400
2018-05-10,92.6500
2018-05-11,92.5400
2018-05-14,92.5900
2018-05-15,93.2200
2018-05-16,93.3900
2018-05-17,93.4700
2018-05-18,93.6400
2018-05-21,93.6800
2018-05-22,93.6100
2018-05-23,94.0100
2018-05-24,93.7800
2018-05-25,94.1900
2018-05-29,94.8300
2018-05-30,94.1500
2018-05-31,93.9900
2018-06-01,94.1900
2018-06-04,94.0200
2018-06-05,93.8900
2018-06-06,93.6600
2018-06-07,93.4000
2018-06-08,93.5500
2018-06-11,93.5800
2018-06-12,93.8000
2018-06-13,93.7100
2018-06-14,94.7700
2018-06-15,94.7900
2018-06-18,94.7500
2018-06-19,95.0900
2018-06-20,95.0600
2018-06-21,94.8700
2018-06-22,94.5200
2018-06-25,94.2800
2018-06-26,94.6800
2018-06-27,95.2900
2018-06-28,95.3900
2018-06-29,94.6300
2018-07-02,94.8700
2018-07-03,94.5900
2018-07-05,94.4700
2018-07-06,94.0400
2018-07-09,94.0800
2018-07-10,94.1100
2018-07-11,94.7200
2018-07-12,94.8100
2018-07-13,94.7500
2018-07-16,94.5100
2018-07-17,94.9700
2018-07-18,95.0800
2018-07-19,95.1700
2018-07-20,94.4600
2018-07-23,94.6700
2018-07-24,94.6100
2018-07-25,94.3600
2018-07-26,94.7500
2018-07-27,94.6800
2018-07-30,94.3600
2018-07-31,94.4900
2018-08-01,94.6200
2018-08-02,95.1700
2018-08-03,95.1400
2018-08-06,95.3600
2018-08-07,95.2200
2018-08-08,95.1000
2018-08-09,95.5000
2018-08-10,96.3600
2018-08-13,96.3900
2018-08-14,96.7300
2018-08-15,96.7000
2018-08-16,96.6500
2018-08-17,96.1000
2018-08-20,95.9000
2018-08-21,95.2600
2018-08-22,95.1500
2018-08-23,95.6200
2018-08-24,95.1500
2018-08-27,94.7800
2018-08-28,94.7200
2018-08-29,94.6000
2018-08-30,94.7200
2018-08-31,95.1400
2018-09-04,95.4200
2018-09-05,95.1300
2018-09-06,95.0200
2018-09-07,95.3700
2018-09-10,95.1500
2018-09-11,95.0600
2018-09-12,94.8000
2018-09-13,94.5400
2018-09-14,94.9800
2018-09-17,94.5100
2018-09-18,94.6200
2018-09-19,94.5500
2018-09-20,93.9100
2018-09-21,94.2200
2018-09-24,94.2600
2018-09-25,94.1300
2018-09-26,94.1900
2018-09-27,95.0000
2018-09-28,95.1900
2018-10-01,95.3000
2018-10-02,95.5100
2018-10-03,95.7600
2018-10-04,95.7500
2018-10-05,95.6200
2018-10-08,95.7700
2018-10-09,95.6800
2018-10-10,95.5100
2018-10-11,95.0200
2018-10-12,95.2200
2018-10-15,95.0700
2018-10-16,95.0500
2018-10-17,95.5800
2018-10-18,95.9000
2018-10-19,95.7100
2018-10-22,96.0100
2018-10-23,95.9600
2018-10-24,96.4300
2018-10-25,96.6800
2018-10-26,96.3600
2018-10-29,96.5800
2018-10-30,97.0100
2018-10-31,97.1300
2018-11-01,96.2800
2018-11-02,96.5400
2018-11-05,96.3500
2018-11-06,96.3200
2018-11-07,96.0000
2018-11-08,96.6400
2018-11-09,96.9100
2018-11-12,97.5400
2018-11-13,97.3000
2018-11-14,96.8000
2018-11-15,96.9300
2018-11-16,96.4700
2018-11-19,96.1900
2018-11-20,96.8100
2018-11-21,96.7100
2018-11-23,96.9200
2018-11-26,97.0700
2018-11-27,97.3700
2018-11-28,96.7900
2018-11-29,96.7800
2018-11-30,97.2700
2018-12-03,97.0400
2018-12-04,96.9700
2018-12-06,96.8100
2018-12-07,96.5100
2018-12-10,97.2200
2018-12-11,97.3900
2018-12-12,97.0400
2018-12-13,97.0600
2018-12-14,97.4400
2018-12-17,97.1000
2018-12-18,97.1400
2018-12-19,97.0400
2018-12-20,96.2800
2018-12-21,96.9600
2018-12-24,96.5500
2018-12-26,97.0500
2018-12-27,96.4800
2018-12-28,96.3900
2018-12-31,96.1700
2019-01-02,96.8200
2019-01-03,96.3100
2019-01-04,96.1900
2019-01-07,95.7100
2019-01-08,95.9000
2019-01-09,95.2200
2019-01-10,95.5400
2019-01-11,95.6700
2019-01-14,95.5900
2019-01-15,95.9700
2019-01-16,96.0600
2019-01-17,96.0700
2019-01-18,96.3400
2019-01-22,96.3000
2019-01-23,96.1200
2019-01-24,96.6000
2019-01-25,95.7900
2019-01-28,95.7500
2019-01-29,95.8200
2019-01-30,95.3400
2019-01-31,95.5800
2019-02-01,95.5800
2019-02-04,95.8500
2019-02-05,96.1000
2019-02-06,96.4200
2019-02-07,96.5100
2019-02-08,96.6400
2019-02-11,97.0600
2019-02-12,96.7100
2019-02-13,97.1300
2019-02-14,96.9800
2019-02-15,96.9200
2019-02-19,96.5200
2019-02-20,96.4500
2019-02-21,96.6100
2019-02-22,96.5100
2019-02-25,96.4100
2019-02-26,96.0000
2019-02-27,96.1500
2019-02-28,96.1600
2019-03-01,96.5300
2019-03-04,96.6800
2019-03-05,96.8500
2019-03-06,96.8700
2019-03-07,97.6700
2019-03-08,97.3700
2019-03-11,97.2200
2019-03-12,96.9400
2019-03-13,96.5500
2019-03-14,96.7900
2019-03-15,96.6000
2019-03-18,96.5200
2019-03-19,96.3800
2019-03-20,95.7600
2019-03-21,96.5000
2019-03-22,96.6500
2019-03-25,96.5700
2019-03-26,96.7400
2019-03-27,96.7700
2019-03-28,97.2000
2019-03-29,97.2800
2019-04-01,97.2500
2019-04-02,97.3600
2019-04-03,97.0900
2019-04-04,97.3100
2019-04-05,97.4000
2019-04-08,97.0500
2019-04-09,97.0100
2019-04-10,96.9500
2019-04-11,97.1800
2019-04-12,96.9700
2019-04-15,96.9400
2019-04-16,97.0400
2019-04-17,97.0100
2019-04-18,97.4700
2019-04-22,97.2800
2019-04-23,97.5700
2019-04-24,98.1000
2019-04-25,98.2000
2019-04-26,98.0100
2019-04-29,97.8600
2019-04-30,97.4800
2019-05-01,97.6900
2019-05-02,97.8300
2019-05-03,97.5200
2019-05-06,97.5200
2019-05-07,97.6300
2019-05-08,97.6200
2019-05-09,97.3700
2019-05-10,97.3300
2019-05-13,97.3200
2019-05-14,97.5300
2019-05-15,97.5700
2019-05-16,97.8400
2019-05-17,98.0000
2019-05-20,97.9300
2019-05-21,98.0600
2019-05-22,98.1100
2019-05-23,97.8500
2019-05-24,97.6100
2019-05-28,97.9600
2019-05-29,98.1400
2019-05-30,98.1400
2019-05-31,97.7500
2019-06-03,97.1400
2019-06-04,97.0700
2019-06-05,97.3700
2019-06-06,97.0300
2019-06-07,96.6100
2019-06-10,96.7600
2019-06-11,96.6900
2019-06-12,97.0000
2019-06-13,97.0100
2019-06-14,97.5700
2019-06-17,97.5600
2019-06-18,97.6400
2019-06-19,97.1200
2019-06-20,96.6300
2019-06-21,96.2200
2019-06-24,95.9800
2019-06-25,96.1600
2019-06-26,96.2100
2019-06-27,96.1900
2019-06-28,96.1300
2019-07-01,96.8400
2019-07-02,96.7300
2019-07-03,96.7700
2019-07-05,97.2500
2019-07-08,97.3800
2019-07-09,97.4900
2019-07-10,97.1000
2019-07-11,97.0500
2019-07-12,96.8100
2019-07-15,96.9300
2019-07-16,97.4000
2019-07-17,97.2200
2019-07-18,96.7900
2019-07-19,97.1500
2019-07-22,97.2600
2019-07-23,97.7100
2019-07-24,97.7300
2019-07-25,97.8200
2019-07-26,98.0100
2019-07-29,98.0400
2019-07-30,98.0500
2019-07-31,98.5200
2019-08-01,98.3900
2019-08-02,98.1000
2019-08-05,97.5000
2019-08-06,97.6300
2019-08-07,97.5400
2019-08-08,97.6200
2019-08-09,97.4900
2019-08-12,97.3800
2019-08-13,97.8100
2019-08-14,97.9900
2019-08-15,98.1400
2019-08-16,98.1400
2019-08-19,98.3500
2019-08-20,98.1900
2019-08-21,98.3000
2019-08-22,98.1700
2019-08-23,97.6400
2019-08-26,98.0800
2019-08-27,98.0000
2019-08-28,98.2100
2019-08-29,98.5100
2019-08-30,98.9200
2019-09-03,98.9500
2019-09-04,98.4500
2019-09-05,98.4100
2019-09-06,98.3900
2019-09-09,98.2800
2019-09-10,98.3300
2019-09-11,98.6500
2019-09-12,98.3100
2019-09-13,98.2600
2019-09-16,98.6500
2019-09-17,98.2600
2019-09-18,98.6000
2019-09-19,98.2700
2019-09-20,98.5100
2019-09-23,98.6000
2019-09-24,98.3400
2019-09-25,99.0400
2019-09-26,99.2100
2019-09-27,99.1100
2019-09-30,99.3800
2019-10-01,99.1300
2019-10-02,99.0400
2019-10-03,98.8600
2019-10-04,98.8100
2019-10-07,98.9900
2019-10-08,99.1400
2019-10-09,99.1200
2019-10-10,98.7100
2019-10-11,98.3000
2019-10-14,98.4500
2019-10-15,98.2900
2019-10-16,98.0100
2019-10-17,97.6100
2019-10-18,97.2800
2019-10-21,97.3300
2019-10-22,97.5300
2019-10-23,97.4700
2019-10-24,97.6300
2019-10-25,97.8300
2019-10-28,97.7600
2019-10-29,97.6900
2019-10-30,97.6500
2019-10-31,97.3500
2019-11-01,97.2400
2019-11-04,97.5100
2019-11-05,97.9800
2019-11-06,97.9500
2019-11-07,98.1400
2019-11-08,98.3500
2019-11-11,98.2000
2019-11-12,98.3100
2019-11-13,98.3700
2019-11-14,98.1600
2019-11-15,98.0000
2019-11-18,97.7900
2019-11-19,97.8600
2019-11-20,97.9300
2019-11-21,97.9900
2019-11-22,98.2700
2019-11-25,98.3200
2019-11-26,98.2500
2019-11-27,98.4100
2019-11-29,98.2700
2019-12-02,97.8600
2019-12-03,97.7400
2019-12-04,97.6500
2019-12-05,97.4100
2019-12-06,97.7000
2019-12-09,97.6400
2019-12-10,97.4100
2019-12-11,97.1600
2019-12-12,97.4000
2019-12-13,97.1700
2019-12-16,97.0700
2019-12-17,97.2100
2019-12-18,97.4100
2019-12-19,97.4200
2019-12-20,97.7100
2019-12-23,97.6600
2019-12-24,97.6500
2019-12-26,97.5900
2019-12-27,96.9200
2019-12-30,96.7400
2019-12-31,96.3900
2020-01-02,96.8500
2020-01-03,96.8400
2020-01-06,96.6700
2020-01-07,96.9800
2020-01-08,97.3000
2020-01-09,97.4500
2020-01-10,97.3600
2020-01-13,97.3500
2020-01-14,97.3700
2020-01-15,97.2300
2020-01-16,97.3200
2020-01-17,97.6100
2020-01-21,97.5300
2020-01-22,97.5300
2020-01-23,97.6900
2020-01-24,97.8500
2020-01-27,97.9600
2020-01-28,98.0200
2020-01-29,97.9900
2020-01-30,97.8700
2020-01-31,97.3900
2020-02-03,97.8000
2020-02-04,97.9600
2020-02-05,98.2700
2020-02-06,98.5000
2020-02-07,98.6800
2020-02-10,98.8300
2020-02-11,98.7200
2020-02-12,99.0500
2020-02-13,99.0700
2020-02-14,99.1200
2020-02-18,99.4600
2020-02-19,99.6000
2020-02-20,99.8700
2020-02-21,99.2600
2020-02-24,99.2900
2020-02-25,98.9700
2020-02-26,99.0000
2020-02-27,98.4400
2020-02-28,98.1300
2020-03-02,97.3600
2020-03-03,97.1500
2020-03-04,97.3400
2020-03-05,96.8200
2020-03-06,95.9500
2020-03-09,94.9000
2020-03-10,96.4100
2020-03-11,96.5100
2020-03-12,97.4700
2020-03-13,98.7500
2020-03-16,98.0900
2020-03-17,99.5800
2020-03-18,101.1600
2020-03-19,102.7600
2020-03-20,102.8200
2020-03-23,102.4900
2020-03-24,101.7400
2020-03-25,101.0500
2020-03-26,99.4200
2020-03-27,98.3700
2020-03-30,99.1800
2020-03-31,99.0500
2020-04-01,99.6700
2020-04-02,100.1800
2020-04-03,100.5800
2020-04-06,100.6900
2020-04-07,99.9800
2020-04-08,100.1200
2020-04-09,99.5200
2020-04-13,99.3500
2020-04-14,98.8900
2020-04-15,99.4600
2020-04-16,100.0300
2020-04-17,99.7800
2020-04-20,99.9600
2020-04-21,100.2600
2020-04-22,100.3900
2020-04-23,100.4300
2020-04-24,100.3800
2020-04-27,100.0400
2020-04-28,99.8700
2020-04-29,99.5700
2020-04-30,99.0200
2020-05-01,98.8000
2020-05-04,99.4800
2020-05-05,99.7100
2020-05-06,100.0900
2020-05-07,99.8900
2020-05-08,99.7300
2020-05-11,100.2400
2020-05-12,99.9300
2020-05-13,100.2400
2020-05-14,100.4700
2020-05-15,100.4000
2020-05-18,99.6700
2020-05-19,99.3700
2020-05-20,99.1200
2020-05-21,99.3700
2020-05-22,99.8600
2020-05-26,98.9100
2020-05-27,99.0600
2020-05-28,98.3800
2020-05-29,98.3400
2020-06-01,97.8300
2020-06-02,97.6700
2020-06-03,97.2800
2020-06-04,96.6800
2020-06-05,96.9400
2020-06-08,96.6200
2020-06-09,96.3200
2020-06-10,95.9600
2020-06-11,96.7300
2020-06-12,97.3200
2020-06-15,96.6800
2020-06-16,96.9600
2020-06-17,97.1600
2020-06-18,97.4200
2020-06-19,97.6200
2020-06-22,97.0400
2020-06-23,96.6900
2020-06-24,97.1500
2020-06-25,97.4300
2020-06-26,97.5000
2020-06-29,97.5400
2020-06-30,97.3900
2020-07-01,97.2000
2020-07-02,97.3200
2020-07-06,96.7900
2020-07-07,96.8800
2020-07-08,96.4300
2020-07-09,96.7000
2020-07-10,96.6500
2020-07-13,96.4600
2020-07-14,96.2600
2020-07-15,96.0800
2020-07-16,96.3500
2020-07-17,95.9400
2020-07-20,95.8300
2020-07-21,95.1200
2020-07-22,94.9700
2020-07-23,94.6900
2020-07-24,94.4400
2020-07-27,93.6700
2020-07-28,93.7600
2020-07-29,93.2600
2020-07-30,93.0200
2020-07-31,93.4900
2020-08-03,93.5000
2020-08-04,93.3800
2020-08-05,92.8300
2020-08-06,92.7900
2020-08-07,93.4400
2020-08-10,93.5800
2020-08-11,93.6300
2020-08-12,93.4400
2020-08-13,93.3400
2020-08-14,93.1000
2020-08-17,92.8500
2020-08-18,92.2700
2020-08-19,92.8900
2020-08-20,92.7900
2020-08-21,93.2500
2020-08-24,93.3000
2020-08-25,93.0200
2020-08-26,93.0100
2020-08-27,93.0100
2020-08-28,92.3700
2020-08-31,92.1400
2020-09-01,92.3400
2020-09-02,92.8500
2020-09-03,92.7400
2020-09-04,92.7200
2020-09-08,93.4800
2020-09-09,93.2600
2020-09-10,93.3400
2020-09-11,93.3300
2020-09-14,93.0700
2020-09-15,93.0500
2020-09-16,93.2100
2020-09-17,92.9700
2020-09-18,92.9300
2020-09-21,93.5400
2020-09-22,93.9900
2020-09-23,94.3900
2020-09-24,94.3500
2020-09-25,94.5800
2020-09-28,94.2600
2020-09-29,93.8900
2020-09-30,93.8900
2020-10-01,93.7100
2020-10-02,93.8400
2020-10-05,93.5100
2020-10-06,93.8300
2020-10-07,93.6300
2020-10-08,93.6100
2020-10-09,93.0600
2020-10-12,93.0700
2020-10-13,93.5300
2020-10-14,93.3800
2020-10-15,93.8600
2020-10-16,93.6800
2020-10-19,93.4300
2020-10-20,93.0700
2020-10-21,92.6100
2020-10-22,92.9500
2020-10-23,92.7700
2020-10-26,93.0500
2020-10-27,92.9400
2020-10-28,93.4100
2020-10-29,93.9600
2020-10-30,94.0400
2020-11-02,94.0500
2020-11-03,93.5500
2020-11-04,93.4100
2020-11-05,92.5300
2020-11-06,92.2300
2020-11-09,92.7300
2020-11-10,92.7500
2020-11-11,93.0400
2020-11-12,92.9600
2020-11-13,92.7600
2020-11-16,92.5700
2020-11-17,92.4200
2020-11-18,92.3200
2020-11-19,92.2900
2020-11-20,92.3900
2020-11-23,92.5100
2020-11-24,92.2300
2020-11-25,91.9900
2020-11-27,91.7900
2020-11-30,91.8700
2020-12-01,91.3100
2020-12-02,91.1200
2020-12-03,90.7100
2020-12-04,90.7000
2020-12-07,90.7900
2020-12-08,90.9700
2020-12-09,91.0900
2020-12-10,90.7900
2020-12-11,90.9800
2020-12-14,90.7100
2020-12-15,90.4700
2020-12-16,90.4500
2020-12-17,89.8200
2020-12-18,90.0200
2020-12-21,90.0400
2020-12-22,90.6500
2020-12-23,90.4100
2020-12-24,90.3300
2020-12-28,90.3400
2020-12-29,90.0100
2020-12-30,89.6300
2020-12-31,89.9400
2021-01-04,89.8800
2021-01-05,89.4400
2021-01-06,89.5300
2021-01-07,89.8300
2021-01-08,90.1000
2021-01-11,90.5400
2021-01-12,90.0500
2021-01-13,90.3200
2021-01-14,90.2400
2021-01-15,90.7800
2021-01-19,90.5000
2021-01-20,90.4700
2021-01-21,90.1300
2021-01-22,90.2400
2021-01-25,90.3900
2021-01-26,90.1700
2021-01-27,90.6500
2021-01-28,90.4600
2021-01-29,90.5800
2021-02-01,91.0200
2021-02-02,91.2000
2021-02-03,91.1200
2021-02-04,91.5300
2021-02-05,91.0400
2021-02-08,90.9300
2021-02-09,90.4400
2021-02-10,90.3700
2021-02-11,90.4200
2021-02-12,90.4800
2021-02-16,90.5100
2021-02-17,90.9500
2021-02-18,90.5900
2021-02-19,90.3600
2021-02-22,90.0100
2021-02-23,90.1700
2021-02-24,90.1800
2021-02-25,90.1300
2021-02-26,90.9300
2021-03-01,91.0400
2021-03-02,90.7900
2021-03-03,90.9500
2021-03-04,91.6300
2021-03-05,91.9800
2021-03-08,92.3100
2021-03-09,91.9600
2021-03-10,91.7900
2021-03-11,91.4200
2021-03-12,91.6800
2021-03-15,91.8300
2021-03-16,91.8700
2021-03-17,91.4000
2021-03-18,91.8500
2021-03-19,91.9200
2021-03-22,91.8000
2021-03-23,92.3400
2021-03-24,92.5300
2021-03-25,92.8800
2021-03-26,92.7700
2021-03-29,92.9400
2021-03-30,93.3000
2021-03-31,93.2300
2021-04-01,92.9300
2021-04-05,92.6000
2021-04-06,92.3400
2021-04-07,92.4600
2021-04-08,92.0600
2021-04-09,92.1600
2021-04-12,92.1400
2021-04-13,91.8500
2021-04-14,91.6900
2021-04-15,91.6700
2021-04-16,91.5600
2021-04-19,91.0700
2021-04-20,91.2400
2021-04-21,91.1600
2021-04-22,91.3300
2021-04-23,90.8600
2021-04-26,90.8100
2021-04-27,90.9100
2021-04-28,90.6100
2021-04-29,90.6100
2021-04-30,91.2800
2021-05-03,90.9500
2021-05-04,91.2900
2021-05-05,91.3100
2021-05-06,90.9500
2021-05-07,90.2300
2021-05-10,90.2100
2021-05-11,90.1400
2021-05-12,90.7100
2021-05-13,90.7500
2021-05-14,90.3200
2021-05-17,90.2200
2021-05-18,89.7500
2021-05-19,90.1900
2021-05-20,89.8100
2021-05-21,90.0200
2021-05-24,89.8300
2021-05-25,89.6400
2021-05-26,90.0400
2021-05-27,89.9700
2021-05-28,90.0300
2021-06-01,89.8300
2021-06-02,89.9000
2021-06-03,90.5000
2021-06-04,90.1400
2021-06-07,89.9500
2021-06-08,90.0800
2021-06-09,90.1200
2021-06-10,90.0800
2021-06-11,90.5600
2021-06-14,90.5200
2021-06-15,90.5400
2021-06-16,91.1300
2021-06-17,91.8900
2021-06-18,92.2300
2021-06-21,91.8600
2021-06-22,91.7300
2021-06-23,91.8000
2021-06-24,91.8200
2021-06-25,91.8100
2021-06-28,91.8800
2021-06-29,92.0500
2021-06-30,92.4400
2021-07-01,92.6000
2021-07-02,92.2300
2021-07-06,92.5500
2021-07-07,92.6400
2021-07-08,92.3600
2021-07-09,92.1300
2021-07-12,92.2300
2021-07-13,92.7500
2021-07-14,92.4100
2021-07-15,92.6200
2021-07-16,92.6900
2021-07-19,92.8900
2021-07-20,92.9700
2021-07-21,92.7500
2021-07-22,92.8200
2021-07-23,92.9100
2021-07-26,92.6500
2021-07-27,92.4300
2021-07-28,92.3200
2021-07-29,91.8600
2021-07-30,92.1700
2021-08-02,92.0500
2021-08-03,92.0800
2021-08-04,92.2700
2021-08-05,92.2400
2021-08-06,92.8000
2021-08-09,92.9500
2021-08-10,93.0600
2021-08-11,92.9100
2021-08-12,93.0400
2021-08-13,92.5200
2021-08-16,92.6300
2021-08-17,93.1300
2021-08-18,93.1400
2021-08-19,93.5700
2021-08-20,93.5000
2021-08-23,92.9600
2021-08-24,92.8900
2021-08-25,92.8300
2021-08-26,93.0600
2021-08-27,92.6900
2021-08-30,92.6500
2021-08-31,92.6300
2021-09-01,92.4500
2021-09-02,92.2300
2021-09-03,92.0400
2021-09-07,92.5200
2021-09-08,92.6500
2021-09-09,92.4800
2021-09-10,92.5800
2021-09-13,92.6200
2021-09-14,92.6500
2021-09-15,92.4900
2021-09-16,92.8600
2021-09-17,93.2000
2021-09-20,93.2400
2021-09-21,93.2000
2021-09-22,93.4600
2021-09-23,93.1000
2021-09-24,93.3300
2021-09-27,93.3800
2021-09-28,93.7700
2021-09-29,94.3400
2021-09-30,94.2500
2021-10-01,94.0400
2021-10-04,93.8100
2021-10-05,93.9800
2021-10-06,94.2700
2021-10-07,94.2200
2021-10-08,94.0700
2021-10-11,94.3200
2021-10-12,94.5200
2021-10-13,94.0800
2021-10-14,93.9600
2021-10-15,93.9400
2021-10-18,93.9500
2021-10-19,93.7900
2021-10-20,93.5600
2021-10-21,93.7700
2021-10-22,93.6100
2021-10-25,93.8100
2021-10-26,93.9500
2021-10-27,93.8600
2021-10-28,93.3500
2021-10-29,94.1200
2021-11-01,93.8800
2021-11-02,94.0900
2021-11-03,93.8600
2021-11-04,94.3500
2021-11-05,94.3200
2021-11-08,94.0500
2021-11-09,93.9600
2021-11-10,94.8500
2021-11-11,95.1800
2021-11-12,95.1300
2021-11-15,95.4100
2021-11-16,95.9200
2021-11-17,95.8300
2021-11-18,95.5400
2021-11-19,96.0700
2021-11-22,96.5000
2021-11-23,96.4900
2021-11-24,96.8400
2021-11-26,96.0900
2021-11-29,96.3400
2021-11-30,95.9900
2021-12-01,96.0500
2021-12-02,96.1300
2021-12-03,96.1200
2021-12-06,96.2900
2021-12-07,96.3700
2021-12-08,95.8900
2021-12-09,96.2700
2021-12-10,96.0500
2021-12-13,96.3200
2021-12-14,96.5700
2021-12-15,96.5100
2021-12-16,96.0400
2021-12-17,96.5700
2021-12-20,96.5500
2021-12-21,96.4900
2021-12-22,96.0800
2021-12-23,96.0200
2021-12-27,96.0900
2021-12-28,96.2000
2021-12-29,95.9300
2021-12-30,95.9700
2021-12-31,95.6700
2022-01-03,96.2400
2022-01-04,96.2900
2022-01-05,96.1900
2022-01-06,96.2500
2022-01-07,95.7400
2022-01-10,95.9900
2022-01-11,95.6200
2022-01-12,95.0000
2022-01-13,94.7900
2022-01-14,95.1700
2022-01-18,95.7300
2022-01-19,95.5100
2022-01-20,95.7400
2022-01-21,95.6400
2022-01-24,95.9200
2022-01-25,95.9500
2022-01-26,96.4900
2022-01-27,97.2600
2022-01-28,97.2700
2022-01-31,96.5400
2022-02-01,96.3900
2022-02-02,95.9400
2022-02-03,95.3800
2022-02-04,95.4800
2022-02-07,95.4000
2022-02-08,95.6400
2022-02-09,95.4900
2022-02-10,95.5500
2022-02-11,96.0800
2022-02-14,96.3700
2022-02-15,95.9900
2022-02-16,95.7000
2022-02-17,95.8000
2022-02-18,96.0400
2022-02-22,96.0300
2022-02-23,96.1900
2022-02-24,97.1400
2022-02-25,96.6200
2022-02-28,96.7100
2022-03-01,97.4100
2022-03-02,97.3900
2022-03-03,97.7900
2022-03-04,98.6500
2022-03-07,99.2900
2022-03-08,99.0600
2022-03-09,97.9700
2022-03-10,98.5100
2022-03-11,99.1200
2022-03-14,99.0600
2022-03-15,99.0700
2022-03-16,98.3800
2022-03-17,98.0100
2022-03-18,98.2300
2022-03-21,98.5000
2022-03-22,98.4900
2022-03-23,98.6200
2022-03-24,98.7900
2022-03-25,98.8100
2022-03-28,99.0900
2022-03-29,98.4000
2022-03-30,97.7900
2022-03-31,98.3100
2022-04-01,98.6300
2022-04-04,98.9900
2022-04-05,99.4700
2022-04-06,99.6000
2022-04-07,99.7500
2022-04-08,99.8000
2022-04-11,99.9300
2022-04-12,100.2900
2022-04-13,99.8800
2022-04-14,100.3200
2022-04-18,100.7800
2022-04-19,100.9600
2022-04-20,100.3900
2022-04-21,100.5800
2022-04-22,101.2200
2022-04-25,101.7500
2022-04-26,102.3000
2022-04-27,102.9500
2022-04-28,103.6200
2022-04-29,102.9600
2022-05-02,103.7400
2022-05-03,103.4700
2022-05-04,102.5900
2022-05-05,103.7500
2022-05-06,103.6600
2022-05-09,103.6500
2022-05-10,103.9200
2022-05-11,103.8500
2022-05-12,104.8500
2022-05-13,104.5600
2022-05-16,104.1900
2022-05-17,103.3600
2022-05-18,103.8100
2022-05-19,102.7200
2022-05-20,103.1500
2022-05-23,102.0800
2022-05-24,101.8600
2022-05-25,102.0600
2022-05-26,101.8300
2022-05-27,101.6700
2022-05-31,101.7500
2022-06-01,102.5500
2022-06-02,101.7700
2022-06-03,102.1400
2022-06-06,102.4400
2022-06-07,102.3200
2022-06-08,102.5400
2022-06-09,103.2200
2022-06-10,104.1500
2022-06-13,105.0800
2022-06-14,105.5200
2022-06-15,105.1600
2022-06-16,103.6300
2022-06-17,104.7000
2022-06-21,104.4400
2022-06-22,104.2000
2022-06-23,104.4300
2022-06-24,104.1900
2022-06-27,103.9400
2022-06-28,104.5100
2022-06-29,105.1100
2022-06-30,104.6900
2022-07-01,105.1400
2022-07-05,106.5000
2022-07-06,107.1000
2022-07-07,107.1300
2022-07-08,107.0100
2022-07-11,108.0200
2022-07-12,108.0700
2022-07-13,107.9600
2022-07-14,108.5400
2022-07-15,108.0600
2022-07-18,107.3700
2022-07-19,106.6800
2022-07-20,107.0800
2022-07-21,106.9100
2022-07-22,106.7300
2022-07-25,106.4800
2022-07-26,107.1900
2022-07-27,106.4500
2022-07-28,106.3500
2022-07-29,105.9000
2022-08-01,105.4500
2022-08-02,106.2400
2022-08-03,106.5100
2022-08-04,105.6900
2022-08-05,106.6200
2022-08-08,106.4400
2022-08-09,106.3700
2022-08-10,105.2000
2022-08-11,105.0900
2022-08-12,105.6300
2022-08-15,106.5500
2022-08-16,106.5000
2022-08-17,106.5700
2022-08-18,107.4800
2022-08-19,108.1700
2022-08-22,109.0500
2022-08-23,108.6200
2022-08-24,108.6800
2022-08-25,108.4700
2022-08-26,108.8000
2022-08-29,108.8400
2022-08-30,108.7700
2022-08-31,108.7000
2022-09-01,109.6900
2022-09-02,109.5300
2022-09-06,110.2100
2022-09-07,109.8400
2022-09-08,109.7100
2022-09-09,109.0000
2022-09-12,108.3300
2022-09-13,109.8200
2022-09-14,109.6600
2022-09-15,109.7400
2022-09-16,109.7600
2022-09-19,109.7400
2022-09-20,110.2200
2022-09-21,110.6400
2022-09-22,111.3500
2022-09-23,113.1900
2022-09-26,114.1000
2022-09-27,114.1100
2022-09-28,112.6000
2022-09-29,112.2500
2022-09-30,112.1200
2022-10-03,111.7500
2022-10-04,110.0700
2022-10-05,111.0700
2022-10-06,112.2600
2022-10-07,112.8000
2022-10-10,113.1400
2022-10-11,113.2200
2022-10-12,113.3200
2022-10-13,112.3600
2022-10-14,113.3100
2022-10-17,112.0400
2022-10-18,112.1300
2022-10-19,112.9800
2022-10-20,112.8800
2022-10-21,112.0100
2022-10-24,111.9900
2022-10-25,110.9500
2022-10-26,109.7000
2022-10-27,110.5900
2022-10-28,110.6700
2022-10-31,111.5300
2022-11-01,111.4800
2022-11-02,111.3500
2022-11-03,112.9300
2022-11-04,110.8800
2022-11-07,110.1200
2022-11-08,109.6200
2022-11-09,110.5500
2022-11-10,108.2100
2022-11-11,106.2900
2022-11-14,106.6600
2022-11-15,106.4000
2022-11-16,106.2800
2022-11-17,106.6900
2022-11-18,106.9300
2022-11-21,107.8400
2022-11-22,107.2200
2022-11-23,106.0800
2022-11-25,105.9600
2022-11-28,106.6800
2022-11-29,106.8200
2022-11-30,105.9500
2022-12-01,104.7300
2022-12-02,104.5500
2022-12-05,105.2900
2022-12-06,105.5800
2022-12-07,105.1000
2022-12-08,104.7700
2022-12-09,104.8100
2022-12-12,105.1300
2022-12-13,103.9800
2022-12-14,103.7700
2022-12-15,104.5600
2022-12-16,104.7000
2022-12-19,104.7200
2022-12-20,103.9700
2022-12-21,104.1600
2022-12-22,104.4300
2022-12-23,104.3100
2022-12-27,104.1800
2022-12-28,104.4600
2022-12-29,103.8400
2022-12-30,103.5200
2023-01-03,104.5200
2023-01-04,104.2500
2023-01-05,105.0400
2023-01-06,103.8800
2023-01-09,103.0000
2023-01-10,103.2400
2023-01-11,103.1900
2023-01-12,102.2500
2023-01-13,102.2000
2023-01-17,102.3900
2023-01-18,102.3600
2023-01-19,102.0600
2023-01-20,102.0100
2023-01-23,102.1400
2023-01-24,101.9200
2023-01-25,101.6400
2023-01-26,101.8400
2023-01-27,101.9300
2023-01-30,102.2800
2023-01-31,102.1000
2023-02-01,101.2200
2023-02-02,101.7500
2023-02-03,102.9200
2023-02-06,103.6200
2023-02-07,103.4300
2023-02-08,103.4100
2023-02-09,103.2200
2023-02-10,103.6300
2023-02-13,103.3500
2023-02-14,103.2300
2023-02-15,103.9200
2023-02-16,103.8600
2023-02-17,103.8600
2023-02-21,104.1800
2023-02-22,104.5900
2023-02-23,104.6000
2023-02-24,105.2100
2023-02-27,104.6700
2023-02-28,104.8700
2023-03-01,104.4800
2023-03-02,105.0300
2023-03-03,104.5200
2023-03-06,104.3500
2023-03-07,105.6200
2023-03-08,105.6600
2023-03-09,105.3100
2023-03-10,104.5800
2023-03-13,103.6000
2023-03-14,103.6000
2023-03-15,104.6500
2023-03-16,104.4200
2023-03-17,103.7100
2023-03-20,103.2800
2023-03-21,103.2600
2023-03-22,102.3500
2023-03-23,102.5300
2023-03-24,103.1200
2023-03-27,102.8600
2023-03-28,102.4300
2023-03-29,102.6400
2023-03-30,102.1400
2023-03-31,102.5100
2023-04-03,102.0900
2023-04-04,101.5900
2023-04-05,101.8500
2023-04-06,101.8200
2023-04-10,102.5800
2023-04-11,102.2000
2023-04-12,101.5000
2023-04-13,101.0100
2023-04-14,101.5500
2023-04-17,102.1000
2023-04-18,101.7500
2023-04-19,101.9700
2023-04-20,101.8400
2023-04-21,101.8200
2023-04-24,101.3500
2023-04-25,101.8600
2023-04-26,101.4700
2023-04-27,101.5000
2023-04-28,101.6700
2023-05-01,102.1500
2023-05-02,101.9600
2023-05-03,101.3400
2023-05-04,101.4000
2023-05-05,101.2100
2023-05-08,101.3700
2023-05-09,101.6400
2023-05-10,101.4800
2023-05-11,102.0600
2023-05-12,102.6800
2023-05-15,102.4300
2023-05-16,102.5600
2023-05-17,102.8800
2023-05-18,103.5800
2023-05-19,103.2000
2023-05-22,103.2000
2023-05-23,103.4900
2023-05-24,103.8900
2023-05-25,104.2100
2023-05-26,104.2100
2023-05-30,104.1700
2023-05-31,104.3200
2023-06-01,103.5600
2023-06-02,104.0200
2023-06-05,104.0000
2023-06-06,104.1300
2023-06-07,104.1000
2023-06-08,103.3400
2023-06-09,103.5600
2023-06-12,103.6300
2023-06-13,103.3400
2023-06-14,103.0100
2023-06-15,102.1200
2023-06-16,102.3000
2023-06-20,102.5400
2023-06-21,102.0700
2023-06-22,102.3900
2023-06-23,102.9000
2023-06-26,102.6900
2023-06-27,102.4900
2023-06-28,102.9100
2023-06-29,103.3400
2023-06-30,102.9100
2023-07-03,102.9900
2023-07-05,103.3700
2023-07-06,103.1700
2023-07-07,102.2700
2023-07-10,101.9700
2023-07-11,101.7300
2023-07-12,100.5200
2023-07-13,99.7700
2023-07-14,99.9100
2023-07-17,99.8400
2023-07-18,99.9400
2023-07-19,100.2800
2023-07-20,100.8800
2023-07-21,101.0700
2023-07-24,101.3500
2023-07-25,101.3500
2023-07-26,100.8900
2023-07-27,101.7700
2023-07-28,101.6200
2023-07-31,101.8600
2023-08-01,102.3000
2023-08-02,102.5900
2023-08-03,102.5400
2023-08-04,102.0200
2023-08-07,102.0500
2023-08-08,102.5300
2023-08-09,102.4900
2023-08-10,102.5200
2023-08-11,102.8400
2023-08-14,103.1900
2023-08-15,103.2100
2023-08-16,103.4200
2023-08-17,103.4400
2023-08-18,103.3800
2023-08-21,103.3300
2023-08-22,103.5600
2023-08-23,103.3600
2023-08-24,103.9800
2023-08-25,104.0800
2023-08-28,104.0600
2023-08-29,103.5500
2023-08-30,103.1600
2023-08-31,103.6200
2023-09-01,104.2400
2023-09-05,104.8100
2023-09-06,104.8600
2023-09-07,105.0600
2023-09-08,105.0900
2023-09-11,104.5700
2023-09-12,104.7100
2023-09-13,104.7700
2023-09-14,105.4100
2023-09-15,105.3200
2023-09-18,105.2000
2023-09-19,105.2000
2023-09-20,105.1600
2023-09-21,105.3600
2023-09-22,105.5800
2023-09-25,106.0000
2023-09-26,106.2300
2023-09-27,106.6700
2023-09-28,106.2200
2023-09-29,106.1700
2023-10-02,106.9000
2023-10-03,107.0000
2023-10-04,106.8000
2023-10-05,106.3300
2023-10-06,106.0400
2023-10-09,106.0800
2023-10-10,105.8300
2023-10-11,105.8200
2023-10-12,106.5700
2023-10-13,106.6500
2023-10-16,106.2400
2023-10-17,106.2500
2023-10-18,106.5700
2023-10-19,106.2500
2023-10-20,106.1600
2023-10-23,105.5400
2023-10-24,106.2700
2023-10-25,106.5300
2023-10-26,106.6000
2023-10-27,106.5600
2023-10-30,106.1200
2023-10-31,106.6600
2023-11-01,106.8800
2023-11-02,106.1200
2023-11-03,105.0200
2023-11-06,105.2200
2023-11-07,105.5400
2023-11-08,105.5900
2023-11-09,105.9100
2023-11-10,105.8600
2023-11-13,105.6600
2023-11-14,104.1100
2023-11-15,104.3900
2023-11-16,104.3700
2023-11-17,103.8200
2023-11-20,103.4700
2023-11-21,103.5900
2023-11-22,103.9200
2023-11-24,103.4000
2023-11-27,103.2000
2023-11-28,102.7500
2023-11-29,102.7700
2023-11-30,103.5000
2023-12-01,103.2700
2023-12-04,103.6400
2023-12-05,104.0500
2023-12-06,104.1500
2023-12-07,103.5400
2023-12-08,104.0100
2023-12-11,104.1000
2023-12-12,103.8700
2023-12-13,102.8700
2023-12-14,101.9600
2023-12-15,102.5500
2023-12-18,102.5100
2023-12-19,102.1700
2023-12-20,102.4100
2023-12-21,101.8400
2023-12-22,101.7000
2023-12-26,101.4700
2023-12-27,100.9900
2023-12-28,101.2300
2023-12-29,101.3300
2024-01-02,102.2000
2024-01-03,102.4600
2024-01-04,102.4200
2024-01-05,102.4100
2024-01-08,102.2100
2024-01-09,102.5700
2024-01-10,102.3600
2024-01-11,102.2900
2024-01-12,102.4000
2024-01-16,103.3600
2024-01-17,103.4500
2024-01-18,103.5400
2024-01-19,103.2900
2024-01-22,103.3300
2024-01-23,103.6200
2024-01-24,103.2400
2024-01-25,103.5700
2024-01-26,103.4700
2024-01-29,103.6100
2024-01-30,103.4000
2024-01-31,103.2700
2024-02-01,103.0500
2024-02-02,103.9200
2024-02-05,104.4500
2024-02-06,104.1800
2024-02-07,104.0400
2024-02-08,104.1500
2024-02-09,104.0800
2024-02-12,104.1700
2024-02-13,104.9600
2024-02-14,104.7200
2024-02-15,104.3000
2024-02-16,104.2800
2024-02-20,104.0800
2024-02-21,104.0100
2024-02-22,103.9600
2024-02-23,103.9400
2024-02-26,103.8300
2024-02-27,103.8300
2024-02-28,103.9800
2024-02-29,104.1600
2024-03-01,103.8600
2024-03-04,103.8300
2024-03-05,103.8000
2024-03-06,103.3700
2024-03-07,102.8200
2024-03-08,102.7400
2024-03-11,102.8700
2024-03-12,102.9600
2024-03-13,102.7900
2024-03-14,103.3600
2024-03-15,103.4300
2024-03-18,103.5800
2024-03-19,103.8100
2024-03-20,103.4100
2024-03-21,104.0000
2024-03-22,104.4300
2024-03-25,104.2300
2024-03-26,104.2900
2024-03-27,104.3500
2024-03-28,104.5500
2024-04-01,105.0200
2024-04-02,104.8200
2024-04-03,104.2500
2024-04-04,104.1200
2024-04-05,104.3000
2024-04-08,104.1400
2024-04-09,104.1500
2024-04-10,105.2500
2024-04-11,105.2800
2024-04-12,106.0400
2024-04-15,106.2100
2024-04-16,106.2600
2024-04-17,105.9500
2024-04-18,106.1500
2024-04-19,106.1500
2024-04-22,106.0800
2024-04-23,105.6900
2024-04-24,105.8600
2024-04-25,105.6000
2024-04-26,105.9400
2024-04-29,105.5800
2024-04-30,106.2200
2024-05-01,105.7600
2024-05-02,105.3000
2024-05-03,105.0300
2024-05-06,105.0500
2024-05-07,105.4100
2024-05-08,105.5500
2024-05-09,105.2300
2024-05-10,105.3100
2024-05-13,105.2200
2024-05-14,105.0100
2024-05-15,104.3500
2024-05-16,104.4600
2024-05-17,104.4500
2024-05-20,104.5700
2024-05-21,104.6600
2024-05-22,104.9400
2024-05-23,105.1100
2024-05-24,104.7200
2024-05-28,104.6100
2024-05-29,105.1000
2024-05-30,104.7200
2024-05-31,104.6700
2024-06-03,104.1400
2024-06-04,104.1100
2024-06-05,104.2700
2024-06-06,104.1000
2024-06-07,104.8900
2024-06-10,105.1500
2024-06-11,105.2300
2024-06-12,104.6500
2024-06-13,105.2000
2024-06-14,105.5500
2024-06-17,105.3200
2024-06-18,105.2600
2024-06-20,105.5900
2024-06-21,105.8000
2024-06-24,105.4700
2024-06-25,105.6100
2024-06-26,106.0500
2024-06-27,105.9100
2024-06-28,105.8700
2024-07-01,105.9000
2024-07-02,105.7200
2024-07-03,105.4000
2024-07-05,104.8800
2024-07-08,105.0100
2024-07-09,105.1200
2024-07-10,105.0500
2024-07-11,104.4400
2024-07-12,104.0900
2024-07-15,104.1900
2024-07-16,104.2700
2024-07-17,103.7500
2024-07-18,104.1700
2024-07-19,104.4000
2024-07-22,104.3100
2024-07-23,104.4500
2024-07-24,104.3900
2024-07-25,104.3600
2024-07-26,104.3200
2024-07-29,104.5600
2024-07-30,104.5500
2024-07-31,104.1000
2024-08-01,104.4200
2024-08-02,103.2100
2024-08-05,102.6900
2024-08-06,102.9700
2024-08-07,103.2000
2024-08-08,103.2100
2024-08-09,103.1400
2024-08-12,103.1400
2024-08-13,102.5600
2024-08-14,102.5700
2024-08-15,102.9800
2024-08-16,102.4600
2024-08-19,101.8900
2024-08-20,101.4400
2024-08-21,101.0400
2024-08-22,101.5100
2024-08-23,100.7200
2024-08-26,100.8500
2024-08-27,100.5500
2024-08-28,101.0900
2024-08-29,101.3400
2024-08-30,101.7000
2024-09-03,101.8300
2024-09-04,101.3600
2024-09-05,101.1100
2024-09-06,101.1800
2024-09-09,101.5500
2024-09-10,101.6300
2024-09-11,101.6800
2024-09-12,101.3700
2024-09-13,101.1100
2024-09-16,100.7600
2024-09-17,100.8900
2024-09-18,100.6000
2024-09-19,100.6100
2024-09-20,100.7200
2024-09-23,100.9200
2024-09-24,100.3700
2024-09-25,100.9200
2024-09-26,100.5600
2024-09-27,100.4200
2024-09-30,100.7800
2024-10-01,101.1900
2024-10-02,101.6800
2024-10-03,101.9900
2024-10-04,102.5200
2024-10-07,102.5400
2024-10-08,102.5500
2024-10-09,102.9300
2024-10-10,102.9900
2024-10-11,102.8900
2024-10-14,103.3000
2024-10-15,103.2600
2024-10-16,103.5900
2024-10-17,103.8300
2024-10-18,103.4900
2024-10-21,104.0100
2024-10-22,104.0800
2024-10-23,104.4300
2024-10-24,104.0600
2024-10-25,104.2600
2024-10-28,104.3200
2024-10-29,104.2800
2024-10-30,103.9900
2024-10-31,103.9800
2024-11-01,104.2800
2024-11-04,103.8900
2024-11-05,103.4200
2024-11-06,105.0900
2024-11-07,104.5100
2024-11-08,105.0000
2024-11-11,105.5400
2024-11-12,106.0200
2024-11-13,106.4800
2024-11-14,106.6700
2024-11-15,106.6900
2024-11-18,106.2800
2024-11-19,106.2100
2024-11-20,106.6800
2024-11-21,106.9700
2024-11-22,107.4900
2024-11-25,106.8200
2024-11-26,107.0100
2024-11-27,106.0800
2024-11-29,105.7400
2024-12-02,106.4500
2024-12-03,106.3700
2024-12-04,106.3400
2024-12-05,105.7100
2024-12-06,105.9700
2024-12-09,106.1500
2024-12-10,106.4000
2024-12-11,106.7100
2024-12-12,106.9600
2024-12-13,107.0000
2024-12-16,106.8600
2024-12-17,106.9600
2024-12-18,108.0300
2024-12-19,108.4100
2024-12-20,107.6200
2024-12-23,108.0400
2024-12-24,108.2600
2024-12-26,108.1300
2024-12-27,108.0000
2024-12-30,108.1300
2024-12-31,108.4900
2025-01-02,109.3900
2025-01-03,108.9500
2025-01-06,108.2600
2025-01-07,108.5400
2025-01-08,109.0900
2025-01-09,109.1800
2025-01-10,109.6500
2025-01-13,109.9600
2025-01-14,109.2700
2025-01-15,109.0900
2025-01-16,108.9600
2025-01-17,109.3500
2025-01-21,108.0600
2025-01-22,108.1700
2025-01-23,108.0500
2025-01-24,107.4400
2025-01-27,107.3400
2025-01-28,107.8700
2025-01-29,108.0000
2025-01-30,107.8000
2025-01-31,108.3700
2025-02-03,108.9900
2025-02-04,107.9600
2025-02-05,107.5800
2025-02-06,107.6900
2025-02-07,108.0400
2025-02-10,108.3200
2025-02-11,107.9600
2025-02-12,107.9400
2025-02-13,107.3100
2025-02-14,106.5700
2025-02-18,107.0500
2025-02-19,107.1700
2025-02-20,106.3400
2025-02-21,106.6100
2025-02-24,106.6000
2025-02-25,106.3100
2025-02-26,106.4200
2025-02-27,107.2400
2025-02-28,107.6100
2025-03-03,106.7500
2025-03-04,105.7400
2025-03-05,105.7400
2025-03-06,104.0600
2025-03-07,103.8400
2025-03-10,103.9100
2025-03-11,103.4400
2025-03-12,103.6100
2025-03-13,103.8300
2025-03-14,103.7200
2025-03-17,103.3700
2025-03-18,103.2400
2025-03-19,103.4300
2025-03-20,103.8500
2025-03-21,104.0900
2025-03-24,104.2600
2025-03-25,104.1800
2025-03-26,104.5500
2025-03-27,104.0700
2025-03-28,104.0400
2025-03-31,104.2100
2025-04-01,104.2600
2025-04-02,103.8100
2025-04-03,102.0700
2025-04-04,103.0200
2025-04-07,103.2600
2025-04-08,102.9600
2025-04-09,102.9000
2025-04-10,100.8700
2025-04-11,99.7800
2025-04-14,99.6400
2025-04-15,100.2200
2025-04-16,99.3800
2025-04-17,99.3800
2025-04-21,98.2800
2025-04-22,98.9200
2025-04-23,99.8400
2025-04-24,99.2900
2025-04-25,99.4700
2025-04-28,99.0100
2025-04-29,99.2400
2025-04-30,99.4700
2025-05-01,100.2500
2025-05-02,100.0000
2025-05-05,99.8300
2025-05-06,99.2400
2025-05-07,99.6100
2025-05-08,100.6400
2025-05-09,100.3400
2025-05-12,101.7900
2025-05-13,101.0000
2025-05-14,101.0400
2025-05-15,100.8800
2025-05-16,101.0900
2025-05-19,100.4300
2025-05-20,100.1200
2025-05-21,99.5600
2025-05-22,99.9600
2025-05-23,99.1100
2025-05-26,98.9300
2025-05-27,99.5200
2025-05-28,99.8800
2025-05-29,99.2800
2025-05-30,99.3300
2025-06-02,98.7000
2025-06-03,99.2500
2025-06-04,98.7900
2025-06-05,98.7400
2025-06-06,99.1900
2025-06-09,98.9400
2025-06-10,99.0500
2025-06-11,98.6300
2025-06-12,97.9200
2025-06-13,98.1800
2025-06-16,98.0000
2025-06-17,98.8200
2025-06-18,98.9100
2025-06-20,98.7100
2025-06-23,98.4200
2025-06-24,97.8600
2025-06-25,97.6800
2025-06-26,97.1500
2025-06-27,97.4000
2025-06-30,96.8800
2025-07-01,96.8200
2025-07-02,96.7800
2025-07-03,97.1800
2025-07-07,97.4800
2025-07-08,97.5100
2025-07-09,97.4700
2025-07-10,97.6500
2025-07-11,97.8500
2025-07-14,98.0800
2025-07-15,98.6200
2025-07-16,98.3900
2025-07-17,98.7300
2025-07-18,98.4800
2025-07-21,97.8500
2025-07-22,97.3900
2025-07-23,97.2100
2025-07-24,97.3800
2025-07-25,97.6500
2025-07-28,98.6600
2025-07-29,98.9100
2025-07-30,99.9400
2025-07-31,100.0300
2025-08-01,98.6900
2025-08-04,98.7800
2025-08-05,98.7800
2025-08-06,98.1800
2025-08-07,98.4000
2025-08-08,98.1800
2025-08-11,98.5200
2025-08-12,98.1000
2025-08-13,97.8400
2025-08-14,98.2500
2025-08-15,97.8500
2025-08-18,98.1700
2025-08-19,98.2700
2025-08-20,98.2200
2025-08-21,98.6200
2025-08-22,97.7200
2025-08-25,98.4300
2025-08-26,98.2300
2025-08-27,98.2300
2025-08-28,97.8100
2025-08-29,97.7700
2025-09-02,98.4000
2025-09-03,98.1400
2025-09-04,98.3500
2025-09-05,97.7700
2025-09-08,97.4500
2025-09-09,97.7900
2025-09-10,97.7800
2025-09-11,97.5400
2025-09-12,97.5500
2025-09-15,97.3000
2025-09-16,96.6300
2025-09-17,96.8700
2025-09-18,97.3500
2025-09-19,97.6400
2025-09-22,97.3300
2025-09-23,97.2600
2025-09-24,97.8700
2025-09-25,98.5500
2025-09-26,98.1500
2025-09-29,97.9100
2025-09-30,97.7700
2025-10-01,97.7100
2025-10-02,97.8500
2025-10-03,97.7200
2025-10-06,98.1100
2025-10-07,98.5800
2025-10-08,98.8500
2025-10-09,99.5400
2025-10-10,98.9800
2025-10-13,99.2700
2025-10-14,99.0500
2025-10-15,98.7900
2025-10-16,98.3900
2025-10-17,98.4300
2025-10-20,98.5900
2025-10-21,98.9300
2025-10-22,98.9000
2025-10-23,98.9400
2025-10-24,98.9500
2025-10-27,98.7800
2025-10-28,98.6900
2025-10-29,99.2200
2025-10-30,99.5300
2025-10-31,99.8000
2025-11-03,99.8700
2025-11-04,100.2200
2025-11-05,100.2000
2025-11-06,99.7300
2025-11-07,99.6000
2025-11-10,99.6200
2025-11-11,99.4600
2025-11-12,99.4800
2025-11-13,99.1800
2025-11-14,99.2700
2025-11-17,99.5900
2025-11-18,99.5500
2025-11-19,100.2300
2025-11-20,100.1600
2025-11-21,100.1800
2025-11-24,100.1400
2025-11-25,99.6600
2025-11-26,99.6000
2025-11-28,99.4600
2025-12-01,99.4100
2025-12-02,99.3600
2025-12-03,98.8500
2025-12-04,98.9900
2025-12-05,98.9900
2025-12-08,99.0900
2025-12-09,99.2200
2025-12-10,98.7900
2025-12-11,98.3500
2025-12-12,98.4000
2025-12-15,98.1500
2025-12-16,98.1500
2025-12-17,98.3700
2025-12-18,98.4300
2025-12-19,98.6000
2025-12-22,98.2900
2025-12-23,97.9400
2025-12-24,97.9800
2025-12-26,98.0200
2025-12-29,98.0400
2025-12-30,98.2400
2025-12-31,98.2800
2026-01-02,98.4200
2026-01-05,98.2700
2026-01-06,98.5800
2026-01-07,98.6800
2026-01-08,98.9300
2026-01-09,99.1300
2026-01-12,98.8600
2026-01-13,99.1300
2026-01-14,99.1300
2026-01-15,99.3200
2026-01-16,99.3900
2026-01-20,98.6400
2026-01-21,98.7600
2026-01-22,98.3600
2026-01-23,97.6000
2026-01-26,97.0400
2026-01-27,96.2200
2026-01-28,96.4500
2026-01-29,96.2800
2026-01-30,96.9900
2026-02-02,97.6100
2026-02-03,97.4400
2026-02-04,97.6200
2026-02-05,97.8200
2026-02-06,97.6300
2026-02-09,96.8200
2026-02-10,96.8000
2026-02-11,96.8300
2026-02-12,96.9300
2026-02-13,96.8800
2026-02-17,97.1600
2026-02-18,97.7000
2026-02-19,97.9300
2026-02-20,97.8000
2026-02-23,97.7000
2026-02-24,97.8800
2026-02-25,97.7000
2026-02-26,97.7900
2026-02-27,97.6100
2026-03-02,98.3800
2026-03-03,99.0500
2026-03-04,98.7700
2026-03-05,99.3200
2026-03-06,98.9900
2026-03-09,99.1800
2026-03-10,98.8300
2026-03-11,99.2300
2026-03-12,99.7400
2026-03-13,100.3600
2026-03-16,99.7100
2026-03-17,99.5800
2026-03-18,100.0900
2026-03-19,99.2300
2026-03-20,99.6500
2026-03-23,98.9500
2026-03-24,99.4300
2026-03-25,99.6000
2026-03-26,99.9000
2026-03-27,100.1500
2026-03-30,100.5100
2026-03-31,99.9600
2026-04-01,99.6500
2026-04-02,100.0300
2026-04-06,99.9800
2026-04-07,99.6400
2026-04-08,99.1300
2026-04-09,98.8200
2026-04-10,98.6500
2026-04-13,98.3700
2026-04-14,98.1200
2026-04-15,98.0600
2026-04-16,98.2200
2026-04-17,98.1000
2026-04-20,98.0500
2026-04-21,98.4100
2026-04-22,98.5900
2026-04-23,98.8000
2026-04-24,98.5100
2026-04-27,98.4800
2026-04-28,98.6200
2026-04-29,98.9200
2026-04-30,98.0800
2026-05-01,98.2100
2026-05-04,98.4700
2026-05-05,98.4800
2026-05-06,98.0200
2026-05-07,98.2500
2026-05-08,97.8400
2026-05-11,97.9400
2026-05-12,98.2900
2026-05-13,98.4800
2026-05-14,98.8800
2026-05-15,99.2700
2026-05-18,98.9700
2026-05-19,99.3000
2026-05-20,99.1100
2026-05-21,99.1900
2026-05-22,99.3200
2026-05-26,99.1700
2026-05-27,99.2100
2026-05-28,99.0200
2026-05-29,98.9100
2026-06-01,99.2000
2026-06-02,99.2200
2026-06-03,99.5300
2026-06-04,99.4100
2026-06-05,100.0700
2026-06-08,100.0500
2026-06-09,99.9100
2026-06-10,99.9500
2026-06-11,99.8600
2026-06-12,99.7500
2026-06-15,99.6300
2026-06-16,99.5400
2026-06-17,100.0900
2026-06-18,100.8500
2026-06-22,101.0200
2026-06-23,101.4100
2026-06-24,101.6100
2026-06-25,101.4300
2026-06-26,101.3600
2026-06-29,101.1100
2026-06-30,101.1900
2026-07-01,101.3900
2026-07-02,100.8600
2026-07-06,100.8500
2026-07-07,101.1400
2026-07-08,101.0500
2026-07-09,100.9400
2026-07-10,100.9700
2026-07-13,101.2800
2026-07-14,100.9400
2026-07-15,100.5000
2026-07-16,100.7300
2026-07-17,100.7500
2026-07-20,100.9900
2026-07-21,101.1800
2026-07-22,101.1400
2026-07-23,101.4300
2026-07-24,101.4700
2026-07-28,101.3800
2026-07-29,101.3370
