date,close
2000-08-30,273.9000
2000-08-31,278.3000
2000-09-01,277.0000
2000-09-05,275.8000
2000-09-06,274.2000
2000-09-07,274.0000
2000-09-08,273.3000
2000-09-11,273.1000
2000-09-12,272.9000
2000-09-13,272.8000
2000-09-14,272.4000
2000-09-15,272.3000
2000-09-18,271.4000
2000-09-19,271.9000
2000-09-20,269.0000
2000-09-21,270.3000
2000-09-22,271.8000
2000-09-25,274.1000
2000-09-26,273.9000
2000-09-27,278.4000
2000-09-28,275.6000
2000-09-29,273.6000
2000-10-02,273.1000
2000-10-03,271.6000
2000-10-04,270.3000
2000-10-05,270.6000
2000-10-06,269.3000
2000-10-09,270.1000
2000-10-10,272.4000
2000-10-11,270.5000
2000-10-12,276.4000
2000-10-13,272.4000
2000-10-16,271.5000
2000-10-17,271.1000
2000-10-18,270.3000
2000-10-19,270.1000
2000-10-20,271.2000
2000-10-23,270.1000
2000-10-24,270.1000
2000-10-25,266.2000
2000-10-26,264.9000
2000-10-27,264.4000
2000-10-30,264.3000
2000-10-31,264.9000
2000-11-01,263.9000
2000-11-02,264.4000
2000-11-03,264.6000
2000-11-06,264.5000
2000-11-07,264.3000
2000-11-08,265.0000
2000-11-09,265.8000
2000-11-10,264.5000
2000-11-13,264.3000
2000-11-14,264.9000
2000-11-15,265.1000
2000-11-16,265.8000
2000-11-17,265.7000
2000-11-20,266.3000
2000-11-21,265.7000
2000-11-22,266.3000
2000-11-27,270.1000
2000-11-28,269.8000
2000-11-29,266.4000
2000-11-30,270.1000
2000-12-01,268.7000
2000-12-04,270.7000
2000-12-05,270.4000
2000-12-06,274.3000
2000-12-07,273.2000
2000-12-08,272.2000
2000-12-11,270.2000
2000-12-12,270.3000
2000-12-13,268.6000
2000-12-14,269.0000
2000-12-15,270.4000
2000-12-18,269.7000
2000-12-19,269.7000
2000-12-20,272.5000
2000-12-21,273.7000
2000-12-22,273.7000
2000-12-26,274.1000
2000-12-27,275.2000
2000-12-28,271.7000
2000-12-29,272.0000
2001-01-02,268.4000
2001-01-03,268.0000
2001-01-04,267.3000
2001-01-05,268.0000
2001-01-08,268.0000
2001-01-09,267.5000
2001-01-10,264.7000
2001-01-11,264.0000
2001-01-12,263.9000
2001-01-16,263.3000
2001-01-17,263.2000
2001-01-18,264.2000
2001-01-19,264.3000
2001-01-22,266.4000
2001-01-23,266.1000
2001-01-24,264.3000
2001-01-25,264.5000
2001-01-26,262.8000
2001-01-29,262.8000
2001-01-30,265.5000
2001-01-31,265.6000
2001-02-01,268.5000
2001-02-02,267.1000
2001-02-05,265.2000
2001-02-06,263.3000
2001-02-07,262.8000
2001-02-08,260.1000
2001-02-09,259.9000
2001-02-12,260.7000
2001-02-13,260.3000
2001-02-14,259.4000
2001-02-15,255.1000
2001-02-16,258.2000
2001-02-20,256.1000
2001-02-21,258.2000
2001-02-22,258.5000
2001-02-23,260.9000
2001-02-26,265.8000
2001-02-27,267.4000
2001-02-28,266.8000
2001-03-01,265.2000
2001-03-02,262.1000
2001-03-05,262.5000
2001-03-06,259.9000
2001-03-07,261.4000
2001-03-08,265.4000
2001-03-09,270.8000
2001-03-12,271.6000
2001-03-13,266.8000
2001-03-14,262.5000
2001-03-15,260.0000
2001-03-16,258.1000
2001-03-19,259.8000
2001-03-20,260.5000
2001-03-21,261.9000
2001-03-22,261.1000
2001-03-23,261.5000
2001-03-26,261.9000
2001-03-27,261.0000
2001-03-28,259.7000
2001-03-29,258.8000
2001-03-30,257.9000
2001-04-02,255.6000
2001-04-03,256.8000
2001-04-04,258.4000
2001-04-05,258.1000
2001-04-06,260.0000
2001-04-09,258.3000
2001-04-10,257.3000
2001-04-11,258.7000
2001-04-12,260.1000
2001-04-16,263.3000
2001-04-17,261.1000
2001-04-18,261.3000
2001-04-19,265.3000
2001-04-20,264.8000
2001-04-23,263.7000
2001-04-24,264.1000
2001-04-25,262.4000
2001-04-26,264.4000
2001-04-27,263.9000
2001-04-30,264.0000
2001-05-01,264.4000
2001-05-02,265.4000
2001-05-03,266.3000
2001-05-04,266.1000
2001-05-07,266.1000
2001-05-08,265.1000
2001-05-09,270.0000
2001-05-10,269.1000
2001-05-11,267.9000
2001-05-14,268.3000
2001-05-15,268.1000
2001-05-16,272.0000
2001-05-17,273.6000
2001-05-18,287.4000
2001-05-21,285.4000
2001-05-22,285.1000
2001-05-23,283.6000
2001-05-24,279.1000
2001-05-25,277.9000
2001-05-29,273.8000
2001-05-30,265.7000
2001-05-31,265.3000
2001-06-01,266.4000
2001-06-04,264.9000
2001-06-05,265.7000
2001-06-06,265.7000
2001-06-07,266.0000
2001-06-08,273.4000
2001-06-11,267.9000
2001-06-12,271.5000
2001-06-13,272.0000
2001-06-14,275.3000
2001-06-15,271.2000
2001-06-18,272.4000
2001-06-19,273.4000
2001-06-20,272.4000
2001-06-21,272.6000
2001-06-22,272.3000
2001-06-25,273.7000
2001-06-26,276.2000
2001-06-27,272.1000
2001-06-28,269.3000
2001-06-29,270.6000
2001-07-02,269.4000
2001-07-03,267.6000
2001-07-05,265.1000
2001-07-06,265.9000
2001-07-09,266.5000
2001-07-10,266.2000
2001-07-11,268.3000
2001-07-12,266.6000
2001-07-13,267.1000
2001-07-16,266.9000
2001-07-17,268.1000
2001-07-18,270.4000
2001-07-19,269.4000
2001-07-20,269.9000
2001-07-23,268.8000
2001-07-24,269.7000
2001-07-25,267.7000
2001-07-26,266.2000
2001-07-27,267.4000
2001-07-30,264.6000
2001-07-31,266.2000
2001-08-01,267.4000
2001-08-02,267.4000
2001-08-03,267.9000
2001-08-06,267.1000
2001-08-07,267.2000
2001-08-08,267.9000
2001-08-09,273.4000
2001-08-10,273.9000
2001-08-13,275.7000
2001-08-14,276.3000
2001-08-15,275.7000
2001-08-16,275.2000
2001-08-17,279.3000
2001-08-20,276.1000
2001-08-21,275.0000
2001-08-22,274.9000
2001-08-23,275.3000
2001-08-24,272.5000
2001-08-27,272.6000
2001-08-28,272.3000
2001-08-29,273.7000
2001-08-30,275.4000
2001-08-31,274.4000
2001-09-04,271.6000
2001-09-05,272.0000
2001-09-06,273.0000
2001-09-07,273.1000
2001-09-10,271.6000
2001-09-14,290.2000
2001-09-17,289.8000
2001-09-18,288.1000
2001-09-19,291.5000
2001-09-20,289.0000
2001-09-21,291.9000
2001-09-24,289.7000
2001-09-25,290.5000
2001-09-26,293.3000
2001-09-27,291.7000
2001-09-28,292.4000
2001-10-01,292.2000
2001-10-02,289.9000
2001-10-03,290.5000
2001-10-04,290.5000
2001-10-05,291.4000
2001-10-08,292.4000
2001-10-09,288.9000
2001-10-10,285.7000
2001-10-11,281.8000
2001-10-12,284.9000
2001-10-15,282.1000
2001-10-16,282.3000
2001-10-17,283.4000
2001-10-18,279.2000
2001-10-19,280.1000
2001-10-22,275.5000
2001-10-23,276.1000
2001-10-24,275.9000
2001-10-25,277.8000
2001-10-26,277.9000
2001-10-29,279.1000
2001-10-30,280.6000
2001-10-31,279.5000
2001-11-01,279.7000
2001-11-02,279.8000
2001-11-05,278.5000
2001-11-06,279.7000
2001-11-07,281.0000
2001-11-08,276.8000
2001-11-09,277.4000
2001-11-12,278.3000
2001-11-13,277.8000
2001-11-14,277.8000
2001-11-15,275.1000
2001-11-16,274.7000
2001-11-19,272.7000
2001-11-20,273.0000
2001-11-21,272.9000
2001-11-26,272.3000
2001-11-27,273.2000
2001-11-28,274.1000
2001-11-29,273.5000
2001-11-30,273.9000
2001-12-03,276.9000
2001-12-04,275.4000
2001-12-05,273.7000
2001-12-06,274.2000
2001-12-07,273.9000
2001-12-10,272.2000
2001-12-11,272.2000
2001-12-12,273.8000
2001-12-13,273.9000
2001-12-14,278.0000
2001-12-17,277.7000
2001-12-18,280.4000
2001-12-19,275.5000
2001-12-20,276.0000
2001-12-21,278.0000
2001-12-26,279.7000
2001-12-27,277.4000
2001-12-28,276.5000
2001-12-31,278.7000
2002-01-02,278.9000
2002-01-03,278.2000
2002-01-04,278.9000
2002-01-07,278.6000
2002-01-08,278.9000
2002-01-09,283.4000
2002-01-10,287.1000
2002-01-11,287.4000
2002-01-14,285.4000
2002-01-15,284.4000
2002-01-16,287.3000
2002-01-17,284.4000
2002-01-18,283.1000
2002-01-22,281.5000
2002-01-23,278.6000
2002-01-24,278.1000
2002-01-25,278.8000
2002-01-28,278.3000
2002-01-29,281.4000
2002-01-30,281.9000
2002-01-31,282.1000
2002-02-01,286.0000
2002-02-04,289.3000
2002-02-05,298.2000
2002-02-06,297.5000
2002-02-07,299.7000
2002-02-08,303.5000
2002-02-11,300.1000
2002-02-12,300.7000
2002-02-13,299.4000
2002-02-14,299.7000
2002-02-15,298.4000
2002-02-19,293.2000
2002-02-20,292.3000
2002-02-21,293.2000
2002-02-22,293.2000
2002-02-25,292.7000
2002-02-26,298.0000
2002-02-27,296.3000
2002-02-28,296.7000
2002-03-01,298.0000
2002-03-04,296.7000
2002-03-05,294.0000
2002-03-06,293.5000
2002-03-07,290.1000
2002-03-08,290.1000
2002-03-11,291.1000
2002-03-12,293.6000
2002-03-13,293.6000
2002-03-14,291.0000
2002-03-15,289.9000
2002-03-18,292.1000
2002-03-19,292.8000
2002-03-20,292.1000
2002-03-21,292.8000
2002-03-22,297.3000
2002-03-25,297.4000
2002-03-26,296.6000
2002-03-27,302.2000
2002-03-28,302.6000
2002-04-01,303.2000
2002-04-02,305.9000
2002-04-03,302.6000
2002-04-04,301.1000
2002-04-05,300.1000
2002-04-08,300.5000
2002-04-09,298.8000
2002-04-10,301.7000
2002-04-11,302.2000
2002-04-12,302.1000
2002-04-15,300.0000
2002-04-16,298.8000
2002-04-17,302.1000
2002-04-18,304.5000
2002-04-19,302.3000
2002-04-22,303.0000
2002-04-23,304.0000
2002-04-24,304.3000
2002-04-25,308.1000
2002-04-26,311.6000
2002-04-29,311.2000
2002-04-30,308.9000
2002-05-01,309.1000
2002-05-02,308.3000
2002-05-03,312.2000
2002-05-06,311.2000
2002-05-07,311.6000
2002-05-08,308.2000
2002-05-09,309.5000
2002-05-10,311.0000
2002-05-13,310.6000
2002-05-14,307.3000
2002-05-15,308.7000
2002-05-16,309.8000
2002-05-17,310.6000
2002-05-20,315.7000
2002-05-21,315.8000
2002-05-22,318.0000
2002-05-23,322.5000
2002-05-24,320.4000
2002-05-28,323.9000
2002-05-29,325.4000
2002-05-30,325.5000
2002-05-31,326.5000
2002-06-03,326.7000
2002-06-04,327.8000
2002-06-05,321.2000
2002-06-06,324.9000
2002-06-07,324.6000
2002-06-10,318.7000
2002-06-11,319.7000
2002-06-12,320.3000
2002-06-13,317.7000
2002-06-14,319.1000
2002-06-17,317.4000
2002-06-18,319.2000
2002-06-19,319.8000
2002-06-20,323.2000
2002-06-21,324.6000
2002-06-24,324.3000
2002-06-25,320.2000
2002-06-26,320.5000
2002-06-27,319.2000
2002-06-28,313.5000
2002-07-01,314.0000
2002-07-02,312.8000
2002-07-03,310.9000
2002-07-08,312.1000
2002-07-09,316.1000
2002-07-10,314.7000
2002-07-11,317.2000
2002-07-12,315.6000
2002-07-15,319.6000
2002-07-16,317.2000
2002-07-17,317.4000
2002-07-18,317.0000
2002-07-19,323.9000
2002-07-22,323.6000
2002-07-23,312.7000
2002-07-24,311.5000
2002-07-25,309.8000
2002-07-26,303.4000
2002-07-29,302.5000
2002-07-30,303.7000
2002-07-31,303.2000
2002-08-01,304.0000
2002-08-02,307.0000
2002-08-05,307.8000
2002-08-06,305.5000
2002-08-07,314.3000
2002-08-08,310.4000
2002-08-09,314.2000
2002-08-12,314.1000
2002-08-13,314.2000
2002-08-14,311.8000
2002-08-15,314.3000
2002-08-16,313.7000
2002-08-19,306.0000
2002-08-20,308.7000
2002-08-21,307.6000
2002-08-22,306.6000
2002-08-23,306.7000
2002-08-26,309.4000
2002-08-27,312.3000
2002-08-28,309.4000
2002-08-29,312.9000
2002-08-30,312.4000
2002-09-03,313.4000
2002-09-04,314.9000
2002-09-05,318.2000
2002-09-06,319.9000
2002-09-09,321.3000
2002-09-10,317.9000
2002-09-11,316.6000
2002-09-12,318.9000
2002-09-13,316.6000
2002-09-16,317.1000
2002-09-17,317.0000
2002-09-18,320.6000
2002-09-19,322.6000
2002-09-20,321.9000
2002-09-23,323.0000
2002-09-24,325.9000
2002-09-25,322.2000
2002-09-26,320.3000
2002-09-27,319.7000
2002-09-30,323.9000
2002-10-01,320.9000
2002-10-02,321.5000
2002-10-03,321.1000
2002-10-04,322.1000
2002-10-07,321.9000
2002-10-08,318.2000
2002-10-09,319.6000
2002-10-10,316.5000
2002-10-11,316.3000
2002-10-14,317.8000
2002-10-15,312.6000
2002-10-16,314.0000
2002-10-17,311.6000
2002-10-18,312.7000
2002-10-21,310.9000
2002-10-22,313.0000
2002-10-23,312.0000
2002-10-24,310.7000
2002-10-25,313.4000
2002-10-28,315.2000
2002-10-29,317.7000
2002-10-30,316.5000
2002-10-31,318.0000
2002-11-01,318.8000
2002-11-04,318.3000
2002-11-05,318.2000
2002-11-06,317.5000
2002-11-07,320.5000
2002-11-08,321.3000
2002-11-11,321.2000
2002-11-12,324.5000
2002-11-13,318.7000
2002-11-14,317.9000
2002-11-15,320.7000
2002-11-18,319.2000
2002-11-19,318.6000
2002-11-20,317.4000
2002-11-21,317.4000
2002-11-22,320.7000
2002-11-25,317.8000
2002-11-26,317.7000
2002-11-27,316.8000
2002-12-02,317.6000
2002-12-03,320.2000
2002-12-04,322.2000
2002-12-05,324.8000
2002-12-06,326.3000
2002-12-09,325.8000
2002-12-10,323.5000
2002-12-11,324.8000
2002-12-12,331.4000
2002-12-13,333.2000
2002-12-16,337.0000
2002-12-17,337.4000
2002-12-18,342.1000
2002-12-19,345.9000
2002-12-20,340.5000
2002-12-23,345.1000
2002-12-24,346.8000
2002-12-26,348.9000
2002-12-27,349.2000
2002-12-30,343.4000
2002-12-31,347.6000
2003-01-02,346.1000
2003-01-03,351.2000
2003-01-06,351.7000
2003-01-07,347.3000
2003-01-08,353.9000
2003-01-09,353.3000
2003-01-10,354.5000
2003-01-13,354.7000
2003-01-14,352.0000
2003-01-15,350.7000
2003-01-16,357.7000
2003-01-17,356.6000
2003-01-21,357.3000
2003-01-22,359.7000
2003-01-23,364.5000
2003-01-24,368.2000
2003-01-27,369.4000
2003-01-28,370.0000
2003-01-29,366.3000
2003-01-30,368.6000
2003-01-31,368.3000
2003-02-03,370.8000
2003-02-04,379.0000
2003-02-05,376.4000
2003-02-06,370.1000
2003-02-07,369.9000
2003-02-10,363.7000
2003-02-11,362.5000
2003-02-12,352.6000
2003-02-13,357.4000
2003-02-14,351.9000
2003-02-18,344.2000
2003-02-19,349.9000
2003-02-20,353.1000
2003-02-21,351.8000
2003-02-24,356.3000
2003-02-25,352.3000
2003-02-26,354.0000
2003-02-27,346.1000
2003-02-28,350.2000
2003-03-03,349.2000
2003-03-04,353.2000
2003-03-05,353.1000
2003-03-06,356.8000
2003-03-07,350.8000
2003-03-10,354.7000
2003-03-11,350.5000
2003-03-12,346.5000
2003-03-13,335.9000
2003-03-14,336.5000
2003-03-17,337.1000
2003-03-18,337.6000
2003-03-19,336.1000
2003-03-20,332.9000
2003-03-21,326.0000
2003-03-24,329.5000
2003-03-25,328.4000
2003-03-26,330.3000
2003-03-27,328.7000
2003-03-28,328.7000
2003-03-31,335.9000
2003-04-01,334.3000
2003-04-02,329.6000
2003-04-03,324.9000
2003-04-04,325.3000
2003-04-07,321.5000
2003-04-08,322.2000
2003-04-09,325.6000
2003-04-10,326.7000
2003-04-11,327.9000
2003-04-14,324.2000
2003-04-15,324.9000
2003-04-16,325.8000
2003-04-17,327.2000
2003-04-21,333.5000
2003-04-22,334.4000
2003-04-23,331.5000
2003-04-24,334.8000
2003-04-25,333.4000
2003-04-28,334.5000
2003-04-29,333.7000
2003-04-30,339.1000
2003-05-01,342.1000
2003-05-02,341.0000
2003-05-05,342.3000
2003-05-06,342.5000
2003-05-07,341.9000
2003-05-08,348.4000
2003-05-09,348.6000
2003-05-12,351.6000
2003-05-13,350.0000
2003-05-14,352.3000
2003-05-15,352.6000
2003-05-16,354.7000
2003-05-19,364.2000
2003-05-20,366.3000
2003-05-21,372.0000
2003-05-22,368.1000
2003-05-23,368.8000
2003-05-27,367.8000
2003-05-28,365.2000
2003-05-29,369.6000
2003-05-30,364.5000
2003-06-02,366.0000
2003-06-03,365.2000
2003-06-04,362.6000
2003-06-05,368.6000
2003-06-06,363.7000
2003-06-09,361.8000
2003-06-10,352.2000
2003-06-11,355.5000
2003-06-12,353.3000
2003-06-13,356.6000
2003-06-16,359.0000
2003-06-17,363.2000
2003-06-18,357.2000
2003-06-19,361.3000
2003-06-20,356.3000
2003-06-23,353.0000
2003-06-24,346.3000
2003-06-25,349.3000
2003-06-26,343.9000
2003-06-27,345.2000
2003-06-30,346.0000
2003-07-01,351.4000
2003-07-02,351.3000
2003-07-03,351.0000
2003-07-07,348.1000
2003-07-08,344.1000
2003-07-09,343.6000
2003-07-10,344.3000
2003-07-11,344.8000
2003-07-14,347.7000
2003-07-15,342.1000
2003-07-16,343.1000
2003-07-17,344.2000
2003-07-18,347.2000
2003-07-21,350.9000
2003-07-22,350.6000
2003-07-23,358.6000
2003-07-24,362.2000
2003-07-25,362.7000
2003-07-28,364.8000
2003-07-29,361.7000
2003-07-30,356.2000
2003-07-31,354.0000
2003-08-01,346.1000
2003-08-04,349.2000
2003-08-05,349.6000
2003-08-06,350.8000
2003-08-07,352.5000
2003-08-08,356.3000
2003-08-11,361.7000
2003-08-12,358.5000
2003-08-13,362.1000
2003-08-14,366.0000
2003-08-15,363.2000
2003-08-18,358.4000
2003-08-19,361.6000
2003-08-20,365.6000
2003-08-21,360.6000
2003-08-22,363.1000
2003-08-25,361.3000
2003-08-26,365.8000
2003-08-27,373.5000
2003-08-28,370.5000
2003-08-29,375.7000
2003-09-02,373.2000
2003-09-03,373.9000
2003-09-04,372.9000
2003-09-05,377.6000
2003-09-08,375.1000
2003-09-09,381.7000
2003-09-10,380.0000
2003-09-11,379.7000
2003-09-12,375.8000
2003-09-15,374.5000
2003-09-16,373.5000
2003-09-17,376.2000
2003-09-18,376.6000
2003-09-19,381.8000
2003-09-22,387.2000
2003-09-23,385.9000
2003-09-24,387.5000
2003-09-25,385.0000
2003-09-26,380.8000
2003-09-29,382.4000
2003-09-30,385.4000
2003-10-01,384.3000
2003-10-02,383.1000
2003-10-03,369.4000
2003-10-06,372.7000
2003-10-07,377.2000
2003-10-08,375.4000
2003-10-09,369.2000
2003-10-10,373.6000
2003-10-13,375.2000
2003-10-14,375.7000
2003-10-15,372.6000
2003-10-16,372.7000
2003-10-17,371.8000
2003-10-20,374.0000
2003-10-21,381.7000
2003-10-22,386.5000
2003-10-23,384.7000
2003-10-24,388.9000
2003-10-27,387.9000
2003-10-28,383.2000
2003-10-29,386.8000
2003-10-30,384.3000
2003-10-31,384.5000
2003-11-03,377.0000
2003-11-04,379.9000
2003-11-05,382.6000
2003-11-06,380.6000
2003-11-07,383.3000
2003-11-10,386.6000
2003-11-11,388.1000
2003-11-12,394.9000
2003-11-13,394.1000
2003-11-14,397.8000
2003-11-17,391.5000
2003-11-18,397.6000
2003-11-19,394.9000
2003-11-20,393.7000
2003-11-21,396.0000
2003-11-24,391.5000
2003-11-25,391.1000
2003-11-26,396.8000
2003-12-01,402.7000
2003-12-02,403.7000
2003-12-03,403.9000
2003-12-04,403.3000
2003-12-05,406.4000
2003-12-08,406.6000
2003-12-09,408.2000
2003-12-10,406.2000
2003-12-11,404.6000
2003-12-12,409.4000
2003-12-15,409.2000
2003-12-16,407.7000
2003-12-17,412.0000
2003-12-18,410.4000
2003-12-19,409.2000
2003-12-22,410.6000
2003-12-23,411.0000
2003-12-24,412.3000
2003-12-29,414.8000
2003-12-30,416.9000
2003-12-31,415.7000
2004-01-05,424.4000
2004-01-06,422.8000
2004-01-07,421.9000
2004-01-08,424.0000
2004-01-09,426.4000
2004-01-12,426.3000
2004-01-13,423.7000
2004-01-14,421.7000
2004-01-15,408.4000
2004-01-16,406.7000
2004-01-20,412.7000
2004-01-21,411.1000
2004-01-22,410.0000
2004-01-23,407.9000
2004-01-26,406.6000
2004-01-27,410.0000
2004-01-28,414.5000
2004-01-29,398.5000
2004-01-30,402.2000
2004-02-02,398.7000
2004-02-03,399.2000
2004-02-04,401.0000
2004-02-05,398.1000
2004-02-06,403.6000
2004-02-09,406.8000
2004-02-10,406.4000
2004-02-11,410.2000
2004-02-12,413.7000
2004-02-13,410.3000
2004-02-17,416.0000
2004-02-18,412.3000
2004-02-19,409.8000
2004-02-20,397.5000
2004-02-23,399.0000
2004-02-24,404.5000
2004-02-25,395.8000
2004-02-26,395.8000
2004-02-27,396.4000
2004-03-01,399.3000
2004-03-02,393.5000
2004-03-03,392.4000
2004-03-04,392.9000
2004-03-05,401.3000
2004-03-08,400.6000
2004-03-09,404.2000
2004-03-10,400.0000
2004-03-11,400.7000
2004-03-12,395.3000
2004-03-15,399.4000
2004-03-16,402.4000
2004-03-17,406.9000
2004-03-18,411.1000
2004-03-19,412.5000
2004-03-22,417.4000
2004-03-23,419.8000
2004-03-24,417.2000
2004-03-25,416.7000
2004-03-26,422.1000
2004-03-29,417.1000
2004-03-30,421.7000
2004-03-31,427.3000
2004-04-01,427.8000
2004-04-02,421.6000
2004-04-05,415.4000
2004-04-06,418.9000
2004-04-07,422.8000
2004-04-08,419.9000
2004-04-12,420.1000
2004-04-13,407.0000
2004-04-14,399.8000
2004-04-15,397.7000
2004-04-16,401.0000
2004-04-19,400.6000
2004-04-20,397.7000
2004-04-21,390.8000
2004-04-22,393.3000
2004-04-23,395.1000
2004-04-26,396.0000
2004-04-27,398.6000
2004-04-28,385.4000
2004-04-29,386.6000
2004-04-30,387.0000
2004-05-03,387.0000
2004-05-04,391.4000
2004-05-05,393.4000
2004-05-06,388.0000
2004-05-07,378.7000
2004-05-10,378.3000
2004-05-11,376.9000
2004-05-12,377.4000
2004-05-13,374.8000
2004-05-14,377.0000
2004-05-17,379.5000
2004-05-18,375.8000
2004-05-19,382.9000
2004-05-20,378.4000
2004-05-21,384.8000
2004-05-24,385.6000
2004-05-25,388.3000
2004-05-26,388.3000
2004-05-27,394.9000
2004-05-28,394.0000
2004-06-01,394.6000
2004-06-02,390.7000
2004-06-03,388.1000
2004-06-04,390.9000
2004-06-07,393.8000
2004-06-08,391.0000
2004-06-09,384.5000
2004-06-10,385.9000
2004-06-14,383.6000
2004-06-15,388.1000
2004-06-16,384.6000
2004-06-17,388.9000
2004-06-18,395.1000
2004-06-21,394.0000
2004-06-22,395.0000
2004-06-23,395.0000
2004-06-24,403.1000
2004-06-25,402.9000
2004-06-28,401.0000
2004-06-29,392.5000
2004-06-30,392.6000
2004-07-01,396.0000
2004-07-02,398.3000
2004-07-06,392.6000
2004-07-07,402.3000
2004-07-08,407.8000
2004-07-09,407.5000
2004-07-12,408.1000
2004-07-13,402.0000
2004-07-14,405.4000
2004-07-15,404.2000
2004-07-16,406.6000
2004-07-19,405.6000
2004-07-20,401.9000
2004-07-21,397.1000
2004-07-22,395.2000
2004-07-23,390.5000
2004-07-26,390.3000
2004-07-27,387.0000
2004-07-28,389.0000
2004-07-29,387.0000
2004-07-30,391.0000
2004-08-02,391.7000
2004-08-03,394.0000
2004-08-04,392.2000
2004-08-05,392.3000
2004-08-06,399.8000
2004-08-09,400.7000
2004-08-10,400.0000
2004-08-11,395.5000
2004-08-12,394.3000
2004-08-13,398.9000
2004-08-16,402.9000
2004-08-17,404.4000
2004-08-18,404.3000
2004-08-19,407.1000
2004-08-20,413.2000
2004-08-23,410.5000
2004-08-24,403.0000
2004-08-25,407.9000
2004-08-26,407.4000
2004-08-27,403.3000
2004-08-30,407.8000
2004-08-31,410.4000
2004-09-01,408.8000
2004-09-02,406.0000
2004-09-03,400.5000
2004-09-07,397.4000
2004-09-08,399.4000
2004-09-09,398.5000
2004-09-10,401.9000
2004-09-13,404.1000
2004-09-14,405.7000
2004-09-15,405.0000
2004-09-16,404.7000
2004-09-17,405.8000
2004-09-20,405.3000
2004-09-21,408.3000
2004-09-22,407.2000
2004-09-23,410.9000
2004-09-24,408.1000
2004-09-27,409.1000
2004-09-28,412.5000
2004-09-29,413.0000
2004-09-30,418.7000
2004-10-01,419.5000
2004-10-04,414.0000
2004-10-05,418.2000
2004-10-06,418.4000
2004-10-07,418.0000
2004-10-08,423.1000
2004-10-11,422.0000
2004-10-12,415.1000
2004-10-13,413.2000
2004-10-14,418.1000
2004-10-15,418.7000
2004-10-18,416.2000
2004-10-19,420.3000
2004-10-20,423.5000
2004-10-21,424.4000
2004-10-22,424.6000
2004-10-25,429.0000
2004-10-26,426.8000
2004-10-27,424.8000
2004-10-28,425.1000
2004-10-29,428.5000
2004-11-01,427.3000
2004-11-02,420.0000
2004-11-03,424.6000
2004-11-04,430.1000
2004-11-05,433.6000
2004-11-08,432.7000
2004-11-09,435.7000
2004-11-10,434.0000
2004-11-11,434.9000
2004-11-12,437.9000
2004-11-15,437.0000
2004-11-16,440.2000
2004-11-17,444.8000
2004-11-18,442.6000
2004-11-19,446.8000
2004-11-22,448.8000
2004-11-23,447.8000
2004-11-24,449.3000
2004-11-29,453.7000
2004-11-30,451.3000
2004-12-01,454.0000
2004-12-02,450.4000
2004-12-03,456.0000
2004-12-06,454.2000
2004-12-07,452.0000
2004-12-08,437.2000
2004-12-09,435.8000
2004-12-10,433.9000
2004-12-13,438.9000
2004-12-14,435.9000
2004-12-15,440.8000
2004-12-16,436.9000
2004-12-17,441.6000
2004-12-20,442.4000
2004-12-21,441.8000
2004-12-22,440.3000
2004-12-23,441.9000
2004-12-27,445.2000
2004-12-28,444.3000
2004-12-29,436.0000
2004-12-30,437.5000
2005-01-03,428.7000
2005-01-04,428.5000
2005-01-05,426.6000
2005-01-06,421.0000
2005-01-07,418.9000
2005-01-10,419.1000
2005-01-11,421.9000
2005-01-12,426.1000
2005-01-13,424.5000
2005-01-14,422.7000
2005-01-18,423.2000
2005-01-19,423.0000
2005-01-20,422.4000
2005-01-21,426.7000
2005-01-24,426.9000
2005-01-25,422.0000
2005-01-26,426.9000
2005-01-27,426.3000
2005-01-28,425.8000
2005-01-31,421.8000
2005-02-01,420.8000
2005-02-02,421.1000
2005-02-03,416.6000
2005-02-04,414.0000
2005-02-07,413.6000
2005-02-08,412.6000
2005-02-09,412.9000
2005-02-10,417.2000
2005-02-11,420.5000
2005-02-14,425.8000
2005-02-15,425.9000
2005-02-16,425.5000
2005-02-17,427.3000
2005-02-18,427.1000
2005-02-22,434.5000
2005-02-23,434.9000
2005-02-24,434.5000
2005-02-25,434.9000
2005-02-28,436.5000
2005-03-01,432.9000
2005-03-02,432.8000
2005-03-03,429.9000
2005-03-04,434.2000
2005-03-07,435.0000
2005-03-08,440.3000
2005-03-09,442.1000
2005-03-10,442.8000
2005-03-11,446.2000
2005-03-14,441.1000
2005-03-15,440.9000
2005-03-16,443.7000
2005-03-17,438.7000
2005-03-18,439.3000
2005-03-21,431.1000
2005-03-22,431.3000
2005-03-23,425.2000
2005-03-24,424.7000
2005-03-28,425.9000
2005-03-29,426.0000
2005-03-31,428.7000
2005-04-01,425.9000
2005-04-04,423.9000
2005-04-05,424.5000
2005-04-06,427.1000
2005-04-07,426.5000
2005-04-08,426.9000
2005-04-11,428.6000
2005-04-12,427.6000
2005-04-13,429.3000
2005-04-14,424.0000
2005-04-15,424.9000
2005-04-18,427.5000
2005-04-19,432.9000
2005-04-20,435.3000
2005-04-21,433.0000
2005-04-22,434.3000
2005-04-25,434.6000
2005-04-26,437.9000
2005-04-27,433.0000
2005-04-29,435.0000
2005-05-02,429.5000
2005-05-03,426.7000
2005-05-04,429.0000
2005-05-05,429.8000
2005-05-06,426.1000
2005-05-09,426.2000
2005-05-10,427.2000
2005-05-11,427.2000
2005-05-12,421.6000
2005-05-13,420.2000
2005-05-16,418.9000
2005-05-17,419.4000
2005-05-18,421.5000
2005-05-19,420.5000
2005-05-20,417.4000
2005-05-23,416.6000
2005-05-24,417.5000
2005-05-25,418.8000
2005-05-26,418.0000
2005-05-27,419.8000
2005-05-31,416.3000
2005-06-01,415.3000
2005-06-02,422.7000
2005-06-03,423.7000
2005-06-06,426.5000
2005-06-07,424.8000
2005-06-08,424.7000
2005-06-09,424.2000
2005-06-10,427.4000
2005-06-13,429.3000
2005-06-14,427.5000
2005-06-15,429.1000
2005-06-16,436.2000
2005-06-17,438.3000
2005-06-20,438.4000
2005-06-21,438.9000
2005-06-22,438.1000
2005-06-23,441.7000
2005-06-24,440.5000
2005-06-27,440.3000
2005-06-28,436.4000
2005-06-30,435.9000
2005-07-01,427.8000
2005-07-05,422.9000
2005-07-06,423.5000
2005-07-07,423.3000
2005-07-08,422.9000
2005-07-11,425.5000
2005-07-12,426.3000
2005-07-13,423.9000
2005-07-14,419.6000
2005-07-15,420.7000
2005-07-18,420.5000
2005-07-19,419.7000
2005-07-20,421.7000
2005-07-21,425.4000
2005-07-22,424.7000
2005-07-25,425.7000
2005-07-26,423.4000
2005-07-27,424.7000
2005-07-28,427.3000
2005-07-29,429.9000
2005-08-01,431.9000
2005-08-02,431.9000
2005-08-03,436.9000
2005-08-04,437.9000
2005-08-05,437.2000
2005-08-08,434.7000
2005-08-09,434.2000
2005-08-10,436.5000
2005-08-11,445.5000
2005-08-12,445.9000
2005-08-15,442.2000
2005-08-16,446.1000
2005-08-17,439.9000
2005-08-18,439.5000
2005-08-19,437.2000
2005-08-22,438.1000
2005-08-23,439.4000
2005-08-24,437.3000
2005-08-25,438.4000
2005-08-26,437.4000
2005-08-29,437.0000
2005-08-30,431.2000
2005-08-31,433.8000
2005-09-01,442.3000
2005-09-02,444.2000
2005-09-06,444.4000
2005-09-07,444.9000
2005-09-08,446.7000
2005-09-09,449.0000
2005-09-12,449.7000
2005-09-13,446.1000
2005-09-14,449.8000
2005-09-15,455.5000
2005-09-16,459.5000
2005-09-19,466.7000
2005-09-20,466.2000
2005-09-21,468.9000
2005-09-22,466.6000
2005-09-23,463.5000
2005-09-26,465.9000
2005-09-27,462.6000
2005-09-28,469.7000
2005-09-29,472.2000
2005-09-30,469.0000
2005-10-03,466.1000
2005-10-04,466.1000
2005-10-05,466.1000
2005-10-06,471.9000
2005-10-07,474.7000
2005-10-10,475.1000
2005-10-11,477.1000
2005-10-12,473.9000
2005-10-13,471.1000
2005-10-14,469.2000
2005-10-17,474.1000
2005-10-18,472.1000
2005-10-19,463.5000
2005-10-20,461.0000
2005-10-21,467.0000
2005-10-24,465.0000
2005-10-25,472.8000
2005-10-26,471.2000
2005-10-27,473.8000
2005-10-28,473.0000
2005-10-31,465.1000
2005-11-01,458.8000
2005-11-02,462.8000
2005-11-03,460.1000
2005-11-04,456.3000
2005-11-07,459.0000
2005-11-08,460.9000
2005-11-09,466.3000
2005-11-10,466.6000
2005-11-11,468.3000
2005-11-14,468.2000
2005-11-15,468.1000
2005-11-16,478.3000
2005-11-17,486.2000
2005-11-18,485.6000
2005-11-21,489.0000
2005-11-22,492.6000
2005-11-23,492.1000
2005-11-28,498.3000
2005-11-29,499.1000
2005-11-30,494.6000
2005-12-01,502.5000
2005-12-02,503.3000
2005-12-05,508.9000
2005-12-06,510.2000
2005-12-07,514.3000
2005-12-08,519.3000
2005-12-09,527.0000
2005-12-12,528.4000
2005-12-13,521.0000
2005-12-14,506.5000
2005-12-15,503.9000
2005-12-16,503.4000
2005-12-19,503.6000
2005-12-20,494.6000
2005-12-21,493.0000
2005-12-22,502.7000
2005-12-23,503.0000
2005-12-27,508.0000
2005-12-28,514.2000
2005-12-29,515.7000
2005-12-30,517.1000
2006-01-03,530.7000
2006-01-04,533.9000
2006-01-05,526.3000
2006-01-06,539.7000
2006-01-09,549.1000
2006-01-10,544.3000
2006-01-11,548.8000
2006-01-12,548.3000
2006-01-13,556.1000
2006-01-17,553.4000
2006-01-18,543.7000
2006-01-19,558.4000
2006-01-20,553.5000
2006-01-23,558.3000
2006-01-24,557.7000
2006-01-25,562.2000
2006-01-26,559.7000
2006-01-27,558.7000
2006-01-30,565.8000
2006-01-31,570.8000
2006-02-01,569.4000
2006-02-02,572.5000
2006-02-03,567.4000
2006-02-06,570.2000
2006-02-07,551.0000
2006-02-08,550.1000
2006-02-09,564.5000
2006-02-10,550.2000
2006-02-13,539.0000
2006-02-14,545.9000
2006-02-15,539.7000
2006-02-16,546.0000
2006-02-17,551.8000
2006-02-21,553.9000
2006-02-22,553.9000
2006-02-23,548.4000
2006-02-24,558.8000
2006-02-27,554.7000
2006-02-28,561.6000
2006-03-01,563.5000
2006-03-02,568.2000
2006-03-03,566.0000
2006-03-06,554.9000
2006-03-07,552.7000
2006-03-08,542.5000
2006-03-09,545.5000
2006-03-10,539.9000
2006-03-13,546.1000
2006-03-14,551.7000
2006-03-15,553.1000
2006-03-16,554.4000
2006-03-17,554.1000
2006-03-20,555.2000
2006-03-21,552.4000
2006-03-22,550.9000
2006-03-23,550.1000
2006-03-24,560.0000
2006-03-27,567.0000
2006-03-28,566.6000
2006-03-29,573.0000
2006-03-30,586.7000
2006-03-31,581.8000
2006-04-03,589.4000
2006-04-04,586.0000
2006-04-05,587.9000
2006-04-06,595.2000
2006-04-07,588.4000
2006-04-10,597.6000
2006-04-11,595.2000
2006-04-12,597.5000
2006-04-13,596.5000
2006-04-17,615.4000
2006-04-18,620.0000
2006-04-19,632.6000
2006-04-20,619.8000
2006-04-21,632.2000
2006-04-24,620.6000
2006-04-25,631.0000
2006-04-26,638.8000
2006-04-27,633.3000
2006-04-28,651.8000
2006-05-01,657.5000
2006-05-02,664.7000
2006-05-03,665.9000
2006-05-04,674.2000
2006-05-05,682.2000
2006-05-08,677.8000
2006-05-09,699.4000
2006-05-10,703.7000
2006-05-11,719.8000
2006-05-12,710.3000
2006-05-15,683.6000
2006-05-16,691.5000
2006-05-17,690.5000
2006-05-18,679.6000
2006-05-19,656.7000
2006-05-22,657.0000
2006-05-23,673.0000
2006-05-24,637.0000
2006-05-25,648.4000
2006-05-26,650.9000
2006-05-30,653.9000
2006-05-31,642.5000
2006-06-01,627.6000
2006-06-02,635.5000
2006-06-05,643.2000
2006-06-06,629.4000
2006-06-07,627.4000
2006-06-08,609.1000
2006-06-09,608.2000
2006-06-12,606.8000
2006-06-13,562.5000
2006-06-14,562.3000
2006-06-15,566.5000
2006-06-16,578.0000
2006-06-19,568.8000
2006-06-20,576.9000
2006-06-21,587.5000
2006-06-22,582.2000
2006-06-23,584.8000
2006-06-26,584.8000
2006-06-27,581.6000
2006-06-28,578.3000
2006-06-29,586.5000
2006-06-30,613.5000
2006-07-05,627.3000
2006-07-06,634.1000
2006-07-07,632.8000
2006-07-10,624.1000
2006-07-11,641.2000
2006-07-12,649.4000
2006-07-13,652.9000
2006-07-14,666.6000
2006-07-17,650.6000
2006-07-18,628.3000
2006-07-19,641.6000
2006-07-20,631.7000
2006-07-21,619.6000
2006-07-24,612.7000
2006-07-25,617.6000
2006-07-26,621.6000
2006-07-27,632.4000
2006-07-28,634.8000
2006-07-31,634.2000
2006-08-01,646.3000
2006-08-02,651.6000
2006-08-03,644.9000
2006-08-04,644.0000
2006-08-07,647.8000
2006-08-08,645.7000
2006-08-09,650.5000
2006-08-10,634.9000
2006-08-11,633.5000
2006-08-14,628.5000
2006-08-15,622.5000
2006-08-16,628.7000
2006-08-17,615.4000
2006-08-18,612.1000
2006-08-21,625.7000
2006-08-22,624.6000
2006-08-23,623.7000
2006-08-24,619.5000
2006-08-25,622.0000
2006-08-28,615.3000
2006-08-29,610.7000
2006-08-30,617.7000
2006-08-31,625.9000
2006-09-01,624.4000
2006-09-04,624.4000
2006-09-05,638.5000
2006-09-06,633.5000
2006-09-07,617.0000
2006-09-08,609.6000
2006-09-11,590.0000
2006-09-12,586.9000
2006-09-13,589.1000
2006-09-14,579.3000
2006-09-15,576.4000
2006-09-18,586.2000
2006-09-19,576.8000
2006-09-20,580.0000
2006-09-21,582.2000
2006-09-22,589.4000
2006-09-25,589.9000
2006-09-26,591.2000
2006-09-27,597.3000
2006-09-28,605.0000
2006-09-29,598.6000
2006-10-02,597.7000
2006-10-03,576.3000
2006-10-04,562.0000
2006-10-05,571.0000
2006-10-06,572.4000
2006-10-09,578.4000
2006-10-10,571.9000
2006-10-11,572.3000
2006-10-12,576.3000
2006-10-13,588.8000
2006-10-16,594.7000
2006-10-17,589.7000
2006-10-18,588.9000
2006-10-19,599.0000
2006-10-20,593.0000
2006-10-23,579.7000
2006-10-24,584.4000
2006-10-25,587.6000
2006-10-26,596.8000
2006-10-27,598.2000
2006-10-30,604.7000
2006-10-31,604.1000
2006-11-01,616.6000
2006-11-02,625.4000
2006-11-03,626.9000
2006-11-06,625.8000
2006-11-07,625.7000
2006-11-08,616.4000
2006-11-09,635.0000
2006-11-10,628.4000
2006-11-13,624.2000
2006-11-14,623.8000
2006-11-15,622.5000
2006-11-16,620.6000
2006-11-17,621.5000
2006-11-20,621.2000
2006-11-21,628.2000
2006-11-22,628.7000
2006-11-24,628.7000
2006-11-28,637.2000
2006-11-29,635.5000
2006-11-30,646.9000
2006-12-01,644.7000
2006-12-04,645.2000
2006-12-05,642.3000
2006-12-06,630.5000
2006-12-07,631.9000
2006-12-08,626.1000
2006-12-11,630.0000
2006-12-12,627.0000
2006-12-13,627.9000
2006-12-14,626.6000
2006-12-15,615.0000
2006-12-18,614.0000
2006-12-19,621.6000
2006-12-20,620.6000
2006-12-21,618.2000
2006-12-22,619.1000
2006-12-26,623.7000
2006-12-27,627.2000
2006-12-28,634.1000
2006-12-29,635.2000
2007-01-02,635.2000
2007-01-03,627.1000
2007-01-04,623.9000
2007-01-05,604.9000
2007-01-08,607.5000
2007-01-09,613.1000
2007-01-10,611.6000
2007-01-11,612.4000
2007-01-12,625.5000
2007-01-16,624.6000
2007-01-17,632.1000
2007-01-18,627.1000
2007-01-19,635.5000
2007-01-22,633.3000
2007-01-23,645.2000
2007-01-24,647.6000
2007-01-25,647.8000
2007-01-26,644.5000
2007-01-29,643.1000
2007-01-30,644.2000
2007-01-31,652.0000
2007-02-01,657.4000
2007-02-02,646.2000
2007-02-05,650.9000
2007-02-06,653.6000
2007-02-07,652.3000
2007-02-08,658.0000
2007-02-09,667.5000
2007-02-12,662.6000
2007-02-13,663.9000
2007-02-14,667.4000
2007-02-15,667.3000
2007-02-16,668.8000
2007-02-20,657.1000
2007-02-21,680.2000
2007-02-22,679.4000
2007-02-23,683.1000
2007-02-26,686.5000
2007-02-27,683.9000
2007-02-28,669.4000
2007-03-01,662.3000
2007-03-02,641.5000
2007-03-05,636.7000
2007-03-06,643.8000
2007-03-07,650.6000
2007-03-08,653.4000
2007-03-09,650.0000
2007-03-12,648.4000
2007-03-13,647.6000
2007-03-14,640.9000
2007-03-15,645.7000
2007-03-16,652.6000
2007-03-19,653.1000
2007-03-20,657.9000
2007-03-21,659.0000
2007-03-22,663.4000
2007-03-23,656.7000
2007-03-26,663.4000
2007-03-27,662.1000
2007-03-28,666.5000
2007-03-29,661.5000
2007-03-30,663.0000
2007-04-02,665.7000
2007-04-03,664.0000
2007-04-04,672.1000
2007-04-05,674.2000
2007-04-09,671.9000
2007-04-10,676.5000
2007-04-11,676.8000
2007-04-12,675.1000
2007-04-13,685.4000
2007-04-16,690.1000
2007-04-17,688.2000
2007-04-18,689.1000
2007-04-19,684.3000
2007-04-20,692.0000
2007-04-23,690.6000
2007-04-24,684.2000
2007-04-25,684.1000
2007-04-26,674.9000
2007-04-27,678.7000
2007-04-30,680.5000
2007-05-01,674.4000
2007-05-02,672.3000
2007-05-03,681.8000
2007-05-04,687.2000
2007-05-07,688.0000
2007-05-08,685.1000
2007-05-09,680.3000
2007-05-10,665.1000
2007-05-11,670.6000
2007-05-14,668.5000
2007-05-15,673.0000
2007-05-16,660.2000
2007-05-17,656.2000
2007-05-18,661.0000
2007-05-21,662.9000
2007-05-22,659.1000
2007-05-23,661.9000
2007-05-24,653.0000
2007-05-25,655.1000
2007-05-29,657.1000
2007-05-30,653.1000
2007-05-31,661.0000
2007-06-01,671.2000
2007-06-04,670.7000
2007-06-05,669.6000
2007-06-06,669.3000
2007-06-07,660.1000
2007-06-08,645.5000
2007-06-11,654.3000
2007-06-12,648.5000
2007-06-13,648.2000
2007-06-14,651.6000
2007-06-15,654.5000
2007-06-18,655.8000
2007-06-19,660.7000
2007-06-20,656.1000
2007-06-21,650.6000
2007-06-22,653.5000
2007-06-25,651.3000
2007-06-26,642.1000
2007-06-27,641.7000
2007-06-28,647.5000
2007-06-29,648.1000
2007-07-02,656.5000
2007-07-03,652.9000
2007-07-05,648.4000
2007-07-06,652.7000
2007-07-09,660.5000
2007-07-10,662.5000
2007-07-11,660.3000
2007-07-12,666.7000
2007-07-13,665.8000
2007-07-16,665.0000
2007-07-17,664.7000
2007-07-18,672.6000
2007-07-19,677.2000
2007-07-20,683.9000
2007-07-23,680.8000
2007-07-24,684.2000
2007-07-25,673.3000
2007-07-26,662.5000
2007-07-27,660.0000
2007-07-30,664.1000
2007-07-31,666.9000
2007-08-01,663.6000
2007-08-02,664.6000
2007-08-03,672.5000
2007-08-06,671.5000
2007-08-07,670.6000
2007-08-08,674.5000
2007-08-09,661.4000
2007-08-10,670.3000
2007-08-13,669.7000
2007-08-14,668.6000
2007-08-15,668.9000
2007-08-16,648.3000
2007-08-17,656.9000
2007-08-20,656.7000
2007-08-21,656.7000
2007-08-22,659.1000
2007-08-23,658.9000
2007-08-24,668.0000
2007-08-27,666.8000
2007-08-28,664.4000
2007-08-29,666.3000
2007-08-30,665.0000
2007-08-31,673.0000
2007-09-04,682.5000
2007-09-05,681.7000
2007-09-06,695.6000
2007-09-07,700.8000
2007-09-10,703.3000
2007-09-11,712.2000
2007-09-12,711.9000
2007-09-13,709.5000
2007-09-14,709.6000
2007-09-17,715.8000
2007-09-18,715.8000
2007-09-19,722.0000
2007-09-20,732.4000
2007-09-21,731.4000
2007-09-24,732.1000
2007-09-25,731.6000
2007-09-26,728.3000
2007-09-27,732.7000
2007-09-28,742.8000
2007-10-01,747.2000
2007-10-02,729.8000
2007-10-03,729.3000
2007-10-04,737.8000
2007-10-05,741.3000
2007-10-08,732.8000
2007-10-09,737.4000
2007-10-10,740.4000
2007-10-11,751.3000
2007-10-12,748.7000
2007-10-15,757.1000
2007-10-16,757.0000
2007-10-17,757.5000
2007-10-18,764.1000
2007-10-19,764.0000
2007-10-22,755.8000
2007-10-23,759.0000
2007-10-24,761.6000
2007-10-25,767.3000
2007-10-26,783.9000
2007-10-29,789.1000
2007-10-30,784.3000
2007-10-31,792.0000
2007-11-01,790.7000
2007-11-02,805.7000
2007-11-05,808.1000
2007-11-06,820.8000
2007-11-07,831.0000
2007-11-08,835.2000
2007-11-09,832.5000
2007-11-12,805.8000
2007-11-13,797.2000
2007-11-14,813.0000
2007-11-15,785.9000
2007-11-16,785.7000
2007-11-19,776.8000
2007-11-20,790.3000
2007-11-21,797.6000
2007-11-23,824.0000
2007-11-26,826.0000
2007-11-27,813.7000
2007-11-28,800.1000
2007-11-29,795.3000
2007-11-30,782.2000
2007-12-03,788.3000
2007-12-04,801.3000
2007-12-05,797.5000
2007-12-06,801.2000
2007-12-07,794.4000
2007-12-10,807.7000
2007-12-11,811.4000
2007-12-12,813.5000
2007-12-13,799.0000
2007-12-14,793.3000
2007-12-17,794.8000
2007-12-18,803.0000
2007-12-19,801.1000
2007-12-20,799.2000
2007-12-21,811.6000
2007-12-24,812.8000
2007-12-26,826.0000
2007-12-27,828.6000
2007-12-28,839.6000
2007-12-31,834.9000
2008-01-02,857.0000
2008-01-03,866.4000
2008-01-04,863.1000
2008-01-07,859.6000
2008-01-08,878.0000
2008-01-09,879.5000
2008-01-10,891.7000
2008-01-11,896.1000
2008-01-14,901.6000
2008-01-15,901.0000
2008-01-16,880.6000
2008-01-17,879.5000
2008-01-18,880.8000
2008-01-22,889.6000
2008-01-23,882.5000
2008-01-24,905.5000
2008-01-25,910.5000
2008-01-28,927.1000
2008-01-29,925.1000
2008-01-30,920.6000
2008-01-31,922.7000
2008-02-01,908.7000
2008-02-04,904.9000
2008-02-05,885.9000
2008-02-06,900.7000
2008-02-07,906.1000
2008-02-08,918.4000
2008-02-11,922.9000
2008-02-12,907.4000
2008-02-13,906.5000
2008-02-14,907.4000
2008-02-15,902.8000
2008-02-19,926.6000
2008-02-20,934.6000
2008-02-21,946.1000
2008-02-22,944.7000
2008-02-25,937.6000
2008-02-26,946.1000
2008-02-27,958.2000
2008-02-28,964.5000
2008-02-29,972.1000
2008-03-03,981.5000
2008-03-04,963.9000
2008-03-05,986.2000
2008-03-06,975.0000
2008-03-07,972.2000
2008-03-10,969.9000
2008-03-11,974.2000
2008-03-12,978.8000
2008-03-13,992.3000
2008-03-14,998.2000
2008-03-17,1001.4000
2008-03-18,1003.2000
2008-03-19,944.7000
2008-03-20,919.6000
2008-03-24,918.3000
2008-03-25,934.6000
2008-03-26,949.0000
2008-03-27,948.8000
2008-03-28,930.6000
2008-03-31,916.2000
2008-04-01,882.9000
2008-04-02,895.2000
2008-04-03,905.0000
2008-04-04,909.0000
2008-04-07,922.7000
2008-04-08,914.0000
2008-04-09,933.6000
2008-04-10,928.3000
2008-04-11,923.6000
2008-04-14,925.4000
2008-04-15,928.7000
2008-04-16,945.1000
2008-04-17,939.8000
2008-04-18,912.2000
2008-04-21,914.7000
2008-04-22,922.3000
2008-04-23,906.2000
2008-04-24,886.8000
2008-04-25,887.2000
2008-04-28,892.9000
2008-04-29,874.2000
2008-04-30,862.8000
2008-05-01,848.9000
2008-05-02,856.1000
2008-05-05,872.3000
2008-05-06,876.0000
2008-05-07,869.6000
2008-05-08,880.6000
2008-05-09,884.5000
2008-05-12,883.7000
2008-05-13,868.5000
2008-05-14,865.4000
2008-05-15,879.0000
2008-05-16,899.0000
2008-05-19,905.0000
2008-05-20,919.5000
2008-05-21,928.0000
2008-05-22,917.9000
2008-05-23,925.6000
2008-05-27,907.7000
2008-05-28,900.5000
2008-05-29,877.2000
2008-05-30,887.3000
2008-06-02,892.9000
2008-06-03,881.6000
2008-06-04,879.9000
2008-06-05,871.8000
2008-06-06,895.4000
2008-06-09,894.7000
2008-06-10,867.9000
2008-06-11,879.7000
2008-06-12,869.2000
2008-06-13,870.3000
2008-06-16,883.6000
2008-06-17,884.3000
2008-06-18,890.9000
2008-06-19,901.7000
2008-06-20,901.3000
2008-06-23,884.8000
2008-06-24,889.2000
2008-06-25,880.0000
2008-06-26,913.1000
2008-06-27,929.3000
2008-06-30,926.2000
2008-07-01,942.5000
2008-07-02,944.8000
2008-07-03,931.9000
2008-07-07,927.3000
2008-07-08,921.9000
2008-07-09,927.3000
2008-07-10,940.9000
2008-07-11,959.5000
2008-07-14,972.7000
2008-07-15,977.7000
2008-07-16,961.8000
2008-07-17,970.0000
2008-07-18,957.3000
2008-07-21,963.1000
2008-07-22,948.0000
2008-07-23,922.4000
2008-07-24,922.0000
2008-07-25,926.6000
2008-07-28,927.6000
2008-07-29,916.4000
2008-07-30,902.9000
2008-07-31,913.9000
2008-08-01,909.0000
2008-08-04,900.1000
2008-08-05,878.6000
2008-08-06,875.6000
2008-08-07,870.7000
2008-08-08,857.8000
2008-08-11,821.5000
2008-08-12,808.2000
2008-08-13,825.0000
2008-08-14,808.2000
2008-08-15,786.0000
2008-08-18,799.7000
2008-08-19,811.1000
2008-08-20,810.3000
2008-08-21,833.0000
2008-08-22,827.4000
2008-08-25,819.8000
2008-08-26,822.2000
2008-08-27,828.1000
2008-08-28,830.9000
2008-08-29,829.3000
2008-09-02,805.0000
2008-09-03,802.7000
2008-09-04,797.9000
2008-09-05,797.6000
2008-09-08,797.5000
2008-09-09,787.1000
2008-09-10,757.9000
2008-09-11,741.3000
2008-09-12,760.3000
2008-09-15,783.1000
2008-09-16,776.5000
2008-09-17,846.6000
2008-09-18,892.7000
2008-09-19,860.6000
2008-09-22,903.9000
2008-09-23,885.5000
2008-09-24,889.0000
2008-09-25,877.7000
2008-09-26,882.9000
2008-09-29,888.2000
2008-09-30,874.2000
2008-10-01,880.7000
2008-10-02,839.0000
2008-10-03,828.9000
2008-10-06,862.7000
2008-10-07,878.4000
2008-10-08,903.1000
2008-10-09,883.1000
2008-10-10,855.4000
2008-10-13,838.9000
2008-10-14,836.3000
2008-10-15,835.5000
2008-10-16,801.5000
2008-10-17,785.1000
2008-10-20,787.6000
2008-10-21,766.1000
2008-10-22,733.3000
2008-10-23,713.3000
2008-10-24,729.1000
2008-10-27,741.7000
2008-10-28,739.3000
2008-10-29,752.8000
2008-10-30,737.2000
2008-10-31,716.8000
2008-11-03,725.4000
2008-11-04,756.0000
2008-11-05,741.3000
2008-11-06,731.2000
2008-11-07,733.2000
2008-11-10,745.6000
2008-11-11,732.0000
2008-11-12,717.7000
2008-11-13,704.9000
2008-11-14,742.4000
2008-11-17,741.9000
2008-11-18,732.6000
2008-11-19,735.9000
2008-11-20,748.6000
2008-11-21,791.7000
2008-11-24,819.4000
2008-11-25,818.4000
2008-11-26,808.5000
2008-11-28,816.2000
2008-12-01,774.6000
2008-12-02,781.3000
2008-12-03,768.8000
2008-12-04,763.8000
2008-12-05,750.5000
2008-12-08,767.4000
2008-12-09,772.4000
2008-12-10,807.1000
2008-12-11,824.9000
2008-12-12,818.9000
2008-12-15,835.4000
2008-12-16,841.7000
2008-12-17,867.5000
2008-12-18,859.6000
2008-12-19,836.4000
2008-12-22,846.2000
2008-12-23,837.2000
2008-12-24,847.1000
2008-12-26,870.4000
2008-12-29,874.6000
2008-12-30,869.3000
2008-12-31,883.6000
2009-01-02,878.8000
2009-01-05,857.2000
2009-01-06,865.4000
2009-01-07,841.1000
2009-01-08,853.9000
2009-01-09,854.3000
2009-01-12,820.3000
2009-01-13,820.1000
2009-01-14,808.2000
2009-01-15,806.7000
2009-01-16,839.3000
2009-01-20,854.6000
2009-01-21,849.6000
2009-01-22,858.2000
2009-01-23,895.3000
2009-01-26,908.5000
2009-01-27,899.2000
2009-01-28,888.1000
2009-01-29,905.1000
2009-01-30,927.3000
2009-02-02,906.7000
2009-02-03,892.0000
2009-02-04,901.6000
2009-02-05,913.6000
2009-02-06,913.9000
2009-02-09,892.4000
2009-02-10,913.7000
2009-02-11,943.8000
2009-02-12,948.5000
2009-02-13,941.5000
2009-02-17,967.0000
2009-02-18,977.7000
2009-02-19,976.1000
2009-02-20,1001.8000
2009-02-23,994.6000
2009-02-24,969.1000
2009-02-25,965.7000
2009-02-26,941.8000
2009-02-27,941.5000
2009-03-02,939.0000
2009-03-03,912.9000
2009-03-04,906.0000
2009-03-05,927.0000
2009-03-06,942.1000
2009-03-09,917.7000
2009-03-10,895.6000
2009-03-11,910.4000
2009-03-12,923.7000
2009-03-13,929.8000
2009-03-16,921.6000
2009-03-17,916.4000
2009-03-18,888.7000
2009-03-19,958.3000
2009-03-20,955.8000
2009-03-23,952.1000
2009-03-24,923.3000
2009-03-25,935.4000
2009-03-26,939.6000
2009-03-27,923.0000
2009-03-30,915.5000
2009-03-31,922.6000
2009-04-01,926.1000
2009-04-02,907.4000
2009-04-03,895.6000
2009-04-06,871.5000
2009-04-07,882.2000
2009-04-08,884.8000
2009-04-09,882.2000
2009-04-13,894.7000
2009-04-14,890.9000
2009-04-15,892.8000
2009-04-16,879.3000
2009-04-17,867.4000
2009-04-20,887.0000
2009-04-21,882.1000
2009-04-22,891.8000
2009-04-23,905.9000
2009-04-24,913.6000
2009-04-27,907.4000
2009-04-28,892.8000
2009-04-29,899.8000
2009-04-30,890.7000
2009-05-01,887.6000
2009-05-04,901.6000
2009-05-05,903.7000
2009-05-06,910.5000
2009-05-07,915.0000
2009-05-08,914.4000
2009-05-11,913.0000
2009-05-12,923.5000
2009-05-13,925.5000
2009-05-14,928.0000
2009-05-15,930.9000
2009-05-18,921.3000
2009-05-19,926.3000
2009-05-20,937.0000
2009-05-21,950.8000
2009-05-22,958.5000
2009-05-26,953.1000
2009-05-27,953.2000
2009-05-28,961.5000
2009-05-29,978.8000
2009-06-01,978.6000
2009-06-02,983.2000
2009-06-03,964.5000
2009-06-04,981.2000
2009-06-05,961.7000
2009-06-08,951.7000
2009-06-09,954.0000
2009-06-10,954.0000
2009-06-11,961.3000
2009-06-12,940.1000
2009-06-15,926.9000
2009-06-16,931.6000
2009-06-17,935.4000
2009-06-18,934.0000
2009-06-19,935.6000
2009-06-22,920.6000
2009-06-23,923.9000
2009-06-24,934.1000
2009-06-25,939.1000
2009-06-26,940.7000
2009-06-29,940.4000
2009-06-30,927.1000
2009-07-01,941.0000
2009-07-02,930.7000
2009-07-06,924.0000
2009-07-07,928.8000
2009-07-08,909.0000
2009-07-09,915.9000
2009-07-10,912.2000
2009-07-13,922.2000
2009-07-14,922.5000
2009-07-15,939.1000
2009-07-16,935.1000
2009-07-17,937.2000
2009-07-20,948.5000
2009-07-21,946.6000
2009-07-22,953.0000
2009-07-23,954.5000
2009-07-24,952.8000
2009-07-27,953.3000
2009-07-28,939.0000
2009-07-29,927.2000
2009-07-30,934.9000
2009-07-31,953.7000
2009-08-03,956.6000
2009-08-04,967.5000
2009-08-05,964.2000
2009-08-06,960.7000
2009-08-07,957.3000
2009-08-10,945.0000
2009-08-11,945.8000
2009-08-12,950.7000
2009-08-13,954.7000
2009-08-14,947.0000
2009-08-17,934.3000
2009-08-18,937.7000
2009-08-19,943.3000
2009-08-20,940.3000
2009-08-21,953.2000
2009-08-24,942.3000
2009-08-25,944.5000
2009-08-26,944.3000
2009-08-27,945.5000
2009-08-28,957.0000
2009-08-31,951.7000
2009-09-01,954.7000
2009-09-02,976.6000
2009-09-03,995.8000
2009-09-04,994.9000
2009-09-08,997.9000
2009-09-09,995.3000
2009-09-10,995.4000
2009-09-11,1004.9000
2009-09-14,999.9000
2009-09-15,1005.0000
2009-09-16,1018.9000
2009-09-17,1012.3000
2009-09-18,1009.2000
2009-09-21,1003.7000
2009-09-22,1014.2000
2009-09-23,1013.0000
2009-09-24,997.5000
2009-09-25,990.2000
2009-09-28,992.5000
2009-09-29,993.1000
2009-09-30,1008.0000
2009-10-01,999.5000
2009-10-02,1003.2000
2009-10-05,1016.7000
2009-10-06,1038.6000
2009-10-07,1043.3000
2009-10-08,1055.4000
2009-10-09,1047.8000
2009-10-12,1056.7000
2009-10-13,1064.2000
2009-10-14,1063.9000
2009-10-15,1049.8000
2009-10-16,1050.7000
2009-10-19,1057.3000
2009-10-20,1057.8000
2009-10-21,1063.7000
2009-10-22,1057.8000
2009-10-23,1055.6000
2009-10-26,1042.1000
2009-10-27,1034.7000
2009-10-28,1029.9000
2009-10-29,1046.4000
2009-10-30,1039.7000
2009-11-02,1053.4000
2009-11-03,1084.3000
2009-11-04,1086.7000
2009-11-05,1088.7000
2009-11-06,1095.1000
2009-11-09,1100.8000
2009-11-10,1101.9000
2009-11-11,1114.0000
2009-11-12,1106.0000
2009-11-13,1116.1000
2009-11-16,1138.6000
2009-11-17,1138.8000
2009-11-18,1140.7000
2009-11-19,1141.4000
2009-11-20,1146.4000
2009-11-23,1164.3000
2009-11-24,1165.5000
2009-11-25,1186.9000
2009-11-27,1174.2000
2009-11-30,1181.1000
2009-12-01,1199.1000
2009-12-02,1212.0000
2009-12-03,1217.4000
2009-12-04,1168.8000
2009-12-07,1163.4000
2009-12-08,1142.8000
2009-12-09,1120.4000
2009-12-10,1125.7000
2009-12-11,1119.4000
2009-12-14,1123.3000
2009-12-15,1122.4000
2009-12-16,1135.5000
2009-12-17,1106.8000
2009-12-18,1110.8000
2009-12-21,1095.4000
2009-12-22,1086.0000
2009-12-23,1093.3000
2009-12-24,1104.1000
2009-12-28,1107.2000
2009-12-29,1097.0000
2009-12-30,1091.5000
2009-12-31,1095.2000
2010-01-04,1117.7000
2010-01-05,1118.1000
2010-01-06,1135.9000
2010-01-07,1133.1000
2010-01-08,1138.2000
2010-01-11,1150.7000
2010-01-12,1128.9000
2010-01-13,1136.4000
2010-01-14,1142.6000
2010-01-15,1130.1000
2010-01-19,1139.7000
2010-01-20,1112.3000
2010-01-21,1102.7000
2010-01-22,1089.2000
2010-01-25,1095.2000
2010-01-26,1097.9000
2010-01-27,1084.4000
2010-01-28,1083.6000
2010-01-29,1083.0000
2010-02-01,1104.3000
2010-02-02,1117.4000
2010-02-03,1111.4000
2010-02-04,1062.4000
2010-02-05,1052.2000
2010-02-08,1065.7000
2010-02-09,1076.7000
2010-02-10,1075.8000
2010-02-11,1094.2000
2010-02-12,1089.5000
2010-02-16,1119.3000
2010-02-17,1119.5000
2010-02-18,1118.0000
2010-02-19,1121.3000
2010-02-22,1112.6000
2010-02-23,1102.7000
2010-02-24,1096.5000
2010-02-25,1107.8000
2010-02-26,1118.3000
2010-03-01,1117.8000
2010-03-02,1136.9000
2010-03-03,1142.7000
2010-03-04,1132.6000
2010-03-05,1134.8000
2010-03-08,1123.6000
2010-03-09,1122.0000
2010-03-10,1107.8000
2010-03-11,1108.0000
2010-03-12,1101.5000
2010-03-15,1105.1000
2010-03-16,1122.2000
2010-03-17,1124.0000
2010-03-18,1127.4000
2010-03-19,1107.4000
2010-03-22,1099.3000
2010-03-23,1103.5000
2010-03-24,1088.6000
2010-03-25,1092.7000
2010-03-26,1104.2000
2010-03-29,1110.3000
2010-03-30,1104.5000
2010-03-31,1113.3000
2010-04-01,1125.1000
2010-04-05,1132.9000
2010-04-06,1135.1000
2010-04-07,1152.3000
2010-04-08,1152.2000
2010-04-09,1161.1000
2010-04-12,1161.6000
2010-04-13,1152.8000
2010-04-14,1159.0000
2010-04-15,1159.7000
2010-04-16,1136.3000
2010-04-19,1135.2000
2010-04-20,1138.6000
2010-04-21,1148.2000
2010-04-22,1142.3000
2010-04-23,1153.1000
2010-04-26,1153.5000
2010-04-27,1161.7000
2010-04-28,1171.3000
2010-04-29,1168.4000
2010-04-30,1180.1000
2010-05-03,1182.7000
2010-05-04,1168.6000
2010-05-05,1174.6000
2010-05-06,1196.9000
2010-05-07,1210.0000
2010-05-10,1200.4000
2010-05-11,1219.9000
2010-05-12,1242.7000
2010-05-13,1228.8000
2010-05-14,1227.4000
2010-05-17,1227.7000
2010-05-18,1214.3000
2010-05-19,1192.6000
2010-05-20,1187.8000
2010-05-21,1175.7000
2010-05-24,1193.8000
2010-05-25,1197.8000
2010-05-26,1213.3000
2010-05-27,1211.9000
2010-05-28,1212.2000
2010-06-01,1224.8000
2010-06-02,1220.6000
2010-06-03,1208.3000
2010-06-04,1216.2000
2010-06-07,1239.3000
2010-06-08,1244.0000
2010-06-09,1228.5000
2010-06-10,1220.8000
2010-06-11,1228.9000
2010-06-14,1223.3000
2010-06-15,1233.2000
2010-06-16,1229.3000
2010-06-17,1247.5000
2010-06-18,1257.2000
2010-06-21,1239.7000
2010-06-22,1239.9000
2010-06-23,1234.1000
2010-06-24,1245.5000
2010-06-25,1255.8000
2010-06-28,1238.2000
2010-06-29,1242.0000
2010-06-30,1245.5000
2010-07-01,1206.3000
2010-07-02,1207.4000
2010-07-06,1194.8000
2010-07-07,1198.6000
2010-07-08,1195.8000
2010-07-09,1209.6000
2010-07-12,1198.5000
2010-07-13,1213.3000
2010-07-14,1206.8000
2010-07-15,1208.1000
2010-07-16,1188.0000
2010-07-19,1181.7000
2010-07-20,1191.5000
2010-07-21,1191.6000
2010-07-22,1195.5000
2010-07-23,1187.7000
2010-07-26,1183.0000
2010-07-27,1158.0000
2010-07-28,1160.4000
2010-07-29,1168.4000
2010-07-30,1181.7000
2010-08-02,1183.4000
2010-08-03,1185.2000
2010-08-04,1193.7000
2010-08-05,1197.2000
2010-08-06,1203.4000
2010-08-09,1200.7000
2010-08-10,1196.2000
2010-08-11,1197.5000
2010-08-12,1214.8000
2010-08-13,1214.9000
2010-08-16,1224.5000
2010-08-17,1226.6000
2010-08-18,1229.7000
2010-08-19,1233.8000
2010-08-20,1227.2000
2010-08-23,1226.9000
2010-08-24,1231.8000
2010-08-25,1239.5000
2010-08-26,1235.4000
2010-08-27,1236.0000
2010-08-30,1237.1000
2010-08-31,1248.3000
2010-09-01,1246.3000
2010-09-02,1251.5000
2010-09-03,1249.2000
2010-09-07,1257.3000
2010-09-08,1255.6000
2010-09-09,1248.9000
2010-09-10,1244.5000
2010-09-13,1245.1000
2010-09-14,1269.7000
2010-09-15,1266.7000
2010-09-16,1271.9000
2010-09-17,1275.6000
2010-09-20,1279.0000
2010-09-21,1272.4000
2010-09-22,1290.2000
2010-09-23,1294.3000
2010-09-24,1296.0000
2010-09-27,1296.7000
2010-09-28,1306.6000
2010-09-29,1308.5000
2010-09-30,1307.8000
2010-10-01,1316.1000
2010-10-04,1315.4000
2010-10-05,1338.9000
2010-10-06,1346.4000
2010-10-07,1333.9000
2010-10-08,1344.2000
2010-10-11,1353.3000
2010-10-12,1345.7000
2010-10-13,1369.5000
2010-10-14,1376.7000
2010-10-15,1371.1000
2010-10-18,1371.2000
2010-10-19,1335.1000
2010-10-20,1343.3000
2010-10-21,1324.7000
2010-10-22,1324.4000
2010-10-25,1338.3000
2010-10-26,1338.0000
2010-10-27,1322.2000
2010-10-28,1342.1000
2010-10-29,1357.1000
2010-11-01,1350.2000
2010-11-02,1356.4000
2010-11-03,1337.1000
2010-11-04,1382.7000
2010-11-05,1397.3000
2010-11-08,1402.8000
2010-11-09,1409.8000
2010-11-10,1399.1000
2010-11-11,1403.1000
2010-11-12,1365.4000
2010-11-15,1368.4000
2010-11-16,1338.3000
2010-11-17,1336.8000
2010-11-18,1352.9000
2010-11-19,1352.2000
2010-11-22,1357.7000
2010-11-23,1377.5000
2010-11-24,1372.9000
2010-11-26,1362.3000
2010-11-29,1366.0000
2010-11-30,1385.0000
2010-12-01,1387.3000
2010-12-02,1388.5000
2010-12-03,1405.4000
2010-12-06,1415.3000
2010-12-07,1408.3000
2010-12-08,1382.5000
2010-12-09,1392.1000
2010-12-10,1384.3000
2010-12-13,1397.3000
2010-12-14,1403.6000
2010-12-15,1385.5000
2010-12-16,1370.4000
2010-12-17,1378.6000
2010-12-20,1385.5000
2010-12-21,1388.2000
2010-12-22,1386.8000
2010-12-23,1380.0000
2010-12-27,1382.4000
2010-12-28,1405.2000
2010-12-29,1413.1000
2010-12-30,1405.6000
2010-12-31,1421.1000
2011-01-03,1422.6000
2011-01-04,1378.5000
2011-01-05,1373.4000
2011-01-06,1371.4000
2011-01-07,1368.5000
2011-01-10,1373.7000
2011-01-11,1384.0000
2011-01-12,1385.7000
2011-01-13,1386.9000
2011-01-14,1360.4000
2011-01-18,1368.1000
2011-01-19,1370.2000
2011-01-20,1346.5000
2011-01-21,1341.0000
2011-01-24,1344.5000
2011-01-25,1332.3000
2011-01-26,1333.0000
2011-01-27,1318.4000
2011-01-28,1340.7000
2011-01-31,1333.8000
2011-02-01,1339.6000
2011-02-02,1331.5000
2011-02-03,1352.3000
2011-02-04,1348.3000
2011-02-07,1347.6000
2011-02-08,1363.4000
2011-02-09,1364.8000
2011-02-10,1361.9000
2011-02-11,1359.9000
2011-02-14,1364.6000
2011-02-15,1373.6000
2011-02-16,1374.7000
2011-02-17,1384.7000
2011-02-18,1388.2000
2011-02-22,1400.5000
2011-02-23,1413.4000
2011-02-24,1415.3000
2011-02-25,1408.7000
2011-02-28,1409.3000
2011-03-01,1430.7000
2011-03-02,1437.2000
2011-03-03,1416.0000
2011-03-04,1428.2000
2011-03-07,1434.1000
2011-03-08,1426.9000
2011-03-09,1429.3000
2011-03-10,1412.2000
2011-03-11,1421.5000
2011-03-14,1424.6000
2011-03-15,1392.6000
2011-03-16,1396.0000
2011-03-17,1404.0000
2011-03-18,1415.9000
2011-03-21,1426.2000
2011-03-22,1427.5000
2011-03-23,1437.9000
2011-03-24,1434.8000
2011-03-25,1426.1000
2011-03-28,1419.8000
2011-03-29,1416.0000
2011-03-30,1423.8000
2011-03-31,1438.9000
2011-04-01,1428.1000
2011-04-04,1432.2000
2011-04-05,1451.8000
2011-04-06,1457.7000
2011-04-07,1458.5000
2011-04-08,1473.4000
2011-04-11,1467.4000
2011-04-12,1452.9000
2011-04-13,1454.9000
2011-04-14,1471.7000
2011-04-15,1485.3000
2011-04-18,1492.3000
2011-04-19,1494.5000
2011-04-20,1498.3000
2011-04-21,1503.2000
2011-04-25,1508.6000
2011-04-26,1503.0000
2011-04-27,1516.7000
2011-04-28,1530.8000
2011-04-29,1556.0000
2011-05-02,1556.7000
2011-05-03,1540.1000
2011-05-04,1514.9000
2011-05-05,1480.9000
2011-05-06,1491.2000
2011-05-09,1502.9000
2011-05-10,1516.6000
2011-05-11,1501.1000
2011-05-12,1506.6000
2011-05-13,1493.4000
2011-05-16,1490.4000
2011-05-17,1479.8000
2011-05-18,1495.6000
2011-05-19,1492.2000
2011-05-20,1508.8000
2011-05-23,1515.3000
2011-05-24,1523.2000
2011-05-25,1526.6000
2011-05-26,1522.8000
2011-05-27,1536.3000
2011-05-31,1535.9000
2011-06-01,1542.4000
2011-06-02,1532.0000
2011-06-03,1541.7000
2011-06-06,1546.5000
2011-06-07,1543.3000
2011-06-08,1538.1000
2011-06-09,1542.1000
2011-06-10,1528.6000
2011-06-13,1515.0000
2011-06-14,1523.8000
2011-06-15,1525.6000
2011-06-16,1529.3000
2011-06-17,1538.6000
2011-06-20,1541.5000
2011-06-21,1546.0000
2011-06-22,1552.9000
2011-06-23,1520.1000
2011-06-24,1500.5000
2011-06-27,1496.0000
2011-06-28,1499.7000
2011-06-29,1509.9000
2011-06-30,1502.3000
2011-07-01,1482.3000
2011-07-05,1512.3000
2011-07-06,1528.7000
2011-07-07,1530.2000
2011-07-08,1541.2000
2011-07-11,1548.8000
2011-07-12,1561.9000
2011-07-13,1585.2000
2011-07-14,1589.0000
2011-07-15,1589.8000
2011-07-18,1602.1000
2011-07-19,1600.9000
2011-07-20,1596.7000
2011-07-21,1586.8000
2011-07-22,1601.3000
2011-07-25,1612.0000
2011-07-26,1616.6000
2011-07-27,1615.0000
2011-07-28,1613.4000
2011-07-29,1628.3000
2011-08-01,1619.0000
2011-08-02,1641.9000
2011-08-03,1663.4000
2011-08-04,1656.2000
2011-08-05,1648.8000
2011-08-08,1710.2000
2011-08-09,1740.0000
2011-08-10,1781.3000
2011-08-11,1748.8000
2011-08-12,1740.2000
2011-08-15,1755.5000
2011-08-16,1782.4000
2011-08-17,1791.2000
2011-08-18,1818.9000
2011-08-19,1848.9000
2011-08-22,1888.7000
2011-08-23,1858.3000
2011-08-24,1754.1000
2011-08-25,1759.8000
2011-08-26,1794.1000
2011-08-29,1788.4000
2011-08-30,1826.7000
2011-08-31,1828.5000
2011-09-01,1826.0000
2011-09-02,1873.7000
2011-09-06,1869.9000
2011-09-07,1814.2000
2011-09-08,1854.4000
2011-09-09,1856.4000
2011-09-12,1809.9000
2011-09-13,1826.8000
2011-09-14,1823.5000
2011-09-15,1778.5000
2011-09-16,1812.1000
2011-09-19,1776.4000
2011-09-20,1806.6000
2011-09-21,1805.5000
2011-09-22,1739.2000
2011-09-23,1637.5000
2011-09-26,1592.5000
2011-09-27,1650.6000
2011-09-28,1616.3000
2011-09-29,1615.5000
2011-09-30,1620.4000
2011-10-03,1656.0000
2011-10-04,1614.7000
2011-10-05,1640.3000
2011-10-06,1651.9000
2011-10-07,1634.5000
2011-10-10,1669.6000
2011-10-11,1659.7000
2011-10-12,1681.3000
2011-10-13,1667.3000
2011-10-14,1681.8000
2011-10-17,1675.5000
2011-10-18,1651.7000
2011-10-19,1646.0000
2011-10-20,1611.9000
2011-10-21,1635.1000
2011-10-24,1651.5000
2011-10-25,1699.6000
2011-10-26,1722.7000
2011-10-27,1746.7000
2011-10-28,1746.2000
2011-10-31,1724.2000
2011-11-01,1711.0000
2011-11-02,1728.7000
2011-11-03,1764.2000
2011-11-04,1755.3000
2011-11-07,1790.3000
2011-11-08,1798.4000
2011-11-09,1790.9000
2011-11-10,1758.9000
2011-11-11,1787.5000
2011-11-14,1777.8000
2011-11-15,1781.7000
2011-11-16,1773.8000
2011-11-17,1719.8000
2011-11-18,1724.7000
2011-11-21,1678.3000
2011-11-22,1702.2000
2011-11-23,1695.7000
2011-11-25,1685.5000
2011-11-28,1710.8000
2011-11-29,1713.4000
2011-11-30,1745.5000
2011-12-01,1735.3000
2011-12-02,1747.0000
2011-12-05,1730.7000
2011-12-06,1727.9000
2011-12-07,1740.9000
2011-12-08,1709.8000
2011-12-09,1712.8000
2011-12-12,1664.2000
2011-12-13,1659.9000
2011-12-14,1584.3000
2011-12-15,1574.6000
2011-12-16,1595.6000
2011-12-19,1594.4000
2011-12-20,1615.6000
2011-12-21,1611.9000
2011-12-22,1608.9000
2011-12-23,1604.7000
2011-12-27,1594.2000
2011-12-28,1562.9000
2011-12-29,1539.9000
2011-12-30,1565.8000
2012-01-03,1599.7000
2012-01-04,1611.9000
2012-01-05,1619.4000
2012-01-06,1616.1000
2012-01-09,1607.5000
2012-01-10,1631.0000
2012-01-11,1639.2000
2012-01-12,1647.3000
2012-01-13,1630.4000
2012-01-17,1655.2000
2012-01-18,1659.5000
2012-01-19,1654.1000
2012-01-20,1663.7000
2012-01-23,1678.0000
2012-01-24,1664.2000
2012-01-25,1699.8000
2012-01-26,1726.3000
2012-01-27,1731.8000
2012-01-30,1731.0000
2012-01-31,1737.8000
2012-02-01,1747.1000
2012-02-02,1756.8000
2012-02-03,1737.9000
2012-02-06,1722.8000
2012-02-07,1746.4000
2012-02-08,1729.3000
2012-02-09,1739.0000
2012-02-10,1723.3000
2012-02-13,1723.0000
2012-02-14,1715.9000
2012-02-15,1726.3000
2012-02-16,1726.8000
2012-02-17,1724.5000
2012-02-21,1757.1000
2012-02-22,1770.0000
2012-02-23,1784.9000
2012-02-24,1775.1000
2012-02-27,1773.6000
2012-02-28,1787.0000
2012-02-29,1709.9000
2012-03-01,1721.1000
2012-03-02,1708.8000
2012-03-05,1703.0000
2012-03-06,1671.4000
2012-03-07,1683.3000
2012-03-08,1698.1000
2012-03-09,1710.9000
2012-03-12,1699.2000
2012-03-13,1693.7000
2012-03-14,1642.5000
2012-03-15,1659.1000
2012-03-16,1655.5000
2012-03-19,1666.9000
2012-03-20,1646.7000
2012-03-21,1650.0000
2012-03-22,1642.3000
2012-03-23,1662.3000
2012-03-26,1685.5000
2012-03-27,1684.8000
2012-03-28,1657.9000
2012-03-29,1652.2000
2012-03-30,1669.3000
2012-04-02,1677.5000
2012-04-03,1670.0000
2012-04-04,1612.3000
2012-04-05,1628.5000
2012-04-09,1642.5000
2012-04-10,1659.5000
2012-04-11,1659.0000
2012-04-12,1679.5000
2012-04-13,1659.1000
2012-04-16,1648.7000
2012-04-17,1650.3000
2012-04-18,1638.8000
2012-04-19,1640.6000
2012-04-20,1642.1000
2012-04-23,1631.9000
2012-04-24,1643.0000
2012-04-25,1641.4000
2012-04-26,1659.6000
2012-04-27,1664.0000
2012-04-30,1663.4000
2012-05-01,1661.7000
2012-05-02,1653.4000
2012-05-03,1634.2000
2012-05-04,1644.7000
2012-05-07,1638.6000
2012-05-08,1604.0000
2012-05-09,1593.7000
2012-05-10,1595.1000
2012-05-11,1583.6000
2012-05-14,1560.6000
2012-05-15,1556.8000
2012-05-16,1536.2000
2012-05-17,1574.5000
2012-05-18,1591.6000
2012-05-21,1588.4000
2012-05-22,1576.3000
2012-05-23,1548.1000
2012-05-24,1557.3000
2012-05-25,1568.8000
2012-05-29,1548.6000
2012-05-30,1563.4000
2012-05-31,1562.6000
2012-06-01,1620.5000
2012-06-04,1612.2000
2012-06-05,1615.2000
2012-06-06,1632.8000
2012-06-07,1586.6000
2012-06-08,1590.1000
2012-06-11,1595.5000
2012-06-12,1612.7000
2012-06-13,1618.1000
2012-06-14,1618.4000
2012-06-15,1627.0000
2012-06-18,1625.7000
2012-06-19,1622.2000
2012-06-20,1614.8000
2012-06-21,1564.5000
2012-06-22,1566.0000
2012-06-25,1587.5000
2012-06-26,1574.0000
2012-06-27,1577.5000
2012-06-28,1549.7000
2012-06-29,1603.5000
2012-07-02,1597.2000
2012-07-03,1621.3000
2012-07-05,1608.9000
2012-07-06,1578.4000
2012-07-09,1588.6000
2012-07-10,1579.3000
2012-07-11,1575.2000
2012-07-12,1564.9000
2012-07-13,1591.6000
2012-07-16,1591.2000
2012-07-17,1589.1000
2012-07-18,1570.4000
2012-07-19,1580.1000
2012-07-20,1582.5000
2012-07-23,1577.1000
2012-07-24,1576.0000
2012-07-25,1608.0000
2012-07-26,1615.0000
2012-07-27,1617.9000
2012-07-30,1619.7000
2012-07-31,1610.5000
2012-08-01,1603.7000
2012-08-02,1587.4000
2012-08-03,1606.0000
2012-08-06,1612.9000
2012-08-07,1609.7000
2012-08-08,1612.9000
2012-08-09,1617.1000
2012-08-10,1619.7000
2012-08-13,1609.6000
2012-08-14,1599.4000
2012-08-15,1603.7000
2012-08-16,1616.1000
2012-08-17,1616.3000
2012-08-20,1620.1000
2012-08-21,1639.9000
2012-08-22,1637.4000
2012-08-23,1669.6000
2012-08-24,1669.8000
2012-08-27,1672.4000
2012-08-28,1666.5000
2012-08-29,1659.8000
2012-08-30,1653.5000
2012-08-31,1684.6000
2012-09-04,1692.9000
2012-09-05,1690.8000
2012-09-06,1702.6000
2012-09-07,1737.5000
2012-09-10,1728.7000
2012-09-11,1731.8000
2012-09-12,1730.6000
2012-09-13,1769.1000
2012-09-14,1769.8000
2012-09-17,1767.7000
2012-09-18,1768.4000
2012-09-19,1769.0000
2012-09-20,1767.7000
2012-09-21,1775.5000
2012-09-24,1762.1000
2012-09-25,1763.8000
2012-09-26,1750.6000
2012-09-27,1777.6000
2012-09-28,1771.1000
2012-10-01,1780.5000
2012-10-02,1772.7000
2012-10-03,1777.3000
2012-10-04,1794.1000
2012-10-05,1778.6000
2012-10-08,1773.5000
2012-10-09,1763.0000
2012-10-10,1763.2000
2012-10-11,1768.8000
2012-10-12,1758.0000
2012-10-15,1736.0000
2012-10-16,1744.7000
2012-10-17,1751.5000
2012-10-18,1743.3000
2012-10-19,1722.8000
2012-10-22,1725.1000
2012-10-23,1708.3000
2012-10-24,1700.5000
2012-10-25,1712.0000
2012-10-26,1710.9000
2012-10-31,1717.5000
2012-11-01,1714.1000
2012-11-02,1674.1000
2012-11-05,1682.2000
2012-11-06,1714.1000
2012-11-07,1713.2000
2012-11-08,1725.4000
2012-11-09,1730.3000
2012-11-12,1730.3000
2012-11-13,1724.2000
2012-11-14,1729.5000
2012-11-15,1713.3000
2012-11-16,1714.3000
2012-11-19,1734.0000
2012-11-20,1723.2000
2012-11-21,1727.9000
2012-11-23,1751.3000
2012-11-26,1749.5000
2012-11-27,1742.2000
2012-11-28,1716.5000
2012-11-29,1727.2000
2012-11-30,1710.9000
2012-12-03,1719.6000
2012-12-04,1694.4000
2012-12-05,1692.4000
2012-12-06,1700.3000
2012-12-07,1704.0000
2012-12-10,1713.0000
2012-12-11,1708.2000
2012-12-12,1716.6000
2012-12-13,1695.6000
2012-12-14,1695.8000
2012-12-17,1697.0000
2012-12-18,1669.5000
2012-12-19,1666.5000
2012-12-20,1644.9000
2012-12-21,1659.1000
2012-12-24,1658.6000
2012-12-26,1659.8000
2012-12-27,1662.6000
2012-12-28,1654.9000
2012-12-31,1674.8000
2013-01-02,1687.9000
2013-01-03,1673.7000
2013-01-04,1648.1000
2013-01-07,1645.5000
2013-01-08,1661.5000
2013-01-09,1654.8000
2013-01-10,1677.3000
2013-01-11,1660.0000
2013-01-14,1668.9000
2013-01-15,1683.4000
2013-01-16,1682.7000
2013-01-17,1690.4000
2013-01-18,1686.6000
2013-01-22,1692.8000
2013-01-23,1686.3000
2013-01-24,1669.5000
2013-01-25,1656.4000
2013-01-28,1652.4000
2013-01-29,1660.7000
2013-01-30,1679.9000
2013-01-31,1660.6000
2013-02-01,1669.4000
2013-02-04,1675.3000
2013-02-05,1672.4000
2013-02-06,1677.7000
2013-02-07,1670.4000
2013-02-08,1666.0000
2013-02-11,1648.2000
2013-02-12,1648.7000
2013-02-13,1644.2000
2013-02-14,1634.7000
2013-02-15,1608.8000
2013-02-19,1603.6000
2013-02-20,1577.6000
2013-02-21,1578.2000
2013-02-22,1572.4000
2013-02-25,1586.2000
2013-02-26,1615.2000
2013-02-27,1595.2000
2013-02-28,1577.7000
2013-03-01,1571.9000
2013-03-04,1572.1000
2013-03-05,1574.6000
2013-03-06,1574.6000
2013-03-07,1574.8000
2013-03-08,1576.6000
2013-03-11,1577.8000
2013-03-12,1591.5000
2013-03-13,1588.3000
2013-03-14,1590.6000
2013-03-15,1592.5000
2013-03-18,1604.6000
2013-03-19,1611.3000
2013-03-20,1607.5000
2013-03-21,1613.8000
2013-03-22,1606.2000
2013-03-25,1604.6000
2013-03-26,1595.8000
2013-03-27,1606.2000
2013-03-28,1594.8000
2013-04-01,1600.0000
2013-04-02,1575.1000
2013-04-03,1552.8000
2013-04-04,1551.8000
2013-04-05,1575.4000
2013-04-08,1572.0000
2013-04-09,1586.2000
2013-04-10,1558.3000
2013-04-11,1564.3000
2013-04-12,1501.0000
2013-04-15,1360.6000
2013-04-16,1386.8000
2013-04-17,1382.2000
2013-04-18,1392.0000
2013-04-19,1395.3000
2013-04-22,1421.0000
2013-04-23,1408.6000
2013-04-24,1423.4000
2013-04-25,1461.8000
2013-04-26,1453.6000
2013-04-29,1467.4000
2013-04-30,1472.2000
2013-05-01,1446.3000
2013-05-02,1467.7000
2013-05-03,1464.3000
2013-05-06,1468.1000
2013-05-07,1449.0000
2013-05-08,1473.9000
2013-05-09,1468.8000
2013-05-10,1436.8000
2013-05-13,1434.5000
2013-05-14,1424.7000
2013-05-15,1396.5000
2013-05-16,1387.1000
2013-05-17,1364.9000
2013-05-20,1384.3000
2013-05-21,1377.8000
2013-05-22,1367.6000
2013-05-23,1392.0000
2013-05-24,1386.8000
2013-05-28,1379.1000
2013-05-29,1391.3000
2013-05-30,1411.5000
2013-05-31,1392.6000
2013-06-03,1411.7000
2013-06-04,1397.1000
2013-06-05,1398.4000
2013-06-06,1415.7000
2013-06-07,1383.0000
2013-06-10,1386.2000
2013-06-11,1377.0000
2013-06-12,1391.8000
2013-06-13,1377.6000
2013-06-14,1387.3000
2013-06-17,1382.8000
2013-06-18,1366.6000
2013-06-19,1373.6000
2013-06-20,1285.9000
2013-06-21,1291.6000
2013-06-24,1276.8000
2013-06-25,1274.8000
2013-06-26,1229.6000
2013-06-27,1211.4000
2013-06-28,1223.8000
2013-07-01,1255.9000
2013-07-02,1243.6000
2013-07-03,1252.1000
2013-07-05,1212.9000
2013-07-08,1234.9000
2013-07-09,1245.9000
2013-07-10,1247.4000
2013-07-11,1280.1000
2013-07-12,1277.8000
2013-07-15,1283.8000
2013-07-16,1290.8000
2013-07-17,1277.9000
2013-07-18,1284.6000
2013-07-19,1293.3000
2013-07-22,1336.4000
2013-07-23,1335.1000
2013-07-24,1319.7000
2013-07-25,1329.0000
2013-07-26,1321.7000
2013-07-29,1328.4000
2013-07-30,1324.0000
2013-07-31,1312.4000
2013-08-01,1311.0000
2013-08-02,1310.6000
2013-08-05,1302.6000
2013-08-06,1283.2000
2013-08-07,1286.1000
2013-08-08,1310.7000
2013-08-09,1312.9000
2013-08-12,1334.7000
2013-08-13,1321.2000
2013-08-14,1334.0000
2013-08-15,1361.6000
2013-08-16,1371.7000
2013-08-19,1366.2000
2013-08-20,1373.1000
2013-08-21,1370.6000
2013-08-22,1371.2000
2013-08-23,1395.7000
2013-08-26,1393.0000
2013-08-27,1420.6000
2013-08-28,1419.0000
2013-08-29,1412.9000
2013-08-30,1396.1000
2013-09-03,1412.0000
2013-09-04,1389.9000
2013-09-05,1373.1000
2013-09-06,1386.7000
2013-09-09,1386.8000
2013-09-10,1364.1000
2013-09-11,1363.9000
2013-09-12,1330.4000
2013-09-13,1308.4000
2013-09-16,1317.9000
2013-09-17,1309.5000
2013-09-18,1307.8000
2013-09-19,1369.4000
2013-09-20,1332.5000
2013-09-23,1326.9000
2013-09-24,1316.0000
2013-09-25,1335.9000
2013-09-26,1323.6000
2013-09-27,1338.4000
2013-09-30,1326.5000
2013-10-01,1286.0000
2013-10-02,1320.6000
2013-10-03,1317.4000
2013-10-04,1309.7000
2013-10-07,1324.8000
2013-10-08,1324.2000
2013-10-09,1306.9000
2013-10-10,1296.6000
2013-10-11,1268.0000
2013-10-14,1276.4000
2013-10-15,1273.0000
2013-10-16,1282.0000
2013-10-17,1322.7000
2013-10-18,1314.4000
2013-10-21,1315.7000
2013-10-22,1342.5000
2013-10-23,1333.9000
2013-10-24,1350.2000
2013-10-25,1352.4000
2013-10-28,1352.0000
2013-10-29,1345.2000
2013-10-30,1349.0000
2013-10-31,1323.6000
2013-11-01,1313.1000
2013-11-04,1314.6000
2013-11-05,1308.0000
2013-11-06,1317.7000
2013-11-07,1308.4000
2013-11-08,1284.5000
2013-11-11,1281.0000
2013-11-12,1271.1000
2013-11-13,1268.3000
2013-11-14,1286.2000
2013-11-15,1287.3000
2013-11-18,1272.2000
2013-11-19,1273.4000
2013-11-20,1257.9000
2013-11-21,1243.5000
2013-11-22,1244.0000
2013-11-25,1241.1000
2013-11-26,1241.4000
2013-11-27,1237.8000
2013-11-29,1250.6000
2013-12-02,1222.3000
2013-12-03,1221.7000
2013-12-04,1248.2000
2013-12-05,1233.2000
2013-12-06,1230.3000
2013-12-09,1235.3000
2013-12-10,1262.4000
2013-12-11,1258.5000
2013-12-12,1226.0000
2013-12-13,1235.7000
2013-12-16,1245.5000
2013-12-17,1231.2000
2013-12-18,1236.1000
2013-12-19,1195.0000
2013-12-20,1205.1000
2013-12-23,1198.4000
2013-12-24,1205.1000
2013-12-26,1214.1000
2013-12-27,1216.1000
2013-12-30,1203.1000
2013-12-31,1201.9000
2014-01-02,1225.0000
2014-01-03,1238.4000
2014-01-06,1237.8000
2014-01-07,1229.4000
2014-01-08,1225.3000
2014-01-09,1229.3000
2014-01-10,1246.7000
2014-01-13,1250.9000
2014-01-14,1245.2000
2014-01-15,1238.1000
2014-01-16,1240.0000
2014-01-17,1251.7000
2014-01-21,1242.3000
2014-01-22,1239.0000
2014-01-23,1262.6000
2014-01-24,1264.5000
2014-01-27,1263.6000
2014-01-28,1251.0000
2014-01-29,1262.2000
2014-01-30,1242.2000
2014-01-31,1240.1000
2014-02-03,1260.4000
2014-02-04,1251.7000
2014-02-05,1257.3000
2014-02-06,1257.6000
2014-02-07,1263.3000
2014-02-10,1274.8000
2014-02-11,1290.1000
2014-02-12,1295.3000
2014-02-13,1300.4000
2014-02-14,1319.0000
2014-02-18,1324.7000
2014-02-19,1320.6000
2014-02-20,1317.1000
2014-02-21,1323.9000
2014-02-24,1338.3000
2014-02-25,1343.0000
2014-02-26,1328.2000
2014-02-27,1331.6000
2014-02-28,1321.4000
2014-03-03,1350.1000
2014-03-04,1337.8000
2014-03-05,1340.2000
2014-03-06,1351.7000
2014-03-07,1338.1000
2014-03-10,1341.4000
2014-03-11,1346.5000
2014-03-12,1370.3000
2014-03-13,1372.2000
2014-03-14,1379.0000
2014-03-17,1372.9000
2014-03-18,1359.0000
2014-03-19,1341.4000
2014-03-20,1330.5000
2014-03-21,1336.0000
2014-03-24,1311.2000
2014-03-25,1311.4000
2014-03-26,1303.4000
2014-03-27,1294.7000
2014-03-28,1293.8000
2014-03-31,1283.4000
2014-04-01,1279.6000
2014-04-02,1290.5000
2014-04-03,1284.4000
2014-04-04,1303.2000
2014-04-07,1298.0000
2014-04-08,1308.7000
2014-04-09,1305.5000
2014-04-10,1320.1000
2014-04-11,1318.7000
2014-04-14,1327.2000
2014-04-15,1300.0000
2014-04-16,1303.1000
2014-04-17,1293.4000
2014-04-21,1288.0000
2014-04-22,1280.6000
2014-04-23,1284.2000
2014-04-24,1290.5000
2014-04-25,1300.7000
2014-04-28,1298.9000
2014-04-29,1296.0000
2014-04-30,1295.6000
2014-05-01,1283.1000
2014-05-02,1302.6000
2014-05-05,1309.0000
2014-05-06,1308.3000
2014-05-07,1288.6000
2014-05-08,1287.4000
2014-05-09,1287.3000
2014-05-12,1295.6000
2014-05-13,1294.6000
2014-05-14,1305.7000
2014-05-15,1293.5000
2014-05-16,1293.3000
2014-05-19,1293.7000
2014-05-20,1294.5000
2014-05-21,1288.0000
2014-05-22,1294.9000
2014-05-23,1291.6000
2014-05-27,1265.4000
2014-05-28,1259.3000
2014-05-29,1256.3000
2014-05-30,1245.6000
2014-06-02,1243.7000
2014-06-03,1244.3000
2014-06-04,1244.0000
2014-06-05,1253.0000
2014-06-06,1252.1000
2014-06-09,1253.5000
2014-06-10,1259.8000
2014-06-11,1260.8000
2014-06-12,1273.6000
2014-06-13,1273.7000
2014-06-16,1274.9000
2014-06-17,1271.7000
2014-06-18,1272.4000
2014-06-19,1313.7000
2014-06-20,1316.2000
2014-06-23,1318.0000
2014-06-24,1320.9000
2014-06-25,1322.2000
2014-06-26,1316.1000
2014-06-27,1319.0000
2014-06-30,1321.8000
2014-07-01,1326.4000
2014-07-02,1330.7000
2014-07-03,1320.4000
2014-07-07,1316.5000
2014-07-08,1316.0000
2014-07-09,1323.8000
2014-07-10,1338.7000
2014-07-11,1337.0000
2014-07-14,1306.3000
2014-07-15,1296.9000
2014-07-16,1299.6000
2014-07-17,1316.7000
2014-07-18,1309.2000
2014-07-21,1313.7000
2014-07-22,1306.1000
2014-07-23,1304.5000
2014-07-24,1290.6000
2014-07-25,1303.1000
2014-07-28,1303.3000
2014-07-29,1298.3000
2014-07-30,1294.9000
2014-07-31,1281.3000
2014-08-01,1293.6000
2014-08-04,1287.7000
2014-08-05,1284.0000
2014-08-06,1306.7000
2014-08-07,1310.8000
2014-08-08,1308.9000
2014-08-11,1308.5000
2014-08-12,1308.8000
2014-08-13,1312.8000
2014-08-14,1313.9000
2014-08-15,1304.5000
2014-08-18,1297.7000
2014-08-19,1295.1000
2014-08-20,1293.4000
2014-08-21,1273.7000
2014-08-22,1278.6000
2014-08-25,1277.3000
2014-08-26,1283.8000
2014-08-27,1281.9000
2014-08-28,1288.7000
2014-08-29,1285.8000
2014-09-02,1263.7000
2014-09-03,1268.9000
2014-09-04,1265.1000
2014-09-05,1265.8000
2014-09-08,1252.7000
2014-09-09,1246.8000
2014-09-10,1243.5000
2014-09-11,1237.4000
2014-09-12,1229.9000
2014-09-15,1233.6000
2014-09-16,1235.2000
2014-09-17,1234.4000
2014-09-18,1225.7000
2014-09-19,1215.3000
2014-09-22,1216.8000
2014-09-23,1221.0000
2014-09-24,1218.6000
2014-09-25,1221.2000
2014-09-26,1214.1000
2014-09-29,1217.5000
2014-09-30,1210.5000
2014-10-01,1214.6000
2014-10-02,1214.2000
2014-10-03,1192.2000
2014-10-06,1206.7000
2014-10-07,1211.7000
2014-10-08,1205.3000
2014-10-09,1224.6000
2014-10-10,1221.0000
2014-10-13,1229.3000
2014-10-14,1233.6000
2014-10-15,1244.1000
2014-10-16,1240.5000
2014-10-17,1238.3000
2014-10-20,1244.0000
2014-10-21,1251.0000
2014-10-22,1244.8000
2014-10-23,1228.5000
2014-10-24,1231.2000
2014-10-27,1229.1000
2014-10-28,1229.2000
2014-10-29,1224.3000
2014-10-30,1198.1000
2014-10-31,1171.1000
2014-11-03,1169.4000
2014-11-04,1167.4000
2014-11-05,1145.4000
2014-11-06,1142.3000
2014-11-07,1169.6000
2014-11-10,1159.6000
2014-11-11,1162.8000
2014-11-12,1158.9000
2014-11-13,1161.1000
2014-11-14,1185.0000
2014-11-17,1183.0000
2014-11-18,1196.7000
2014-11-19,1193.6000
2014-11-20,1190.7000
2014-11-21,1197.5000
2014-11-24,1195.5000
2014-11-25,1197.1000
2014-11-26,1196.6000
2014-11-28,1175.2000
2014-12-01,1218.0000
2014-12-02,1199.2000
2014-12-03,1208.5000
2014-12-04,1207.5000
2014-12-05,1190.1000
2014-12-08,1194.7000
2014-12-09,1231.5000
2014-12-10,1228.9000
2014-12-11,1225.1000
2014-12-12,1222.0000
2014-12-15,1207.2000
2014-12-16,1193.9000
2014-12-17,1194.3000
2014-12-18,1194.7000
2014-12-19,1195.9000
2014-12-22,1179.7000
2014-12-23,1177.9000
2014-12-24,1173.5000
2014-12-26,1195.3000
2014-12-29,1181.7000
2014-12-30,1200.2000
2014-12-31,1183.9000
2015-01-02,1186.0000
2015-01-05,1203.9000
2015-01-06,1219.3000
2015-01-07,1210.6000
2015-01-08,1208.4000
2015-01-09,1216.0000
2015-01-12,1232.7000
2015-01-13,1234.3000
2015-01-14,1234.4000
2015-01-15,1264.7000
2015-01-16,1276.9000
2015-01-20,1294.2000
2015-01-21,1293.7000
2015-01-22,1300.7000
2015-01-23,1292.6000
2015-01-26,1279.4000
2015-01-27,1291.7000
2015-01-28,1285.9000
2015-01-29,1254.6000
2015-01-30,1278.5000
2015-02-02,1276.2000
2015-02-03,1259.7000
2015-02-04,1263.8000
2015-02-05,1262.0000
2015-02-06,1233.9000
2015-02-09,1240.8000
2015-02-10,1231.6000
2015-02-11,1219.0000
2015-02-12,1220.1000
2015-02-13,1226.5000
2015-02-17,1208.1000
2015-02-18,1199.7000
2015-02-19,1207.1000
2015-02-20,1204.4000
2015-02-23,1200.3000
2015-02-24,1196.9000
2015-02-25,1201.0000
2015-02-26,1209.6000
2015-02-27,1212.6000
2015-03-02,1207.7000
2015-03-03,1204.0000
2015-03-04,1200.6000
2015-03-05,1195.9000
2015-03-06,1164.1000
2015-03-09,1166.4000
2015-03-10,1160.1000
2015-03-11,1150.7000
2015-03-12,1152.1000
2015-03-13,1152.6000
2015-03-16,1153.3000
2015-03-17,1148.3000
2015-03-18,1151.4000
2015-03-19,1169.1000
2015-03-20,1184.8000
2015-03-23,1188.0000
2015-03-24,1191.7000
2015-03-25,1197.3000
2015-03-26,1205.1000
2015-03-27,1199.8000
2015-03-30,1184.8000
2015-03-31,1183.1000
2015-04-01,1208.1000
2015-04-02,1200.9000
2015-04-06,1218.6000
2015-04-07,1210.6000
2015-04-08,1203.1000
2015-04-09,1193.6000
2015-04-10,1204.6000
2015-04-13,1199.3000
2015-04-14,1192.8000
2015-04-15,1201.5000
2015-04-16,1198.0000
2015-04-17,1202.9000
2015-04-20,1193.5000
2015-04-21,1202.9000
2015-04-22,1186.9000
2015-04-23,1194.4000
2015-04-24,1175.2000
2015-04-27,1203.3000
2015-04-28,1214.0000
2015-04-29,1209.8000
2015-04-30,1182.4000
2015-05-01,1174.5000
2015-05-04,1186.8000
2015-05-05,1193.2000
2015-05-06,1190.3000
2015-05-07,1182.4000
2015-05-08,1189.1000
2015-05-11,1183.2000
2015-05-12,1192.6000
2015-05-13,1218.4000
2015-05-14,1225.4000
2015-05-15,1225.5000
2015-05-18,1227.8000
2015-05-19,1206.9000
2015-05-20,1208.9000
2015-05-21,1204.4000
2015-05-22,1204.3000
2015-05-26,1187.2000
2015-05-27,1185.9000
2015-05-28,1188.1000
2015-05-29,1189.4000
2015-06-01,1188.3000
2015-06-02,1194.1000
2015-06-03,1184.7000
2015-06-04,1174.9000
2015-06-05,1167.8000
2015-06-08,1173.2000
2015-06-09,1177.3000
2015-06-10,1186.1000
2015-06-11,1179.9000
2015-06-12,1178.8000
2015-06-15,1185.3000
2015-06-16,1180.5000
2015-06-17,1176.4000
2015-06-18,1201.5000
2015-06-19,1201.5000
2015-06-22,1183.7000
2015-06-23,1176.2000
2015-06-24,1172.6000
2015-06-25,1171.5000
2015-06-26,1172.9000
2015-06-29,1178.5000
2015-06-30,1171.5000
2015-07-01,1169.0000
2015-07-02,1163.0000
2015-07-06,1172.9000
2015-07-07,1152.4000
2015-07-08,1163.3000
2015-07-09,1159.0000
2015-07-10,1157.7000
2015-07-13,1155.2000
2015-07-14,1153.3000
2015-07-15,1147.2000
2015-07-16,1143.8000
2015-07-17,1131.8000
2015-07-20,1106.7000
2015-07-21,1103.4000
2015-07-22,1091.4000
2015-07-23,1094.0000
2015-07-24,1085.6000
2015-07-27,1096.5000
2015-07-28,1096.3000
2015-07-29,1092.7000
2015-07-30,1088.4000
2015-07-31,1094.9000
2015-08-03,1089.4000
2015-08-04,1090.7000
2015-08-05,1085.7000
2015-08-06,1090.2000
2015-08-07,1094.1000
2015-08-10,1104.2000
2015-08-11,1107.6000
2015-08-12,1123.2000
2015-08-13,1115.7000
2015-08-14,1112.9000
2015-08-17,1118.6000
2015-08-18,1117.1000
2015-08-19,1128.1000
2015-08-20,1153.0000
2015-08-21,1159.6000
2015-08-24,1153.4000
2015-08-25,1138.2000
2015-08-26,1124.6000
2015-08-27,1122.4000
2015-08-28,1133.1000
2015-08-31,1131.6000
2015-09-01,1138.7000
2015-09-02,1132.5000
2015-09-03,1123.7000
2015-09-04,1120.6000
2015-09-08,1120.4000
2015-09-09,1102.2000
2015-09-10,1109.5000
2015-09-11,1103.5000
2015-09-14,1107.7000
2015-09-15,1102.8000
2015-09-16,1119.2000
2015-09-17,1117.3000
2015-09-18,1138.1000
2015-09-21,1133.1000
2015-09-22,1125.0000
2015-09-23,1131.6000
2015-09-24,1153.8000
2015-09-25,1146.0000
2015-09-28,1132.0000
2015-09-29,1127.1000
2015-09-30,1115.5000
2015-10-01,1114.2000
2015-10-02,1137.1000
2015-10-05,1138.1000
2015-10-06,1146.8000
2015-10-07,1149.0000
2015-10-08,1144.7000
2015-10-09,1156.3000
2015-10-12,1164.9000
2015-10-13,1165.8000
2015-10-14,1180.1000
2015-10-15,1187.9000
2015-10-16,1183.6000
2015-10-19,1173.3000
2015-10-20,1178.0000
2015-10-21,1167.6000
2015-10-22,1166.6000
2015-10-23,1163.3000
2015-10-26,1167.0000
2015-10-27,1166.8000
2015-10-28,1177.1000
2015-10-29,1147.2000
2015-10-30,1141.5000
2015-11-02,1135.8000
2015-11-03,1114.2000
2015-11-04,1106.5000
2015-11-05,1104.4000
2015-11-06,1087.6000
2015-11-09,1087.9000
2015-11-10,1088.2000
2015-11-11,1084.7000
2015-11-12,1080.8000
2015-11-13,1080.8000
2015-11-16,1083.7000
2015-11-17,1068.7000
2015-11-18,1068.8000
2015-11-19,1078.0000
2015-11-20,1076.4000
2015-11-23,1066.8000
2015-11-24,1074.3000
2015-11-25,1070.5000
2015-11-27,1056.2000
2015-11-30,1065.8000
2015-12-01,1063.8000
2015-12-02,1054.2000
2015-12-03,1061.7000
2015-12-04,1084.5000
2015-12-07,1076.4000
2015-12-08,1076.3000
2015-12-09,1077.6000
2015-12-10,1073.1000
2015-12-11,1076.9000
2015-12-14,1064.7000
2015-12-15,1062.9000
2015-12-16,1078.0000
2015-12-17,1050.8000
2015-12-18,1066.2000
2015-12-21,1081.9000
2015-12-22,1074.8000
2015-12-23,1069.4000
2015-12-24,1077.2000
2015-12-28,1070.5000
2015-12-29,1077.5000
2015-12-30,1060.1000
2015-12-31,1060.3000
2016-01-04,1075.1000
2016-01-05,1078.4000
2016-01-06,1091.9000
2016-01-07,1107.7000
2016-01-08,1097.8000
2016-01-11,1096.5000
2016-01-12,1085.6000
2016-01-13,1087.5000
2016-01-14,1073.9000
2016-01-15,1091.5000
2016-01-19,1089.9000
2016-01-20,1107.1000
2016-01-21,1099.1000
2016-01-22,1097.2000
2016-01-25,1106.2000
2016-01-26,1121.7000
2016-01-27,1116.1000
2016-01-28,1115.6000
2016-01-29,1116.4000
2016-02-01,1127.9000
2016-02-02,1127.3000
2016-02-03,1141.3000
2016-02-04,1157.6000
2016-02-05,1157.8000
2016-02-08,1197.9000
2016-02-09,1198.7000
2016-02-10,1194.7000
2016-02-11,1247.9000
2016-02-12,1239.1000
2016-02-16,1207.9000
2016-02-17,1211.1000
2016-02-18,1226.1000
2016-02-19,1230.4000
2016-02-22,1209.5000
2016-02-23,1222.3000
2016-02-24,1238.7000
2016-02-25,1238.2000
2016-02-26,1219.8000
2016-02-29,1233.9000
2016-03-01,1230.3000
2016-03-02,1241.1000
2016-03-03,1257.4000
2016-03-04,1269.9000
2016-03-07,1263.2000
2016-03-08,1262.1000
2016-03-09,1256.6000
2016-03-10,1272.0000
2016-03-11,1258.7000
2016-03-14,1244.4000
2016-03-15,1230.4000
2016-03-16,1229.3000
2016-03-17,1264.5000
2016-03-18,1253.8000
2016-03-21,1243.8000
2016-03-22,1248.2000
2016-03-23,1223.7000
2016-03-24,1221.4000
2016-03-28,1219.9000
2016-03-29,1235.6000
2016-03-30,1226.9000
2016-03-31,1234.2000
2016-04-01,1222.2000
2016-04-04,1218.0000
2016-04-05,1228.4000
2016-04-06,1222.5000
2016-04-07,1236.2000
2016-04-08,1242.5000
2016-04-11,1256.7000
2016-04-12,1259.4000
2016-04-13,1246.8000
2016-04-14,1225.0000
2016-04-15,1233.1000
2016-04-18,1233.6000
2016-04-19,1253.0000
2016-04-20,1253.2000
2016-04-21,1249.0000
2016-04-22,1228.7000
2016-04-25,1238.9000
2016-04-26,1242.2000
2016-04-27,1249.2000
2016-04-28,1265.5000
2016-04-29,1289.2000
2016-05-02,1294.7000
2016-05-03,1290.7000
2016-05-04,1273.3000
2016-05-05,1271.4000
2016-05-06,1292.9000
2016-05-09,1265.6000
2016-05-10,1263.9000
2016-05-11,1274.6000
2016-05-12,1270.3000
2016-05-13,1271.9000
2016-05-16,1273.4000
2016-05-17,1276.2000
2016-05-18,1273.7000
2016-05-19,1254.2000
2016-05-20,1252.4000
2016-05-23,1251.1000
2016-05-24,1228.9000
2016-05-25,1223.5000
2016-05-26,1220.1000
2016-05-27,1213.8000
2016-05-31,1214.8000
2016-06-01,1211.9000
2016-06-02,1209.8000
2016-06-03,1240.1000
2016-06-06,1244.6000
2016-06-07,1244.4000
2016-06-08,1259.8000
2016-06-09,1270.2000
2016-06-10,1273.4000
2016-06-13,1284.4000
2016-06-14,1285.6000
2016-06-15,1285.8000
2016-06-16,1296.1000
2016-06-17,1292.5000
2016-06-20,1290.0000
2016-06-21,1270.5000
2016-06-22,1268.0000
2016-06-23,1261.2000
2016-06-24,1320.0000
2016-06-27,1322.5000
2016-06-28,1315.3000
2016-06-29,1323.9000
2016-06-30,1318.4000
2016-07-01,1336.7000
2016-07-05,1356.4000
2016-07-06,1364.9000
2016-07-07,1360.1000
2016-07-08,1356.6000
2016-07-11,1355.0000
2016-07-12,1334.1000
2016-07-13,1342.4000
2016-07-14,1331.3000
2016-07-15,1326.5000
2016-07-18,1328.4000
2016-07-19,1331.5000
2016-07-20,1318.8000
2016-07-21,1330.5000
2016-07-22,1323.1000
2016-07-25,1319.3000
2016-07-26,1320.7000
2016-07-27,1326.6000
2016-07-28,1332.3000
2016-07-29,1349.0000
2016-08-01,1351.4000
2016-08-02,1364.4000
2016-08-03,1356.1000
2016-08-04,1358.8000
2016-08-05,1336.4000
2016-08-08,1333.4000
2016-08-09,1339.0000
2016-08-10,1344.3000
2016-08-11,1342.5000
2016-08-12,1335.8000
2016-08-15,1340.3000
2016-08-16,1350.5000
2016-08-17,1342.7000
2016-08-18,1351.2000
2016-08-19,1340.4000
2016-08-22,1337.7000
2016-08-23,1340.6000
2016-08-24,1324.4000
2016-08-25,1320.1000
2016-08-26,1321.5000
2016-08-29,1322.9000
2016-08-30,1311.7000
2016-08-31,1306.9000
2016-09-01,1312.2000
2016-09-02,1322.1000
2016-09-06,1349.4000
2016-09-07,1344.3000
2016-09-08,1336.8000
2016-09-09,1330.1000
2016-09-12,1321.0000
2016-09-13,1319.0000
2016-09-14,1321.5000
2016-09-15,1313.5000
2016-09-16,1305.8000
2016-09-19,1313.5000
2016-09-20,1313.7000
2016-09-21,1326.9000
2016-09-22,1340.4000
2016-09-23,1337.2000
2016-09-26,1339.7000
2016-09-27,1325.9000
2016-09-28,1319.4000
2016-09-29,1321.7000
2016-09-30,1313.3000
2016-10-03,1309.0000
2016-10-04,1266.3000
2016-10-05,1265.2000
2016-10-06,1249.8000
2016-10-07,1248.9000
2016-10-11,1253.0000
2016-10-12,1251.1000
2016-10-13,1255.0000
2016-10-14,1253.1000
2016-10-17,1254.4000
2016-10-18,1260.8000
2016-10-19,1267.9000
2016-10-20,1265.6000
2016-10-21,1265.9000
2016-10-24,1262.0000
2016-10-25,1271.9000
2016-10-26,1264.8000
2016-10-27,1267.9000
2016-10-28,1275.5000
2016-10-31,1271.5000
2016-11-01,1286.4000
2016-11-02,1306.8000
2016-11-03,1302.1000
2016-11-04,1303.3000
2016-11-07,1278.3000
2016-11-08,1273.4000
2016-11-09,1272.6000
2016-11-10,1265.5000
2016-11-14,1221.2000
2016-11-15,1224.0000
2016-11-16,1223.4000
2016-11-17,1216.5000
2016-11-18,1208.5000
2016-11-21,1209.6000
2016-11-22,1211.0000
2016-11-23,1189.1000
2016-11-25,1178.2000
2016-11-28,1190.6000
2016-11-29,1187.9000
2016-11-30,1170.8000
2016-12-01,1166.9000
2016-12-02,1175.1000
2016-12-05,1174.0000
2016-12-06,1167.6000
2016-12-07,1175.0000
2016-12-08,1169.8000
2016-12-09,1159.4000
2016-12-12,1163.5000
2016-12-13,1156.7000
2016-12-14,1161.3000
2016-12-15,1127.8000
2016-12-16,1135.3000
2016-12-19,1140.5000
2016-12-20,1131.5000
2016-12-21,1131.1000
2016-12-22,1128.8000
2016-12-23,1131.9000
2016-12-27,1137.3000
2016-12-28,1139.4000
2016-12-29,1156.4000
2016-12-30,1150.0000
2017-01-03,1160.4000
2017-01-04,1163.8000
2017-01-05,1179.7000
2017-01-06,1171.9000
2017-01-09,1183.5000
2017-01-10,1184.2000
2017-01-11,1195.6000
2017-01-12,1198.9000
2017-01-13,1195.3000
2017-01-17,1212.0000
2017-01-18,1211.3000
2017-01-19,1200.9000
2017-01-20,1204.3000
2017-01-23,1215.0000
2017-01-24,1210.3000
2017-01-25,1197.3000
2017-01-26,1189.5000
2017-01-27,1188.1000
2017-01-30,1193.2000
2017-01-31,1208.6000
2017-02-01,1205.6000
2017-02-02,1216.7000
2017-02-03,1218.5000
2017-02-06,1230.0000
2017-02-07,1234.2000
2017-02-08,1237.6000
2017-02-09,1235.1000
2017-02-10,1234.4000
2017-02-13,1224.4000
2017-02-14,1223.9000
2017-02-15,1231.7000
2017-02-16,1240.0000
2017-02-17,1237.6000
2017-02-21,1237.5000
2017-02-22,1232.0000
2017-02-23,1250.2000
2017-02-24,1256.9000
2017-02-27,1257.4000
2017-02-28,1252.6000
2017-03-01,1248.9000
2017-03-02,1231.9000
2017-03-03,1225.5000
2017-03-06,1224.5000
2017-03-07,1215.1000
2017-03-08,1208.5000
2017-03-09,1202.4000
2017-03-10,1200.7000
2017-03-13,1202.4000
2017-03-14,1201.9000
2017-03-15,1200.1000
2017-03-16,1226.5000
2017-03-17,1229.8000
2017-03-20,1233.6000
2017-03-21,1246.1000
2017-03-22,1249.3000
2017-03-23,1246.9000
2017-03-24,1248.2000
2017-03-27,1255.4000
2017-03-28,1255.3000
2017-03-29,1253.4000
2017-03-30,1245.0000
2017-03-31,1247.3000
2017-04-03,1250.8000
2017-04-04,1255.0000
2017-04-05,1245.4000
2017-04-06,1250.3000
2017-04-07,1254.3000
2017-04-10,1251.1000
2017-04-11,1271.2000
2017-04-12,1275.3000
2017-04-13,1285.9000
2017-04-17,1289.4000
2017-04-18,1291.7000
2017-04-19,1281.4000
2017-04-20,1281.9000
2017-04-21,1287.4000
2017-04-24,1275.8000
2017-04-25,1265.6000
2017-04-26,1262.1000
2017-04-27,1263.7000
2017-04-28,1266.1000
2017-05-01,1253.3000
2017-05-02,1255.1000
2017-05-03,1246.4000
2017-05-04,1226.5000
2017-05-05,1224.8000
2017-05-08,1225.3000
2017-05-09,1214.3000
2017-05-10,1217.3000
2017-05-11,1222.7000
2017-05-12,1226.2000
2017-05-15,1228.6000
2017-05-16,1235.0000
2017-05-17,1257.5000
2017-05-18,1251.7000
2017-05-19,1252.7000
2017-05-22,1260.7000
2017-05-23,1254.8000
2017-05-24,1252.4000
2017-05-25,1255.8000
2017-05-26,1267.6000
2017-05-30,1262.1000
2017-05-31,1272.0000
2017-06-01,1267.0000
2017-06-02,1276.8000
2017-06-05,1279.3000
2017-06-06,1294.4000
2017-06-07,1290.1000
2017-06-08,1276.3000
2017-06-09,1268.5000
2017-06-12,1266.1000
2017-06-13,1265.8000
2017-06-14,1272.8000
2017-06-15,1252.2000
2017-06-16,1254.0000
2017-06-19,1244.2000
2017-06-20,1241.0000
2017-06-21,1243.4000
2017-06-22,1247.6000
2017-06-23,1256.2000
2017-06-26,1246.3000
2017-06-27,1246.4000
2017-06-28,1248.0000
2017-06-29,1244.2000
2017-06-30,1240.7000
2017-07-03,1217.9000
2017-07-05,1220.4000
2017-07-06,1222.2000
2017-07-07,1208.6000
2017-07-10,1212.1000
2017-07-11,1213.6000
2017-07-12,1218.1000
2017-07-13,1216.3000
2017-07-14,1226.6000
2017-07-17,1232.8000
2017-07-18,1241.1000
2017-07-19,1241.2000
2017-07-20,1244.8000
2017-07-21,1254.3000
2017-07-24,1253.9000
2017-07-25,1251.7000
2017-07-26,1249.0000
2017-07-27,1259.6000
2017-07-28,1268.4000
2017-07-31,1266.6000
2017-08-01,1272.6000
2017-08-02,1271.8000
2017-08-03,1267.8000
2017-08-04,1258.3000
2017-08-07,1258.2000
2017-08-08,1256.4000
2017-08-09,1273.0000
2017-08-10,1283.7000
2017-08-11,1287.7000
2017-08-14,1284.2000
2017-08-15,1273.7000
2017-08-16,1276.9000
2017-08-17,1286.4000
2017-08-18,1285.7000
2017-08-21,1290.8000
2017-08-22,1285.1000
2017-08-23,1288.9000
2017-08-24,1286.5000
2017-08-25,1292.5000
2017-08-28,1309.7000
2017-08-29,1313.1000
2017-08-30,1308.1000
2017-08-31,1316.2000
2017-09-01,1324.5000
2017-09-05,1339.2000
2017-09-06,1333.9000
2017-09-07,1345.1000
2017-09-08,1346.0000
2017-09-11,1331.0000
2017-09-12,1328.0000
2017-09-13,1323.4000
2017-09-14,1324.7000
2017-09-15,1320.4000
2017-09-18,1306.3000
2017-09-19,1306.2000
2017-09-20,1312.0000
2017-09-21,1290.6000
2017-09-22,1293.3000
2017-09-25,1306.8000
2017-09-26,1297.0000
2017-09-27,1283.4000
2017-09-28,1285.5000
2017-09-29,1281.5000
2017-10-02,1272.7000
2017-10-03,1271.5000
2017-10-04,1273.7000
2017-10-05,1269.9000
2017-10-06,1271.6000
2017-10-09,1281.8000
2017-10-10,1290.6000
2017-10-11,1285.8000
2017-10-12,1293.3000
2017-10-13,1301.5000
2017-10-16,1299.9000
2017-10-17,1283.0000
2017-10-18,1279.9000
2017-10-19,1286.9000
2017-10-20,1277.4000
2017-10-23,1277.7000
2017-10-24,1275.0000
2017-10-25,1275.4000
2017-10-26,1266.3000
2017-10-27,1268.5000
2017-10-30,1274.1000
2017-10-31,1267.0000
2017-11-01,1274.1000
2017-11-02,1274.9000
2017-11-03,1266.5000
2017-11-06,1279.4000
2017-11-07,1273.7000
2017-11-08,1281.6000
2017-11-09,1285.6000
2017-11-10,1272.4000
2017-11-13,1277.3000
2017-11-14,1281.5000
2017-11-15,1276.5000
2017-11-16,1277.4000
2017-11-17,1295.8000
2017-11-20,1274.6000
2017-11-21,1281.1000
2017-11-22,1291.6000
2017-11-24,1286.7000
2017-11-27,1293.8000
2017-11-28,1294.7000
2017-11-29,1282.1000
2017-11-30,1273.2000
2017-12-01,1278.8000
2017-12-04,1274.3000
2017-12-05,1261.6000
2017-12-06,1262.8000
2017-12-07,1249.8000
2017-12-08,1245.2000
2017-12-11,1243.7000
2017-12-12,1238.5000
2017-12-13,1245.4000
2017-12-14,1253.8000
2017-12-15,1254.3000
2017-12-18,1262.2000
2017-12-19,1260.7000
2017-12-20,1266.1000
2017-12-21,1267.3000
2017-12-22,1275.4000
2017-12-26,1284.1000
2017-12-27,1287.0000
2017-12-28,1294.1000
2017-12-29,1306.3000
2018-01-02,1313.7000
2018-01-03,1316.2000
2018-01-04,1319.4000
2018-01-05,1320.3000
2018-01-08,1318.6000
2018-01-09,1311.7000
2018-01-10,1317.4000
2018-01-11,1320.6000
2018-01-12,1333.4000
2018-01-16,1335.4000
2018-01-17,1338.0000
2018-01-18,1326.0000
2018-01-19,1331.9000
2018-01-22,1330.9000
2018-01-23,1335.7000
2018-01-24,1355.9000
2018-01-25,1362.4000
2018-01-26,1351.6000
2018-01-30,1335.4000
2018-01-31,1339.0000
2018-02-01,1344.3000
2018-02-02,1333.7000
2018-02-05,1333.0000
2018-02-06,1326.1000
2018-02-07,1311.6000
2018-02-08,1316.9000
2018-02-09,1313.1000
2018-02-12,1324.2000
2018-02-13,1328.1000
2018-02-14,1355.5000
2018-02-15,1352.1000
2018-02-16,1353.2000
2018-02-20,1328.8000
2018-02-21,1330.0000
2018-02-22,1330.6000
2018-02-23,1328.2000
2018-02-26,1330.7000
2018-02-27,1315.5000
2018-02-28,1315.5000
2018-03-01,1302.9000
2018-03-02,1321.1000
2018-03-05,1318.1000
2018-03-06,1333.6000
2018-03-07,1326.0000
2018-03-08,1319.9000
2018-03-09,1322.4000
2018-03-12,1319.4000
2018-03-13,1325.9000
2018-03-14,1324.4000
2018-03-15,1316.8000
2018-03-16,1311.3000
2018-03-19,1316.8000
2018-03-20,1311.1000
2018-03-21,1320.7000
2018-03-22,1326.6000
2018-03-23,1349.3000
2018-03-26,1354.4000
2018-03-27,1341.3000
2018-03-28,1324.2000
2018-03-29,1322.8000
2018-04-02,1342.1000
2018-04-03,1332.8000
2018-04-04,1335.8000
2018-04-05,1324.3000
2018-04-06,1331.9000
2018-04-09,1336.3000
2018-04-10,1342.0000
2018-04-11,1356.5000
2018-04-12,1338.4000
2018-04-13,1344.8000
2018-04-16,1347.5000
2018-04-17,1347.2000
2018-04-18,1351.2000
2018-04-19,1346.8000
2018-04-20,1336.7000
2018-04-23,1322.5000
2018-04-24,1331.4000
2018-04-25,1321.2000
2018-04-26,1316.3000
2018-04-27,1320.3000
2018-04-30,1316.2000
2018-05-01,1303.8000
2018-05-02,1302.6000
2018-05-03,1310.7000
2018-05-04,1312.7000
2018-05-07,1312.2000
2018-05-08,1312.0000
2018-05-09,1311.3000
2018-05-10,1320.8000
2018-05-11,1319.0000
2018-05-14,1316.5000
2018-05-15,1288.9000
2018-05-16,1290.2000
2018-05-17,1288.2000
2018-05-18,1290.2000
2018-05-21,1290.2000
2018-05-22,1291.7000
2018-05-23,1289.3000
2018-05-24,1303.7000
2018-05-25,1303.3000
2018-05-29,1298.7000
2018-05-30,1301.5000
2018-05-31,1300.1000
2018-06-01,1294.8000
2018-06-04,1293.1000
2018-06-05,1297.5000
2018-06-06,1297.1000
2018-06-07,1298.7000
2018-06-08,1298.1000
2018-06-11,1298.9000
2018-06-12,1295.1000
2018-06-13,1296.9000
2018-06-14,1304.0000
2018-06-15,1274.6000
2018-06-18,1276.2000
2018-06-19,1275.6000
2018-06-20,1271.2000
2018-06-21,1267.2000
2018-06-22,1267.4000
2018-06-25,1265.6000
2018-06-26,1256.6000
2018-06-27,1252.8000
2018-06-28,1247.8000
2018-06-29,1251.3000
2018-07-02,1239.8000
2018-07-03,1251.6000
2018-07-05,1257.3000
2018-07-06,1254.3000
2018-07-09,1258.1000
2018-07-10,1253.8000
2018-07-11,1242.8000
2018-07-12,1245.0000
2018-07-13,1239.6000
2018-07-16,1238.1000
2018-07-17,1225.7000
2018-07-18,1226.3000
2018-07-19,1222.4000
2018-07-20,1229.5000
2018-07-23,1224.0000
2018-07-24,1223.9000
2018-07-25,1231.4000
2018-07-26,1225.3000
2018-07-27,1222.6000
2018-07-30,1221.3000
2018-07-31,1223.7000
2018-08-01,1217.9000
2018-08-02,1210.6000
2018-08-03,1214.2000
2018-08-06,1208.6000
2018-08-07,1209.6000
2018-08-08,1212.6000
2018-08-09,1211.9000
2018-08-10,1211.1000
2018-08-13,1191.3000
2018-08-14,1193.0000
2018-08-15,1177.5000
2018-08-16,1176.2000
2018-08-17,1176.5000
2018-08-20,1186.8000
2018-08-21,1192.6000
2018-08-22,1196.3000
2018-08-23,1187.0000
2018-08-24,1206.3000
2018-08-27,1209.0000
2018-08-28,1207.4000
2018-08-29,1204.5000
2018-08-30,1197.7000
2018-08-31,1200.3000
2018-09-04,1192.7000
2018-09-05,1194.9000
2018-09-06,1197.9000
2018-09-07,1193.6000
2018-09-10,1193.0000
2018-09-11,1195.4000
2018-09-12,1204.7000
2018-09-13,1202.0000
2018-09-14,1195.0000
2018-09-17,1199.7000
2018-09-18,1196.8000
2018-09-19,1202.2000
2018-09-20,1206.2000
2018-09-21,1196.2000
2018-09-24,1199.3000
2018-09-25,1200.0000
2018-09-26,1194.0000
2018-09-27,1182.3000
2018-09-28,1191.5000
2018-10-01,1187.1000
2018-10-02,1202.4000
2018-10-03,1198.3000
2018-10-04,1197.2000
2018-10-05,1201.2000
2018-10-08,1184.4000
2018-10-09,1187.2000
2018-10-10,1189.3000
2018-10-11,1223.5000
2018-10-12,1218.1000
2018-10-15,1226.4000
2018-10-16,1227.3000
2018-10-17,1223.7000
2018-10-18,1226.5000
2018-10-19,1225.3000
2018-10-22,1221.2000
2018-10-23,1233.4000
2018-10-24,1227.8000
2018-10-25,1229.1000
2018-10-26,1232.5000
2018-10-29,1224.5000
2018-10-30,1222.6000
2018-10-31,1212.3000
2018-11-01,1236.0000
2018-11-02,1230.9000
2018-11-05,1229.8000
2018-11-06,1223.8000
2018-11-07,1226.2000
2018-11-08,1222.9000
2018-11-09,1206.4000
2018-11-12,1201.3000
2018-11-13,1199.2000
2018-11-14,1207.9000
2018-11-15,1212.8000
2018-11-16,1220.8000
2018-11-19,1223.1000
2018-11-20,1219.0000
2018-11-21,1225.8000
2018-11-23,1221.0000
2018-11-26,1220.2000
2018-11-27,1211.2000
2018-11-28,1221.4000
2018-11-29,1224.1000
2018-11-30,1220.2000
2018-12-03,1233.9000
2018-12-04,1241.1000
2018-12-06,1238.1000
2018-12-07,1246.8000
2018-12-10,1243.7000
2018-12-11,1241.9000
2018-12-12,1244.4000
2018-12-13,1242.7000
2018-12-14,1237.0000
2018-12-17,1247.4000
2018-12-18,1249.2000
2018-12-19,1252.1000
2018-12-20,1263.6000
2018-12-21,1253.8000
2018-12-24,1267.5000
2018-12-26,1269.2000
2018-12-27,1277.3000
2018-12-28,1279.9000
2018-12-31,1278.3000
2019-01-02,1281.0000
2019-01-03,1291.8000
2019-01-04,1282.7000
2019-01-07,1286.8000
2019-01-08,1283.2000
2019-01-09,1289.3000
2019-01-10,1284.7000
2019-01-11,1287.1000
2019-01-14,1289.1000
2019-01-15,1286.2000
2019-01-16,1291.6000
2019-01-17,1291.0000
2019-01-18,1281.3000
2019-01-22,1282.5000
2019-01-23,1283.1000
2019-01-24,1279.1000
2019-01-25,1297.4000
2019-01-28,1302.4000
2019-01-29,1308.2000
2019-01-30,1309.9000
2019-01-31,1319.7000
2019-02-01,1316.9000
2019-02-04,1314.3000
2019-02-05,1314.2000
2019-02-06,1309.5000
2019-02-07,1309.4000
2019-02-08,1313.7000
2019-02-11,1307.0000
2019-02-12,1309.2000
2019-02-13,1310.8000
2019-02-14,1309.8000
2019-02-15,1318.1000
2019-02-19,1340.1000
2019-02-20,1343.3000
2019-02-21,1323.5000
2019-02-22,1329.2000
2019-02-25,1325.9000
2019-02-26,1325.1000
2019-02-27,1317.7000
2019-02-28,1312.8000
2019-03-01,1296.4000
2019-03-04,1284.8000
2019-03-05,1282.0000
2019-03-06,1284.9000
2019-03-07,1283.8000
2019-03-08,1297.0000
2019-03-11,1288.8000
2019-03-12,1296.3000
2019-03-13,1307.5000
2019-03-14,1293.4000
2019-03-15,1301.8000
2019-03-18,1300.3000
2019-03-19,1305.0000
2019-03-20,1300.5000
2019-03-21,1306.1000
2019-03-22,1311.6000
2019-03-25,1321.9000
2019-03-26,1314.3000
2019-03-27,1309.9000
2019-03-28,1289.8000
2019-03-29,1293.0000
2019-04-01,1288.4000
2019-04-02,1290.0000
2019-04-03,1289.9000
2019-04-04,1289.0000
2019-04-05,1290.4000
2019-04-08,1297.1000
2019-04-09,1303.5000
2019-04-10,1309.1000
2019-04-11,1288.6000
2019-04-12,1290.6000
2019-04-15,1286.8000
2019-04-16,1272.6000
2019-04-17,1272.2000
2019-04-18,1271.9000
2019-04-22,1273.5000
2019-04-23,1269.3000
2019-04-24,1275.5000
2019-04-25,1275.8000
2019-04-26,1284.9000
2019-04-29,1278.6000
2019-04-30,1282.8000
2019-05-01,1281.4000
2019-05-02,1269.7000
2019-05-03,1279.2000
2019-05-06,1281.7000
2019-05-07,1283.5000
2019-05-08,1279.4000
2019-05-09,1283.5000
2019-05-10,1285.7000
2019-05-13,1300.1000
2019-05-14,1294.7000
2019-05-15,1296.3000
2019-05-16,1285.0000
2019-05-17,1274.5000
2019-05-20,1276.1000
2019-05-21,1272.0000
2019-05-22,1273.6000
2019-05-23,1284.8000
2019-05-24,1283.0000
2019-05-28,1276.5000
2019-05-29,1280.6000
2019-05-30,1287.1000
2019-05-31,1305.8000
2019-06-03,1322.7000
2019-06-04,1323.4000
2019-06-05,1328.3000
2019-06-06,1337.6000
2019-06-07,1341.2000
2019-06-10,1324.7000
2019-06-11,1326.4000
2019-06-12,1331.9000
2019-06-13,1339.2000
2019-06-14,1340.1000
2019-06-17,1338.7000
2019-06-18,1346.6000
2019-06-19,1344.6000
2019-06-20,1392.9000
2019-06-21,1396.2000
2019-06-24,1414.3000
2019-06-25,1414.9000
2019-06-26,1411.6000
2019-06-27,1408.4000
2019-06-28,1409.7000
2019-07-01,1385.6000
2019-07-02,1404.6000
2019-07-03,1417.7000
2019-07-05,1396.7000
2019-07-08,1397.0000
2019-07-09,1397.5000
2019-07-10,1410.1000
2019-07-11,1404.3000
2019-07-12,1409.9000
2019-07-15,1411.4000
2019-07-16,1409.2000
2019-07-17,1421.3000
2019-07-18,1426.1000
2019-07-19,1425.1000
2019-07-22,1425.3000
2019-07-23,1420.1000
2019-07-24,1422.8000
2019-07-25,1413.9000
2019-07-26,1418.5000
2019-07-29,1419.6000
2019-07-30,1429.7000
2019-07-31,1426.1000
2019-08-01,1420.9000
2019-08-02,1445.6000
2019-08-05,1464.6000
2019-08-06,1472.4000
2019-08-07,1507.3000
2019-08-08,1497.7000
2019-08-09,1496.6000
2019-08-12,1505.3000
2019-08-13,1502.2000
2019-08-14,1515.9000
2019-08-15,1519.6000
2019-08-16,1512.5000
2019-08-19,1500.4000
2019-08-20,1504.6000
2019-08-21,1504.6000
2019-08-22,1497.3000
2019-08-23,1526.6000
2019-08-26,1526.3000
2019-08-27,1541.0000
2019-08-28,1537.8000
2019-08-29,1526.5000
2019-08-30,1519.1000
2019-09-03,1545.9000
2019-09-04,1550.3000
2019-09-05,1515.4000
2019-09-06,1506.2000
2019-09-09,1502.2000
2019-09-10,1490.3000
2019-09-11,1494.4000
2019-09-12,1498.7000
2019-09-13,1490.9000
2019-09-16,1503.1000
2019-09-17,1505.1000
2019-09-18,1507.5000
2019-09-19,1498.4000
2019-09-20,1507.3000
2019-09-23,1523.7000
2019-09-24,1532.1000
2019-09-25,1504.6000
2019-09-26,1507.5000
2019-09-27,1499.1000
2019-09-30,1465.7000
2019-10-01,1482.0000
2019-10-02,1501.0000
2019-10-03,1507.1000
2019-10-04,1506.2000
2019-10-07,1497.7000
2019-10-08,1497.2000
2019-10-09,1506.1000
2019-10-10,1494.8000
2019-10-11,1482.7000
2019-10-14,1491.7000
2019-10-15,1477.6000
2019-10-16,1488.0000
2019-10-17,1492.3000
2019-10-18,1488.2000
2019-10-21,1482.4000
2019-10-22,1481.7000
2019-10-23,1489.9000
2019-10-24,1498.9000
2019-10-25,1499.5000
2019-10-28,1490.0000
2019-10-29,1487.0000
2019-10-30,1493.2000
2019-10-31,1511.4000
2019-11-01,1508.0000
2019-11-04,1508.0000
2019-11-05,1480.8000
2019-11-06,1490.2000
2019-11-07,1464.2000
2019-11-08,1461.3000
2019-11-11,1455.5000
2019-11-12,1452.1000
2019-11-13,1461.7000
2019-11-14,1471.8000
2019-11-15,1467.3000
2019-11-18,1470.9000
2019-11-19,1473.3000
2019-11-20,1473.3000
2019-11-21,1463.1000
2019-11-22,1463.1000
2019-11-25,1456.6000
2019-11-26,1459.8000
2019-11-27,1453.4000
2019-11-29,1465.6000
2019-12-02,1462.3000
2019-12-03,1478.2000
2019-12-04,1474.0000
2019-12-05,1476.9000
2019-12-06,1459.1000
2019-12-09,1459.3000
2019-12-10,1462.6000
2019-12-11,1469.4000
2019-12-12,1466.7000
2019-12-13,1475.6000
2019-12-16,1475.0000
2019-12-17,1474.6000
2019-12-18,1472.6000
2019-12-19,1478.2000
2019-12-20,1474.7000
2019-12-23,1482.5000
2019-12-24,1499.1000
2019-12-26,1509.3000
2019-12-27,1513.8000
2019-12-30,1514.5000
2019-12-31,1519.5000
2020-01-02,1524.5000
2020-01-03,1549.2000
2020-01-06,1566.2000
2020-01-07,1571.8000
2020-01-08,1557.4000
2020-01-09,1551.7000
2020-01-10,1557.5000
2020-01-13,1548.4000
2020-01-14,1542.4000
2020-01-15,1552.1000
2020-01-16,1549.0000
2020-01-17,1558.8000
2020-01-21,1556.4000
2020-01-22,1555.3000
2020-01-23,1564.6000
2020-01-24,1571.1000
2020-01-27,1576.8000
2020-01-28,1569.2000
2020-01-29,1569.8000
2020-01-30,1583.5000
2020-01-31,1582.9000
2020-02-03,1577.2000
2020-02-04,1550.4000
2020-02-05,1557.8000
2020-02-06,1565.1000
2020-02-07,1568.6000
2020-02-10,1574.7000
2020-02-11,1565.6000
2020-02-12,1567.4000
2020-02-13,1575.1000
2020-02-14,1582.7000
2020-02-18,1600.0000
2020-02-19,1607.5000
2020-02-20,1616.6000
2020-02-21,1644.6000
2020-02-24,1672.4000
2020-02-25,1646.9000
2020-02-26,1640.0000
2020-02-27,1640.0000
2020-02-28,1564.1000
2020-03-02,1592.3000
2020-03-03,1642.1000
2020-03-04,1641.1000
2020-03-05,1666.4000
2020-03-06,1670.8000
2020-03-09,1674.5000
2020-03-10,1659.1000
2020-03-11,1641.4000
2020-03-12,1589.3000
2020-03-13,1515.7000
2020-03-16,1485.9000
2020-03-17,1524.9000
2020-03-18,1477.3000
2020-03-19,1478.6000
2020-03-20,1484.0000
2020-03-23,1567.0000
2020-03-24,1660.2000
2020-03-25,1632.3000
2020-03-26,1650.1000
2020-03-27,1623.9000
2020-03-30,1622.0000
2020-03-31,1583.4000
2020-04-01,1578.2000
2020-04-02,1625.7000
2020-04-03,1633.7000
2020-04-06,1677.0000
2020-04-07,1664.8000
2020-04-08,1665.4000
2020-04-09,1736.2000
2020-04-13,1744.8000
2020-04-14,1756.7000
2020-04-15,1727.2000
2020-04-16,1720.4000
2020-04-17,1689.2000
2020-04-20,1701.6000
2020-04-21,1678.2000
2020-04-22,1728.7000
2020-04-23,1733.3000
2020-04-24,1723.5000
2020-04-27,1711.9000
2020-04-28,1710.5000
2020-04-29,1703.4000
2020-04-30,1684.2000
2020-05-01,1694.5000
2020-05-04,1706.9000
2020-05-05,1704.4000
2020-05-06,1684.2000
2020-05-07,1721.8000
2020-05-08,1709.9000
2020-05-11,1695.3000
2020-05-12,1704.4000
2020-05-13,1713.9000
2020-05-14,1738.1000
2020-05-15,1753.4000
2020-05-18,1731.8000
2020-05-19,1744.2000
2020-05-20,1750.6000
2020-05-21,1720.5000
2020-05-22,1734.6000
2020-05-26,1704.8000
2020-05-27,1710.3000
2020-05-28,1713.3000
2020-05-29,1736.9000
2020-06-01,1737.8000
2020-06-02,1725.2000
2020-06-03,1697.8000
2020-06-04,1718.9000
2020-06-05,1676.2000
2020-06-08,1698.3000
2020-06-09,1714.7000
2020-06-10,1713.3000
2020-06-11,1732.0000
2020-06-12,1729.3000
2020-06-15,1720.3000
2020-06-16,1729.6000
2020-06-17,1729.2000
2020-06-18,1724.8000
2020-06-19,1745.9000
2020-06-22,1756.7000
2020-06-23,1772.1000
2020-06-24,1765.8000
2020-06-25,1762.1000
2020-06-26,1772.5000
2020-06-29,1774.8000
2020-06-30,1793.0000
2020-07-01,1773.2000
2020-07-02,1784.0000
2020-07-06,1788.5000
2020-07-07,1804.2000
2020-07-08,1815.5000
2020-07-09,1799.2000
2020-07-10,1798.2000
2020-07-13,1811.0000
2020-07-14,1810.6000
2020-07-15,1811.4000
2020-07-16,1798.7000
2020-07-17,1808.3000
2020-07-20,1815.9000
2020-07-21,1842.4000
2020-07-22,1864.1000
2020-07-23,1889.1000
2020-07-24,1897.3000
2020-07-27,1931.0000
2020-07-28,1944.7000
2020-07-29,1953.5000
2020-07-30,1942.3000
2020-07-31,1962.8000
2020-08-03,1966.0000
2020-08-04,2001.2000
2020-08-05,2031.1000
2020-08-06,2051.5000
2020-08-07,2010.1000
2020-08-10,2024.4000
2020-08-11,1932.6000
2020-08-12,1934.9000
2020-08-13,1956.7000
2020-08-14,1937.0000
2020-08-17,1985.0000
2020-08-18,1999.4000
2020-08-19,1958.7000
2020-08-20,1933.8000
2020-08-21,1934.6000
2020-08-24,1927.7000
2020-08-25,1911.8000
2020-08-26,1940.7000
2020-08-27,1921.6000
2020-08-28,1964.6000
2020-08-31,1967.6000
2020-09-01,1968.2000
2020-09-02,1934.4000
2020-09-03,1927.6000
2020-09-04,1923.9000
2020-09-08,1933.0000
2020-09-09,1944.7000
2020-09-10,1954.2000
2020-09-11,1937.8000
2020-09-14,1953.1000
2020-09-15,1956.3000
2020-09-16,1960.2000
2020-09-17,1940.0000
2020-09-18,1952.1000
2020-09-21,1901.2000
2020-09-22,1898.6000
2020-09-23,1859.9000
2020-09-24,1868.3000
2020-09-25,1857.7000
2020-09-28,1872.8000
2020-09-29,1894.3000
2020-09-30,1887.5000
2020-10-01,1908.4000
2020-10-02,1900.2000
2020-10-05,1912.5000
2020-10-06,1901.1000
2020-10-07,1883.6000
2020-10-08,1888.6000
2020-10-09,1919.5000
2020-10-12,1922.5000
2020-10-13,1888.5000
2020-10-14,1901.3000
2020-10-15,1903.2000
2020-10-16,1900.8000
2020-10-19,1906.4000
2020-10-20,1910.4000
2020-10-21,1924.6000
2020-10-22,1901.1000
2020-10-23,1902.0000
2020-10-26,1902.7000
2020-10-27,1908.8000
2020-10-28,1876.2000
2020-10-29,1865.6000
2020-10-30,1877.4000
2020-11-02,1890.4000
2020-11-03,1908.5000
2020-11-04,1894.6000
2020-11-05,1945.3000
2020-11-06,1950.3000
2020-11-09,1853.2000
2020-11-10,1875.4000
2020-11-11,1860.7000
2020-11-12,1872.6000
2020-11-13,1885.7000
2020-11-16,1887.3000
2020-11-17,1884.5000
2020-11-18,1873.5000
2020-11-19,1861.1000
2020-11-20,1872.6000
2020-11-23,1837.8000
2020-11-24,1804.8000
2020-11-25,1805.7000
2020-11-27,1781.9000
2020-11-30,1775.7000
2020-12-01,1814.1000
2020-12-02,1825.7000
2020-12-03,1836.8000
2020-12-04,1835.9000
2020-12-07,1861.8000
2020-12-08,1870.8000
2020-12-09,1834.6000
2020-12-10,1833.6000
2020-12-11,1839.8000
2020-12-14,1828.7000
2020-12-15,1852.3000
2020-12-16,1856.1000
2020-12-17,1887.2000
2020-12-18,1885.7000
2020-12-21,1879.2000
2020-12-22,1866.6000
2020-12-23,1874.7000
2020-12-24,1879.9000
2020-12-28,1877.2000
2020-12-29,1879.7000
2020-12-30,1891.0000
2020-12-31,1893.1000
2021-01-04,1944.7000
2021-01-05,1952.7000
2021-01-06,1906.9000
2021-01-07,1912.3000
2021-01-08,1834.1000
2021-01-11,1849.6000
2021-01-12,1842.9000
2021-01-13,1853.6000
2021-01-14,1850.3000
2021-01-15,1829.3000
2021-01-19,1839.5000
2021-01-20,1865.9000
2021-01-21,1865.3000
2021-01-22,1855.7000
2021-01-25,1854.9000
2021-01-26,1850.7000
2021-01-27,1844.9000
2021-01-28,1837.9000
2021-01-29,1847.3000
2021-02-01,1860.8000
2021-02-02,1830.5000
2021-02-03,1832.2000
2021-02-04,1788.9000
2021-02-05,1810.9000
2021-02-08,1831.9000
2021-02-09,1835.3000
2021-02-10,1840.6000
2021-02-11,1824.9000
2021-02-12,1821.6000
2021-02-16,1797.2000
2021-02-17,1771.1000
2021-02-18,1773.4000
2021-02-19,1775.8000
2021-02-22,1806.7000
2021-02-23,1804.4000
2021-02-24,1796.4000
2021-02-25,1774.4000
2021-02-26,1728.1000
2021-03-01,1722.5000
2021-03-02,1733.1000
2021-03-03,1715.3000
2021-03-04,1700.2000
2021-03-05,1698.0000
2021-03-08,1677.7000
2021-03-09,1716.6000
2021-03-10,1721.5000
2021-03-11,1722.3000
2021-03-12,1719.5000
2021-03-15,1728.9000
2021-03-16,1730.6000
2021-03-17,1726.8000
2021-03-18,1732.2000
2021-03-19,1741.4000
2021-03-22,1737.8000
2021-03-23,1724.7000
2021-03-24,1732.9000
2021-03-25,1724.9000
2021-03-26,1732.2000
2021-03-29,1712.1000
2021-03-30,1683.9000
2021-03-31,1713.8000
2021-04-01,1726.5000
2021-04-05,1727.0000
2021-04-06,1741.5000
2021-04-07,1740.1000
2021-04-08,1756.8000
2021-04-09,1743.3000
2021-04-12,1731.2000
2021-04-13,1746.2000
2021-04-14,1734.9000
2021-04-15,1765.4000
2021-04-16,1779.0000
2021-04-19,1769.4000
2021-04-20,1777.3000
2021-04-21,1792.3000
2021-04-22,1781.2000
2021-04-23,1777.0000
2021-04-26,1779.2000
2021-04-27,1778.0000
2021-04-28,1773.2000
2021-04-29,1768.1000
2021-04-30,1767.3000
2021-05-03,1791.4000
2021-05-04,1775.8000
2021-05-05,1784.1000
2021-05-06,1815.5000
2021-05-07,1831.1000
2021-05-10,1837.5000
2021-05-11,1835.9000
2021-05-12,1822.6000
2021-05-13,1823.8000
2021-05-14,1837.9000
2021-05-17,1867.5000
2021-05-18,1867.8000
2021-05-19,1881.3000
2021-05-20,1881.8000
2021-05-21,1876.7000
2021-05-24,1884.6000
2021-05-25,1898.1000
2021-05-26,1901.3000
2021-05-27,1895.7000
2021-05-28,1902.5000
2021-06-01,1902.9000
2021-06-02,1907.5000
2021-06-03,1871.2000
2021-06-04,1889.8000
2021-06-07,1896.8000
2021-06-08,1892.2000
2021-06-09,1893.2000
2021-06-10,1894.2000
2021-06-11,1877.4000
2021-06-14,1864.0000
2021-06-15,1854.5000
2021-06-16,1859.5000
2021-06-17,1773.8000
2021-06-18,1767.9000
2021-06-21,1781.8000
2021-06-22,1776.3000
2021-06-23,1782.3000
2021-06-24,1775.6000
2021-06-25,1776.6000
2021-06-28,1779.6000
2021-06-29,1762.8000
2021-06-30,1770.8000
2021-07-01,1775.9000
2021-07-02,1782.6000
2021-07-06,1793.5000
2021-07-07,1801.5000
2021-07-08,1799.6000
2021-07-09,1810.0000
2021-07-12,1805.5000
2021-07-13,1809.4000
2021-07-14,1824.3000
2021-07-15,1828.4000
2021-07-16,1814.5000
2021-07-19,1808.7000
2021-07-20,1810.9000
2021-07-21,1802.9000
2021-07-22,1805.0000
2021-07-23,1801.4000
2021-07-26,1798.7000
2021-07-27,1799.5000
2021-07-28,1799.5000
2021-07-29,1831.2000
2021-07-30,1812.6000
2021-08-02,1818.1000
2021-08-03,1810.1000
2021-08-04,1810.5000
2021-08-05,1805.1000
2021-08-06,1760.0000
2021-08-09,1723.4000
2021-08-10,1728.8000
2021-08-11,1750.4000
2021-08-12,1749.0000
2021-08-13,1775.2000
2021-08-16,1786.9000
2021-08-17,1785.0000
2021-08-18,1781.6000
2021-08-19,1780.2000
2021-08-20,1781.0000
2021-08-23,1803.2000
2021-08-24,1805.6000
2021-08-25,1788.2000
2021-08-26,1792.2000
2021-08-27,1816.6000
2021-08-30,1809.0000
2021-08-31,1815.0000
2021-09-01,1813.1000
2021-09-02,1808.7000
2021-09-03,1830.9000
2021-09-07,1795.9000
2021-09-08,1790.7000
2021-09-09,1797.4000
2021-09-10,1789.6000
2021-09-13,1792.0000
2021-09-14,1804.7000
2021-09-15,1792.4000
2021-09-16,1754.6000
2021-09-17,1749.4000
2021-09-20,1761.8000
2021-09-21,1776.0000
2021-09-22,1776.7000
2021-09-23,1747.7000
2021-09-24,1749.7000
2021-09-27,1750.0000
2021-09-28,1735.8000
2021-09-29,1721.5000
2021-09-30,1755.3000
2021-10-01,1757.0000
2021-10-04,1766.2000
2021-10-05,1759.6000
2021-10-06,1760.5000
2021-10-07,1757.9000
2021-10-08,1756.3000
2021-10-11,1754.6000
2021-10-12,1758.3000
2021-10-13,1793.7000
2021-10-14,1796.7000
2021-10-15,1767.2000
2021-10-18,1764.8000
2021-10-19,1769.7000
2021-10-20,1784.1000
2021-10-21,1781.2000
2021-10-22,1795.5000
2021-10-25,1806.0000
2021-10-26,1792.7000
2021-10-27,1797.9000
2021-10-28,1801.6000
2021-10-29,1783.0000
2021-11-01,1795.1000
2021-11-02,1788.7000
2021-11-03,1763.6000
2021-11-04,1793.0000
2021-11-05,1816.4000
2021-11-08,1827.4000
2021-11-09,1830.2000
2021-11-10,1847.6000
2021-11-11,1863.2000
2021-11-12,1867.9000
2021-11-15,1866.1000
2021-11-16,1853.6000
2021-11-17,1869.7000
2021-11-18,1861.0000
2021-11-19,1851.2000
2021-11-22,1806.0000
2021-11-23,1783.5000
2021-11-24,1784.1000
2021-11-26,1785.3000
2021-11-29,1782.3000
2021-11-30,1773.6000
2021-12-01,1781.6000
2021-12-02,1760.7000
2021-12-03,1782.0000
2021-12-06,1777.5000
2021-12-07,1782.6000
2021-12-08,1783.4000
2021-12-09,1774.6000
2021-12-10,1782.9000
2021-12-13,1786.3000
2021-12-14,1770.4000
2021-12-15,1762.6000
2021-12-16,1796.6000
2021-12-17,1803.8000
2021-12-20,1793.7000
2021-12-21,1787.9000
2021-12-22,1801.6000
2021-12-23,1811.2000
2021-12-27,1808.1000
2021-12-28,1810.2000
2021-12-29,1805.1000
2021-12-30,1812.7000
2021-12-31,1827.5000
2022-01-03,1799.4000
2022-01-04,1814.0000
2022-01-05,1824.6000
2022-01-06,1788.7000
2022-01-07,1797.0000
2022-01-10,1798.4000
2022-01-11,1818.6000
2022-01-12,1827.2000
2022-01-13,1821.2000
2022-01-14,1816.5000
2022-01-18,1812.3000
2022-01-19,1843.1000
2022-01-20,1842.5000
2022-01-21,1831.8000
2022-01-24,1841.7000
2022-01-25,1852.7000
2022-01-26,1829.9000
2022-01-27,1793.3000
2022-01-28,1784.9000
2022-01-31,1795.0000
2022-02-01,1800.3000
2022-02-02,1809.2000
2022-02-03,1803.0000
2022-02-04,1806.6000
2022-02-07,1820.6000
2022-02-08,1826.6000
2022-02-09,1835.2000
2022-02-10,1836.2000
2022-02-11,1840.8000
2022-02-14,1868.0000
2022-02-15,1854.8000
2022-02-16,1870.2000
2022-02-17,1900.7000
2022-02-18,1898.6000
2022-02-22,1906.1000
2022-02-23,1909.2000
2022-02-24,1925.1000
2022-02-25,1886.5000
2022-02-28,1899.4000
2022-03-01,1942.4000
2022-03-02,1920.9000
2022-03-03,1934.4000
2022-03-04,1965.1000
2022-03-07,1993.9000
2022-03-08,2040.1000
2022-03-09,1985.9000
2022-03-10,1998.1000
2022-03-11,1982.7000
2022-03-14,1959.6000
2022-03-15,1928.5000
2022-03-16,1908.0000
2022-03-17,1942.1000
2022-03-18,1928.2000
2022-03-21,1928.6000
2022-03-22,1920.7000
2022-03-23,1936.6000
2022-03-24,1961.6000
2022-03-25,1953.8000
2022-03-28,1939.6000
2022-03-29,1912.0000
2022-03-30,1933.5000
2022-03-31,1949.2000
2022-04-01,1919.1000
2022-04-04,1929.2000
2022-04-05,1922.9000
2022-04-06,1918.4000
2022-04-07,1933.8000
2022-04-08,1941.6000
2022-04-11,1944.3000
2022-04-12,1972.1000
2022-04-13,1981.0000
2022-04-14,1970.9000
2022-04-18,1982.9000
2022-04-19,1955.7000
2022-04-20,1952.3000
2022-04-21,1944.9000
2022-04-22,1931.0000
2022-04-25,1893.2000
2022-04-26,1901.4000
2022-04-27,1885.9000
2022-04-28,1888.7000
2022-04-29,1909.3000
2022-05-02,1861.8000
2022-05-03,1868.8000
2022-05-04,1867.0000
2022-05-05,1874.0000
2022-05-06,1881.2000
2022-05-09,1857.1000
2022-05-10,1839.9000
2022-05-11,1852.6000
2022-05-12,1823.8000
2022-05-13,1807.4000
2022-05-16,1813.5000
2022-05-17,1818.2000
2022-05-18,1815.9000
2022-05-19,1841.2000
2022-05-20,1841.8000
2022-05-23,1847.8000
2022-05-24,1865.1000
2022-05-25,1846.2000
2022-05-26,1847.4000
2022-05-27,1851.3000
2022-05-31,1842.7000
2022-06-01,1843.3000
2022-06-02,1866.5000
2022-06-03,1845.4000
2022-06-06,1839.2000
2022-06-07,1847.5000
2022-06-08,1851.9000
2022-06-09,1848.8000
2022-06-10,1871.5000
2022-06-13,1828.0000
2022-06-14,1809.5000
2022-06-15,1815.3000
2022-06-16,1845.7000
2022-06-17,1835.6000
2022-06-21,1834.6000
2022-06-22,1834.3000
2022-06-23,1825.7000
2022-06-24,1826.5000
2022-06-27,1820.9000
2022-06-28,1817.5000
2022-06-29,1813.7000
2022-06-30,1804.1000
2022-07-01,1798.9000
2022-07-05,1761.8000
2022-07-06,1734.9000
2022-07-07,1737.9000
2022-07-08,1740.6000
2022-07-11,1730.0000
2022-07-12,1723.3000
2022-07-13,1734.2000
2022-07-14,1704.5000
2022-07-15,1702.4000
2022-07-18,1709.2000
2022-07-19,1710.0000
2022-07-20,1699.5000
2022-07-21,1712.7000
2022-07-22,1727.1000
2022-07-25,1719.0000
2022-07-26,1717.7000
2022-07-27,1719.1000
2022-07-28,1750.3000
2022-07-29,1762.9000
2022-08-01,1769.0000
2022-08-02,1771.1000
2022-08-03,1758.0000
2022-08-04,1788.5000
2022-08-05,1772.9000
2022-08-08,1786.8000
2022-08-09,1794.0000
2022-08-10,1795.6000
2022-08-11,1789.7000
2022-08-12,1798.6000
2022-08-15,1781.4000
2022-08-16,1773.2000
2022-08-17,1760.3000
2022-08-18,1755.3000
2022-08-19,1747.6000
2022-08-22,1734.0000
2022-08-23,1746.8000
2022-08-24,1747.8000
2022-08-25,1757.7000
2022-08-26,1736.1000
2022-08-29,1736.6000
2022-08-30,1723.2000
2022-08-31,1712.8000
2022-09-01,1696.6000
2022-09-02,1709.8000
2022-09-06,1700.4000
2022-09-07,1715.3000
2022-09-08,1708.0000
2022-09-09,1716.2000
2022-09-12,1728.1000
2022-09-13,1705.0000
2022-09-14,1696.5000
2022-09-15,1665.4000
2022-09-16,1671.7000
2022-09-19,1666.2000
2022-09-20,1659.7000
2022-09-21,1664.6000
2022-09-22,1670.8000
2022-09-23,1645.3000
2022-09-26,1623.3000
2022-09-27,1626.7000
2022-09-28,1660.4000
2022-09-29,1658.5000
2022-09-30,1662.4000
2022-10-03,1692.9000
2022-10-04,1721.1000
2022-10-05,1711.4000
2022-10-06,1711.7000
2022-10-07,1700.5000
2022-10-10,1667.3000
2022-10-11,1678.7000
2022-10-12,1670.3000
2022-10-13,1670.0000
2022-10-14,1641.7000
2022-10-17,1657.0000
2022-10-18,1649.0000
2022-10-19,1627.5000
2022-10-20,1630.8000
2022-10-21,1651.0000
2022-10-24,1648.7000
2022-10-25,1652.8000
2022-10-26,1664.0000
2022-10-27,1660.7000
2022-10-28,1639.6000
2022-10-31,1635.9000
2022-11-01,1645.0000
2022-11-02,1645.7000
2022-11-03,1627.3000
2022-11-04,1672.5000
2022-11-07,1676.5000
2022-11-08,1712.1000
2022-11-09,1710.1000
2022-11-10,1750.3000
2022-11-11,1766.0000
2022-11-14,1773.6000
2022-11-15,1773.8000
2022-11-16,1773.0000
2022-11-17,1760.8000
2022-11-18,1751.9000
2022-11-21,1737.4000
2022-11-22,1738.3000
2022-11-23,1744.9000
2022-11-25,1753.3000
2022-11-28,1740.1000
2022-11-29,1748.4000
2022-11-30,1746.0000
2022-12-01,1801.1000
2022-12-02,1795.9000
2022-12-05,1767.4000
2022-12-06,1769.3000
2022-12-07,1785.5000
2022-12-08,1788.7000
2022-12-09,1798.1000
2022-12-12,1780.5000
2022-12-13,1813.9000
2022-12-14,1807.5000
2022-12-15,1777.2000
2022-12-16,1790.0000
2022-12-19,1787.7000
2022-12-20,1815.9000
2022-12-21,1815.9000
2022-12-22,1787.0000
2022-12-23,1795.9000
2022-12-27,1814.8000
2022-12-28,1807.9000
2022-12-29,1819.5000
2022-12-30,1819.7000
2023-01-03,1839.7000
2023-01-04,1852.8000
2023-01-05,1834.8000
2023-01-06,1864.2000
2023-01-09,1872.7000
2023-01-10,1871.6000
2023-01-11,1874.6000
2023-01-12,1895.5000
2023-01-13,1918.4000
2023-01-17,1907.2000
2023-01-18,1904.4000
2023-01-19,1922.1000
2023-01-20,1926.4000
2023-01-23,1927.1000
2023-01-24,1933.9000
2023-01-25,1941.2000
2023-01-26,1929.1000
2023-01-27,1928.6000
2023-01-30,1922.9000
2023-01-31,1929.5000
2023-02-01,1927.8000
2023-02-02,1916.3000
2023-02-03,1862.9000
2023-02-06,1866.2000
2023-02-07,1871.7000
2023-02-08,1877.4000
2023-02-09,1866.2000
2023-02-10,1862.8000
2023-02-13,1851.9000
2023-02-14,1854.0000
2023-02-15,1834.2000
2023-02-16,1842.0000
2023-02-17,1840.4000
2023-02-21,1833.0000
2023-02-22,1832.0000
2023-02-23,1818.0000
2023-02-24,1808.8000
2023-02-27,1817.0000
2023-02-28,1828.9000
2023-03-01,1837.7000
2023-03-02,1833.5000
2023-03-03,1847.7000
2023-03-06,1847.9000
2023-03-07,1813.9000
2023-03-08,1812.7000
2023-03-09,1829.3000
2023-03-10,1862.0000
2023-03-13,1911.7000
2023-03-14,1906.2000
2023-03-15,1926.6000
2023-03-16,1919.0000
2023-03-17,1969.8000
2023-03-20,1979.2000
2023-03-21,1938.0000
2023-03-22,1946.8000
2023-03-23,1993.8000
2023-03-24,1982.1000
2023-03-27,1952.4000
2023-03-28,1972.4000
2023-03-29,1966.1000
2023-03-30,1980.3000
2023-03-31,1969.0000
2023-04-03,1983.9000
2023-04-04,2022.2000
2023-04-05,2020.9000
2023-04-06,2011.9000
2023-04-10,1989.1000
2023-04-11,2004.8000
2023-04-12,2010.9000
2023-04-13,2041.3000
2023-04-14,2002.2000
2023-04-17,1994.2000
2023-04-18,2007.4000
2023-04-19,1995.2000
2023-04-20,2007.6000
2023-04-21,1979.5000
2023-04-24,1989.1000
2023-04-25,1994.0000
2023-04-26,1985.7000
2023-04-27,1989.9000
2023-04-28,1990.1000
2023-05-01,1983.4000
2023-05-02,2014.3000
2023-05-03,2028.6000
2023-05-04,2048.0000
2023-05-05,2017.4000
2023-05-08,2026.3000
2023-05-09,2036.2000
2023-05-10,2030.5000
2023-05-11,2014.7000
2023-05-12,2014.5000
2023-05-15,2018.0000
2023-05-16,1988.4000
2023-05-17,1980.7000
2023-05-18,1956.5000
2023-05-19,1978.7000
2023-05-22,1974.8000
2023-05-23,1972.4000
2023-05-24,1962.8000
2023-05-25,1943.1000
2023-05-26,1944.1000
2023-05-30,1958.0000
2023-05-31,1963.9000
2023-06-01,1978.0000
2023-06-02,1952.4000
2023-06-05,1958.0000
2023-06-06,1965.5000
2023-06-07,1942.7000
2023-06-08,1963.6000
2023-06-09,1962.2000
2023-06-12,1955.3000
2023-06-13,1944.6000
2023-06-14,1955.3000
2023-06-15,1957.8000
2023-06-16,1958.4000
2023-06-20,1935.5000
2023-06-21,1933.3000
2023-06-22,1912.7000
2023-06-23,1919.1000
2023-06-26,1923.7000
2023-06-27,1914.0000
2023-06-28,1912.3000
2023-06-29,1909.2000
2023-06-30,1921.1000
2023-07-03,1921.7000
2023-07-05,1919.6000
2023-07-06,1908.7000
2023-07-07,1926.2000
2023-07-10,1925.0000
2023-07-11,1931.3000
2023-07-12,1956.2000
2023-07-13,1959.2000
2023-07-14,1960.1000
2023-07-17,1952.4000
2023-07-18,1977.2000
2023-07-19,1977.5000
2023-07-20,1968.3000
2023-07-21,1964.3000
2023-07-24,1960.3000
2023-07-25,1962.1000
2023-07-26,1968.9000
2023-07-27,1945.4000
2023-07-28,1960.4000
2023-07-31,1970.5000
2023-08-01,1940.7000
2023-08-02,1937.4000
2023-08-03,1932.0000
2023-08-04,1939.6000
2023-08-07,1933.5000
2023-08-08,1924.1000
2023-08-09,1915.4000
2023-08-10,1914.4000
2023-08-11,1912.9000
2023-08-14,1910.6000
2023-08-15,1902.5000
2023-08-16,1896.1000
2023-08-17,1884.1000
2023-08-18,1886.1000
2023-08-21,1893.3000
2023-08-22,1896.4000
2023-08-23,1918.5000
2023-08-24,1918.2000
2023-08-25,1911.1000
2023-08-28,1917.9000
2023-08-29,1936.5000
2023-08-30,1944.3000
2023-08-31,1938.2000
2023-09-01,1939.8000
2023-09-05,1926.2000
2023-09-06,1918.1000
2023-09-07,1917.5000
2023-09-08,1918.4000
2023-09-11,1923.3000
2023-09-12,1911.3000
2023-09-13,1909.1000
2023-09-14,1910.0000
2023-09-15,1923.7000
2023-09-18,1931.5000
2023-09-19,1932.0000
2023-09-20,1945.6000
2023-09-21,1919.2000
2023-09-22,1925.4000
2023-09-25,1916.6000
2023-09-26,1900.4000
2023-09-27,1871.6000
2023-09-28,1860.4000
2023-09-29,1848.1000
2023-10-02,1830.0000
2023-10-03,1824.6000
2023-10-04,1818.5000
2023-10-05,1816.6000
2023-10-06,1830.2000
2023-10-09,1849.5000
2023-10-10,1861.0000
2023-10-11,1872.8000
2023-10-12,1869.3000
2023-10-13,1927.4000
2023-10-16,1921.1000
2023-10-17,1922.7000
2023-10-18,1955.3000
2023-10-19,1968.4000
2023-10-20,1982.5000
2023-10-23,1976.3000
2023-10-24,1975.0000
2023-10-25,1984.1000
2023-10-26,1987.2000
2023-10-27,1988.6000
2023-10-30,1996.2000
2023-10-31,1985.2000
2023-11-01,1978.8000
2023-11-02,1985.6000
2023-11-03,1991.5000
2023-11-06,1981.6000
2023-11-07,1966.8000
2023-11-08,1951.5000
2023-11-09,1964.2000
2023-11-10,1932.6000
2023-11-13,1945.5000
2023-11-14,1961.8000
2023-11-15,1960.1000
2023-11-16,1983.9000
2023-11-17,1981.6000
2023-11-20,1977.7000
2023-11-21,1999.3000
2023-11-22,1991.4000
2023-11-24,2002.2000
2023-11-27,2011.8000
2023-11-28,2039.7000
2023-11-29,2047.1000
2023-11-30,2038.1000
2023-12-01,2071.0000
2023-12-04,2024.1000
2023-12-05,2018.5000
2023-12-06,2030.5000
2023-12-07,2029.9000
2023-12-08,1998.3000
2023-12-11,1978.0000
2023-12-12,1977.8000
2023-12-13,1982.3000
2023-12-14,2030.2000
2023-12-15,2021.1000
2023-12-18,2026.3000
2023-12-19,2038.4000
2023-12-20,2034.5000
2023-12-21,2039.1000
2023-12-22,2057.1001
2023-12-26,2058.2000
2023-12-27,2081.8999
2023-12-28,2073.8999
2023-12-29,2062.3999
2024-01-02,2064.3999
2024-01-03,2034.2000
2024-01-04,2042.3000
2024-01-05,2042.4000
2024-01-08,2026.6000
2024-01-09,2026.4000
2024-01-10,2021.7000
2024-01-11,2014.3000
2024-01-12,2046.7000
2024-01-16,2026.0000
2024-01-17,2002.6000
2024-01-18,2018.6000
2024-01-19,2026.5000
2024-01-22,2019.8000
2024-01-23,2023.7000
2024-01-24,2013.9000
2024-01-25,2016.9000
2024-01-26,2016.8000
2024-01-29,2025.2000
2024-01-30,2031.5000
2024-01-31,2048.3999
2024-02-01,2053.0000
2024-02-02,2036.1000
2024-02-05,2025.7000
2024-02-06,2034.5000
2024-02-07,2035.2000
2024-02-08,2032.2000
2024-02-09,2023.3000
2024-02-12,2018.2000
2024-02-13,1992.9000
2024-02-14,1990.3000
2024-02-15,2002.1000
2024-02-16,2011.5000
2024-02-20,2027.5000
2024-02-21,2022.3000
2024-02-22,2019.7000
2024-02-23,2038.6000
2024-02-26,2028.5000
2024-02-27,2034.0000
2024-02-28,2033.0000
2024-02-29,2045.7000
2024-03-01,2086.8999
2024-03-04,2117.7000
2024-03-05,2133.5000
2024-03-06,2150.3000
2024-03-07,2158.0000
2024-03-08,2178.6001
2024-03-11,2182.5000
2024-03-12,2160.3999
2024-03-13,2175.3999
2024-03-14,2163.0000
2024-03-15,2157.3000
2024-03-18,2160.7000
2024-03-19,2156.3000
2024-03-20,2157.8999
2024-03-21,2182.3999
2024-03-22,2158.1001
2024-03-25,2174.8000
2024-03-26,2175.6001
2024-03-27,2190.6001
2024-03-28,2217.3999
2024-04-01,2236.5000
2024-04-02,2261.0000
2024-04-03,2294.3999
2024-04-04,2288.8000
2024-04-05,2325.7000
2024-04-08,2331.7000
2024-04-09,2343.5000
2024-04-10,2329.6001
2024-04-11,2354.8000
2024-04-12,2356.2000
2024-04-15,2365.8000
2024-04-16,2390.8000
2024-04-17,2371.7000
2024-04-18,2382.3000
2024-04-19,2398.3999
2024-04-22,2332.2000
2024-04-23,2327.7000
2024-04-24,2324.5000
2024-04-25,2329.8000
2024-04-26,2334.8000
2024-04-29,2345.3999
2024-04-30,2291.3999
2024-05-01,2299.8999
2024-05-02,2299.2000
2024-05-03,2299.0000
2024-05-06,2321.6001
2024-05-07,2315.2000
2024-05-08,2313.6001
2024-05-09,2332.1001
2024-05-10,2367.3000
2024-05-13,2336.1001
2024-05-14,2353.3999
2024-05-15,2388.7000
2024-05-16,2380.0000
2024-05-17,2412.2000
2024-05-20,2433.8999
2024-05-21,2421.7000
2024-05-22,2389.2000
2024-05-23,2335.0000
2024-05-24,2332.5000
2024-05-28,2355.2000
2024-05-29,2340.3000
2024-05-30,2342.8999
2024-05-31,2322.8999
2024-06-03,2346.6001
2024-06-04,2325.5000
2024-06-05,2354.1001
2024-06-06,2370.3000
2024-06-07,2305.2000
2024-06-10,2307.7000
2024-06-11,2307.5000
2024-06-12,2336.0000
2024-06-13,2300.2000
2024-06-14,2331.3999
2024-06-17,2312.3999
2024-06-18,2330.3999
2024-06-20,2353.8000
2024-06-21,2316.3999
2024-06-24,2330.0000
2024-06-25,2316.6001
2024-06-26,2299.2000
2024-06-27,2324.5000
2024-06-28,2327.7000
2024-07-01,2327.6001
2024-07-02,2323.0000
2024-07-03,2359.8000
2024-07-05,2388.5000
2024-07-08,2355.2000
2024-07-09,2360.1001
2024-07-10,2372.2000
2024-07-11,2415.0000
2024-07-12,2414.0000
2024-07-15,2422.8999
2024-07-16,2462.3999
2024-07-17,2454.8000
2024-07-18,2451.8000
2024-07-19,2395.5000
2024-07-22,2392.0000
2024-07-23,2404.6001
2024-07-24,2413.3000
2024-07-25,2351.8999
2024-07-26,2380.0000
2024-07-29,2377.3000
2024-07-30,2405.0000
2024-07-31,2426.5000
2024-08-01,2435.0000
2024-08-02,2425.7000
2024-08-05,2401.7000
2024-08-06,2389.1001
2024-08-07,2390.5000
2024-08-08,2422.2000
2024-08-09,2432.1001
2024-08-12,2462.3999
2024-08-13,2466.7000
2024-08-14,2439.3999
2024-08-15,2453.1001
2024-08-16,2498.6001
2024-08-19,2501.8000
2024-08-20,2511.3000
2024-08-21,2508.3999
2024-08-22,2478.8999
2024-08-23,2508.3999
2024-08-26,2517.7000
2024-08-27,2516.0000
2024-08-28,2501.0000
2024-08-29,2525.7000
2024-08-30,2493.8000
2024-09-03,2489.8999
2024-09-04,2493.3999
2024-09-05,2511.3999
2024-09-06,2493.5000
2024-09-09,2501.8000
2024-09-10,2512.3000
2024-09-11,2512.1001
2024-09-12,2551.2000
2024-09-13,2581.3000
2024-09-16,2580.3999
2024-09-17,2564.3000
2024-09-18,2570.7000
2024-09-19,2588.0000
2024-09-20,2619.8999
2024-09-23,2626.5000
2024-09-24,2651.2000
2024-09-25,2659.2000
2024-09-26,2669.8999
2024-09-27,2644.3000
2024-09-30,2636.1001
2024-10-01,2667.3000
2024-10-02,2647.1001
2024-10-03,2657.1001
2024-10-04,2645.8000
2024-10-07,2644.8000
2024-10-08,2615.0000
2024-10-09,2606.0000
2024-10-10,2620.6001
2024-10-11,2657.6001
2024-10-14,2647.8000
2024-10-15,2661.3999
2024-10-16,2674.0000
2024-10-17,2691.0000
2024-10-18,2713.7000
2024-10-21,2723.1001
2024-10-22,2744.2000
2024-10-23,2714.3999
2024-10-24,2734.8999
2024-10-25,2740.8999
2024-10-28,2742.8999
2024-10-29,2768.3999
2024-10-30,2788.5000
2024-10-31,2738.3000
2024-11-01,2738.6001
2024-11-04,2736.1001
2024-11-05,2740.3000
2024-11-06,2667.6001
2024-11-07,2698.3999
2024-11-08,2687.5000
2024-11-11,2611.2000
2024-11-12,2600.0000
2024-11-13,2580.8000
2024-11-14,2568.2000
2024-11-15,2565.7000
2024-11-18,2610.6001
2024-11-19,2627.1001
2024-11-20,2648.2000
2024-11-21,2672.1001
2024-11-22,2709.8999
2024-11-25,2616.8000
2024-11-26,2620.3000
2024-11-27,2639.8999
2024-11-29,2657.0000
2024-12-02,2634.8999
2024-12-03,2644.7000
2024-12-04,2653.8000
2024-12-05,2626.6001
2024-12-06,2638.6001
2024-12-09,2664.8999
2024-12-10,2697.6001
2024-12-11,2733.8000
2024-12-12,2687.5000
2024-12-13,2656.0000
2024-12-16,2651.3999
2024-12-17,2644.3999
2024-12-18,2636.5000
2024-12-19,2592.2000
2024-12-20,2628.7000
2024-12-23,2612.3000
2024-12-24,2620.0000
2024-12-26,2638.8000
2024-12-27,2617.2000
2024-12-30,2606.1001
2024-12-31,2629.2000
2025-01-02,2658.8999
2025-01-03,2645.0000
2025-01-06,2638.3999
2025-01-07,2656.7000
2025-01-08,2664.5000
2025-01-09,2683.8000
2025-01-10,2708.5000
2025-01-13,2673.5000
2025-01-14,2677.5000
2025-01-15,2712.5000
2025-01-16,2746.3999
2025-01-17,2744.3000
2025-01-21,2755.0000
2025-01-22,2767.6001
2025-01-23,2763.1001
2025-01-24,2777.3000
2025-01-27,2737.5000
2025-01-28,2766.8000
2025-01-29,2769.1001
2025-01-30,2823.0000
2025-01-31,2812.5000
2025-02-03,2833.8999
2025-02-04,2853.3000
2025-02-05,2871.6001
2025-02-06,2856.0000
2025-02-07,2867.3000
2025-02-10,2914.3000
2025-02-11,2912.5000
2025-02-12,2909.0000
2025-02-13,2925.8999
2025-02-14,2883.6001
2025-02-18,2931.6001
2025-02-19,2919.3999
2025-02-20,2940.0000
2025-02-21,2937.6001
2025-02-24,2947.8999
2025-02-25,2904.5000
2025-02-26,2916.8000
2025-02-27,2883.2000
2025-02-28,2836.8000
2025-03-03,2890.2000
2025-03-04,2909.6001
2025-03-05,2915.3000
2025-03-06,2916.6001
2025-03-07,2904.7000
2025-03-10,2891.0000
2025-03-11,2912.8999
2025-03-12,2939.1001
2025-03-13,2984.3000
2025-03-14,2994.5000
2025-03-17,3000.0000
2025-03-18,3035.1001
2025-03-19,3035.8999
2025-03-20,3040.0000
2025-03-21,3018.2000
2025-03-24,3013.1001
2025-03-25,3023.7000
2025-03-26,3020.8999
2025-03-27,3060.2000
2025-03-28,3086.5000
2025-03-31,3122.8000
2025-04-01,3118.8999
2025-04-02,3139.8999
2025-04-03,3097.0000
2025-04-04,3012.0000
2025-04-07,2951.3000
2025-04-08,2968.3999
2025-04-09,3056.5000
2025-04-10,3155.2000
2025-04-11,3222.2000
2025-04-14,3204.8000
2025-04-15,3218.7000
2025-04-16,3326.6001
2025-04-17,3308.7000
2025-04-21,3406.2000
2025-04-22,3400.8000
2025-04-23,3276.3000
2025-04-24,3332.0000
2025-04-25,3282.3999
2025-04-28,3332.5000
2025-04-29,3318.8000
2025-04-30,3305.0000
2025-05-01,3210.0000
2025-05-02,3231.8999
2025-05-05,3311.3000
2025-05-06,3411.3999
2025-05-07,3381.3999
2025-05-08,3296.6001
2025-05-09,3335.3999
2025-05-12,3220.0000
2025-05-13,3240.3000
2025-05-14,3181.3999
2025-05-15,3220.7000
2025-05-16,3182.0000
2025-05-19,3228.8999
2025-05-20,3280.3000
2025-05-21,3309.3000
2025-05-22,3292.3000
2025-05-23,3363.6001
2025-05-27,3299.1001
2025-05-28,3293.6001
2025-05-29,3317.1001
2025-05-30,3288.8999
2025-06-02,3370.6001
2025-06-03,3350.2000
2025-06-04,3373.5000
2025-06-05,3350.7000
2025-06-06,3322.7000
2025-06-09,3332.1001
2025-06-10,3320.8999
2025-06-11,3321.3000
2025-06-12,3380.8999
2025-06-13,3431.2000
2025-06-16,3396.3999
2025-06-17,3386.6001
2025-06-18,3389.8000
2025-06-20,3368.1001
2025-06-23,3377.7000
2025-06-24,3317.3999
2025-06-25,3327.1001
2025-06-26,3333.5000
2025-06-27,3273.7000
2025-06-30,3294.3999
2025-07-01,3336.7000
2025-07-02,3348.0000
2025-07-03,3331.6001
2025-07-04,3332.5000
2025-07-07,3332.2000
2025-07-08,3307.0000
2025-07-09,3311.6001
2025-07-10,3317.3999
2025-07-11,3356.0000
2025-07-14,3351.5000
2025-07-15,3329.8000
2025-07-16,3352.5000
2025-07-17,3340.1001
2025-07-18,3353.0000
2025-07-21,3401.8999
2025-07-22,3439.2000
2025-07-23,3394.1001
2025-07-24,3371.0000
2025-07-25,3334.0000
2025-07-28,3309.1001
2025-07-29,3323.3999
2025-07-30,3295.8000
2025-07-31,3293.2000
2025-08-01,3347.7000
2025-08-04,3374.3999
2025-08-05,3381.8999
2025-08-06,3380.0000
2025-08-07,3400.3000
2025-08-08,3439.1001
2025-08-11,3353.1001
2025-08-12,3348.8999
2025-08-13,3358.7000
2025-08-14,3335.2000
2025-08-15,3336.0000
2025-08-18,3331.7000
2025-08-19,3313.3999
2025-08-20,3343.3999
2025-08-21,3336.8999
2025-08-22,3374.3999
2025-08-25,3373.8000
2025-08-26,3388.6001
2025-08-27,3404.6001
2025-08-28,3431.8000
2025-08-29,3473.7000
2025-09-02,3549.3999
2025-09-03,3593.2000
2025-09-04,3565.8000
2025-09-05,3613.2000
2025-09-08,3638.1001
2025-09-09,3643.3000
2025-09-10,3643.6001
2025-09-11,3636.8999
2025-09-12,3649.3999
2025-09-15,3682.2000
2025-09-16,3688.8999
2025-09-17,3681.8000
2025-09-18,3643.7000
2025-09-19,3671.5000
2025-09-22,3740.7000
2025-09-23,3780.6001
2025-09-24,3732.1001
2025-09-25,3736.8999
2025-09-26,3775.3000
2025-09-29,3820.8999
2025-09-30,3840.8000
2025-10-01,3867.5000
2025-10-02,3839.7000
2025-10-03,3880.8000
2025-10-06,3948.5000
2025-10-07,3976.6001
2025-10-08,4043.3000
2025-10-09,3946.3000
2025-10-10,3975.8999
2025-10-13,4108.6001
2025-10-14,4138.7002
2025-10-15,4176.8999
2025-10-16,4280.2002
2025-10-17,4189.8999
2025-10-20,4336.3999
2025-10-21,4087.7000
2025-10-22,4044.3999
2025-10-23,4125.5000
2025-10-24,4118.3999
2025-10-27,4001.8999
2025-10-28,3966.2000
2025-10-29,3983.7000
2025-10-30,4001.3000
2025-10-31,3982.2000
2025-11-03,4000.3000
2025-11-04,3947.7000
2025-11-05,3980.3000
2025-11-06,3979.8999
2025-11-07,3999.3999
2025-11-10,4111.7998
2025-11-11,4106.7998
2025-11-12,4204.3999
2025-11-13,4186.8999
2025-11-14,4087.6001
2025-11-17,4068.3000
2025-11-18,4061.3000
2025-11-19,4077.7000
2025-11-20,4056.5000
2025-11-21,4076.7000
2025-11-24,4091.8999
2025-11-25,4139.2002
2025-11-26,4165.2002
2025-11-28,4218.2998
2025-12-01,4239.2998
2025-12-02,4186.6001
2025-12-03,4199.2998
2025-12-04,4211.7998
2025-12-05,4212.8999
2025-12-08,4187.2002
2025-12-09,4206.7002
2025-12-10,4196.3999
2025-12-11,4285.5000
2025-12-12,4300.1001
2025-12-15,4306.7002
2025-12-16,4304.5000
2025-12-17,4347.5000
2025-12-18,4339.5000
2025-12-19,4361.3999
2025-12-22,4444.6001
2025-12-23,4482.7998
2025-12-24,4480.6001
2025-12-26,4529.1001
2025-12-29,4325.1001
2025-12-30,4370.1001
2025-12-31,4325.6001
2026-01-02,4314.3999
2026-01-05,4436.8999
2026-01-06,4482.2002
2026-01-07,4449.2998
2026-01-08,4449.7002
2026-01-09,4490.2998
2026-01-12,4604.2998
2026-01-13,4589.2002
2026-01-14,4626.2998
2026-01-15,4616.2998
2026-01-16,4588.3999
2026-01-20,4759.6001
2026-01-21,4831.7998
2026-01-22,4908.7998
2026-01-23,4976.2002
2026-01-26,5079.7002
2026-01-27,5079.8999
2026-01-28,5301.6001
2026-01-29,5318.3999
2026-01-30,4713.8999
2026-02-02,4622.5000
2026-02-03,4903.7002
2026-02-04,4920.3999
2026-02-05,4861.3999
2026-02-06,4951.2002
2026-02-09,5050.8999
2026-02-10,5003.7998
2026-02-11,5071.6001
2026-02-12,4923.7002
2026-02-13,5022.0000
2026-02-17,4882.8999
2026-02-18,4986.5000
2026-02-19,4975.8999
2026-02-20,5059.2998
2026-02-23,5204.7002
2026-02-24,5155.7998
2026-02-25,5206.3999
2026-02-26,5176.5000
2026-02-27,5230.5000
2026-03-02,5294.3999
2026-03-03,5107.3999
2026-03-04,5120.2002
2026-03-05,5065.2998
2026-03-06,5146.1001
2026-03-09,5091.5000
2026-03-10,5229.7002
2026-03-11,5167.3999
2026-03-12,5115.7998
2026-03-13,5052.5000
2026-03-16,4994.0000
2026-03-17,5001.0000
2026-03-18,4889.8999
2026-03-19,4600.7002
2026-03-20,4570.3999
2026-03-23,4404.1001
2026-03-24,4399.2998
2026-03-25,4549.7998
2026-03-26,4375.5000
2026-03-27,4492.0000
2026-03-30,4526.0000
2026-03-31,4647.6001
2026-04-01,4783.2002
2026-04-02,4651.5000
2026-04-06,4656.7998
2026-04-07,4657.1001
2026-04-08,4749.5000
2026-04-09,4792.2002
2026-04-10,4761.8999
2026-04-13,4742.3999
2026-04-14,4825.0000
2026-04-15,4800.0000
2026-04-16,4785.3999
2026-04-17,4857.6001
2026-04-20,4806.6001
2026-04-21,4698.3999
2026-04-22,4732.5000
2026-04-23,4705.1001
2026-04-24,4722.2998
2026-04-27,4675.3999
2026-04-28,4591.5000
2026-04-29,4545.2002
2026-04-30,4614.7002
2026-05-01,4629.8999
2026-05-04,4519.5000
2026-05-05,4555.7998
2026-05-06,4681.8999
2026-05-07,4699.7998
2026-05-08,4720.3999
2026-05-11,4718.7002
2026-05-12,4677.6001
2026-05-13,4697.7002
2026-05-14,4678.1001
2026-05-15,4555.7998
2026-05-18,4552.5000
2026-05-19,4506.2998
2026-05-20,4531.2998
2026-05-21,4539.7998
2026-05-22,4521.0000
2026-05-26,4500.3999
2026-05-27,4447.5000
2026-05-28,4499.2998
2026-05-29,4560.5000
2026-06-01,4475.2002
2026-06-02,4489.1001
2026-06-03,4436.7002
2026-06-04,4475.7998
2026-06-05,4337.1001
2026-06-08,4335.8999
2026-06-09,4260.0000
2026-06-10,4108.2002
2026-06-11,4090.3000
2026-06-12,4215.0000
2026-06-15,4328.0000
2026-06-16,4330.8999
2026-06-17,4358.8999
2026-06-18,4224.1001
2026-06-22,4181.8999
2026-06-23,4129.8999
2026-06-24,3990.3000
2026-06-25,4030.5000
2026-06-26,4078.7000
2026-06-29,4022.3000
2026-06-30,4022.8999
2026-07-01,4068.3000
2026-07-02,4112.7002
2026-07-06,4155.1001
2026-07-07,4145.2998
2026-07-08,4070.8999
2026-07-09,4130.6001
2026-07-10,4104.1001
2026-07-13,3997.0000
2026-07-14,4061.1001
2026-07-15,4044.0000
2026-07-16,3985.6001
2026-07-17,4012.7000
2026-07-20,4010.3000
2026-07-21,4071.1001
2026-07-22,4146.8999
2026-07-23,4046.6001
2026-07-24,4067.6001
2026-07-27,4074.5000
2026-07-28,4036.3000
2026-07-29,4034.7000
2026-07-30,4100.1001
2026-07-31,4049.1001
2026-08-03,4033.7000
2026-08-04,4095.3999
2026-08-05,4245.7998
2026-08-06,4292.7998
