date,close
2000-10-16,867.1000
2000-10-17,804.0000
2000-10-18,802.6000
2000-10-19,798.4000
2000-10-20,826.2000
2000-10-23,796.4000
2000-10-24,808.9000
2000-10-25,808.6000
2000-10-26,793.8000
2000-10-27,783.7000
2000-10-30,741.8000
2000-10-31,746.8000
2000-11-01,763.6000
2000-11-02,782.5000
2000-11-03,795.4000
2000-11-06,804.6000
2000-11-07,796.3000
2000-11-08,793.1000
2000-11-09,801.1000
2000-11-10,808.3000
2000-11-13,780.7000
2000-11-14,800.9000
2000-11-15,816.4000
2000-11-16,808.6000
2000-11-17,806.8000
2000-11-20,801.7000
2000-11-21,787.0000
2000-11-22,771.3000
2000-11-23,728.3000
2000-11-24,735.0000
2000-11-27,759.4000
2000-11-28,725.0000
2000-11-29,684.5000
2000-11-30,672.6000
2000-12-01,678.1000
2000-12-04,663.8000
2000-12-05,669.6000
2000-12-06,675.4000
2000-12-07,677.2000
2000-12-08,684.1000
2000-12-11,711.1000
2000-12-12,697.7000
2000-12-13,707.5000
2000-12-14,708.5000
2000-12-15,679.4000
2000-12-18,665.7000
2000-12-19,634.0000
2000-12-20,589.8000
2000-12-21,560.6000
2000-12-22,526.7000
2000-12-26,525.8000
2001-01-02,557.0000
2001-01-03,569.0000
2001-01-04,615.1000
2001-01-05,625.2000
2001-01-08,650.0000
2001-01-09,678.2000
2001-01-10,639.6000
2001-01-11,675.1000
2001-01-12,713.6000
2001-01-15,765.2000
2001-01-16,777.1000
2001-01-17,750.1000
2001-01-18,745.6000
2001-01-19,772.1000
2001-01-22,833.2000
2001-01-26,800.4000
2001-01-29,813.8000
2001-01-30,827.6000
2001-01-31,843.6000
2001-02-01,827.0000
2001-02-02,826.6000
2001-02-05,779.7000
2001-02-06,797.2000
2001-02-07,778.0000
2001-02-08,798.0000
2001-02-09,807.3000
2001-02-12,831.1000
2001-02-13,840.8000
2001-02-14,853.1000
2001-02-15,873.8000
2001-02-16,863.2000
2001-02-19,872.9000
2001-02-20,876.5000
2001-02-21,852.5000
2001-02-22,801.8000
2001-02-23,805.7000
2001-02-26,812.5000
2001-02-27,781.2000
2001-02-28,767.6000
2001-03-02,719.9000
2001-03-05,743.2000
2001-03-06,735.2000
2001-03-07,753.5000
2001-03-08,780.0000
2001-03-09,765.6000
2001-03-12,723.3000
2001-03-13,685.7000
2001-03-14,720.4000
2001-03-15,712.4000
2001-03-16,713.8000
2001-03-19,713.3000
2001-03-20,713.5000
2001-03-21,712.7000
2001-03-22,706.4000
2001-03-23,706.1000
2001-03-26,727.7000
2001-03-27,718.6000
2001-03-28,705.8000
2001-03-29,691.4000
2001-03-30,684.3000
2001-04-02,682.9000
2001-04-03,662.4000
2001-04-04,643.4000
2001-04-06,665.1000
2001-04-09,648.1000
2001-04-10,645.6000
2001-04-11,671.8000
2001-04-12,683.2000
2001-04-13,686.2000
2001-04-16,680.7000
2001-04-17,683.1000
2001-04-18,721.9000
2001-04-19,749.0000
2001-04-20,735.0000
2001-04-23,758.8000
2001-04-24,757.2000
2001-04-25,769.7000
2001-04-26,763.4000
2001-04-27,753.2000
2001-04-30,789.7000
2001-05-02,810.0000
2001-05-03,799.9000
2001-05-04,804.8000
2001-05-07,828.4000
2001-05-08,822.7000
2001-05-09,795.9000
2001-05-10,814.1000
2001-05-11,817.2000
2001-05-14,829.3000
2001-05-15,814.8000
2001-05-16,801.2000
2001-05-17,833.2000
2001-05-18,830.3000
2001-05-21,838.1000
2001-05-22,837.8000
2001-05-23,828.6000
2001-05-24,830.1000
2001-05-25,834.3000
2001-05-28,832.2000
2001-05-29,838.1000
2001-05-30,832.2000
2001-05-31,813.5000
2001-06-01,801.1000
2001-06-04,803.7000
2001-06-05,789.2000
2001-06-07,781.4000
2001-06-08,807.7000
2001-06-11,795.2000
2001-06-12,801.2000
2001-06-13,816.8000
2001-06-14,821.3000
2001-06-15,824.9000
2001-06-18,817.6000
2001-06-19,809.3000
2001-06-20,788.3000
2001-06-21,788.2000
2001-06-22,786.0000
2001-06-25,776.8000
2001-06-26,745.3000
2001-06-27,746.0000
2001-06-28,747.2000
2001-06-29,768.7000
2001-07-02,775.6000
2001-07-03,776.5000
2001-07-04,774.9000
2001-07-05,767.2000
2001-07-06,740.8000
2001-07-09,701.2000
2001-07-10,706.7000
2001-07-11,680.7000
2001-07-12,721.6000
2001-07-13,695.8000
2001-07-16,701.7000
2001-07-18,680.3000
2001-07-19,683.8000
2001-07-20,670.8000
2001-07-23,641.4000
2001-07-24,645.3000
2001-07-25,641.0000
2001-07-26,652.4000
2001-07-27,674.6000
2001-07-30,669.8000
2001-07-31,680.9000
2001-08-01,704.4000
2001-08-02,707.2000
2001-08-03,705.8000
2001-08-06,718.0000
2001-08-07,714.9000
2001-08-08,707.7000
2001-08-09,689.2000
2001-08-10,692.1000
2001-08-13,689.7000
2001-08-14,697.6000
2001-08-16,690.4000
2001-08-17,691.4000
2001-08-20,679.7000
2001-08-21,682.2000
2001-08-22,686.6000
2001-08-23,679.4000
2001-08-24,677.8000
2001-08-27,681.3000
2001-08-28,674.4000
2001-08-29,653.2000
2001-08-30,648.3000
2001-08-31,618.4000
2001-09-03,615.2000
2001-09-04,627.4000
2001-09-05,617.6000
2001-09-06,627.6000
2001-09-07,631.4000
2001-09-10,626.2000
2001-09-11,618.0000
2001-09-12,546.4000
2001-09-13,541.9000
2001-09-14,502.1000
2001-09-17,460.5000
2001-09-18,494.8000
2001-09-19,504.6000
2001-09-20,493.6000
2001-09-21,489.7000
2001-09-24,500.0000
2001-09-25,486.2000
2001-09-26,489.1000
2001-09-27,496.5000
2001-09-28,516.4000
2001-10-04,550.8000
2001-10-05,540.7000
2001-10-08,535.5000
2001-10-09,560.2000
2001-10-10,564.5000
2001-10-11,583.9000
2001-10-12,590.2000
2001-10-15,595.7000
2001-10-16,608.2000
2001-10-17,619.1000
2001-10-18,612.8000
2001-10-19,620.6000
2001-10-22,633.6000
2001-10-23,629.9000
2001-10-24,640.9000
2001-10-25,636.6000
2001-10-26,641.0000
2001-10-29,640.6000
2001-10-30,617.1000
2001-10-31,625.5000
2001-11-01,636.4000
2001-11-02,639.3000
2001-11-05,653.6000
2001-11-06,659.7000
2001-11-07,656.6000
2001-11-08,666.1000
2001-11-09,671.9000
2001-11-12,683.9000
2001-11-13,680.1000
2001-11-14,692.0000
2001-11-15,683.3000
2001-11-16,685.0000
2001-11-19,691.5000
2001-11-20,686.8000
2001-11-21,690.3000
2001-11-22,696.6000
2001-11-23,706.2000
2001-11-26,722.8000
2001-11-27,722.8000
2001-11-28,679.9000
2001-11-29,689.9000
2001-11-30,705.2000
2001-12-03,710.3000
2001-12-04,707.6000
2001-12-05,720.4000
2001-12-06,718.9000
2001-12-07,728.2000
2001-12-10,727.0000
2001-12-11,723.8000
2001-12-12,747.9000
2001-12-13,753.0000
2001-12-14,739.4000
2001-12-17,715.1000
2001-12-18,693.5000
2001-12-19,675.9000
2001-12-20,698.4000
2001-12-21,684.3000
2001-12-24,684.3000
2001-12-26,685.4000
2001-12-27,694.3000
2001-12-28,722.1000
2002-01-02,744.7000
2002-01-03,744.9000
2002-01-04,754.5000
2002-01-07,760.9000
2002-01-08,753.5000
2002-01-09,761.5000
2002-01-10,763.3000
2002-01-11,750.2000
2002-01-14,751.1000
2002-01-15,731.9000
2002-01-16,729.1000
2002-01-17,722.9000
2002-01-18,720.2000
2002-01-21,729.9000
2002-01-22,739.3000
2002-01-23,750.3000
2002-01-24,750.1000
2002-01-25,764.7000
2002-01-28,799.9000
2002-01-29,790.9000
2002-01-30,762.0000
2002-01-31,773.6000
2002-02-01,759.8000
2002-02-04,742.8000
2002-02-05,743.5000
2002-02-06,747.4000
2002-02-07,724.5000
2002-02-08,728.8000
2002-02-14,751.9000
2002-02-15,753.0000
2002-02-18,760.5000
2002-02-19,758.5000
2002-02-20,756.7000
2002-02-21,763.0000
2002-02-22,770.6000
2002-02-25,771.1000
2002-02-26,770.0000
2002-02-27,775.4000
2002-02-28,787.1000
2002-03-04,830.4000
2002-03-05,836.2000
2002-03-06,841.4000
2002-03-07,837.3000
2002-03-08,840.9000
2002-03-11,865.4000
2002-03-12,866.0000
2002-03-13,869.6000
2002-03-14,874.9000
2002-03-15,893.5000
2002-03-18,917.8000
2002-03-19,925.8000
2002-03-20,916.6000
2002-03-21,918.4000
2002-03-22,943.0000
2002-03-25,936.3000
2002-03-26,925.6000
2002-03-27,931.0000
2002-03-28,918.5000
2002-03-29,927.3000
2002-04-01,877.0000
2002-04-02,884.2000
2002-04-03,878.7000
2002-04-04,882.0000
2002-04-08,879.9000
2002-04-09,862.1000
2002-04-10,835.4000
2002-04-11,846.1000
2002-04-12,842.4000
2002-04-15,858.2000
2002-04-16,865.1000
2002-04-17,874.3000
2002-04-18,876.8000
2002-04-19,858.8000
2002-04-22,824.5000
2002-04-23,810.2000
2002-04-24,794.8000
2002-04-25,757.3000
2002-04-26,767.8000
2002-04-29,737.0000
2002-04-30,733.4000
2002-05-02,763.1000
2002-05-03,764.8000
2002-05-06,755.0000
2002-05-07,748.2000
2002-05-08,767.8000
2002-05-09,780.2000
2002-05-10,769.9000
2002-05-13,766.3000
2002-05-14,766.6000
2002-05-15,783.4000
2002-05-16,779.9000
2002-05-17,794.7000
2002-05-20,793.5000
2002-05-21,766.5000
2002-05-22,774.2000
2002-05-23,755.3000
2002-05-24,755.7000
2002-05-27,743.9000
2002-05-28,740.7000
2002-05-29,724.7000
2002-05-30,703.8000
2002-05-31,697.8000
2002-06-03,698.0000
2002-06-04,698.8000
2002-06-05,710.5000
2002-06-07,697.2000
2002-06-10,712.5000
2002-06-11,713.6000
2002-06-12,724.0000
2002-06-14,715.5000
2002-06-17,704.6000
2002-06-18,701.8000
2002-06-19,662.6000
2002-06-20,657.7000
2002-06-21,658.1000
2002-06-24,639.1000
2002-06-25,618.8000
2002-06-26,566.3000
2002-06-27,572.3000
2002-06-28,608.5000
2002-07-02,610.5000
2002-07-03,621.5000
2002-07-04,637.1000
2002-07-05,649.8000
2002-07-08,652.9000
2002-07-09,669.1000
2002-07-10,674.5000
2002-07-11,656.2000
2002-07-12,668.2000
2002-07-15,657.4000
2002-07-16,642.2000
2002-07-18,644.7000
2002-07-19,631.4000
2002-07-22,592.8000
2002-07-23,616.1000
2002-07-24,595.4000
2002-07-25,602.3000
2002-07-26,583.3000
2002-07-29,575.4000
2002-07-30,591.6000
2002-07-31,586.2000
2002-08-01,584.2000
2002-08-02,576.0000
2002-08-05,552.4000
2002-08-06,544.3000
2002-08-07,553.4000
2002-08-08,564.7000
2002-08-09,562.3000
2002-08-12,566.9000
2002-08-13,579.1000
2002-08-14,579.4000
2002-08-16,582.0000
2002-08-19,583.4000
2002-08-20,591.5000
2002-08-21,595.4000
2002-08-22,600.1000
2002-08-23,598.5000
2002-08-26,594.0000
2002-08-27,591.8000
2002-08-28,586.5000
2002-08-29,584.4000
2002-08-30,591.1000
2002-09-02,595.4000
2002-09-03,590.1000
2002-09-04,581.0000
2002-09-05,580.6000
2002-09-06,562.2000
2002-09-09,536.6000
2002-09-10,542.4000
2002-09-11,549.0000
2002-09-12,552.7000
2002-09-13,542.8000
2002-09-16,534.5000
2002-09-17,552.2000
2002-09-18,537.8000
2002-09-19,536.8000
2002-09-23,518.3000
2002-09-24,504.1000
2002-09-25,487.9000
2002-09-26,486.3000
2002-09-27,485.2000
2002-09-30,467.1000
2002-10-01,475.3000
2002-10-02,475.1000
2002-10-04,480.2000
2002-10-07,468.0000
2002-10-08,470.8000
2002-10-09,458.3000
2002-10-10,437.4000
2002-10-11,436.7000
2002-10-14,458.5000
2002-10-15,473.7000
2002-10-16,474.8000
2002-10-17,484.3000
2002-10-18,502.1000
2002-10-21,486.6000
2002-10-22,476.4000
2002-10-23,487.5000
2002-10-24,479.2000
2002-10-25,478.6000
2002-10-28,493.7000
2002-10-29,492.0000
2002-10-30,482.8000
2002-10-31,480.5000
2002-11-01,476.4000
2002-11-04,481.8000
2002-11-05,480.1000
2002-11-06,489.5000
2002-11-07,486.6000
2002-11-08,483.9000
2002-11-11,474.6000
2002-11-12,471.6000
2002-11-13,470.3000
2002-11-14,470.5000
2002-11-15,480.1000
2002-11-18,477.8000
2002-11-19,478.9000
2002-11-20,480.1000
2002-11-21,480.7000
2002-11-22,484.6000
2002-11-25,491.5000
2002-11-26,493.2000
2002-11-27,503.8000
2002-11-28,510.6000
2002-11-29,519.0000
2002-12-02,529.5000
2002-12-03,537.8000
2002-12-04,517.3000
2002-12-05,528.7000
2002-12-06,532.5000
2002-12-09,529.8000
2002-12-10,525.7000
2002-12-11,526.0000
2002-12-12,533.8000
2002-12-13,535.4000
2002-12-16,522.5000
2002-12-17,527.2000
2002-12-18,524.3000
2002-12-20,517.6000
2002-12-23,491.4000
2002-12-24,480.3000
2002-12-26,473.2000
2002-12-27,462.8000
2002-12-30,443.6000
2003-01-02,466.0000
2003-01-03,483.4000
2003-01-06,487.3000
2003-01-07,476.8000
2003-01-08,481.6000
2003-01-09,480.6000
2003-01-10,470.0000
2003-01-13,485.5000
2003-01-14,488.5000
2003-01-15,488.1000
2003-01-16,485.5000
2003-01-17,478.5000
2003-01-20,473.3000
2003-01-21,467.5000
2003-01-22,455.5000
2003-01-23,457.8000
2003-01-24,442.6000
2003-01-27,434.0000
2003-01-28,437.5000
2003-01-29,425.2000
2003-01-30,433.9000
2003-02-03,441.0000
2003-02-04,443.2000
2003-02-05,441.0000
2003-02-06,435.4000
2003-02-07,427.7000
2003-02-10,422.6000
2003-02-11,421.5000
2003-02-12,424.3000
2003-02-13,422.2000
2003-02-14,423.8000
2003-02-17,441.2000
2003-02-18,439.2000
2003-02-19,436.6000
2003-02-20,437.9000
2003-02-21,435.0000
2003-02-24,438.8000
2003-02-25,424.3000
2003-02-26,425.8000
2003-02-27,428.2000
2003-02-28,417.8000
2003-03-03,420.6000
2003-03-04,409.8000
2003-03-05,393.6000
2003-03-06,381.9000
2003-03-07,366.9000
2003-03-10,362.0000
2003-03-11,354.3000
2003-03-12,368.3000
2003-03-13,360.7000
2003-03-14,370.1000
2003-03-17,346.4000
2003-03-18,365.0000
2003-03-19,367.7000
2003-03-20,391.4000
2003-03-21,401.0000
2003-03-24,395.4000
2003-03-25,379.7000
2003-03-26,386.3000
2003-03-27,384.9000
2003-03-28,392.8000
2003-03-31,377.7000
2003-04-01,382.5000
2003-04-02,387.7000
2003-04-03,387.7000
2003-04-04,394.1000
2003-04-07,411.2000
2003-04-08,411.9000
2003-04-09,404.9000
2003-04-10,408.1000
2003-04-11,410.8000
2003-04-14,419.7000
2003-04-15,429.6000
2003-04-16,442.2000
2003-04-17,439.4000
2003-04-18,448.3000
2003-04-21,454.6000
2003-04-22,444.4000
2003-04-23,439.5000
2003-04-24,430.5000
2003-04-25,408.9000
2003-04-28,408.5000
2003-04-29,430.5000
2003-04-30,428.0000
2003-05-02,432.9000
2003-05-06,432.6000
2003-05-07,436.3000
2003-05-09,437.7000
2003-05-12,449.6000
2003-05-13,440.5000
2003-05-14,440.1000
2003-05-15,441.4000
2003-05-16,439.8000
2003-05-19,431.1000
2003-05-20,439.6000
2003-05-21,441.7000
2003-05-22,443.9000
2003-05-23,456.3000
2003-05-26,472.4000
2003-05-27,472.5000
2003-05-28,470.3000
2003-05-29,470.9000
2003-05-30,471.8000
2003-06-02,476.7000
2003-06-03,465.9000
2003-06-04,473.7000
2003-06-05,472.6000
2003-06-09,481.9000
2003-06-10,481.8000
2003-06-11,482.9000
2003-06-12,492.6000
2003-06-13,497.5000
2003-06-16,500.2000
2003-06-17,506.3000
2003-06-18,505.5000
2003-06-19,508.6000
2003-06-20,508.0000
2003-06-23,493.6000
2003-06-24,489.4000
2003-06-25,493.1000
2003-06-26,490.1000
2003-06-27,496.8000
2003-06-30,497.5000
2003-07-01,501.7000
2003-07-02,507.4000
2003-07-03,508.2000
2003-07-04,515.9000
2003-07-07,532.1000
2003-07-08,531.0000
2003-07-09,535.0000
2003-07-10,527.9000
2003-07-11,525.5000
2003-07-14,531.2000
2003-07-15,520.7000
2003-07-16,522.2000
2003-07-18,506.0000
2003-07-21,494.9000
2003-07-22,490.2000
2003-07-23,487.6000
2003-07-24,487.7000
2003-07-25,490.1000
2003-07-28,503.8000
2003-07-29,501.2000
2003-07-30,494.7000
2003-07-31,493.3000
2003-08-01,496.6000
2003-08-04,485.3000
2003-08-05,487.2000
2003-08-06,482.4000
2003-08-07,484.7000
2003-08-08,481.6000
2003-08-11,482.8000
2003-08-12,483.1000
2003-08-13,488.5000
2003-08-14,487.6000
2003-08-18,490.9000
2003-08-19,491.0000
2003-08-20,487.8000
2003-08-21,492.2000
2003-08-22,489.4000
2003-08-25,494.0000
2003-08-26,487.9000
2003-08-27,488.3000
2003-08-28,485.5000
2003-08-29,495.4000
2003-09-01,505.3000
2003-09-02,508.7000
2003-09-03,505.6000
2003-09-04,501.0000
2003-09-05,496.5000
2003-09-08,488.3000
2003-09-09,491.9000
2003-09-15,492.3000
2003-09-16,496.5000
2003-09-17,496.5000
2003-09-18,487.5000
2003-09-19,483.7000
2003-09-22,460.3000
2003-09-23,463.5000
2003-09-24,467.1000
2003-09-25,456.9000
2003-09-26,451.0000
2003-09-29,448.5000
2003-09-30,448.6000
2003-10-01,451.9000
2003-10-02,459.2000
2003-10-06,465.3000
2003-10-07,464.1000
2003-10-08,459.6000
2003-10-09,464.4000
2003-10-10,470.0000
2003-10-13,476.1000
2003-10-14,479.5000
2003-10-15,481.4000
2003-10-16,481.7000
2003-10-17,475.5000
2003-10-20,477.0000
2003-10-21,478.0000
2003-10-22,474.2000
2003-10-23,459.0000
2003-10-24,459.9000
2003-10-27,463.7000
2003-10-28,468.5000
2003-10-29,465.4000
2003-10-30,468.4000
2003-10-31,463.8000
2003-11-03,466.4000
2003-11-04,462.3000
2003-11-05,460.0000
2003-11-06,449.6000
2003-11-07,457.0000
2003-11-10,457.1000
2003-11-11,454.5000
2003-11-12,463.1000
2003-11-13,469.7000
2003-11-14,469.0000
2003-11-17,467.9000
2003-11-18,475.1000
2003-11-19,460.9000
2003-11-20,459.7000
2003-11-21,456.7000
2003-11-24,438.1000
2003-11-25,448.2000
2003-11-26,454.9000
2003-11-27,453.5000
2003-11-28,458.4000
2003-12-01,468.5000
2003-12-02,470.8000
2003-12-03,471.7000
2003-12-04,473.7000
2003-12-05,470.8000
2003-12-08,469.0000
2003-12-09,468.8000
2003-12-10,466.2000
2003-12-11,468.2000
2003-12-12,471.1000
2003-12-15,476.0000
2003-12-16,467.0000
2003-12-17,463.4000
2003-12-18,460.4000
2003-12-19,454.5000
2003-12-22,441.5000
2003-12-23,435.5000
2003-12-24,430.9000
2003-12-26,432.5000
2003-12-29,440.5000
2003-12-30,448.7000
2004-01-02,451.4000
2004-01-05,452.7000
2004-01-06,447.3000
2004-01-07,446.1000
2004-01-08,444.1000
2004-01-09,453.0000
2004-01-12,458.0000
2004-01-13,457.0000
2004-01-14,458.4000
2004-01-15,450.0000
2004-01-16,445.4000
2004-01-19,441.5000
2004-01-20,445.7000
2004-01-26,448.2500
2004-01-27,445.0400
2004-01-28,441.4600
2004-01-29,442.1500
2004-01-30,441.4500
2004-02-02,444.5100
2004-02-03,437.8100
2004-02-04,437.4500
2004-02-05,436.8700
2004-02-06,437.3200
2004-02-09,439.7800
2004-02-10,438.9600
2004-02-11,440.1000
2004-02-12,437.4700
2004-02-13,442.9100
2004-02-16,446.1300
2004-02-17,444.8800
2004-02-18,448.0200
2004-02-19,445.6700
2004-02-20,443.3100
2004-02-23,443.8900
2004-02-24,433.6800
2004-02-25,428.9300
2004-02-26,424.5700
2004-02-27,428.6800
2004-03-02,430.6400
2004-03-03,434.7700
2004-03-04,437.6400
2004-03-05,440.2100
2004-03-08,439.3800
2004-03-09,438.0800
2004-03-10,433.4000
2004-03-11,435.2500
2004-03-12,420.2800
2004-03-15,425.2600
2004-03-16,423.0100
2004-03-17,431.3900
2004-03-18,435.4100
2004-03-19,435.9600
2004-03-22,429.7100
2004-03-23,428.5600
2004-03-24,428.0200
2004-03-25,421.9500
2004-03-26,426.0200
2004-03-29,432.3000
2004-03-30,431.3900
2004-03-31,434.1600
2004-04-01,439.0000
2004-04-02,446.8500
2004-04-06,455.3700
2004-04-07,457.6800
2004-04-08,460.5300
2004-04-09,457.9200
2004-04-12,460.3700
2004-04-13,454.4300
2004-04-14,454.2000
2004-04-16,454.1300
2004-04-19,457.8600
2004-04-20,465.0200
2004-04-21,468.8100
2004-04-22,475.8800
2004-04-23,488.1300
2004-04-26,491.5300
2004-04-27,488.1500
2004-04-28,478.7000
2004-04-29,456.0400
2004-04-30,453.4700
2004-05-03,452.8700
2004-05-04,458.8000
2004-05-06,437.3300
2004-05-07,436.2500
2004-05-10,407.4100
2004-05-11,401.4700
2004-05-12,417.9400
2004-05-13,415.0900
2004-05-14,404.9300
2004-05-17,375.7500
2004-05-18,382.1100
2004-05-19,397.1100
2004-05-20,385.3200
2004-05-21,393.0100
2004-05-24,400.5600
2004-05-25,393.4200
2004-05-27,397.8400
2004-05-28,401.5900
2004-05-31,400.9200
2004-06-01,405.9000
2004-06-02,407.8300
2004-06-03,394.9300
2004-06-04,397.8500
2004-06-07,404.5700
2004-06-08,402.0100
2004-06-09,400.6300
2004-06-10,400.0900
2004-06-11,387.7600
2004-06-14,375.6800
2004-06-15,379.2700
2004-06-16,376.7100
2004-06-17,375.0200
2004-06-18,370.2000
2004-06-21,369.1200
2004-06-22,366.2800
2004-06-23,361.1700
2004-06-24,366.4100
2004-06-25,371.9400
2004-06-28,372.0300
2004-06-29,376.6700
2004-06-30,385.1800
2004-07-01,383.8400
2004-07-02,376.1300
2004-07-05,376.5100
2004-07-06,375.3500
2004-07-07,372.6500
2004-07-08,366.9000
2004-07-09,370.1400
2004-07-12,368.5700
2004-07-13,368.2700
2004-07-14,361.6200
2004-07-15,357.6900
2004-07-16,358.7300
2004-07-19,360.4800
2004-07-20,354.2600
2004-07-21,358.9400
2004-07-22,351.6900
2004-07-23,350.2000
2004-07-26,344.3500
2004-07-27,341.5000
2004-07-28,340.1000
2004-07-29,328.4400
2004-07-30,331.2100
2004-08-02,325.1800
2004-08-03,325.6600
2004-08-04,324.7100
2004-08-05,333.8100
2004-08-06,331.6700
2004-08-09,333.9000
2004-08-10,338.8600
2004-08-11,337.7400
2004-08-12,343.4500
2004-08-13,346.0900
2004-08-16,346.2700
2004-08-17,345.6600
2004-08-18,346.5400
2004-08-19,351.4200
2004-08-20,350.6300
2004-08-23,352.0500
2004-08-24,354.1200
2004-08-25,356.3200
2004-08-26,358.7900
2004-08-27,357.7800
2004-08-30,353.4700
2004-08-31,355.6600
2004-09-01,365.7400
2004-09-02,369.5300
2004-09-03,367.5300
2004-09-06,368.1600
2004-09-07,366.6900
2004-09-08,365.1900
2004-09-09,366.8100
2004-09-10,370.3100
2004-09-13,374.5900
2004-09-14,371.9900
2004-09-15,372.2600
2004-09-16,371.3800
2004-09-17,371.0500
2004-09-20,372.9300
2004-09-21,372.1900
2004-09-22,364.0100
2004-09-23,359.5300
2004-09-24,362.2500
2004-09-30,362.0800
2004-10-01,365.6500
2004-10-04,371.6600
2004-10-05,373.6300
2004-10-06,372.3300
2004-10-07,370.5200
2004-10-08,369.7400
2004-10-11,373.9400
2004-10-12,369.1100
2004-10-13,372.5400
2004-10-14,369.9500
2004-10-15,369.2800
2004-10-18,368.3600
2004-10-19,370.0400
2004-10-20,362.6500
2004-10-21,358.2500
2004-10-22,359.2700
2004-10-25,353.4900
2004-10-26,353.4500
2004-10-27,350.7000
2004-10-28,355.5700
2004-10-29,357.0400
2004-11-01,359.5100
2004-11-02,360.7500
2004-11-03,362.5900
2004-11-04,361.2700
2004-11-05,362.7000
2004-11-08,360.1800
2004-11-09,360.2700
2004-11-10,361.9800
2004-11-11,362.9400
2004-11-12,368.8000
2004-11-15,372.9100
2004-11-16,370.9000
2004-11-17,375.8900
2004-11-18,372.5600
2004-11-19,372.5300
2004-11-22,369.5600
2004-11-23,373.2200
2004-11-24,374.1700
2004-11-25,373.8400
2004-11-26,369.5400
2004-11-29,370.2600
2004-11-30,373.4300
2004-12-01,376.1600
2004-12-02,379.3400
2004-12-03,378.7200
2004-12-06,378.2800
2004-12-07,376.8900
2004-12-08,375.2800
2004-12-09,375.5000
2004-12-10,372.0800
2004-12-13,372.1300
2004-12-14,372.7400
2004-12-15,379.3200
2004-12-16,380.2200
2004-12-17,381.4400
2004-12-20,382.7100
2004-12-21,380.4700
2004-12-22,380.5400
2004-12-23,376.6500
2004-12-24,375.1200
2004-12-27,374.4600
2004-12-28,370.7700
2004-12-29,372.8000
2004-12-30,380.3300
2005-01-03,390.4000
2005-01-04,393.0000
2005-01-05,399.6800
2005-01-06,404.1500
2005-01-07,408.1700
2005-01-10,418.7100
2005-01-11,416.5600
2005-01-12,414.6300
2005-01-13,423.0600
2005-01-14,428.4000
2005-01-17,446.0400
2005-01-18,449.0200
2005-01-19,455.5900
2005-01-20,450.6300
2005-01-21,460.6200
2005-01-24,472.7500
2005-01-25,467.2900
2005-01-26,468.4900
2005-01-27,466.4500
2005-01-28,468.5300
2005-01-31,472.9500
2005-02-01,472.7400
2005-02-02,466.0400
2005-02-03,461.7800
2005-02-04,465.5100
2005-02-07,481.4000
2005-02-11,486.8800
2005-02-14,503.2400
2005-02-15,508.0900
2005-02-16,513.2500
2005-02-17,515.0400
2005-02-18,510.6600
2005-02-21,508.6100
2005-02-22,494.8300
2005-02-23,490.2800
2005-02-24,497.6100
2005-02-25,494.8700
2005-02-28,498.3800
2005-03-02,498.5500
2005-03-03,498.5700
2005-03-04,501.9000
2005-03-07,495.3200
2005-03-08,481.9800
2005-03-09,481.9800
2005-03-10,482.6700
2005-03-11,490.7400
2005-03-14,493.9900
2005-03-15,482.0200
2005-03-16,483.6600
2005-03-17,471.7400
2005-03-18,465.4800
2005-03-21,463.4200
2005-03-22,460.6800
2005-03-23,452.9100
2005-03-24,449.3500
2005-03-25,456.1500
2005-03-28,459.8100
2005-03-29,453.2400
2005-03-30,455.0500
2005-03-31,455.0300
2005-04-01,462.2300
2005-04-04,461.8800
2005-04-06,463.6000
2005-04-07,463.0800
2005-04-08,463.9000
2005-04-11,462.8700
2005-04-12,460.8700
2005-04-13,460.9000
2005-04-14,455.5500
2005-04-15,449.0800
2005-04-18,429.7300
2005-04-19,437.7300
2005-04-20,442.2000
2005-04-21,439.8300
2005-04-22,442.6300
2005-04-25,443.9000
2005-04-26,441.9900
2005-04-27,436.6500
2005-04-28,431.1700
2005-04-29,424.4000
2005-05-02,426.6100
2005-05-03,423.3000
2005-05-04,429.4100
2005-05-06,433.2900
2005-05-09,429.6100
2005-05-10,430.7600
2005-05-11,425.5900
2005-05-12,428.2700
2005-05-13,431.7700
2005-05-16,435.0200
2005-05-17,434.5200
2005-05-18,436.5500
2005-05-19,445.6100
2005-05-20,445.8600
2005-05-23,450.2200
2005-05-24,451.9400
2005-05-25,453.1700
2005-05-26,456.1900
2005-05-27,463.2200
2005-05-30,468.2500
2005-05-31,471.4800
2005-06-01,468.8100
2005-06-02,475.0700
2005-06-03,480.6500
2005-06-07,482.6600
2005-06-08,484.8900
2005-06-09,488.1000
2005-06-10,486.5800
2005-06-13,486.6200
2005-06-14,479.4700
2005-06-15,486.4600
2005-06-16,490.2200
2005-06-17,491.0300
2005-06-20,489.2000
2005-06-21,485.1200
2005-06-22,489.7300
2005-06-23,494.9200
2005-06-24,493.9800
2005-06-27,491.3300
2005-06-28,492.8400
2005-06-29,497.6300
2005-06-30,503.2100
2005-07-01,507.5100
2005-07-04,512.5000
2005-07-05,513.5300
2005-07-06,516.4100
2005-07-07,519.8500
2005-07-08,518.6600
2005-07-11,526.1000
2005-07-12,523.7000
2005-07-13,521.8700
2005-07-14,524.3700
2005-07-15,524.6300
2005-07-18,527.1800
2005-07-19,530.6300
2005-07-20,521.6800
2005-07-21,520.6100
2005-07-22,521.5100
2005-07-25,528.9500
2005-07-26,532.5400
2005-07-27,538.6000
2005-07-28,547.6700
2005-07-29,546.6800
2005-08-01,544.8300
2005-08-02,541.7800
2005-08-03,532.5500
2005-08-04,524.6300
2005-08-05,511.9900
2005-08-08,507.3800
2005-08-09,515.5400
2005-08-10,520.7600
2005-08-11,524.7400
2005-08-12,525.6400
2005-08-16,517.6200
2005-08-17,513.2700
2005-08-18,505.0600
2005-08-19,509.2100
2005-08-22,518.3400
2005-08-23,521.3800
2005-08-24,518.3000
2005-08-25,517.6300
2005-08-26,512.1700
2005-08-29,492.6600
2005-08-30,497.9600
2005-08-31,503.9500
2005-09-01,512.4500
2005-09-02,517.0800
2005-09-05,522.7900
2005-09-06,524.4000
2005-09-07,530.5300
2005-09-08,529.3000
2005-09-09,532.0600
2005-09-12,532.1100
2005-09-13,528.0200
2005-09-14,529.6400
2005-09-15,526.4500
2005-09-16,536.6000
2005-09-20,543.5900
2005-09-21,542.6800
2005-09-22,547.0100
2005-09-23,543.6600
2005-09-26,550.4000
2005-09-27,554.6300
2005-09-28,562.2500
2005-09-29,568.0800
2005-09-30,571.9500
2005-10-04,588.2100
2005-10-05,592.1400
2005-10-06,588.5200
2005-10-07,590.4800
2005-10-10,603.8500
2005-10-11,609.5800
2005-10-12,606.3200
2005-10-13,606.1200
2005-10-14,600.0400
2005-10-17,587.5800
2005-10-18,591.7700
2005-10-19,573.1900
2005-10-20,574.6100
2005-10-21,584.4200
2005-10-24,592.1800
2005-10-25,593.7900
2005-10-26,594.5800
2005-10-27,588.2900
2005-10-28,580.9200
2005-10-31,587.4600
2005-11-01,594.8200
2005-11-02,606.8000
2005-11-03,610.3700
2005-11-04,617.4300
2005-11-07,622.5900
2005-11-08,623.7500
2005-11-09,628.7200
2005-11-10,636.7300
2005-11-11,640.4000
2005-11-14,642.6100
2005-11-15,643.8500
2005-11-16,648.1300
2005-11-17,653.5000
2005-11-18,661.4200
2005-11-21,666.0400
2005-11-22,667.7100
2005-11-23,682.2700
2005-11-24,690.8700
2005-11-25,700.2200
2005-11-28,704.4700
2005-11-29,697.0500
2005-11-30,712.3900
2005-12-01,727.4300
2005-12-02,733.8700
2005-12-05,747.4600
2005-12-06,747.9600
2005-12-07,729.4400
2005-12-08,725.8500
2005-12-09,726.1400
2005-12-12,733.4200
2005-12-13,738.9900
2005-12-14,743.4100
2005-12-15,741.6000
2005-12-16,716.3800
2005-12-19,723.3700
2005-12-20,718.7400
2005-12-21,722.5800
2005-12-22,694.2500
2005-12-23,691.2300
2005-12-26,698.6000
2005-12-27,688.2300
2005-12-28,691.2600
2005-12-29,701.7900
2006-01-02,727.0700
2006-01-03,735.1500
2006-01-04,740.4800
2006-01-05,736.6600
2006-01-06,747.1000
2006-01-09,753.8800
2006-01-10,744.7100
2006-01-11,744.1700
2006-01-12,742.0700
2006-01-13,746.3400
2006-01-16,754.9700
2006-01-17,739.1000
2006-01-18,708.0800
2006-01-19,705.5700
2006-01-20,665.3100
2006-01-23,601.3300
2006-01-24,618.1800
2006-01-25,641.9700
2006-01-26,653.5200
2006-01-27,677.6900
2006-01-31,690.2400
2006-02-01,661.1900
2006-02-02,664.4400
2006-02-03,641.2000
2006-02-06,644.9300
2006-02-07,650.0700
2006-02-08,643.4900
2006-02-09,649.7500
2006-02-10,655.6100
2006-02-13,653.2100
2006-02-14,653.3500
2006-02-15,639.9200
2006-02-16,645.0500
2006-02-17,649.7500
2006-02-20,656.6600
2006-02-21,661.2500
2006-02-22,660.8500
2006-02-23,668.4600
2006-02-24,672.9400
2006-02-27,682.3300
2006-02-28,682.3600
2006-03-02,679.1900
2006-03-03,665.0500
2006-03-06,669.5600
2006-03-07,658.4800
2006-03-08,657.0800
2006-03-09,665.5700
2006-03-10,668.6600
2006-03-13,672.3200
2006-03-14,667.0600
2006-03-15,663.6300
2006-03-16,655.7300
2006-03-17,652.8900
2006-03-20,655.9100
2006-03-21,657.9900
2006-03-22,645.4700
2006-03-23,645.2500
2006-03-24,644.5700
2006-03-27,644.8700
2006-03-28,637.4100
2006-03-29,640.0500
2006-03-30,653.0500
2006-03-31,665.2100
2006-04-03,677.2800
2006-04-04,680.3500
2006-04-05,688.3800
2006-04-06,693.7700
2006-04-07,694.3500
2006-04-10,695.4000
2006-04-11,691.9600
2006-04-12,690.6000
2006-04-13,697.3900
2006-04-14,704.5700
2006-04-17,702.9600
2006-04-18,702.8400
2006-04-19,701.8500
2006-04-20,694.1200
2006-04-21,701.4900
2006-04-24,695.7000
2006-04-25,689.2100
2006-04-26,693.2200
2006-04-27,693.3700
2006-04-28,685.4400
2006-05-02,687.8400
2006-05-03,689.8900
2006-05-04,689.8900
2006-05-08,691.8900
2006-05-09,686.1200
2006-05-10,683.3700
2006-05-11,689.9700
2006-05-12,686.0100
2006-05-15,675.3000
2006-05-16,662.1400
2006-05-17,671.2400
2006-05-18,650.9000
2006-05-19,658.5600
2006-05-22,643.7000
2006-05-23,640.3400
2006-05-24,636.9800
2006-05-25,620.2000
2006-05-26,633.9100
2006-05-29,638.2700
2006-05-30,630.5000
2006-06-01,612.8000
2006-06-02,612.8400
2006-06-05,598.7100
2006-06-07,562.9100
2006-06-08,559.4100
2006-06-09,578.7100
2006-06-12,585.6600
2006-06-13,568.6400
2006-06-14,577.3500
2006-06-15,575.6800
2006-06-16,587.0800
2006-06-19,578.1100
2006-06-20,564.7800
2006-06-21,566.3100
2006-06-22,564.2300
2006-06-23,559.3700
2006-06-26,560.9200
2006-06-27,566.2200
2006-06-28,563.6100
2006-06-29,576.9200
2006-06-30,590.6800
2006-07-03,589.2200
2006-07-04,585.8300
2006-07-05,575.9800
2006-07-06,570.0700
2006-07-07,573.0400
2006-07-10,576.3800
2006-07-11,574.9800
2006-07-12,578.2400
2006-07-13,571.1100
2006-07-14,559.6600
2006-07-18,543.9700
2006-07-19,539.8100
2006-07-20,553.9100
2006-07-21,551.6300
2006-07-24,548.6800
2006-07-25,552.3400
2006-07-26,554.0800
2006-07-27,555.6500
2006-07-28,556.6900
2006-07-31,557.6600
2006-08-01,550.2100
2006-08-02,551.4400
2006-08-03,546.1500
2006-08-04,549.7500
2006-08-07,544.8400
2006-08-08,546.4800
2006-08-09,552.3200
2006-08-10,555.5300
2006-08-11,553.1700
2006-08-14,549.8600
2006-08-16,548.0700
2006-08-17,551.8100
2006-08-18,551.9100
2006-08-21,550.8700
2006-08-22,554.0900
2006-08-23,554.2300
2006-08-24,551.7600
2006-08-25,556.4100
2006-08-28,556.2800
2006-08-29,560.8000
2006-08-30,565.1000
2006-08-31,572.8300
2006-09-01,577.7300
2006-09-04,586.7700
2006-09-05,592.8300
2006-09-06,592.5000
2006-09-07,591.6400
2006-09-08,597.6800
2006-09-11,591.9600
2006-09-12,588.6400
2006-09-13,592.4500
2006-09-14,600.9500
2006-09-15,606.2200
2006-09-18,613.3900
2006-09-19,614.8000
2006-09-20,613.1300
2006-09-21,611.9700
2006-09-22,599.4200
2006-09-25,597.2900
2006-09-26,591.6300
2006-09-27,595.4600
2006-09-28,599.9100
2006-09-29,600.4200
2006-10-02,596.9900
2006-10-04,587.3200
2006-10-09,539.1000
2006-10-10,554.7000
2006-10-11,555.4800
2006-10-12,568.2500
2006-10-13,574.2200
2006-10-16,582.0400
2006-10-17,577.0300
2006-10-18,578.2500
2006-10-19,577.4300
2006-10-20,582.6500
2006-10-23,586.7900
2006-10-24,585.2800
2006-10-25,587.4300
2006-10-26,587.2700
2006-10-27,586.1000
2006-10-30,580.1000
2006-10-31,586.1000
2006-11-01,594.7000
2006-11-02,595.4000
2006-11-03,598.7900
2006-11-06,600.0600
2006-11-07,600.6900
2006-11-08,596.6100
2006-11-09,602.8000
2006-11-10,603.9600
2006-11-13,604.9000
2006-11-14,608.0900
2006-11-15,606.5400
2006-11-16,609.6400
2006-11-17,610.9300
2006-11-20,608.2400
2006-11-21,607.4300
2006-11-22,614.8700
2006-11-23,618.0800
2006-11-24,616.6800
2006-11-27,615.7800
2006-11-28,612.9300
2006-11-29,617.1900
2006-11-30,622.1700
2006-12-01,619.7600
2006-12-04,618.1300
2006-12-05,619.8700
2006-12-06,614.9900
2006-12-07,614.4300
2006-12-08,608.3900
2006-12-11,610.0300
2006-12-12,597.4600
2006-12-13,598.3500
2006-12-14,605.8900
2006-12-15,612.2900
2006-12-18,616.5900
2006-12-19,613.4300
2006-12-20,614.2700
2006-12-21,608.6900
2006-12-22,601.6000
2006-12-26,590.1200
2006-12-27,592.1800
2006-12-28,606.1500
2007-01-02,608.7200
2007-01-03,602.6900
2007-01-04,603.9400
2007-01-05,602.3500
2007-01-08,597.8300
2007-01-09,601.9500
2007-01-10,596.7800
2007-01-11,600.9400
2007-01-12,608.0100
2007-01-15,608.4700
2007-01-16,605.5000
2007-01-17,598.1700
2007-01-18,597.0500
2007-01-19,583.6200
2007-01-22,577.1200
2007-01-23,571.0400
2007-01-24,580.2700
2007-01-25,583.5800
2007-01-26,583.1500
2007-01-29,582.4800
2007-01-30,581.0400
2007-01-31,576.3700
2007-02-01,582.4600
2007-02-02,591.7200
2007-02-05,594.6100
2007-02-06,596.2200
2007-02-07,600.5600
2007-02-08,601.8200
2007-02-09,601.8900
2007-02-12,599.1900
2007-02-13,596.7100
2007-02-14,602.7800
2007-02-15,604.1700
2007-02-16,605.0700
2007-02-20,607.4800
2007-02-21,608.1600
2007-02-22,610.4100
2007-02-23,610.8300
2007-02-26,613.0100
2007-02-27,611.5200
2007-02-28,600.9300
2007-03-05,594.0300
2007-03-06,601.9600
2007-03-07,606.1900
2007-03-08,611.6900
2007-03-09,613.4100
2007-03-12,619.6200
2007-03-13,620.4100
2007-03-14,613.3100
2007-03-15,624.7000
2007-03-16,631.3900
2007-03-19,643.8900
2007-03-20,645.3700
2007-03-21,643.8200
2007-03-22,645.7700
2007-03-23,640.8900
2007-03-26,640.8800
2007-03-27,641.2000
2007-03-28,636.8200
2007-03-29,645.3700
2007-03-30,648.9900
2007-04-02,651.7800
2007-04-03,655.2200
2007-04-04,660.8100
2007-04-05,663.9800
2007-04-06,666.0000
2007-04-09,670.5400
2007-04-10,674.4100
2007-04-11,676.7000
2007-04-12,681.1900
2007-04-13,685.2200
2007-04-16,697.0900
2007-04-17,690.1600
2007-04-18,689.9500
2007-04-19,682.8500
2007-04-20,691.5600
2007-04-23,692.0100
2007-04-24,691.6000
2007-04-25,683.6600
2007-04-26,681.9300
2007-04-27,675.5200
2007-04-30,675.8800
2007-05-02,682.0700
2007-05-03,686.5300
2007-05-04,693.4400
2007-05-07,702.7600
2007-05-08,698.2500
2007-05-09,701.5000
2007-05-10,704.4400
2007-05-11,707.9700
2007-05-14,703.8300
2007-05-15,697.5300
2007-05-16,701.4000
2007-05-17,710.6700
2007-05-18,711.0800
2007-05-21,709.2300
2007-05-22,710.8600
2007-05-23,716.8300
2007-05-25,719.5400
2007-05-28,729.1600
2007-05-29,734.8200
2007-05-30,735.6000
2007-05-31,747.8700
2007-06-01,742.6100
2007-06-04,745.4900
2007-06-05,750.0800
2007-06-07,761.8400
2007-06-08,760.6300
2007-06-11,758.6900
2007-06-12,763.0500
2007-06-13,765.5300
2007-06-14,783.0200
2007-06-15,800.6100
2007-06-18,818.1100
2007-06-19,819.9700
2007-06-20,797.2700
2007-06-21,810.3600
2007-06-22,809.5800
2007-06-25,796.8000
2007-06-26,780.3100
2007-06-27,761.0300
2007-06-28,778.5000
2007-06-29,778.6900
2007-07-02,784.6100
2007-07-03,796.7100
2007-07-04,804.0200
2007-07-05,802.8700
2007-07-06,811.0600
2007-07-09,813.5900
2007-07-10,814.8500
2007-07-11,820.0200
2007-07-12,828.2200
2007-07-13,825.4000
2007-07-16,819.9100
2007-07-18,818.9200
2007-07-19,819.3200
2007-07-20,825.3300
2007-07-23,818.7900
2007-07-24,813.4700
2007-07-25,819.6000
2007-07-26,817.2800
2007-07-27,792.0600
2007-07-30,794.1900
2007-07-31,811.5200
2007-08-01,789.4600
2007-08-02,786.5200
2007-08-03,798.8600
2007-08-06,795.8500
2007-08-07,800.8300
2007-08-08,807.9600
2007-08-09,812.6900
2007-08-10,788.4100
2007-08-13,786.2000
2007-08-14,766.9200
2007-08-16,689.0700
2007-08-17,673.4800
2007-08-20,721.5900
2007-08-21,727.8800
2007-08-22,741.4300
2007-08-23,756.2700
2007-08-24,754.1600
2007-08-27,760.6300
2007-08-28,760.4300
2007-08-29,758.6400
2007-08-30,765.6000
2007-08-31,775.1300
2007-09-03,778.8900
2007-09-04,775.7600
2007-09-05,773.5400
2007-09-06,776.9000
2007-09-07,775.8500
2007-09-10,760.7200
2007-09-11,767.3200
2007-09-12,757.8300
2007-09-13,767.3900
2007-09-14,783.2700
2007-09-17,784.7500
2007-09-18,775.4500
2007-09-19,784.6700
2007-09-20,781.9600
2007-09-21,788.4100
2007-09-27,792.1300
2007-09-28,794.5600
2007-10-01,803.1200
2007-10-02,810.3200
2007-10-04,814.7200
2007-10-05,813.5100
2007-10-08,816.4700
2007-10-09,812.8000
2007-10-10,818.2600
2007-10-11,817.2800
2007-10-12,806.6900
2007-10-15,813.9300
2007-10-16,792.7300
2007-10-17,780.2200
2007-10-18,792.2000
2007-10-19,786.9300
2007-10-22,768.9000
2007-10-23,789.0000
2007-10-24,781.7900
2007-10-25,793.7000
2007-10-26,799.0600
2007-10-29,807.3100
2007-10-30,804.9900
2007-10-31,810.0700
2007-11-01,809.5000
2007-11-02,797.6600
2007-11-05,794.6500
2007-11-06,800.9200
2007-11-07,794.0800
2007-11-08,779.6500
2007-11-09,779.0400
2007-11-12,754.7300
2007-11-13,756.5900
2007-11-14,764.1500
2007-11-15,751.2700
2007-11-16,755.2900
2007-11-19,750.7900
2007-11-20,739.4700
2007-11-21,727.3300
2007-11-22,722.0400
2007-11-23,700.6800
2007-11-26,721.4100
2007-11-27,725.5500
2007-11-28,723.5400
2007-11-29,734.9200
2007-11-30,741.8400
2007-12-03,736.9300
2007-12-04,747.5300
2007-12-05,749.9500
2007-12-06,751.5700
2007-12-07,747.6500
2007-12-10,739.1900
2007-12-11,734.3300
2007-12-12,729.5200
2007-12-13,733.6800
2007-12-14,725.5300
2007-12-17,702.4900
2007-12-18,709.4700
2007-12-20,700.6900
2007-12-21,697.4600
2007-12-24,698.7300
2007-12-26,692.0200
2007-12-27,699.6500
2007-12-28,704.2300
2008-01-02,707.1200
2008-01-03,714.0000
2008-01-04,719.2500
2008-01-07,711.7700
2008-01-08,709.3100
2008-01-09,712.7100
2008-01-10,713.3600
2008-01-11,699.2400
2008-01-14,688.5900
2008-01-15,673.2500
2008-01-16,651.3600
2008-01-17,651.9100
2008-01-18,666.3200
2008-01-21,651.8700
2008-01-22,614.8000
2008-01-23,619.9800
2008-01-24,638.9800
2008-01-25,653.7800
2008-01-28,634.5200
2008-01-29,632.6700
2008-01-30,603.1100
2008-01-31,608.8400
2008-02-01,612.5700
2008-02-04,638.3800
2008-02-05,642.3500
2008-02-11,629.9400
2008-02-12,636.2900
2008-02-13,635.8900
2008-02-14,649.5300
2008-02-15,651.5700
2008-02-18,654.7100
2008-02-19,660.7500
2008-02-20,652.7600
2008-02-21,654.4100
2008-02-22,653.1200
2008-02-25,653.8300
2008-02-26,656.4300
2008-02-27,655.0500
2008-02-28,659.2800
2008-02-29,655.9400
2008-03-03,644.5100
2008-03-04,645.3900
2008-03-05,645.4300
2008-03-06,652.5500
2008-03-07,643.7500
2008-03-10,622.6000
2008-03-11,627.1400
2008-03-12,631.2900
2008-03-13,621.8100
2008-03-14,617.7100
2008-03-17,600.6800
2008-03-18,600.1000
2008-03-19,612.1300
2008-03-20,609.3200
2008-03-21,615.9300
2008-03-24,619.6000
2008-03-25,628.2200
2008-03-26,628.3800
2008-03-27,629.6100
2008-03-28,636.6700
2008-03-31,644.4500
2008-04-01,643.4600
2008-04-02,647.9200
2008-04-03,649.2600
2008-04-04,648.4900
2008-04-07,654.1000
2008-04-08,651.8300
2008-04-10,652.6800
2008-04-11,651.8700
2008-04-14,641.0300
2008-04-15,641.8700
2008-04-16,641.7100
2008-04-17,641.6000
2008-04-18,643.7500
2008-04-21,650.0600
2008-04-22,650.5800
2008-04-23,650.6800
2008-04-24,648.7900
2008-04-25,654.7000
2008-04-28,647.6000
2008-04-29,644.4000
2008-04-30,647.0200
2008-05-02,655.8000
2008-05-06,652.9100
2008-05-07,645.6200
2008-05-08,649.2900
2008-05-09,653.2900
2008-05-13,655.4400
2008-05-14,652.1400
2008-05-15,653.5400
2008-05-16,652.5600
2008-05-19,652.6500
2008-05-20,650.1000
2008-05-21,645.4800
2008-05-22,647.1500
2008-05-23,649.0000
2008-05-26,641.1000
2008-05-27,644.3800
2008-05-28,640.9600
2008-05-29,646.8000
2008-05-30,652.1500
2008-06-02,651.1100
2008-06-03,643.6700
2008-06-04,645.8500
2008-06-05,644.0900
2008-06-09,637.0000
2008-06-10,626.0100
2008-06-11,628.6700
2008-06-12,624.2000
2008-06-13,622.1500
2008-06-16,621.0200
2008-06-17,612.4100
2008-06-18,614.8300
2008-06-19,610.9900
2008-06-20,609.1600
2008-06-23,605.7100
2008-06-24,600.3600
2008-06-25,601.7200
2008-06-26,602.7400
2008-06-27,594.6300
2008-06-30,590.1900
2008-07-01,580.7700
2008-07-02,556.7900
2008-07-03,546.4900
2008-07-04,538.3000
2008-07-07,534.1700
2008-07-08,515.9200
2008-07-09,522.2900
2008-07-10,531.6100
2008-07-11,542.9600
2008-07-14,541.1200
2008-07-15,523.0200
2008-07-16,520.8400
2008-07-17,527.8100
2008-07-18,522.5300
2008-07-21,531.2500
2008-07-22,529.7300
2008-07-23,536.2300
2008-07-24,546.6500
2008-07-25,543.2600
2008-07-28,544.0500
2008-07-29,535.3600
2008-07-30,538.5300
2008-07-31,539.4400
2008-08-01,535.7600
2008-08-04,526.4900
2008-08-05,519.1000
2008-08-06,525.7500
2008-08-07,527.1500
2008-08-08,525.5400
2008-08-11,527.1200
2008-08-12,526.4600
2008-08-13,521.7200
2008-08-14,522.8100
2008-08-18,517.0400
2008-08-19,507.8100
2008-08-20,504.8800
2008-08-21,495.1500
2008-08-22,483.4700
2008-08-25,484.3700
2008-08-26,477.0600
2008-08-27,474.6600
2008-08-28,470.0800
2008-08-29,470.2800
2008-09-01,439.2100
2008-09-02,418.1400
2008-09-03,426.3700
2008-09-04,438.4400
2008-09-05,441.9500
2008-09-08,459.4200
2008-09-09,454.8200
2008-09-10,451.0000
2008-09-11,454.7800
2008-09-12,466.9100
2008-09-16,429.2900
2008-09-17,444.9300
2008-09-18,433.7600
2008-09-19,446.4600
2008-09-22,441.1300
2008-09-23,445.7200
2008-09-24,448.8000
2008-09-25,451.0300
2008-09-26,448.3400
2008-09-29,446.0500
2008-09-30,440.7700
2008-10-01,440.9500
2008-10-02,432.1000
2008-10-06,406.3900
2008-10-07,401.9500
2008-10-08,371.4700
2008-10-09,369.8400
2008-10-10,350.2800
2008-10-13,368.1700
2008-10-14,396.3200
2008-10-15,390.2800
2008-10-16,354.4300
2008-10-17,352.1800
2008-10-20,353.0900
2008-10-21,350.9700
2008-10-22,335.5300
2008-10-23,308.9500
2008-10-24,276.6800
2008-10-27,261.1900
2008-10-28,272.4300
2008-10-29,265.5900
2008-10-30,296.0500
2008-10-31,308.0300
2008-11-03,325.5600
2008-11-04,335.4900
2008-11-05,340.8500
2008-11-06,311.9600
2008-11-07,325.5400
2008-11-10,332.1700
2008-11-11,325.7400
2008-11-12,323.2400
2008-11-13,311.5500
2008-11-14,317.4500
2008-11-17,314.9800
2008-11-18,305.2600
2008-11-19,297.4100
2008-11-20,273.0600
2008-11-21,290.1200
2008-11-24,284.5000
2008-11-25,287.3900
2008-11-26,295.5100
2008-11-27,304.3600
2008-11-28,307.4800
2008-12-01,308.2000
2008-12-02,299.5800
2008-12-03,301.4400
2008-12-04,298.9200
2008-12-05,302.1600
2008-12-08,316.7100
2008-12-09,318.2500
2008-12-10,324.1500
2008-12-11,328.4900
2008-12-12,320.0700
2008-12-15,335.1500
2008-12-16,337.8500
2008-12-17,338.8300
2008-12-18,340.3000
2008-12-19,342.4500
2008-12-22,346.0400
2008-12-23,338.7600
2008-12-24,333.7300
2008-12-26,332.2600
2008-12-29,329.1800
2008-12-30,332.0500
2009-01-02,339.7600
2009-01-05,342.7700
2009-01-06,348.4100
2009-01-07,356.1300
2009-01-08,356.5200
2009-01-09,358.4800
2009-01-12,351.3500
2009-01-13,355.1300
2009-01-14,364.6300
2009-01-15,343.3500
2009-01-16,354.6000
2009-01-19,363.1300
2009-01-20,358.1900
2009-01-21,352.4300
2009-01-22,358.5800
2009-01-23,352.8300
2009-01-28,361.6800
2009-01-29,363.9800
2009-01-30,364.9000
2009-02-02,365.7700
2009-02-03,372.2800
2009-02-04,378.8800
2009-02-05,373.4900
2009-02-06,378.7900
2009-02-09,376.8300
2009-02-10,380.2600
2009-02-11,383.4100
2009-02-12,385.9200
2009-02-13,395.6900
2009-02-16,402.8700
2009-02-17,383.1700
2009-02-18,390.0700
2009-02-19,384.6700
2009-02-20,367.1400
2009-02-23,375.5700
2009-02-24,370.1100
2009-02-25,362.0800
2009-02-26,358.6500
2009-02-27,363.2100
2009-03-02,349.7100
2009-03-03,347.7600
2009-03-04,359.9000
2009-03-05,362.1600
2009-03-06,365.1800
2009-03-09,378.7300
2009-03-10,377.9200
2009-03-11,385.6900
2009-03-12,386.5900
2009-03-13,389.2700
2009-03-16,387.7700
2009-03-17,394.6600
2009-03-18,398.6000
2009-03-19,393.9400
2009-03-20,400.7100
2009-03-23,409.2300
2009-03-24,412.3900
2009-03-25,419.2900
2009-03-26,427.2700
2009-03-27,421.2400
2009-03-30,412.0100
2009-03-31,421.4400
2009-04-01,430.9700
2009-04-02,439.8400
2009-04-03,439.1600
2009-04-06,447.9400
2009-04-07,458.5700
2009-04-08,460.8300
2009-04-09,481.4500
2009-04-10,493.2600
2009-04-13,507.2300
2009-04-14,508.6800
2009-04-15,502.2000
2009-04-16,497.5200
2009-04-17,483.8000
2009-04-20,491.9400
2009-04-21,497.1900
2009-04-22,509.9000
2009-04-23,514.0900
2009-04-24,507.5000
2009-04-27,505.9700
2009-04-28,479.3700
2009-04-29,494.4700
2009-04-30,500.9800
2009-05-04,507.0100
2009-05-06,510.0200
2009-05-07,513.9500
2009-05-08,517.8300
2009-05-11,523.9100
2009-05-12,526.1800
2009-05-13,535.9500
2009-05-14,536.7800
2009-05-15,543.5400
2009-05-18,545.0100
2009-05-19,553.7700
2009-05-20,562.5700
2009-05-21,559.1500
2009-05-22,554.0900
2009-05-25,542.0800
2009-05-26,536.5400
2009-05-27,524.3300
2009-05-28,521.1100
2009-05-29,528.8000
2009-06-01,539.5600
2009-06-02,538.6900
2009-06-03,541.2500
2009-06-04,528.0000
2009-06-05,529.1100
2009-06-08,529.1100
2009-06-09,517.9600
2009-06-10,520.3600
2009-06-11,520.6000
2009-06-12,524.2600
2009-06-15,519.6300
2009-06-16,520.9300
2009-06-17,517.3700
2009-06-18,513.2200
2009-06-19,510.2700
2009-06-22,513.1300
2009-06-23,498.0300
2009-06-24,495.0000
2009-06-25,504.0300
2009-06-26,503.3400
2009-06-29,491.6400
2009-06-30,485.1500
2009-07-01,491.1700
2009-07-02,496.0000
2009-07-03,501.8200
2009-07-06,505.4200
2009-07-07,508.7600
2009-07-08,505.6900
2009-07-09,502.8000
2009-07-10,495.2700
2009-07-13,476.0500
2009-07-14,476.2500
2009-07-15,486.6700
2009-07-16,482.2800
2009-07-17,485.8700
2009-07-20,493.6200
2009-07-21,495.9100
2009-07-22,497.7700
2009-07-23,497.8900
2009-07-24,500.0200
2009-07-27,504.6500
2009-07-28,504.1600
2009-07-29,501.5700
2009-07-30,502.9000
2009-07-31,504.3500
2009-08-03,510.5600
2009-08-04,508.7200
2009-08-05,508.9900
2009-08-06,509.2600
2009-08-07,512.7000
2009-08-10,516.7000
2009-08-11,519.5200
2009-08-12,522.6200
2009-08-13,531.7100
2009-08-14,531.1200
2009-08-17,517.8300
2009-08-18,511.5300
2009-08-19,510.2000
2009-08-20,516.7700
2009-08-21,512.1400
2009-08-24,511.3600
2009-08-25,510.6900
2009-08-26,516.9600
2009-08-27,513.6000
2009-08-28,520.1900
2009-08-31,514.7000
2009-09-01,516.2700
2009-09-02,517.7300
2009-09-03,516.9500
2009-09-04,518.8200
2009-09-07,525.6100
2009-09-08,526.8500
2009-09-09,520.2000
2009-09-10,525.0100
2009-09-11,528.2600
2009-09-14,526.8800
2009-09-15,531.5800
2009-09-16,531.5600
2009-09-17,528.1300
2009-09-18,531.5300
2009-09-21,533.1000
2009-09-22,536.9700
2009-09-23,528.9800
2009-09-24,518.7700
2009-09-25,516.5200
2009-09-28,511.6100
2009-09-29,512.2000
2009-09-30,505.9400
2009-10-01,502.5500
2009-10-05,497.8300
2009-10-06,494.4200
2009-10-07,491.3700
2009-10-08,496.9600
2009-10-09,506.2900
2009-10-12,510.2100
2009-10-13,508.3700
2009-10-14,512.0400
2009-10-15,510.4600
2009-10-16,508.2600
2009-10-19,508.9500
2009-10-20,509.7600
2009-10-21,508.6200
2009-10-22,503.7800
2009-10-23,503.9100
2009-10-26,504.7700
2009-10-27,502.3000
2009-10-28,488.8200
2009-10-29,482.3400
2009-10-30,486.4600
2009-11-02,479.2500
2009-11-03,478.7600
2009-11-04,483.8700
2009-11-05,479.4600
2009-11-06,482.7000
2009-11-09,484.4500
2009-11-10,482.9400
2009-11-11,485.6200
2009-11-12,484.6300
2009-11-13,481.5700
2009-11-16,475.7400
2009-11-17,471.9500
2009-11-18,472.5400
2009-11-19,475.7700
2009-11-20,479.4300
2009-11-23,479.8000
2009-11-24,475.3900
2009-11-25,476.5600
2009-11-26,473.8200
2009-11-27,451.6700
2009-11-30,464.3200
2009-12-01,469.0400
2009-12-02,475.9700
2009-12-03,480.5200
2009-12-04,483.6300
2009-12-07,487.0400
2009-12-08,485.9400
2009-12-09,486.7800
2009-12-10,489.4500
2009-12-11,495.2100
2009-12-14,501.8500
2009-12-15,503.3100
2009-12-16,507.0100
2009-12-17,510.1000
2009-12-18,513.7800
2009-12-21,518.0900
2009-12-22,512.7800
2009-12-23,508.4400
2009-12-24,511.1900
2009-12-28,506.0700
2009-12-29,505.6100
2009-12-30,513.5700
2010-01-04,528.0900
2010-01-05,533.0900
2010-01-06,539.1200
2010-01-07,535.5200
2010-01-08,538.9600
2010-01-11,540.4000
2010-01-12,538.1100
2010-01-13,534.4600
2010-01-14,542.3300
2010-01-15,549.9700
2010-01-18,553.1000
2010-01-19,549.1400
2010-01-20,544.1200
2010-01-21,549.0300
2010-01-22,546.6600
2010-01-25,534.2200
2010-01-26,522.0700
2010-01-27,516.4300
2010-01-28,517.4000
2010-01-29,496.5700
2010-02-01,502.0000
2010-02-02,504.6900
2010-02-03,515.3200
2010-02-04,516.2300
2010-02-05,497.3700
2010-02-08,487.4100
2010-02-09,491.2000
2010-02-10,491.2800
2010-02-11,498.0100
2010-02-12,503.8800
2010-02-16,508.9500
2010-02-17,515.1600
2010-02-18,513.3300
2010-02-19,504.3900
2010-02-22,512.2500
2010-02-23,513.9000
2010-02-24,514.0400
2010-02-25,504.6300
2010-02-26,507.0300
2010-03-02,507.9600
2010-03-03,509.6300
2010-03-04,507.5900
2010-03-05,511.2800
2010-03-08,517.6300
2010-03-09,518.1200
2010-03-10,518.6700
2010-03-11,517.5700
2010-03-12,519.4400
2010-03-15,517.7500
2010-03-16,520.8800
2010-03-17,522.9800
2010-03-18,524.3100
2010-03-19,527.5800
2010-03-22,527.0700
2010-03-23,526.4200
2010-03-24,519.8000
2010-03-25,520.2400
2010-03-26,524.6600
2010-03-29,518.0600
2010-03-30,518.0500
2010-03-31,515.7400
2010-04-01,519.1900
2010-04-02,514.9500
2010-04-05,505.1300
2010-04-06,506.3900
2010-04-07,510.9000
2010-04-08,513.2900
2010-04-09,512.1500
2010-04-12,507.6700
2010-04-13,506.5300
2010-04-14,509.6900
2010-04-15,508.6100
2010-04-16,508.4200
2010-04-19,502.7000
2010-04-20,510.5000
2010-04-21,515.9900
2010-04-22,516.4700
2010-04-23,516.5100
2010-04-26,517.6800
2010-04-27,519.2400
2010-04-28,517.8500
2010-04-29,519.2100
2010-04-30,523.7500
2010-05-03,519.7800
2010-05-04,518.9900
2010-05-06,509.2300
2010-05-07,499.7100
2010-05-10,512.1600
2010-05-11,512.2200
2010-05-12,512.1300
2010-05-13,522.5400
2010-05-14,524.9800
2010-05-17,510.2500
2010-05-18,504.5200
2010-05-19,500.4500
2010-05-20,481.0600
2010-05-24,476.3300
2010-05-25,449.9600
2010-05-26,463.0000
2010-05-27,473.3200
2010-05-28,479.0300
2010-05-31,489.4200
2010-06-01,488.7900
2010-06-03,495.7400
2010-06-04,493.7100
2010-06-07,483.1200
2010-06-08,490.3400
2010-06-09,487.0000
2010-06-10,491.6300
2010-06-11,491.2500
2010-06-14,492.7000
2010-06-15,495.0800
2010-06-16,495.9600
2010-06-17,495.1800
2010-06-18,495.2300
2010-06-21,498.3600
2010-06-22,496.6500
2010-06-23,494.9500
2010-06-24,499.1400
2010-06-25,498.1200
2010-06-28,498.7500
2010-06-29,487.5400
2010-06-30,489.9800
2010-07-01,489.5900
2010-07-02,485.6900
2010-07-05,486.1500
2010-07-06,487.4100
2010-07-07,486.4100
2010-07-08,488.9600
2010-07-09,492.1500
2010-07-12,496.7000
2010-07-13,497.7900
2010-07-14,499.9700
2010-07-15,501.7300
2010-07-16,498.8800
2010-07-19,498.4900
2010-07-20,499.7200
2010-07-21,496.7300
2010-07-22,484.7200
2010-07-23,483.6900
2010-07-26,488.1400
2010-07-27,487.7400
2010-07-28,486.7500
2010-07-29,482.5600
2010-07-30,481.4500
2010-08-02,481.9800
2010-08-03,481.9400
2010-08-04,479.5900
2010-08-05,476.4700
2010-08-06,478.4700
2010-08-09,483.8700
2010-08-10,482.1600
2010-08-11,475.1400
2010-08-12,470.9800
2010-08-13,477.1700
2010-08-16,476.0800
2010-08-17,477.6500
2010-08-18,478.3300
2010-08-19,480.7700
2010-08-20,480.3800
2010-08-23,477.1400
2010-08-24,474.9700
2010-08-25,467.8100
2010-08-26,464.5300
2010-08-27,461.5200
2010-08-30,466.0900
2010-08-31,464.7100
2010-09-01,469.7500
2010-09-02,473.0000
2010-09-03,478.3000
2010-09-06,482.8200
2010-09-07,480.2000
2010-09-08,478.6000
2010-09-09,481.8600
2010-09-10,484.4800
2010-09-13,483.4900
2010-09-14,481.7900
2010-09-15,481.2800
2010-09-16,480.6200
2010-09-17,483.2500
2010-09-20,483.8300
2010-09-24,485.1500
2010-09-27,486.2900
2010-09-28,487.7400
2010-09-29,489.6100
2010-09-30,492.7500
2010-10-01,495.0600
2010-10-04,493.7800
2010-10-05,493.5500
2010-10-06,497.3300
2010-10-07,496.1400
2010-10-08,497.0800
2010-10-11,496.8000
2010-10-12,494.0800
2010-10-13,499.1200
2010-10-14,504.5900
2010-10-15,509.5900
2010-10-18,516.1900
2010-10-19,514.5900
2010-10-20,520.2100
2010-10-21,522.6600
2010-10-22,523.1200
2010-10-25,525.8600
2010-10-26,526.6400
2010-10-27,528.5900
2010-10-28,527.3600
2010-10-29,526.4500
2010-11-01,527.9800
2010-11-02,523.9300
2010-11-03,525.8900
2010-11-04,531.5300
2010-11-05,528.6600
2010-11-08,528.4700
2010-11-09,526.9300
2010-11-10,528.2700
2010-11-11,524.0500
2010-11-12,509.3500
2010-11-15,504.8300
2010-11-16,503.0400
2010-11-17,505.7400
2010-11-18,514.1300
2010-11-19,517.0400
2010-11-22,515.9800
2010-11-23,511.5800
2010-11-24,505.3200
2010-11-25,508.2800
2010-11-26,493.5600
2010-11-29,494.3300
2010-11-30,498.3900
2010-12-01,502.4800
2010-12-02,505.9400
2010-12-03,502.1300
2010-12-06,502.5400
2010-12-07,504.4900
2010-12-08,502.8000
2010-12-09,506.4500
2010-12-10,509.2000
2010-12-13,513.4100
2010-12-14,515.0000
2010-12-15,514.6900
2010-12-16,511.7100
2010-12-17,510.7400
2010-12-20,497.9500
2010-12-21,506.6700
2010-12-22,505.0100
2010-12-23,502.3900
2010-12-24,499.6300
2010-12-27,496.6800
2010-12-28,494.9500
2010-12-29,502.3100
2010-12-30,510.6900
2011-01-03,518.0500
2011-01-04,521.3500
2011-01-05,523.8100
2011-01-06,527.6400
2011-01-07,530.8400
2011-01-10,533.9800
2011-01-11,533.6700
2011-01-12,535.4300
2011-01-13,534.2700
2011-01-14,535.2000
2011-01-17,533.0100
2011-01-18,529.0200
2011-01-19,532.9700
2011-01-20,533.3600
2011-01-21,525.7500
2011-01-24,527.0900
2011-01-25,522.9600
2011-01-26,524.7100
2011-01-27,528.6300
2011-01-28,527.4600
2011-01-31,521.3800
2011-02-01,524.5000
2011-02-07,531.0900
2011-02-08,531.4700
2011-02-09,525.7400
2011-02-10,522.7000
2011-02-11,517.7300
2011-02-14,520.3500
2011-02-15,520.8800
2011-02-16,520.0800
2011-02-17,511.0800
2011-02-18,518.5500
2011-02-21,520.5900
2011-02-22,512.0600
2011-02-23,507.1600
2011-02-24,501.1100
2011-02-25,509.3300
2011-02-28,504.4600
2011-03-02,503.4600
2011-03-03,510.9400
2011-03-04,518.7900
2011-03-07,518.7700
2011-03-08,524.9900
2011-03-09,522.7000
2011-03-10,522.1700
2011-03-11,518.5500
2011-03-14,502.9800
2011-03-15,489.4400
2011-03-16,492.3600
2011-03-17,487.8100
2011-03-18,494.7900
2011-03-21,506.5300
2011-03-22,507.8000
2011-03-23,510.1700
2011-03-24,513.7000
2011-03-25,514.5700
2011-03-28,512.7400
2011-03-29,514.1900
2011-03-30,520.2100
2011-03-31,525.4200
2011-04-01,532.0600
2011-04-04,534.9000
2011-04-05,537.6600
2011-04-06,533.9800
2011-04-07,534.9700
2011-04-08,534.2000
2011-04-11,533.1100
2011-04-12,525.1100
2011-04-13,528.7000
2011-04-14,531.4700
2011-04-15,534.5800
2011-04-18,528.5200
2011-04-19,526.6200
2011-04-20,532.2500
2011-04-21,529.5800
2011-04-22,525.2600
2011-04-25,528.6000
2011-04-26,521.6800
2011-04-27,518.3900
2011-04-28,514.6700
2011-04-29,511.0000
2011-05-02,516.7600
2011-05-03,512.5100
2011-05-04,510.5300
2011-05-06,506.4200
2011-05-09,504.3700
2011-05-11,505.1800
2011-05-12,504.4600
2011-05-13,507.2800
2011-05-16,506.0700
2011-05-17,501.7200
2011-05-18,498.9400
2011-05-19,487.0300
2011-05-20,486.2400
2011-05-23,472.9400
2011-05-24,474.3200
2011-05-25,471.2300
2011-05-26,479.9600
2011-05-27,483.2200
2011-05-30,480.5200
2011-05-31,484.5400
2011-06-01,483.2300
2011-06-02,477.8300
2011-06-03,476.1000
2011-06-07,472.8000
2011-06-08,469.1500
2011-06-09,473.4700
2011-06-10,466.9100
2011-06-13,458.1500
2011-06-14,462.2900
2011-06-15,464.8300
2011-06-16,460.5400
2011-06-17,459.3300
2011-06-20,457.2300
2011-06-21,459.5700
2011-06-22,463.7700
2011-06-23,464.6200
2011-06-24,473.6600
2011-06-27,475.4300
2011-06-28,474.6500
2011-06-29,476.5700
2011-06-30,479.5500
2011-07-01,484.1100
2011-07-04,489.3000
2011-07-05,492.3700
2011-07-06,492.9400
2011-07-07,495.5200
2011-07-08,496.8200
2011-07-11,498.3700
2011-07-12,490.6300
2011-07-13,494.9700
2011-07-14,497.1800
2011-07-15,507.0000
2011-07-18,517.9300
2011-07-19,524.4800
2011-07-20,526.6100
2011-07-21,524.5400
2011-07-22,531.2400
2011-07-25,529.9000
2011-07-26,535.8500
2011-07-27,538.1200
2011-07-28,538.5400
2011-07-29,536.0500
2011-08-01,544.3900
2011-08-02,538.0600
2011-08-03,531.9100
2011-08-04,522.0700
2011-08-05,495.5500
2011-08-08,462.6900
2011-08-09,432.8800
2011-08-10,453.5500
2011-08-11,469.2400
2011-08-12,474.1500
2011-08-16,496.2300
2011-08-17,506.4400
2011-08-18,507.8000
2011-08-19,474.6500
2011-08-22,465.9000
2011-08-23,479.7500
2011-08-24,474.2900
2011-08-25,471.5000
2011-08-26,473.3100
2011-08-29,483.2700
2011-08-30,488.4900
2011-08-31,493.4400
2011-09-01,490.2200
2011-09-02,494.4700
2011-09-05,480.4300
2011-09-06,465.3500
2011-09-07,479.1700
2011-09-08,475.3000
2011-09-09,470.9400
2011-09-14,452.3000
2011-09-15,454.9500
2011-09-16,467.8400
2011-09-19,462.8400
2011-09-20,470.1100
2011-09-21,477.5100
2011-09-22,471.4100
2011-09-23,446.5100
2011-09-26,409.5500
2011-09-27,433.4100
2011-09-28,434.2000
2011-09-29,443.2600
2011-09-30,449.6600
2011-10-04,436.1300
2011-10-05,421.1800
2011-10-06,431.1800
2011-10-07,442.6400
2011-10-10,453.9100
2011-10-11,459.0600
2011-10-12,467.6500
2011-10-13,473.5600
2011-10-14,473.8900
2011-10-17,485.3800
2011-10-18,483.4300
2011-10-19,488.1700
2011-10-20,469.9800
2011-10-21,481.2200
2011-10-24,493.0300
2011-10-25,492.6900
2011-10-26,497.5100
2011-10-27,497.0400
2011-10-28,490.5900
2011-10-31,490.6900
2011-11-01,492.3600
2011-11-02,493.4900
2011-11-03,487.9100
2011-11-04,502.8000
2011-11-07,509.7700
2011-11-08,507.1100
2011-11-09,509.4100
2011-11-10,488.7700
2011-11-11,500.0800
2011-11-14,510.0900
2011-11-15,508.3300
2011-11-16,497.5800
2011-11-17,506.5400
2011-11-18,503.0900
2011-11-21,498.3600
2011-11-22,505.6900
2011-11-23,490.4900
2011-11-24,489.4800
2011-11-25,479.5500
2011-11-28,486.3600
2011-11-29,492.7300
2011-11-30,492.8100
2011-12-01,496.3300
2011-12-02,498.3300
2011-12-05,505.8200
2011-12-06,502.5900
2011-12-07,505.6800
2011-12-08,508.6500
2011-12-09,507.6000
2011-12-12,515.2200
2011-12-13,511.3000
2011-12-14,508.3800
2011-12-15,497.7600
2011-12-16,504.5800
2011-12-19,477.6100
2011-12-20,489.6100
2011-12-21,500.6400
2011-12-22,501.5400
2011-12-23,502.3600
2011-12-26,501.3700
2011-12-27,491.6400
2011-12-28,495.2200
2011-12-29,500.1800
2012-01-02,506.7900
2012-01-03,513.8300
2012-01-04,516.3000
2012-01-05,521.9600
2012-01-06,518.9400
2012-01-09,520.2800
2012-01-10,525.7400
2012-01-11,518.5800
2012-01-12,520.3400
2012-01-13,523.1300
2012-01-16,519.8500
2012-01-17,519.5800
2012-01-18,513.2000
2012-01-19,515.7000
2012-01-20,512.1700
2012-01-25,511.4700
2012-01-26,516.4500
2012-01-27,515.8100
2012-01-30,510.3300
2012-01-31,513.9900
2012-02-01,519.2500
2012-02-02,522.0800
2012-02-03,522.5900
2012-02-06,517.1000
2012-02-07,519.0700
2012-02-08,520.9500
2012-02-09,524.2700
2012-02-10,528.6700
2012-02-13,533.1900
2012-02-14,535.3600
2012-02-15,537.8600
2012-02-16,535.3000
2012-02-17,540.1400
2012-02-20,540.3300
2012-02-21,543.0600
2012-02-22,544.2000
2012-02-23,541.1300
2012-02-24,544.1400
2012-02-27,538.3400
2012-02-28,540.3500
2012-02-29,542.3000
2012-03-02,543.9700
2012-03-05,539.7400
2012-03-06,533.6200
2012-03-07,532.4800
2012-03-08,535.7600
2012-03-09,539.5500
2012-03-12,536.1100
2012-03-13,538.4600
2012-03-14,538.8600
2012-03-15,538.3100
2012-03-16,539.7800
2012-03-19,539.8300
2012-03-20,535.5500
2012-03-21,533.9300
2012-03-22,527.9000
2012-03-23,527.4700
2012-03-26,523.3900
2012-03-27,521.7400
2012-03-28,519.5600
2012-03-29,514.2100
2012-03-30,519.5600
2012-04-02,521.8000
2012-04-03,515.8300
2012-04-04,502.9700
2012-04-05,503.3400
2012-04-06,503.4100
2012-04-09,486.8000
2012-04-10,484.7700
2012-04-12,485.7100
2012-04-13,499.4600
2012-04-16,501.0900
2012-04-17,500.3800
2012-04-18,503.6300
2012-04-19,501.9200
2012-04-20,497.5600
2012-04-23,495.0200
2012-04-24,487.6200
2012-04-25,483.4800
2012-04-26,476.6200
2012-04-27,479.0800
2012-04-30,478.8900
2012-05-02,485.5400
2012-05-03,487.4400
2012-05-04,490.5300
2012-05-07,487.0100
2012-05-08,494.6000
2012-05-09,491.5600
2012-05-10,494.2700
2012-05-11,493.6600
2012-05-14,488.5300
2012-05-15,480.5000
2012-05-16,465.0100
2012-05-17,468.1300
2012-05-18,448.6800
2012-05-21,448.8900
2012-05-22,461.4500
2012-05-23,455.9000
2012-05-24,455.7200
2012-05-25,462.4000
2012-05-29,470.0200
2012-05-30,469.6200
2012-05-31,471.9400
2012-06-01,472.1300
2012-06-04,450.8400
2012-06-05,456.6800
2012-06-07,466.1800
2012-06-08,461.9900
2012-06-11,469.5900
2012-06-12,471.9700
2012-06-13,470.9600
2012-06-14,472.0300
2012-06-15,467.7500
2012-06-18,475.2600
2012-06-19,478.3600
2012-06-20,484.5500
2012-06-21,485.1800
2012-06-22,485.1900
2012-06-25,484.4400
2012-06-26,484.3400
2012-06-27,483.0300
2012-06-28,485.9100
2012-06-29,489.1600
2012-07-02,490.4300
2012-07-03,493.9100
2012-07-04,495.8100
2012-07-05,497.3400
2012-07-06,497.2100
2012-07-09,495.2300
2012-07-10,492.3400
2012-07-11,491.9300
2012-07-12,486.3800
2012-07-13,484.3200
2012-07-16,483.5000
2012-07-17,480.6100
2012-07-18,472.8800
2012-07-19,478.6800
2012-07-20,481.8300
2012-07-23,472.2400
2012-07-24,468.2800
2012-07-25,454.7200
2012-07-26,457.8600
2012-07-27,464.7200
2012-07-30,465.4600
2012-07-31,467.6100
2012-08-01,468.5300
2012-08-02,466.6300
2012-08-03,465.2800
2012-08-06,469.6100
2012-08-07,471.6000
2012-08-08,471.4200
2012-08-09,474.0500
2012-08-10,475.5100
2012-08-13,478.4000
2012-08-14,480.7400
2012-08-16,485.3200
2012-08-17,487.2600
2012-08-20,490.1300
2012-08-21,491.7200
2012-08-22,492.8900
2012-08-23,499.3400
2012-08-24,497.5100
2012-08-27,493.8300
2012-08-28,499.5300
2012-08-29,505.3200
2012-08-30,505.6400
2012-08-31,508.3500
2012-09-03,512.4500
2012-09-04,507.4100
2012-09-05,505.3900
2012-09-06,506.7200
2012-09-07,510.8700
2012-09-10,512.1100
2012-09-11,514.4200
2012-09-12,517.5200
2012-09-13,520.4800
2012-09-14,519.1400
2012-09-17,519.0000
2012-09-18,523.5200
2012-09-19,528.0600
2012-09-20,528.0600
2012-09-21,531.4900
2012-09-24,532.2800
2012-09-25,522.9600
2012-09-26,520.7100
2012-09-27,518.2900
2012-09-28,523.7800
2012-10-02,527.5600
2012-10-04,531.4400
2012-10-05,535.8200
2012-10-08,537.7900
2012-10-09,540.4300
2012-10-10,533.8600
2012-10-11,534.9500
2012-10-12,539.8600
2012-10-15,529.3300
2012-10-16,530.2300
2012-10-17,528.2200
2012-10-18,514.1600
2012-10-19,518.8100
2012-10-22,523.0000
2012-10-23,524.1500
2012-10-24,524.3500
2012-10-25,518.2500
2012-10-26,505.5000
2012-10-29,494.8800
2012-10-30,502.3100
2012-10-31,508.3100
2012-11-01,508.8300
2012-11-02,513.3700
2012-11-05,515.1400
2012-11-06,517.5300
2012-11-07,518.4500
2012-11-08,519.0400
2012-11-09,519.9000
2012-11-12,521.4300
2012-11-13,513.8000
2012-11-14,503.2400
2012-11-15,493.8400
2012-11-16,482.9900
2012-11-19,493.1400
2012-11-20,496.6600
2012-11-21,492.1900
2012-11-22,497.0300
2012-11-23,498.8200
2012-11-26,496.2400
2012-11-27,493.6300
2012-11-28,494.4800
2012-11-29,496.7300
2012-11-30,499.3700
2012-12-03,498.9700
2012-12-04,502.7100
2012-12-05,496.5000
2012-12-06,488.0300
2012-12-07,489.2200
2012-12-10,489.5900
2012-12-11,481.5900
2012-12-12,485.3300
2012-12-13,490.1500
2012-12-14,491.6500
2012-12-17,485.4800
2012-12-18,483.1900
2012-12-20,479.2100
2012-12-21,478.0600
2012-12-24,483.7600
2012-12-26,482.7600
2012-12-27,492.0800
2012-12-28,496.3200
2013-01-02,501.6100
2013-01-03,499.0700
2013-01-04,504.8400
2013-01-07,508.7200
2013-01-08,509.0100
2013-01-09,511.9400
2013-01-10,514.4800
2013-01-11,515.4200
2013-01-14,513.4400
2013-01-15,508.0200
2013-01-16,507.6800
2013-01-17,506.3500
2013-01-18,512.2400
2013-01-21,514.6600
2013-01-22,516.5900
2013-01-23,513.2600
2013-01-24,508.6300
2013-01-25,506.8300
2013-01-28,504.2000
2013-01-29,505.3500
2013-01-30,502.8000
2013-01-31,503.6700
2013-02-01,503.3100
2013-02-04,501.3200
2013-02-05,498.1600
2013-02-06,502.5600
2013-02-07,501.7800
2013-02-08,504.9400
2013-02-12,503.7200
2013-02-13,507.9900
2013-02-14,512.5300
2013-02-15,514.5800
2013-02-18,518.5200
2013-02-19,522.4900
2013-02-20,525.6900
2013-02-21,524.4400
2013-02-22,528.3600
2013-02-25,527.2700
2013-02-26,528.5600
2013-02-27,533.3600
2013-02-28,535.8700
2013-03-04,537.3800
2013-03-05,543.9600
2013-03-06,544.3600
2013-03-07,541.3000
2013-03-08,543.1000
2013-03-11,540.4400
2013-03-12,543.8800
2013-03-13,549.7300
2013-03-14,553.5800
2013-03-15,554.8100
2013-03-18,541.0900
2013-03-19,550.0100
2013-03-20,546.2600
2013-03-21,544.5600
2013-03-22,551.2500
2013-03-25,549.5600
2013-03-26,549.9000
2013-03-27,548.7200
2013-03-28,552.6400
2013-03-29,555.0200
2013-04-01,553.9700
2013-04-02,552.8300
2013-04-03,557.9600
2013-04-04,555.2300
2013-04-05,547.5100
2013-04-08,528.7800
2013-04-09,528.1500
2013-04-10,534.8400
2013-04-11,544.3000
2013-04-12,547.1900
2013-04-15,553.9900
2013-04-16,558.9500
2013-04-17,558.5400
2013-04-18,551.1000
2013-04-19,541.4600
2013-04-22,547.1000
2013-04-23,554.3700
2013-04-24,563.8100
2013-04-25,559.4000
2013-04-26,565.3500
2013-04-29,568.3600
2013-04-30,563.8700
2013-05-02,560.4800
2013-05-03,565.3300
2013-05-06,567.1300
2013-05-07,573.6800
2013-05-08,576.7000
2013-05-09,573.3500
2013-05-10,569.7000
2013-05-13,565.7200
2013-05-14,560.4700
2013-05-15,565.6500
2013-05-16,566.0600
2013-05-20,567.3200
2013-05-21,572.6900
2013-05-22,574.2500
2013-05-23,569.3400
2013-05-24,574.0600
2013-05-27,577.5600
2013-05-28,585.7600
2013-05-29,585.6900
2013-05-30,581.1300
2013-05-31,577.8700
2013-06-03,569.4100
2013-06-04,561.5500
2013-06-05,549.0900
2013-06-07,535.7500
2013-06-10,547.0000
2013-06-11,547.8700
2013-06-12,546.2000
2013-06-13,540.8200
2013-06-14,536.0400
2013-06-17,524.5000
2013-06-18,534.2600
2013-06-19,531.4100
2013-06-20,525.5900
2013-06-21,520.8900
2013-06-24,508.6500
2013-06-25,480.9600
2013-06-26,493.0700
2013-06-27,512.2500
2013-06-28,519.0600
2013-07-01,527.8100
2013-07-02,526.9200
2013-07-03,521.3100
2013-07-04,525.2200
2013-07-05,525.4000
2013-07-08,515.8500
2013-07-09,519.3400
2013-07-10,515.6400
2013-07-11,527.2500
2013-07-12,532.4700
2013-07-15,531.6700
2013-07-16,537.7200
2013-07-17,541.8200
2013-07-18,541.5600
2013-07-19,541.8700
2013-07-22,541.1400
2013-07-23,541.6400
2013-07-24,543.6000
2013-07-25,541.9400
2013-07-26,545.3100
2013-07-29,540.9800
2013-07-30,546.4300
2013-07-31,554.3100
2013-08-01,549.5200
2013-08-02,551.7600
2013-08-05,556.6000
2013-08-06,557.3600
2013-08-07,554.7300
2013-08-08,555.3000
2013-08-09,554.9300
2013-08-12,550.2500
2013-08-13,550.8500
2013-08-14,550.8700
2013-08-16,548.7900
2013-08-19,550.4900
2013-08-20,537.5700
2013-08-21,530.5400
2013-08-22,517.6400
2013-08-23,529.1900
2013-08-26,533.7300
2013-08-27,524.3900
2013-08-28,517.4400
2013-08-29,520.3700
2013-08-30,516.7400
2013-09-02,525.1800
2013-09-03,525.8900
2013-09-04,526.1600
2013-09-05,528.0600
2013-09-06,523.7700
2013-09-09,521.1100
2013-09-10,523.1500
2013-09-11,529.3400
2013-09-12,529.5800
2013-09-13,530.8900
2013-09-16,526.2000
2013-09-17,527.1100
2013-09-23,527.0700
2013-09-24,527.2900
2013-09-25,527.2700
2013-09-26,532.8300
2013-09-27,537.5000
2013-09-30,534.8900
2013-10-01,530.3500
2013-10-02,532.0200
2013-10-04,532.0100
2013-10-07,528.4400
2013-10-08,528.8300
2013-10-10,529.0400
2013-10-11,532.6000
2013-10-14,531.6600
2013-10-15,533.1200
2013-10-16,525.6800
2013-10-17,521.5200
2013-10-18,525.6900
2013-10-21,529.3400
2013-10-22,531.8900
2013-10-23,525.3800
2013-10-24,531.0300
2013-10-25,534.0200
2013-10-28,534.9800
2013-10-29,533.9100
2013-10-30,537.6800
2013-10-31,532.4400
2013-11-01,534.7400
2013-11-04,533.6400
2013-11-05,528.7300
2013-11-06,525.9900
2013-11-07,520.6500
2013-11-08,515.7400
2013-11-11,502.9400
2013-11-12,510.7300
2013-11-13,505.6000
2013-11-14,511.7500
2013-11-15,512.7400
2013-11-18,509.5400
2013-11-19,505.5000
2013-11-20,504.1600
2013-11-21,501.0500
2013-11-22,504.0600
2013-11-25,507.7600
2013-11-26,510.5400
2013-11-27,511.6500
2013-11-28,515.5200
2013-11-29,517.0600
2013-12-02,512.6900
2013-12-03,508.1600
2013-12-04,506.2800
2013-12-05,506.3200
2013-12-06,506.3200
2013-12-09,502.2300
2013-12-10,497.7200
2013-12-11,494.7800
2013-12-12,495.6400
2013-12-13,494.3600
2013-12-16,488.1900
2013-12-17,486.1500
2013-12-18,485.6500
2013-12-19,484.1700
2013-12-20,488.4100
2013-12-23,489.6300
2013-12-24,491.0800
2013-12-26,488.8700
2013-12-27,496.7700
2013-12-30,499.9900
2014-01-02,496.2800
2014-01-03,499.3300
2014-01-06,500.6200
2014-01-07,504.8600
2014-01-08,509.7800
2014-01-09,511.6000
2014-01-10,510.1900
2014-01-13,512.9200
2014-01-14,512.2700
2014-01-15,515.9700
2014-01-16,517.8300
2014-01-17,518.1000
2014-01-20,519.9900
2014-01-21,520.9900
2014-01-22,523.0700
2014-01-23,522.7200
2014-01-24,520.3100
2014-01-27,507.5100
2014-01-28,509.2900
2014-01-29,515.2000
2014-02-03,513.6200
2014-02-04,507.5600
2014-02-05,505.6200
2014-02-06,509.8700
2014-02-07,514.4500
2014-02-10,518.4700
2014-02-11,518.9000
2014-02-12,520.6400
2014-02-13,521.8200
2014-02-14,522.5800
2014-02-17,522.0000
2014-02-18,525.4200
2014-02-19,529.8700
2014-02-20,525.6900
2014-02-21,528.5100
2014-02-24,526.3400
2014-02-25,528.6100
2014-02-26,529.2300
2014-02-27,528.3700
2014-02-28,528.9600
2014-03-03,529.8600
2014-03-04,531.5400
2014-03-05,536.7700
2014-03-06,540.3300
2014-03-07,543.7600
2014-03-10,542.1900
2014-03-11,547.6800
2014-03-12,539.3000
2014-03-13,547.5100
2014-03-14,544.2700
2014-03-17,535.8200
2014-03-18,541.1500
2014-03-19,542.2500
2014-03-20,541.7900
2014-03-21,546.8100
2014-03-24,545.6000
2014-03-25,539.0500
2014-03-26,544.1300
2014-03-27,541.4600
2014-03-28,544.1000
2014-03-31,541.5800
2014-04-01,549.0800
2014-04-02,557.6500
2014-04-03,557.0100
2014-04-04,560.4400
2014-04-07,554.2300
2014-04-08,554.0700
2014-04-09,552.2200
2014-04-10,555.1000
2014-04-11,555.8700
2014-04-14,562.0400
2014-04-15,562.1100
2014-04-16,565.9600
2014-04-17,565.7500
2014-04-18,571.2300
2014-04-21,569.2800
2014-04-22,570.9800
2014-04-23,565.4700
2014-04-24,561.1200
2014-04-25,556.4800
2014-04-28,556.9600
2014-04-29,556.9700
2014-04-30,559.3400
2014-05-02,558.6600
2014-05-07,550.3500
2014-05-08,546.8900
2014-05-09,550.1900
2014-05-12,551.4000
2014-05-13,557.1600
2014-05-14,560.3000
2014-05-15,561.7500
2014-05-16,557.5900
2014-05-19,546.8100
2014-05-20,542.9600
2014-05-21,545.5900
2014-05-22,546.7500
2014-05-23,549.7000
2014-05-26,548.8300
2014-05-27,547.9700
2014-05-28,549.9600
2014-05-29,549.6100
2014-05-30,546.5300
2014-06-02,535.1500
2014-06-03,531.2800
2014-06-05,523.1200
2014-06-09,524.0300
2014-06-10,532.6400
2014-06-11,533.3000
2014-06-12,536.1400
2014-06-13,536.3400
2014-06-16,536.0200
2014-06-17,537.9000
2014-06-18,537.0500
2014-06-19,536.7900
2014-06-20,536.6900
2014-06-23,529.9600
2014-06-24,529.4900
2014-06-25,527.2600
2014-06-26,530.0400
2014-06-27,531.4300
2014-06-30,537.0600
2014-07-01,544.9000
2014-07-02,549.0300
2014-07-03,550.6800
2014-07-04,552.9000
2014-07-07,553.1500
2014-07-08,554.9000
2014-07-09,555.8400
2014-07-10,559.3200
2014-07-11,556.5800
2014-07-14,561.5000
2014-07-15,559.1500
2014-07-16,555.2700
2014-07-17,558.9400
2014-07-18,560.2600
2014-07-21,561.7500
2014-07-22,564.9300
2014-07-23,563.1400
2014-07-24,559.6700
2014-07-25,562.7800
2014-07-28,552.9800
2014-07-29,541.8200
2014-07-30,541.8100
2014-07-31,536.3200
2014-08-01,541.0900
2014-08-04,549.6100
2014-08-05,547.7500
2014-08-06,548.4300
2014-08-07,547.1100
2014-08-08,544.2400
2014-08-11,546.3000
2014-08-12,545.7600
2014-08-13,551.7300
2014-08-14,558.1800
2014-08-18,561.1000
2014-08-19,562.6600
2014-08-20,561.9600
2014-08-21,562.5200
2014-08-22,566.3500
2014-08-25,564.4000
2014-08-26,568.2400
2014-08-27,567.2300
2014-08-28,570.2400
2014-08-29,570.2000
2014-09-01,566.9500
2014-09-02,568.7400
2014-09-03,571.4000
2014-09-04,568.9000
2014-09-05,572.3700
2014-09-11,573.7000
2014-09-12,570.6500
2014-09-15,565.7700
2014-09-16,572.3600
2014-09-17,574.9800
2014-09-18,576.9700
2014-09-19,581.3800
2014-09-22,577.3500
2014-09-23,575.5600
2014-09-24,580.4200
2014-09-25,577.4800
2014-09-26,577.6600
2014-09-29,569.2700
2014-09-30,573.2200
2014-10-01,566.9900
2014-10-02,569.8400
2014-10-06,566.2700
2014-10-07,562.8200
2014-10-08,566.7400
2014-10-10,555.9500
2014-10-13,534.3100
2014-10-14,544.0500
2014-10-15,545.5100
2014-10-16,545.4900
2014-10-17,547.7000
2014-10-20,556.0100
2014-10-21,557.5400
2014-10-22,564.5200
2014-10-23,564.3100
2014-10-24,560.6600
2014-10-27,559.9200
2014-10-28,562.2900
2014-10-29,561.0300
2014-10-30,557.8600
2014-10-31,558.7000
2014-11-03,552.4700
2014-11-04,542.1600
2014-11-05,540.2700
2014-11-06,531.8100
2014-11-07,539.9000
2014-11-10,539.2200
2014-11-11,545.1300
2014-11-12,546.4600
2014-11-13,547.7000
2014-11-14,541.9300
2014-11-17,531.1800
2014-11-18,536.2000
2014-11-19,540.8400
2014-11-20,539.9300
2014-11-21,543.9800
2014-11-24,541.9300
2014-11-25,546.3400
2014-11-26,547.3400
2014-11-27,545.9700
2014-11-28,545.0800
2014-12-01,539.4500
2014-12-02,541.5300
2014-12-03,545.0200
2014-12-04,548.1600
2014-12-05,550.8500
2014-12-08,551.4000
2014-12-09,546.5700
2014-12-10,541.9600
2014-12-11,537.2100
2014-12-12,533.6700
2014-12-15,538.0900
2014-12-16,534.1500
2014-12-17,533.0600
2014-12-18,527.5200
2014-12-19,535.5100
2014-12-22,536.7800
2014-12-23,534.6500
2014-12-24,536.8900
2014-12-26,535.1700
2014-12-29,539.2200
2014-12-30,542.9700
2015-01-02,553.7300
2015-01-05,561.2500
2015-01-06,558.9000
2015-01-07,561.3200
2015-01-08,566.4300
2015-01-09,572.9900
2015-01-12,574.7600
2015-01-13,571.0000
2015-01-14,574.1700
2015-01-15,581.3900
2015-01-16,577.4100
2015-01-19,577.9400
2015-01-20,582.2700
2015-01-21,584.3400
2015-01-22,578.4200
2015-01-23,589.3100
2015-01-26,590.3400
2015-01-27,587.8400
2015-01-28,594.3900
2015-01-29,593.1200
2015-01-30,591.5800
2015-02-02,590.2700
2015-02-03,593.3100
2015-02-04,598.2300
2015-02-05,600.8100
2015-02-06,604.1300
2015-02-09,593.7500
2015-02-10,592.9500
2015-02-11,601.4100
2015-02-12,602.2400
2015-02-13,608.0700
2015-02-16,610.1600
2015-02-17,609.1000
2015-02-23,615.5200
2015-02-24,621.3100
2015-02-25,616.5700
2015-02-26,617.0800
2015-02-27,624.5600
2015-03-02,621.8100
2015-03-03,625.6400
2015-03-04,630.3500
2015-03-05,631.4300
2015-03-06,635.8400
2015-03-09,629.2600
2015-03-10,621.9900
2015-03-11,619.6100
2015-03-12,628.1500
2015-03-13,634.2500
2015-03-16,635.4000
2015-03-17,636.0500
2015-03-18,628.9900
2015-03-19,631.8100
2015-03-20,640.0800
2015-03-23,640.2900
2015-03-24,641.8700
2015-03-25,651.0500
2015-03-26,642.5300
2015-03-27,640.1200
2015-03-30,646.7400
2015-03-31,650.4900
2015-04-01,650.2300
2015-04-02,650.5700
2015-04-03,658.0400
2015-04-06,662.1500
2015-04-07,666.8300
2015-04-08,668.0300
2015-04-09,676.9600
2015-04-10,682.0200
2015-04-13,689.3900
2015-04-14,684.9700
2015-04-15,694.4400
2015-04-16,698.3100
2015-04-17,706.9000
2015-04-20,706.9600
2015-04-21,714.5200
2015-04-22,703.3400
2015-04-23,692.4800
2015-04-24,690.7400
2015-04-27,699.3900
2015-04-28,696.7900
2015-04-29,695.6900
2015-04-30,689.0100
2015-05-04,677.9000
2015-05-06,665.9400
2015-05-07,673.0800
2015-05-08,681.6900
2015-05-11,692.2900
2015-05-12,686.7400
2015-05-13,692.2300
2015-05-14,699.2700
2015-05-15,705.4000
2015-05-18,703.2500
2015-05-19,706.7900
2015-05-20,713.9500
2015-05-21,715.6400
2015-05-22,713.5400
2015-05-26,708.6600
2015-05-27,699.1900
2015-05-28,709.0100
2015-05-29,711.3900
2015-06-01,715.7300
2015-06-02,704.7700
2015-06-03,696.9700
2015-06-04,704.5600
2015-06-05,707.2700
2015-06-08,716.4300
2015-06-09,722.5100
2015-06-10,718.2300
2015-06-11,717.0000
2015-06-12,712.4000
2015-06-15,705.8500
2015-06-16,706.2800
2015-06-17,718.6100
2015-06-18,725.2000
2015-06-19,729.9200
2015-06-22,734.6100
2015-06-23,739.8200
2015-06-24,746.6200
2015-06-25,753.6600
2015-06-26,750.5000
2015-06-29,733.0400
2015-06-30,742.2700
2015-07-01,760.6700
2015-07-02,768.6700
2015-07-03,769.2600
2015-07-06,752.0100
2015-07-07,729.6400
2015-07-08,726.2200
2015-07-09,726.0100
2015-07-10,730.7200
2015-07-13,749.4600
2015-07-14,757.1200
2015-07-15,761.5900
2015-07-16,774.4000
2015-07-17,773.2300
2015-07-20,782.6400
2015-07-21,781.9900
2015-07-22,776.5700
2015-07-23,776.9900
2015-07-24,776.2600
2015-07-27,751.0400
2015-07-28,745.2400
2015-07-29,730.4700
2015-07-30,712.8600
2015-07-31,725.0600
2015-08-03,714.3400
2015-08-04,730.0300
2015-08-05,741.2600
2015-08-06,747.7400
2015-08-07,751.4900
2015-08-10,746.3400
2015-08-11,732.2600
2015-08-12,717.2000
2015-08-13,731.3600
2015-08-17,722.0100
2015-08-18,699.8000
2015-08-19,670.5500
2015-08-20,656.7100
2015-08-21,627.0500
2015-08-24,613.3300
2015-08-25,645.4300
2015-08-26,667.4400
2015-08-27,673.7100
2015-08-28,687.9600
2015-08-31,687.1100
2015-09-01,672.9400
2015-09-02,678.0200
2015-09-03,678.2500
2015-09-04,650.4500
2015-09-07,648.8000
2015-09-08,638.2200
2015-09-09,660.6700
2015-09-10,668.2900
2015-09-11,669.8700
2015-09-14,662.8800
2015-09-15,666.7500
2015-09-16,676.4800
2015-09-17,671.0500
2015-09-18,690.1800
2015-09-21,688.9000
2015-09-22,693.6700
2015-09-23,680.2800
2015-09-24,683.8800
2015-09-25,682.7000
2015-09-30,678.4800
2015-10-01,684.7900
2015-10-02,686.4200
2015-10-05,691.1900
2015-10-06,689.0600
2015-10-07,679.8300
2015-10-08,674.9700
2015-10-12,672.9600
2015-10-13,672.8200
2015-10-14,668.9200
2015-10-15,676.0500
2015-10-16,681.7300
2015-10-19,684.2900
2015-10-20,691.2100
2015-10-21,686.5000
2015-10-22,676.3000
2015-10-23,681.9700
2015-10-26,690.7300
2015-10-27,688.3200
2015-10-28,693.5300
2015-10-29,690.6300
2015-10-30,683.6300
2015-11-02,680.0100
2015-11-03,682.1300
2015-11-04,686.1800
2015-11-05,694.4300
2015-11-06,694.2100
2015-11-09,671.8400
2015-11-10,656.7000
2015-11-11,667.2100
2015-11-12,672.9900
2015-11-13,670.5200
2015-11-16,659.2000
2015-11-17,672.1700
2015-11-18,670.6700
2015-11-19,680.5700
2015-11-20,685.1600
2015-11-23,688.2900
2015-11-24,687.8600
2015-11-25,688.7800
2015-11-26,693.4200
2015-11-27,694.2100
2015-11-30,688.3800
2015-12-01,691.9500
2015-12-02,690.3200
2015-12-03,690.7700
2015-12-04,685.7700
2015-12-07,683.3400
2015-12-08,668.4200
2015-12-09,664.0800
2015-12-10,658.0800
2015-12-11,653.4800
2015-12-14,630.3700
2015-12-15,639.7800
2015-12-16,647.2700
2015-12-17,658.1100
2015-12-18,667.4500
2015-12-21,668.6500
2015-12-22,663.4200
2015-12-23,659.6000
2015-12-24,656.5300
2015-12-28,652.0500
2015-12-29,673.2200
2015-12-30,682.3500
2016-01-04,677.7900
2016-01-05,684.0700
2016-01-06,687.2700
2016-01-07,679.6600
2016-01-08,682.5600
2016-01-11,674.9600
2016-01-12,671.3000
2016-01-13,686.0300
2016-01-14,683.1900
2016-01-15,678.4300
2016-01-18,683.6300
2016-01-19,681.2500
2016-01-20,669.6800
2016-01-21,665.8400
2016-01-22,670.9500
2016-01-25,681.4300
2016-01-26,678.8500
2016-01-27,675.2500
2016-01-28,681.2900
2016-01-29,682.8000
2016-02-01,685.5500
2016-02-02,684.8600
2016-02-03,680.9400
2016-02-04,683.6200
2016-02-05,681.3100
2016-02-11,647.6900
2016-02-12,608.4500
2016-02-15,621.3700
2016-02-16,634.9500
2016-02-17,623.4900
2016-02-18,638.4300
2016-02-19,644.5600
2016-02-22,650.1400
2016-02-23,642.3100
2016-02-24,643.9800
2016-02-25,646.2700
2016-02-26,649.3000
2016-02-29,651.6200
2016-03-02,662.2500
2016-03-03,669.0100
2016-03-04,673.8400
2016-03-07,672.2100
2016-03-08,674.3200
2016-03-09,679.6400
2016-03-10,687.6000
2016-03-11,689.1700
2016-03-14,691.0500
2016-03-15,693.3400
2016-03-16,693.4400
2016-03-17,691.4900
2016-03-18,695.0200
2016-03-21,692.4200
2016-03-22,691.5100
2016-03-23,689.3900
2016-03-24,686.2600
2016-03-25,683.2000
2016-03-28,676.5100
2016-03-29,686.5000
2016-03-30,691.1300
2016-03-31,688.3800
2016-04-01,690.6900
2016-04-04,696.9800
2016-04-05,695.7000
2016-04-06,694.0300
2016-04-07,697.1300
2016-04-08,697.1000
2016-04-11,693.0100
2016-04-12,693.4500
2016-04-14,693.4200
2016-04-15,695.6200
2016-04-18,695.3400
2016-04-19,701.6800
2016-04-20,699.8600
2016-04-21,701.6200
2016-04-22,703.0500
2016-04-25,703.7000
2016-04-26,702.0600
2016-04-27,699.5200
2016-04-28,699.7000
2016-04-29,699.7700
2016-05-02,690.2700
2016-05-03,698.6600
2016-05-04,694.1700
2016-05-09,691.8200
2016-05-10,700.2300
2016-05-11,703.9400
2016-05-12,705.0400
2016-05-13,704.3700
2016-05-16,701.4600
2016-05-17,695.9500
2016-05-18,683.8700
2016-05-19,679.3900
2016-05-20,684.9200
2016-05-23,691.0000
2016-05-24,687.7100
2016-05-25,689.3300
2016-05-26,687.9400
2016-05-27,691.5400
2016-05-30,692.0600
2016-05-31,698.4500
2016-06-01,700.0300
2016-06-02,701.1500
2016-06-03,701.4300
2016-06-07,704.7700
2016-06-08,703.9900
2016-06-09,705.0800
2016-06-10,706.8100
2016-06-13,695.6100
2016-06-14,692.9400
2016-06-15,694.6600
2016-06-16,680.2500
2016-06-17,678.8600
2016-06-20,688.9500
2016-06-21,688.5500
2016-06-22,688.1800
2016-06-23,679.5200
2016-06-24,647.1600
2016-06-27,648.1200
2016-06-28,659.3000
2016-06-29,669.8800
2016-06-30,675.0900
2016-07-01,684.2600
2016-07-04,688.1500
2016-07-05,692.7300
2016-07-06,685.5100
2016-07-07,695.9500
2016-07-08,692.6000
2016-07-11,697.2500
2016-07-12,699.4000
2016-07-13,702.6500
2016-07-14,703.3400
2016-07-15,700.2800
2016-07-18,700.9000
2016-07-19,702.4400
2016-07-20,705.0300
2016-07-21,708.1200
2016-07-22,707.5400
2016-07-25,704.9600
2016-07-26,705.4000
2016-07-27,701.0900
2016-07-28,703.7800
2016-07-29,706.2400
2016-08-01,703.7200
2016-08-02,700.9000
2016-08-03,698.3200
2016-08-04,701.6700
2016-08-05,696.0900
2016-08-08,696.4300
2016-08-09,700.7300
2016-08-10,707.4600
2016-08-11,703.3300
2016-08-12,705.1800
2016-08-16,698.8700
2016-08-17,693.6700
2016-08-18,696.9300
2016-08-19,696.2000
2016-08-22,688.1500
2016-08-23,687.3800
2016-08-24,687.7800
2016-08-25,683.9600
2016-08-26,680.4300
2016-08-29,663.5800
2016-08-30,667.6100
2016-08-31,663.6900
2016-09-01,671.2900
2016-09-02,676.9100
2016-09-05,679.4900
2016-09-06,679.2600
2016-09-07,672.4900
2016-09-08,667.4000
2016-09-09,664.9900
2016-09-12,652.9100
2016-09-13,660.1500
2016-09-19,666.6400
2016-09-20,674.5100
2016-09-21,678.2800
2016-09-22,685.2400
2016-09-23,688.5900
2016-09-26,686.7600
2016-09-27,687.9900
2016-09-28,686.7600
2016-09-29,689.8300
2016-09-30,681.2100
2016-10-04,685.8800
2016-10-05,685.4400
2016-10-06,684.3300
2016-10-07,675.9000
2016-10-10,674.7400
2016-10-11,670.6400
2016-10-12,669.9500
2016-10-13,663.0900
2016-10-14,664.9200
2016-10-17,659.8300
2016-10-18,660.2900
2016-10-19,661.2600
2016-10-20,655.6800
2016-10-21,651.7700
2016-10-24,647.8800
2016-10-25,640.1700
2016-10-26,635.5100
2016-10-27,648.5700
2016-10-28,640.1700
2016-10-31,624.6800
2016-11-01,626.3800
2016-11-02,606.0600
2016-11-03,609.9900
2016-11-04,610.8200
2016-11-07,622.1700
2016-11-08,624.1900
2016-11-09,599.7400
2016-11-10,623.2300
2016-11-11,621.8900
2016-11-14,621.2300
2016-11-15,617.4300
2016-11-16,627.8300
2016-11-17,627.7600
2016-11-18,620.2600
2016-11-21,609.3300
2016-11-22,610.7400
2016-11-23,600.2900
2016-11-24,592.6500
2016-11-25,597.8200
2016-11-28,593.0500
2016-11-29,596.0700
2016-11-30,596.1100
2016-12-01,593.8500
2016-12-02,586.7300
2016-12-05,575.1200
2016-12-06,581.3500
2016-12-07,578.5200
2016-12-08,584.6200
2016-12-09,594.3500
2016-12-12,603.0800
2016-12-13,611.0900
2016-12-14,612.4700
2016-12-15,620.6100
2016-12-16,622.0800
2016-12-19,622.7700
2016-12-20,617.9900
2016-12-21,618.6300
2016-12-22,615.9300
2016-12-23,619.7500
2016-12-26,615.1600
2016-12-27,618.3800
2016-12-28,627.2700
2016-12-29,631.4400
2017-01-02,632.0400
2017-01-03,636.5700
2017-01-04,639.7900
2017-01-05,642.4800
2017-01-06,643.6800
2017-01-09,642.1500
2017-01-10,636.7300
2017-01-11,637.9000
2017-01-12,632.8700
2017-01-13,634.6800
2017-01-16,627.8800
2017-01-17,624.0000
2017-01-18,626.8900
2017-01-19,626.1900
2017-01-20,622.1200
2017-01-23,615.9900
2017-01-24,612.9300
2017-01-25,609.6400
2017-01-26,616.8100
2017-01-31,616.1300
2017-02-01,623.6800
2017-02-02,613.0400
2017-02-03,609.2100
2017-02-06,610.9600
2017-02-07,608.7200
2017-02-08,608.7900
2017-02-09,611.0400
2017-02-10,610.5800
2017-02-13,611.9400
2017-02-14,611.5400
2017-02-15,615.9500
2017-02-16,616.5800
2017-02-17,618.7000
2017-02-20,619.9700
2017-02-21,622.4700
2017-02-22,621.3900
2017-02-23,617.6700
2017-02-24,614.7500
2017-02-27,612.1200
2017-02-28,612.2000
2017-03-02,608.9300
2017-03-03,600.7300
2017-03-06,604.0500
2017-03-07,606.0500
2017-03-08,605.7500
2017-03-09,606.1300
2017-03-10,612.2600
2017-03-13,615.5900
2017-03-14,614.1200
2017-03-15,608.6800
2017-03-16,613.8800
2017-03-17,613.2600
2017-03-20,609.1100
2017-03-21,609.7300
2017-03-22,607.5700
2017-03-23,605.5300
2017-03-24,608.1800
2017-03-27,607.0700
2017-03-28,612.2800
2017-03-29,613.6300
2017-03-30,614.6800
2017-03-31,619.2800
2017-04-03,628.5200
2017-04-04,625.4900
2017-04-05,630.1700
2017-04-06,630.4600
2017-04-07,633.3200
2017-04-10,619.4100
2017-04-11,621.6400
2017-04-12,621.4500
2017-04-13,623.8700
2017-04-14,618.2400
2017-04-17,629.4700
2017-04-18,634.7300
2017-04-19,635.9900
2017-04-20,635.8000
2017-04-21,634.9600
2017-04-24,626.6200
2017-04-25,632.5700
2017-04-26,635.1100
2017-04-27,631.1100
2017-04-28,628.2400
2017-05-02,626.4300
2017-05-04,635.1100
2017-05-08,643.3900
2017-05-10,642.6800
2017-05-11,647.5800
2017-05-12,643.7300
2017-05-15,645.3800
2017-05-16,639.1100
2017-05-17,640.0100
2017-05-18,638.1200
2017-05-19,642.4500
2017-05-22,642.6200
2017-05-23,644.7300
2017-05-24,646.0400
2017-05-25,643.0200
2017-05-26,646.0100
2017-05-29,642.9800
2017-05-30,649.0600
2017-05-31,652.0400
2017-06-01,653.8300
2017-06-02,658.7800
2017-06-05,662.3200
2017-06-07,666.4600
2017-06-08,669.9700
2017-06-09,674.1500
2017-06-12,664.8600
2017-06-13,669.2300
2017-06-14,671.5900
2017-06-15,669.8200
2017-06-16,670.7000
2017-06-19,675.4400
2017-06-20,669.4100
2017-06-21,665.7700
2017-06-22,663.2800
2017-06-23,668.9300
2017-06-26,668.3600
2017-06-27,672.6300
2017-06-28,665.8900
2017-06-29,668.0000
2017-06-30,669.0400
2017-07-03,660.9700
2017-07-04,656.1900
2017-07-05,661.5400
2017-07-06,663.7900
2017-07-07,663.7700
2017-07-10,657.8600
2017-07-11,656.0100
2017-07-12,651.1000
2017-07-13,652.6900
2017-07-14,654.1100
2017-07-17,659.8900
2017-07-18,664.0200
2017-07-19,671.5300
2017-07-20,676.5100
2017-07-21,676.6000
2017-07-24,677.3200
2017-07-25,670.4700
2017-07-26,667.2200
2017-07-27,666.4800
2017-07-28,652.9500
2017-07-31,650.4700
2017-08-01,653.1200
2017-08-02,657.5200
2017-08-03,643.0900
2017-08-04,641.5800
2017-08-07,648.3900
2017-08-08,651.6700
2017-08-09,642.8700
2017-08-10,640.0400
2017-08-11,628.3400
2017-08-14,629.3700
2017-08-16,634.9100
2017-08-17,642.1100
2017-08-18,643.5800
2017-08-21,640.8500
2017-08-22,644.2600
2017-08-23,643.7100
2017-08-24,647.7100
2017-08-25,650.2700
2017-08-28,652.9200
2017-08-29,653.9600
2017-08-30,655.0000
2017-08-31,657.8300
2017-09-01,661.9900
2017-09-04,650.8900
2017-09-05,648.7500
2017-09-06,652.5900
2017-09-07,658.4800
2017-09-08,654.2900
2017-09-11,656.5300
2017-09-12,660.0500
2017-09-13,659.0900
2017-09-14,665.4100
2017-09-15,671.3000
2017-09-18,675.8700
2017-09-19,674.4800
2017-09-20,668.0500
2017-09-21,661.1100
2017-09-25,642.0400
2017-09-26,642.4000
2017-09-27,649.2400
2017-09-28,648.0900
2017-09-29,652.8200
2017-10-10,654.5900
2017-10-11,662.3100
2017-10-12,666.5400
2017-10-13,663.0800
2017-10-16,659.4100
2017-10-17,670.5100
2017-10-18,668.4200
2017-10-19,667.1000
2017-10-20,672.9500
2017-10-23,675.8600
2017-10-24,687.2100
2017-10-25,689.1400
2017-10-26,680.6100
2017-10-27,689.9700
2017-10-30,689.6800
2017-10-31,694.2000
2017-11-01,695.7700
2017-11-02,694.9600
2017-11-03,701.1300
2017-11-06,703.7900
2017-11-07,701.1400
2017-11-08,709.1100
2017-11-09,709.9400
2017-11-10,720.7900
2017-11-13,741.3800
2017-11-14,756.4600
2017-11-15,768.0300
2017-11-16,780.2200
2017-11-17,775.8500
2017-11-20,785.3200
2017-11-21,789.3800
2017-11-22,780.9000
2017-11-23,796.8000
2017-11-24,792.7400
2017-11-27,792.8000
2017-11-28,773.1200
2017-11-29,781.7200
2017-11-30,771.4200
2017-12-01,787.7000
2017-12-04,782.4500
2017-12-05,774.1200
2017-12-06,768.3900
2017-12-07,753.4600
2017-12-08,744.0600
2017-12-11,764.0900
2017-12-12,760.4000
2017-12-13,772.2200
2017-12-14,770.3500
2017-12-15,771.8200
2017-12-18,770.5000
2017-12-19,766.1800
2017-12-21,740.3200
2017-12-22,761.2000
2017-12-26,762.2100
2017-12-27,791.9500
2017-12-28,798.4200
2018-01-02,812.4500
2018-01-03,822.3100
2018-01-04,808.0100
2018-01-05,828.0300
2018-01-08,839.5100
2018-01-09,829.9900
2018-01-10,834.9100
2018-01-11,852.5100
2018-01-12,873.0500
2018-01-15,891.6100
2018-01-16,901.2300
2018-01-17,886.5800
2018-01-18,898.1900
2018-01-19,879.9900
2018-01-22,873.0900
2018-01-23,894.4300
2018-01-24,894.7700
2018-01-25,898.6000
2018-01-26,913.1200
2018-01-29,927.0500
2018-01-30,920.9600
2018-01-31,913.5700
2018-02-01,908.2000
2018-02-02,899.4700
2018-02-05,858.2200
2018-02-06,858.1700
2018-02-07,829.9600
2018-02-08,861.9400
2018-02-09,842.6000
2018-02-12,843.2400
2018-02-13,829.3900
2018-02-14,848.0300
2018-02-19,875.8100
2018-02-20,864.4100
2018-02-21,875.5800
2018-02-22,870.2200
2018-02-23,874.7800
2018-02-26,874.4300
2018-02-27,874.0100
2018-02-28,857.0600
2018-03-02,860.2300
2018-03-05,845.0000
2018-03-06,859.2100
2018-03-07,841.0300
2018-03-08,853.9400
2018-03-09,865.8000
2018-03-12,884.2700
2018-03-13,886.2500
2018-03-14,886.9200
2018-03-15,890.4300
2018-03-16,894.4300
2018-03-19,880.9700
2018-03-20,890.4000
2018-03-21,885.5500
2018-03-22,871.6200
2018-03-23,829.6800
2018-03-26,853.6900
2018-03-27,858.8400
2018-03-28,850.9700
2018-03-29,865.9900
2018-03-30,871.0900
2018-04-02,867.8000
2018-04-03,872.3200
2018-04-04,862.5100
2018-04-05,868.9300
2018-04-06,867.9600
2018-04-09,874.4400
2018-04-10,877.3000
2018-04-11,885.3800
2018-04-12,881.4500
2018-04-13,891.8700
2018-04-16,896.8900
2018-04-17,901.2200
2018-04-18,893.3200
2018-04-19,882.7300
2018-04-20,889.1700
2018-04-23,879.0200
2018-04-24,873.6100
2018-04-25,869.9300
2018-04-26,879.3900
2018-04-27,886.4900
2018-04-30,875.9500
2018-05-02,871.0300
2018-05-03,866.0700
2018-05-04,856.3400
2018-05-08,827.2200
2018-05-09,850.8500
2018-05-10,854.9300
2018-05-11,865.9300
2018-05-14,858.7000
2018-05-15,862.9400
2018-05-16,850.2900
2018-05-17,855.6200
2018-05-18,869.4500
2018-05-21,872.9600
2018-05-23,869.1600
2018-05-24,873.3200
2018-05-25,868.3500
2018-05-28,879.6900
2018-05-29,870.0800
2018-05-30,874.2200
2018-05-31,879.6600
2018-06-01,883.2200
2018-06-04,877.4400
2018-06-05,877.1600
2018-06-07,887.9100
2018-06-08,878.4800
2018-06-11,876.5500
2018-06-12,875.0400
2018-06-14,864.5600
2018-06-15,866.2200
2018-06-18,840.2300
2018-06-19,815.3900
2018-06-20,840.1700
2018-06-21,826.2200
2018-06-22,830.2700
2018-06-25,836.0000
2018-06-26,831.4000
2018-06-27,826.6900
2018-06-28,810.2000
2018-06-29,818.2200
2018-07-02,789.8200
2018-07-03,795.7100
2018-07-04,799.1000
2018-07-05,794.0500
2018-07-06,808.8900
2018-07-09,808.2800
2018-07-10,813.1900
2018-07-11,804.7800
2018-07-12,819.2900
2018-07-13,827.8900
2018-07-16,825.7100
2018-07-17,819.7200
2018-07-18,810.4400
2018-07-19,796.4900
2018-07-20,791.6100
2018-07-23,756.9600
2018-07-24,761.5700
2018-07-25,748.8900
2018-07-26,765.1500
2018-07-27,773.9800
2018-07-30,769.8000
2018-07-31,775.5200
2018-08-01,790.2500
2018-08-02,781.3800
2018-08-03,788.8100
2018-08-06,781.4100
2018-08-07,784.7000
2018-08-08,783.8100
2018-08-09,789.4800
2018-08-10,784.8100
2018-08-13,755.6500
2018-08-14,761.9400
2018-08-16,761.1800
2018-08-17,772.3000
2018-08-20,769.7800
2018-08-21,787.1500
2018-08-22,785.9500
2018-08-23,791.2800
2018-08-24,798.2300
2018-08-27,801.0400
2018-08-28,798.1700
2018-08-29,803.1800
2018-08-30,804.4700
2018-08-31,816.9700
2018-09-03,816.8400
2018-09-04,827.2700
2018-09-05,820.0000
2018-09-06,815.1800
2018-09-07,818.8600
2018-09-10,816.1600
2018-09-11,820.2300
2018-09-12,826.3300
2018-09-13,830.9500
2018-09-14,834.9100
2018-09-17,828.8800
2018-09-18,831.8500
2018-09-19,826.9100
2018-09-20,821.1300
2018-09-21,827.8400
2018-09-27,833.0100
2018-09-28,822.2700
2018-10-01,816.5300
2018-10-02,794.9900
2018-10-04,789.0000
2018-10-05,773.7000
2018-10-08,767.1500
2018-10-10,747.5000
2018-10-11,707.3800
2018-10-12,731.5000
2018-10-15,718.8700
2018-10-16,731.5000
2018-10-17,739.1500
2018-10-18,731.3400
2018-10-19,740.4800
2018-10-22,744.1500
2018-10-23,719.0000
2018-10-24,699.3000
2018-10-25,686.8400
2018-10-26,663.0700
2018-10-29,629.7000
2018-10-30,644.1400
2018-10-31,648.6700
2018-11-01,657.4600
2018-11-02,690.6500
2018-11-05,691.9400
2018-11-06,691.5500
2018-11-07,682.3700
2018-11-08,693.6700
2018-11-09,687.2900
2018-11-12,670.8200
2018-11-13,670.8500
2018-11-14,671.5600
2018-11-15,681.3800
2018-11-16,690.1800
2018-11-19,702.1300
2018-11-20,690.8100
2018-11-21,695.7200
2018-11-22,692.3900
2018-11-23,683.0600
2018-11-26,695.3600
2018-11-27,700.6700
2018-11-28,700.1200
2018-11-29,695.4800
2018-11-30,695.7600
2018-12-03,709.4600
2018-12-04,708.6300
2018-12-05,701.1200
2018-12-06,678.3800
2018-12-07,685.3300
2018-12-10,670.3900
2018-12-11,661.0100
2018-12-12,676.4800
2018-12-13,681.7800
2018-12-14,666.3400
2018-12-17,661.9000
2018-12-18,659.6700
2018-12-19,672.0800
2018-12-20,668.1300
2018-12-21,673.6400
2018-12-24,669.7900
2018-12-26,665.7400
2018-12-27,667.8800
2018-12-28,675.6500
2019-01-02,669.3700
2019-01-03,657.0200
2019-01-04,664.4900
2019-01-07,672.8400
2019-01-08,668.4900
2019-01-09,679.7400
2019-01-10,683.3400
2019-01-11,686.3300
2019-01-14,683.0900
2019-01-15,690.3900
2019-01-16,693.3800
2019-01-17,686.3500
2019-01-18,696.3400
2019-01-21,695.6200
2019-01-22,694.5500
2019-01-23,695.6300
2019-01-24,704.4100
2019-01-25,711.3800
2019-01-28,714.2600
2019-01-29,710.9900
2019-01-30,715.3000
2019-01-31,716.8600
2019-02-01,716.9200
2019-02-07,728.7900
2019-02-08,728.7400
2019-02-11,733.4700
2019-02-12,730.5800
2019-02-13,739.9100
2019-02-14,742.2700
2019-02-15,738.6600
2019-02-18,745.3300
2019-02-19,748.0500
2019-02-20,750.6900
2019-02-21,747.3300
2019-02-22,743.3800
2019-02-25,750.4000
2019-02-26,747.0900
2019-02-27,752.1600
2019-02-28,731.2500
2019-03-04,748.0700
2019-03-05,747.9500
2019-03-06,746.7000
2019-03-07,736.8300
2019-03-08,735.9700
2019-03-11,739.0900
2019-03-12,754.7600
2019-03-13,754.8900
2019-03-14,755.4200
2019-03-15,748.3600
2019-03-18,753.1300
2019-03-19,748.9100
2019-03-20,749.7600
2019-03-21,743.5200
2019-03-22,743.9700
2019-03-25,727.2100
2019-03-26,736.8100
2019-03-27,728.4500
2019-03-28,719.7200
2019-03-29,729.3100
2019-04-01,736.8100
2019-04-02,739.5700
2019-04-03,749.3000
2019-04-04,751.5800
2019-04-05,751.7100
2019-04-08,751.9200
2019-04-09,756.8100
2019-04-10,760.1500
2019-04-11,766.4900
2019-04-12,767.8500
2019-04-15,766.7500
2019-04-16,765.0200
2019-04-17,766.8900
2019-04-18,753.5200
2019-04-19,762.5700
2019-04-22,762.0100
2019-04-23,761.4200
2019-04-24,757.8200
2019-04-25,750.4300
2019-04-26,741.0000
2019-04-29,750.6000
2019-04-30,754.7400
2019-05-02,760.3800
2019-05-03,761.8200
2019-05-07,753.4500
2019-05-08,745.3700
2019-05-09,724.2200
2019-05-10,722.6200
2019-05-13,708.8000
2019-05-14,710.1600
2019-05-15,729.6000
2019-05-16,717.5900
2019-05-17,714.1300
2019-05-20,702.0800
2019-05-21,703.9800
2019-05-22,706.9300
2019-05-23,696.8900
2019-05-24,690.0300
2019-05-27,689.6700
2019-05-28,702.7600
2019-05-29,691.4700
2019-05-30,689.3300
2019-05-31,696.4700
2019-06-03,697.5000
2019-06-04,702.5300
2019-06-05,707.7500
2019-06-07,716.5300
2019-06-10,721.1400
2019-06-11,728.7900
2019-06-12,724.3200
2019-06-13,726.6800
2019-06-14,722.2500
2019-06-17,719.1300
2019-06-18,714.8600
2019-06-19,717.7100
2019-06-20,727.3200
2019-06-21,722.6400
2019-06-24,717.6900
2019-06-25,710.0200
2019-06-26,709.3700
2019-06-27,698.2100
2019-06-28,690.5300
2019-07-01,696.0000
2019-07-02,696.2500
2019-07-03,693.0400
2019-07-04,691.2700
2019-07-05,694.1700
2019-07-08,668.7200
2019-07-09,657.8000
2019-07-10,666.9000
2019-07-11,677.0900
2019-07-12,681.1700
2019-07-15,674.7900
2019-07-16,674.4200
2019-07-17,666.2800
2019-07-18,665.1500
2019-07-19,674.0600
2019-07-22,674.7800
2019-07-23,668.6500
2019-07-24,659.8300
2019-07-25,652.4000
2019-07-26,644.5900
2019-07-29,618.7800
2019-07-30,625.6400
2019-07-31,630.1800
2019-08-01,622.2600
2019-08-02,615.7000
2019-08-05,569.7900
2019-08-06,551.5000
2019-08-07,564.6400
2019-08-08,585.4400
2019-08-09,590.0400
2019-08-12,594.1700
2019-08-13,590.7500
2019-08-14,597.1500
2019-08-16,591.5700
2019-08-19,594.6500
2019-08-20,607.0100
2019-08-21,615.9600
2019-08-22,612.2500
2019-08-23,608.9800
2019-08-26,582.9100
2019-08-27,588.3200
2019-08-28,602.9000
2019-08-29,599.5700
2019-08-30,610.5500
2019-09-02,619.8100
2019-09-03,620.0200
2019-09-04,629.3100
2019-09-05,632.9900
2019-09-06,631.1500
2019-09-09,625.7700
2019-09-10,623.2500
2019-09-11,630.3700
2019-09-16,638.5900
2019-09-17,644.2800
2019-09-18,645.1200
2019-09-19,645.7100
2019-09-20,649.0700
2019-09-23,645.0100
2019-09-24,641.8500
2019-09-25,626.7600
2019-09-26,628.4200
2019-09-27,626.9300
2019-09-30,621.7600
2019-10-01,632.1000
2019-10-02,624.5100
2019-10-04,621.8400
2019-10-07,627.2100
2019-10-08,635.4100
2019-10-10,634.7300
2019-10-11,632.9500
2019-10-14,641.4600
2019-10-15,646.8000
2019-10-16,651.9600
2019-10-17,649.2900
2019-10-18,646.6900
2019-10-21,649.1800
2019-10-22,655.9100
2019-10-23,658.9800
2019-10-24,658.7500
2019-10-25,652.3700
2019-10-28,652.4200
2019-10-29,658.3000
2019-10-30,655.0400
2019-10-31,658.5200
2019-11-01,662.3400
2019-11-04,668.4500
2019-11-05,672.1800
2019-11-06,669.6800
2019-11-07,666.1500
2019-11-08,664.6000
2019-11-11,661.3700
2019-11-12,665.1400
2019-11-13,661.8500
2019-11-14,663.3100
2019-11-15,668.5100
2019-11-18,669.3400
2019-11-19,662.5300
2019-11-20,649.8700
2019-11-21,635.9900
2019-11-22,633.9200
2019-11-25,647.4000
2019-11-26,651.5900
2019-11-27,647.3900
2019-11-28,640.1800
2019-11-29,632.9900
2019-12-02,634.5000
2019-12-03,629.5800
2019-12-04,625.2700
2019-12-05,617.6000
2019-12-06,628.1000
2019-12-09,627.8600
2019-12-10,627.1100
2019-12-11,629.1300
2019-12-12,636.9400
2019-12-13,643.4500
2019-12-16,644.4400
2019-12-17,650.5800
2019-12-18,648.9500
2019-12-19,647.8500
2019-12-20,649.7300
2019-12-23,647.6200
2019-12-24,638.9100
2019-12-26,652.0700
2019-12-27,661.2400
2019-12-30,669.8300
2020-01-02,674.0200
2020-01-03,669.9300
2020-01-06,655.3100
2020-01-07,663.4400
2020-01-08,640.9400
2020-01-09,666.0900
2020-01-10,673.0300
2020-01-13,679.2200
2020-01-14,678.7100
2020-01-15,679.1600
2020-01-16,686.5200
2020-01-17,688.4100
2020-01-20,683.4700
2020-01-21,676.5200
2020-01-22,688.2500
2020-01-23,685.5700
2020-01-28,664.7000
2020-01-29,670.1800
2020-01-30,656.3900
2020-01-31,642.4800
2020-02-03,646.8500
2020-02-04,661.2400
2020-02-05,661.3200
2020-02-06,672.6900
2020-02-07,672.6300
2020-02-10,676.0700
2020-02-11,682.3400
2020-02-12,686.5900
2020-02-13,687.6100
2020-02-14,688.9100
2020-02-17,692.5900
2020-02-18,682.9200
2020-02-19,684.7800
2020-02-20,681.6600
2020-02-21,667.9900
2020-02-24,639.2900
2020-02-25,656.9500
2020-02-26,654.6300
2020-02-27,638.1700
2020-02-28,610.7300
2020-03-02,627.6600
2020-03-03,626.8200
2020-03-04,641.7300
2020-03-05,650.1900
2020-03-06,642.7200
2020-03-09,614.6000
2020-03-10,619.9700
2020-03-11,595.6100
2020-03-12,563.4900
2020-03-13,524.0000
2020-03-16,504.5100
2020-03-17,514.7300
2020-03-18,485.1400
2020-03-19,428.3500
2020-03-20,467.7500
2020-03-23,443.7600
2020-03-24,480.4000
2020-03-25,505.6800
2020-03-26,516.6100
2020-03-27,522.8300
2020-03-30,542.1100
2020-03-31,569.0700
2020-04-01,551.8400
2020-04-02,567.7000
2020-04-03,573.0100
2020-04-06,597.2100
2020-04-07,606.9000
2020-04-08,607.3700
2020-04-09,615.9500
2020-04-10,611.2600
2020-04-13,596.7100
2020-04-14,610.2900
2020-04-16,623.4300
2020-04-17,634.7900
2020-04-20,637.8200
2020-04-21,628.7700
2020-04-22,635.1600
2020-04-23,643.7900
2020-04-24,632.9600
2020-04-27,646.8600
2020-04-28,644.9300
2020-04-29,645.1800
2020-05-04,641.9100
2020-05-06,658.4000
2020-05-07,668.1700
2020-05-08,682.3000
2020-05-11,685.0400
2020-05-12,684.2100
2020-05-13,691.5300
2020-05-14,690.5700
2020-05-15,691.9300
2020-05-18,690.8500
2020-05-19,696.3600
2020-05-20,708.7600
2020-05-21,716.0200
2020-05-22,708.5800
2020-05-25,719.8900
2020-05-26,729.1100
2020-05-27,724.5900
2020-05-28,708.7500
2020-05-29,713.6800
2020-06-01,735.7200
2020-06-02,743.5800
2020-06-03,737.6600
2020-06-04,742.3700
2020-06-05,749.3100
2020-06-08,753.0400
2020-06-09,753.8200
2020-06-10,758.6200
2020-06-11,757.0600
2020-06-12,746.0600
2020-06-15,693.1500
2020-06-16,735.3800
2020-06-17,735.4000
2020-06-18,737.3300
2020-06-19,742.0300
2020-06-22,751.6400
2020-06-23,753.2300
2020-06-24,759.5000
2020-06-25,750.3600
2020-06-26,750.5800
2020-06-29,734.6900
2020-06-30,737.9700
2020-07-01,727.5800
2020-07-02,742.5500
2020-07-03,752.1800
2020-07-06,759.9000
2020-07-07,759.1600
2020-07-08,765.9600
2020-07-09,772.9000
2020-07-10,772.8100
2020-07-13,781.1900
2020-07-14,778.3900
2020-07-15,781.2900
2020-07-16,775.0700
2020-07-17,783.2200
2020-07-20,781.9600
2020-07-21,790.5800
2020-07-22,794.9900
2020-07-23,801.6900
2020-07-24,794.8000
2020-07-27,801.2300
2020-07-28,807.8500
2020-07-29,808.5900
2020-07-30,814.1900
2020-07-31,815.3000
2020-08-03,827.5700
2020-08-04,835.3500
2020-08-05,847.2800
2020-08-06,854.1200
2020-08-07,857.6300
2020-08-10,862.7600
2020-08-11,860.2300
2020-08-12,845.6000
2020-08-13,854.7700
2020-08-14,835.0300
2020-08-18,800.2200
2020-08-19,818.7400
2020-08-20,791.1400
2020-08-21,796.0100
2020-08-24,815.7400
2020-08-25,836.3100
2020-08-26,841.3500
2020-08-27,836.4000
2020-08-28,841.3000
2020-08-31,848.2400
2020-09-01,853.3700
2020-09-02,866.7400
2020-09-03,874.1300
2020-09-04,866.0400
2020-09-07,878.8800
2020-09-08,878.2900
2020-09-09,869.4700
2020-09-10,884.3000
2020-09-11,888.4400
2020-09-14,894.1700
2020-09-15,899.4600
2020-09-16,896.2800
2020-09-17,885.1800
2020-09-18,888.8800
2020-09-21,866.9900
2020-09-22,842.7200
2020-09-23,843.4500
2020-09-24,806.9500
2020-09-25,808.2800
2020-09-28,835.9100
2020-09-29,848.1500
2020-10-05,858.3900
2020-10-06,862.5800
2020-10-07,869.6600
2020-10-08,871.6200
2020-10-12,873.5000
2020-10-13,871.9200
2020-10-14,861.4800
2020-10-15,844.4400
2020-10-16,833.8400
2020-10-19,822.2500
2020-10-20,824.6500
2020-10-21,830.6700
2020-10-22,812.7000
2020-10-23,807.9800
2020-10-26,778.0200
2020-10-27,783.7300
2020-10-28,806.2000
2020-10-29,813.9300
2020-10-30,792.6500
2020-11-02,802.9500
2020-11-03,818.4600
2020-11-04,826.9700
2020-11-05,844.8000
2020-11-06,836.7800
2020-11-09,851.2100
2020-11-10,840.7900
2020-11-11,839.9000
2020-11-12,840.0800
2020-11-13,839.1400
2020-11-16,847.3300
2020-11-17,839.4700
2020-11-18,851.7400
2020-11-19,859.9400
2020-11-20,870.1800
2020-11-23,873.2900
2020-11-24,872.1000
2020-11-25,865.1200
2020-11-26,874.5300
2020-11-27,885.5600
2020-11-30,886.1100
2020-12-01,891.2900
2020-12-02,899.3400
2020-12-03,907.6100
2020-12-04,913.7600
2020-12-07,926.8800
2020-12-08,906.8400
2020-12-09,913.8100
2020-12-10,921.7000
2020-12-11,928.4400
2020-12-14,929.5400
2020-12-15,931.2700
2020-12-16,939.6500
2020-12-17,944.0400
2020-12-18,947.2400
2020-12-21,953.5800
2020-12-22,928.7300
2020-12-23,923.1700
2020-12-24,928.6800
2020-12-28,927.0000
2020-12-29,957.4100
2020-12-30,968.4200
2021-01-04,977.6200
2021-01-05,985.7600
2021-01-06,981.3900
2021-01-07,988.8600
2021-01-08,987.7900
2021-01-11,976.6300
2021-01-12,973.7200
2021-01-13,979.1300
2021-01-14,980.2900
2021-01-15,964.4400
2021-01-18,944.6700
2021-01-19,957.7500
2021-01-20,977.6600
2021-01-21,981.4000
2021-01-22,979.9800
2021-01-25,999.3000
2021-01-26,994.0000
2021-01-27,985.9200
2021-01-28,961.2300
2021-01-29,928.7300
2021-02-01,956.9200
2021-02-02,963.8100
2021-02-03,970.6900
2021-02-04,964.5800
2021-02-05,967.4200
2021-02-08,960.7800
2021-02-09,957.8500
2021-02-10,964.3100
2021-02-15,981.9700
2021-02-16,977.7400
2021-02-17,979.7700
2021-02-18,967.4200
2021-02-19,965.1100
2021-02-22,954.2900
2021-02-23,936.6000
2021-02-24,906.3100
2021-02-25,936.2100
2021-02-26,913.9400
2021-03-02,923.1700
2021-03-03,930.8000
2021-03-04,926.2000
2021-03-05,923.4800
2021-03-08,904.7700
2021-03-09,896.3600
2021-03-10,890.0700
2021-03-11,908.0100
2021-03-12,925.4900
2021-03-15,926.9000
2021-03-16,940.6500
2021-03-17,943.7800
2021-03-18,949.8300
2021-03-19,952.1100
2021-03-22,955.3800
2021-03-23,946.3100
2021-03-24,953.8200
2021-03-25,954.9900
2021-03-26,956.7000
2021-03-29,954.1000
2021-03-30,958.0600
2021-03-31,956.1700
2021-04-01,965.7800
2021-04-02,970.0900
2021-04-05,969.7700
2021-04-06,968.6300
2021-04-07,973.2200
2021-04-08,982.0200
2021-04-09,989.3900
2021-04-12,1000.6500
2021-04-13,1010.3700
2021-04-14,1014.4200
2021-04-15,1013.9000
2021-04-16,1021.6200
2021-04-19,1029.4600
2021-04-20,1031.8800
2021-04-21,1022.2200
2021-04-22,1025.7100
2021-04-23,1026.8199
2021-04-26,1030.0601
2021-04-27,1021.0100
2021-04-28,998.2700
2021-04-29,990.6900
2021-04-30,983.4500
2021-05-03,961.8100
2021-05-04,967.2000
2021-05-06,969.9900
2021-05-07,978.3000
2021-05-10,992.8000
2021-05-11,978.6100
2021-05-12,967.1000
2021-05-13,951.7700
2021-05-14,966.7200
2021-05-17,962.5000
2021-05-18,969.1000
2021-05-20,971.1300
2021-05-21,965.6300
2021-05-24,948.3700
2021-05-25,962.0700
2021-05-26,966.0600
2021-05-27,974.0800
2021-05-28,977.4600
2021-05-31,981.7800
2021-06-01,984.5900
2021-06-02,981.1000
2021-06-03,990.1900
2021-06-04,987.5800
2021-06-07,985.8600
2021-06-08,986.1200
2021-06-09,978.7900
2021-06-10,987.7700
2021-06-11,991.1300
2021-06-14,997.4100
2021-06-15,997.3700
2021-06-16,998.4900
2021-06-17,1003.7200
2021-06-18,1015.8800
2021-06-21,1010.9900
2021-06-22,1011.5600
2021-06-23,1016.4600
2021-06-24,1012.6200
2021-06-25,1012.1300
2021-06-28,1017.9100
2021-06-29,1022.5200
2021-06-30,1029.9600
2021-07-01,1035.6400
2021-07-02,1038.1801
2021-07-05,1047.3300
2021-07-06,1044.9600
2021-07-07,1047.3600
2021-07-08,1034.4800
2021-07-09,1028.9301
2021-07-12,1034.6400
2021-07-13,1043.3101
2021-07-14,1044.9800
2021-07-15,1054.3101
2021-07-16,1051.9800
2021-07-19,1049.8300
2021-07-20,1043.6400
2021-07-21,1042.0300
2021-07-22,1050.2500
2021-07-23,1055.5000
2021-07-26,1047.6300
2021-07-27,1046.5500
2021-07-28,1035.6801
2021-07-29,1044.1300
2021-07-30,1031.1400
2021-08-02,1037.8000
2021-08-03,1036.1100
2021-08-04,1047.9301
2021-08-05,1059.5400
2021-08-06,1059.8000
2021-08-09,1060.0000
2021-08-10,1052.0699
2021-08-11,1051.9200
2021-08-12,1054.0900
2021-08-13,1040.7800
2021-08-17,1011.0500
2021-08-18,1021.0800
2021-08-19,991.1500
2021-08-20,967.9000
2021-08-23,993.1800
2021-08-24,1013.1800
2021-08-25,1017.7800
2021-08-26,1020.4400
2021-08-27,1023.5100
2021-08-30,1031.8400
2021-08-31,1038.3300
2021-09-01,1045.9800
2021-09-02,1047.1899
2021-09-03,1053.8500
2021-09-06,1052.9600
2021-09-07,1054.4301
2021-09-08,1037.2200
2021-09-09,1034.6200
2021-09-10,1037.9100
2021-09-13,1026.3400
2021-09-14,1037.7400
2021-09-15,1042.7900
2021-09-16,1039.4301
2021-09-17,1046.1200
2021-09-23,1036.2600
2021-09-24,1037.0300
2021-09-27,1034.8199
2021-09-28,1012.5100
2021-09-29,1001.4600
2021-09-30,1003.2700
2021-10-01,983.2000
2021-10-05,955.3700
2021-10-06,922.3600
2021-10-07,953.4300
2021-10-08,953.1100
2021-10-12,940.1500
2021-10-13,953.4700
2021-10-14,983.4300
2021-10-15,990.5400
2021-10-18,993.8600
2021-10-19,1005.3500
2021-10-20,1001.6200
2021-10-21,993.7000
2021-10-22,995.0700
2021-10-25,994.3100
2021-10-26,1011.7600
2021-10-27,1008.9500
2021-10-28,1000.1300
2021-10-29,992.3300
2021-11-01,998.5700
2021-11-02,1009.4400
2021-11-03,1005.0000
2021-11-04,1001.4300
2021-11-05,1001.3500
2021-11-08,1002.5000
2021-11-09,1008.6800
2021-11-10,987.7500
2021-11-11,992.6500
2021-11-12,1009.0700
2021-11-15,1029.0300
2021-11-16,1035.4600
2021-11-17,1031.2600
2021-11-18,1032.7700
2021-11-19,1041.9200
2021-11-22,1032.3101
2021-11-23,1013.7200
2021-11-24,1020.1300
2021-11-25,1015.6600
2021-11-26,1005.8900
2021-11-29,992.3400
2021-11-30,965.6300
2021-12-01,977.1500
2021-12-02,977.4300
2021-12-03,998.4700
2021-12-06,991.8700
2021-12-07,996.6400
2021-12-08,1006.0400
2021-12-09,1022.8700
2021-12-10,1011.5700
2021-12-13,1005.9600
2021-12-14,1002.8100
2021-12-15,1003.5200
2021-12-16,1007.8600
2021-12-17,1001.2600
2021-12-20,990.5100
2021-12-21,996.6000
2021-12-22,1000.1300
2021-12-23,1003.3100
2021-12-24,1007.4200
2021-12-27,1011.3600
2021-12-28,1027.4399
2021-12-29,1028.0500
2021-12-30,1033.9800
2022-01-04,1031.6600
2022-01-05,1009.6200
2022-01-06,980.3000
2022-01-07,995.1600
2022-01-10,980.3800
2022-01-11,969.9200
2022-01-12,991.3300
2022-01-13,983.2500
2022-01-14,971.3900
2022-01-17,957.9000
2022-01-18,943.9400
2022-01-19,933.9000
2022-01-20,958.7000
2022-01-21,942.8500
2022-01-24,915.4000
2022-01-25,889.4400
2022-01-26,882.0900
2022-01-27,849.2300
2022-01-28,872.8700
2022-02-03,891.6000
2022-02-04,902.8700
2022-02-07,899.4000
2022-02-08,895.2700
2022-02-09,910.5300
2022-02-10,895.6800
2022-02-11,877.4200
2022-02-14,852.7900
2022-02-15,839.9200
2022-02-16,878.1500
2022-02-17,874.2200
2022-02-18,881.7100
2022-02-21,884.2500
2022-02-22,868.1100
2022-02-23,877.3300
2022-02-24,848.2100
2022-02-25,872.9800
2022-02-28,881.0700
2022-03-02,895.4500
2022-03-03,912.3200
2022-03-04,900.9600
2022-03-07,881.5400
2022-03-08,870.1400
2022-03-10,889.0800
2022-03-11,891.7100
2022-03-14,872.4400
2022-03-15,871.2200
2022-03-16,891.8000
2022-03-17,914.1300
2022-03-18,922.9600
2022-03-21,918.4000
2022-03-22,924.6700
2022-03-23,930.5700
2022-03-24,931.7500
2022-03-25,934.6900
2022-03-28,927.1100
2022-03-29,937.8300
2022-03-30,939.0700
2022-03-31,944.5300
2022-04-01,940.5700
2022-04-04,947.3200
2022-04-05,952.4700
2022-04-06,943.1300
2022-04-07,927.9500
2022-04-08,934.7300
2022-04-11,921.8300
2022-04-12,913.8200
2022-04-13,927.3100
2022-04-14,928.0100
2022-04-15,924.4400
2022-04-18,918.2300
2022-04-19,931.5600
2022-04-20,928.9300
2022-04-21,929.6800
2022-04-22,922.7800
2022-04-25,899.8400
2022-04-26,911.1600
2022-04-27,896.1800
2022-04-28,892.2200
2022-04-29,904.7500
2022-05-02,901.8200
2022-05-03,907.5700
2022-05-04,900.0600
2022-05-06,884.2200
2022-05-10,856.1400
2022-05-11,866.3400
2022-05-12,833.6600
2022-05-13,853.0800
2022-05-16,856.2500
2022-05-17,865.9800
2022-05-18,871.5700
2022-05-19,863.8000
2022-05-20,879.8800
2022-05-23,883.5900
2022-05-24,865.0700
2022-05-25,872.6900
2022-05-26,871.4300
2022-05-27,873.9700
2022-05-30,886.4400
2022-05-31,893.3600
2022-06-02,891.1400
2022-06-03,891.5100
2022-06-07,873.7800
2022-06-08,874.9500
2022-06-09,877.1800
2022-06-10,869.8600
2022-06-13,828.7700
2022-06-14,823.5800
2022-06-15,799.4100
2022-06-16,802.1500
2022-06-17,798.6900
2022-06-20,769.9200
2022-06-21,778.3000
2022-06-22,746.9600
2022-06-23,714.3800
2022-06-24,750.3000
2022-06-27,770.6000
2022-06-28,769.5100
2022-06-29,762.3500
2022-06-30,745.4400
2022-07-01,729.4800
2022-07-04,722.7300
2022-07-05,750.9500
2022-07-06,744.6300
2022-07-07,757.9700
2022-07-08,766.4800
2022-07-11,767.0400
2022-07-12,750.7800
2022-07-13,763.1800
2022-07-14,766.0800
2022-07-15,762.3900
2022-07-18,776.7200
2022-07-19,782.3300
2022-07-20,790.7200
2022-07-21,795.1500
2022-07-22,789.7500
2022-07-25,789.6900
2022-07-26,789.9300
2022-07-27,795.7000
2022-07-28,798.3200
2022-07-29,803.6200
2022-08-01,807.6100
2022-08-02,804.3400
2022-08-03,815.3600
2022-08-04,825.1600
2022-08-05,831.6400
2022-08-08,830.8600
2022-08-09,833.6500
2022-08-10,820.2700
2022-08-11,832.1500
2022-08-12,831.6300
2022-08-16,834.7400
2022-08-17,827.4200
2022-08-18,826.0600
2022-08-19,814.1700
2022-08-22,795.8700
2022-08-23,783.4200
2022-08-24,793.1400
2022-08-25,807.3700
2022-08-26,802.4500
2022-08-29,779.8900
2022-08-30,797.0200
2022-08-31,807.0400
2022-09-01,788.3200
2022-09-02,785.8800
2022-09-05,771.4300
2022-09-06,779.4600
2022-09-07,768.1900
2022-09-08,777.8100
2022-09-13,796.7900
2022-09-14,782.9300
2022-09-15,781.3800
2022-09-16,770.0400
2022-09-19,751.9100
2022-09-20,760.3500
2022-09-21,754.8900
2022-09-22,751.4100
2022-09-23,729.3600
2022-09-26,692.3700
2022-09-27,698.1100
2022-09-28,673.8700
2022-09-29,675.0700
2022-09-30,672.6500
2022-10-04,696.7900
2022-10-05,685.3400
2022-10-06,706.0100
2022-10-07,698.4900
2022-10-11,669.5000
2022-10-12,671.6700
2022-10-13,651.5900
2022-10-14,678.2400
2022-10-17,682.0000
2022-10-18,697.0900
2022-10-19,690.5600
2022-10-20,680.4400
2022-10-21,674.4800
2022-10-24,688.5000
2022-10-25,688.8500
2022-10-26,683.1700
2022-10-27,695.0900
2022-10-28,687.6300
2022-10-31,695.3300
2022-11-01,700.0500
2022-11-02,697.3700
2022-11-03,694.1300
2022-11-04,693.8900
2022-11-07,700.4800
2022-11-08,713.3300
2022-11-09,714.6000
2022-11-10,707.7800
2022-11-11,731.2200
2022-11-14,729.5400
2022-11-15,744.9600
2022-11-16,743.1000
2022-11-17,737.5400
2022-11-18,731.9200
2022-11-21,718.5700
2022-11-22,712.2600
2022-11-23,725.5900
2022-11-24,738.2200
2022-11-25,733.5600
2022-11-28,717.9000
2022-11-29,727.5400
2022-11-30,729.5400
2022-12-01,740.6000
2022-12-02,732.9500
2022-12-05,733.3200
2022-12-06,719.4400
2022-12-07,718.1400
2022-12-08,712.5200
2022-12-09,719.4900
2022-12-12,715.2200
2022-12-13,715.1600
2022-12-14,729.0000
2022-12-15,722.6800
2022-12-16,717.4100
2022-12-19,717.2200
2022-12-20,703.1300
2022-12-21,705.7000
2022-12-22,715.0200
2022-12-23,691.2500
2022-12-26,694.6800
2022-12-27,704.1900
2022-12-28,692.3700
2022-12-29,679.2900
2023-01-02,671.5100
2023-01-03,674.9500
2023-01-04,683.6700
2023-01-05,679.9200
2023-01-06,688.9400
2023-01-09,701.2100
2023-01-10,696.0500
2023-01-11,709.7700
2023-01-12,710.8200
2023-01-13,711.8200
2023-01-16,716.8900
2023-01-17,709.7100
2023-01-18,711.7500
2023-01-19,712.8900
2023-01-20,717.9700
2023-01-25,732.3500
2023-01-26,738.9400
2023-01-27,741.2500
2023-01-30,738.6200
2023-01-31,740.4900
2023-02-01,750.9600
2023-02-02,764.6200
2023-02-03,766.7900
2023-02-06,761.3300
2023-02-07,772.7900
2023-02-08,779.9800
2023-02-09,784.5800
2023-02-10,772.4400
2023-02-13,772.5500
2023-02-14,779.5800
2023-02-15,765.4600
2023-02-16,784.7100
2023-02-17,775.6200
2023-02-20,788.8900
2023-02-21,793.4200
2023-02-22,778.5100
2023-02-23,783.2800
2023-02-24,778.8800
2023-02-27,780.3000
2023-02-28,791.6000
2023-03-02,787.1900
2023-03-03,802.4200
2023-03-06,816.5100
2023-03-07,815.7600
2023-03-08,813.9500
2023-03-09,809.2200
2023-03-10,788.6000
2023-03-13,788.8900
2023-03-14,758.0500
2023-03-15,781.1700
2023-03-16,781.9800
2023-03-17,797.3900
2023-03-20,802.2000
2023-03-21,802.5300
2023-03-22,813.4300
2023-03-23,812.1900
2023-03-24,824.1100
2023-03-27,827.6900
2023-03-28,833.5100
2023-03-29,843.9400
2023-03-30,850.4800
2023-03-31,847.5200
2023-04-03,854.9600
2023-04-04,857.1800
2023-04-05,872.3600
2023-04-06,865.5800
2023-04-07,880.0700
2023-04-10,887.7800
2023-04-11,898.9400
2023-04-12,890.6200
2023-04-13,894.2500
2023-04-14,903.8400
2023-04-17,909.5000
2023-04-18,909.0200
2023-04-19,909.2000
2023-04-20,885.7100
2023-04-21,868.8200
2023-04-24,855.2300
2023-04-25,838.7100
2023-04-26,830.4400
2023-04-27,850.2100
2023-04-28,842.8300
2023-05-02,855.6100
2023-05-03,843.1800
2023-05-04,845.0600
2023-05-08,842.2800
2023-05-09,835.8500
2023-05-10,829.7400
2023-05-11,824.5400
2023-05-12,822.4300
2023-05-15,814.5300
2023-05-16,816.7500
2023-05-17,834.1900
2023-05-18,835.8900
2023-05-19,841.7200
2023-05-22,852.0400
2023-05-23,859.1600
2023-05-24,855.4600
2023-05-25,847.7200
2023-05-26,843.2300
2023-05-30,851.5000
2023-05-31,856.9400
2023-06-01,863.7800
2023-06-02,868.0600
2023-06-05,870.2800
2023-06-07,880.7200
2023-06-08,876.1300
2023-06-09,883.7100
2023-06-12,885.7600
2023-06-13,896.8100
2023-06-14,871.8300
2023-06-15,878.0400
2023-06-16,887.9500
2023-06-19,888.6100
2023-06-20,886.4100
2023-06-21,875.7000
2023-06-22,876.3800
2023-06-23,874.8400
2023-06-26,879.5000
2023-06-27,874.1400
2023-06-28,866.9700
2023-06-29,861.7900
2023-06-30,868.2400
2023-07-03,889.2900
2023-07-04,890.0000
2023-07-05,891.1800
2023-07-06,870.5300
2023-07-07,867.2700
2023-07-10,860.3500
2023-07-11,878.7300
2023-07-12,879.8800
2023-07-13,893.0700
2023-07-14,896.2800
2023-07-17,898.2900
2023-07-18,914.1400
2023-07-19,923.7200
2023-07-20,931.6000
2023-07-21,934.5800
2023-07-24,929.9000
2023-07-25,939.9600
2023-07-26,900.6300
2023-07-27,883.7900
2023-07-28,913.7400
2023-07-31,935.9700
2023-08-01,939.6700
2023-08-02,909.7600
2023-08-03,920.3200
2023-08-04,918.4300
2023-08-07,898.2200
2023-08-08,892.3400
2023-08-09,908.9800
2023-08-10,911.2900
2023-08-11,912.2000
2023-08-14,901.6800
2023-08-16,878.2900
2023-08-17,886.0400
2023-08-18,877.3200
2023-08-21,888.7100
2023-08-22,893.3300
2023-08-23,882.8700
2023-08-24,901.7400
2023-08-25,899.3800
2023-08-28,909.3800
2023-08-29,916.2400
2023-08-30,923.8100
2023-08-31,928.4000
2023-09-01,919.7400
2023-09-04,919.1600
2023-09-05,921.4800
2023-09-06,917.9500
2023-09-07,906.3600
2023-09-08,914.1800
2023-09-11,912.5500
2023-09-12,898.0400
2023-09-13,882.7200
2023-09-14,899.4700
2023-09-15,899.0300
2023-09-18,891.2900
2023-09-19,883.8900
2023-09-20,882.7200
2023-09-21,860.6800
2023-09-22,857.3500
2023-09-25,839.1700
2023-09-26,827.8200
2023-09-27,841.0200
2023-10-04,807.4000
2023-10-05,801.0200
2023-10-06,816.3900
2023-10-10,795.0000
2023-10-11,817.1200
2023-10-12,835.4900
2023-10-13,822.7800
2023-10-16,810.5400
2023-10-17,820.3800
2023-10-18,808.8900
2023-10-19,784.0400
2023-10-20,769.2500
2023-10-23,763.6900
2023-10-24,784.8600
2023-10-25,770.8400
2023-10-26,743.8500
2023-10-27,748.4900
2023-10-30,757.1200
2023-10-31,736.1000
2023-11-01,739.2300
2023-11-02,772.8400
2023-11-03,782.0500
2023-11-06,839.4500
2023-11-07,824.3700
2023-11-08,811.0200
2023-11-09,802.8700
2023-11-10,789.3100
2023-11-13,774.4200
2023-11-14,794.1900
2023-11-15,809.3600
2023-11-16,811.1100
2023-11-17,799.0600
2023-11-20,813.0800
2023-11-21,817.0100
2023-11-22,814.6100
2023-11-23,815.9800
2023-11-24,815.0000
2023-11-27,810.2500
2023-11-28,816.4400
2023-11-29,822.4400
2023-11-30,831.6800
2023-12-01,827.2400
2023-12-04,828.5200
2023-12-05,813.3800
2023-12-06,819.5400
2023-12-07,813.2000
2023-12-08,830.3700
2023-12-11,835.2500
2023-12-12,839.5300
2023-12-13,829.3100
2023-12-14,840.5900
2023-12-15,838.3100
2023-12-18,850.9600
2023-12-19,858.3000
2023-12-20,862.9800
2023-12-21,859.4400
2023-12-22,854.6200
2023-12-26,848.3400
2023-12-27,859.7900
2023-12-28,866.5700
2024-01-02,878.9300
2024-01-03,871.5700
2024-01-04,866.2500
2024-01-05,878.3300
2024-01-08,879.3400
2024-01-09,884.6400
2024-01-10,875.4600
2024-01-11,882.5300
2024-01-12,868.0800
2024-01-15,859.7100
2024-01-16,854.8300
2024-01-17,833.0500
2024-01-18,840.3300
2024-01-19,842.6700
2024-01-22,839.6900
2024-01-23,840.1100
2024-01-24,836.2100
2024-01-25,823.7400
2024-01-26,837.2400
2024-01-29,819.1400
2024-01-30,818.8600
2024-01-31,799.2400
2024-02-01,798.7300
2024-02-02,814.7700
2024-02-05,807.9900
2024-02-06,807.0300
2024-02-07,811.9200
2024-02-08,826.5800
2024-02-13,845.1500
2024-02-14,853.3000
2024-02-15,859.2100
2024-02-16,857.6000
2024-02-19,858.4700
2024-02-20,866.1700
2024-02-21,864.0700
2024-02-22,870.1100
2024-02-23,868.5700
2024-02-26,867.4000
2024-02-27,853.7500
2024-02-28,863.3900
2024-02-29,862.9600
2024-03-04,872.9700
2024-03-05,866.3700
2024-03-06,870.6700
2024-03-07,863.3700
2024-03-08,873.1800
2024-03-11,875.9300
2024-03-12,889.7100
2024-03-13,889.9300
2024-03-14,887.5200
2024-03-15,880.4600
2024-03-18,894.4800
2024-03-19,891.9100
2024-03-20,891.4500
2024-03-21,904.2900
2024-03-22,903.9800
2024-03-25,913.6900
2024-03-26,916.0900
2024-03-27,911.2500
2024-03-28,910.0500
2024-03-29,905.5000
2024-04-01,912.4500
2024-04-02,891.5900
2024-04-03,879.9600
2024-04-04,882.9000
2024-04-05,872.2900
2024-04-08,860.5700
2024-04-09,859.3300
2024-04-11,858.1000
2024-04-12,860.4700
2024-04-15,852.4200
2024-04-16,832.8100
2024-04-17,833.0300
2024-04-18,855.6500
2024-04-19,841.9100
2024-04-22,845.8200
2024-04-23,845.4400
2024-04-24,862.2300
2024-04-25,853.2600
2024-04-26,856.8200
2024-04-29,869.7200
2024-04-30,868.9300
2024-05-02,867.4800
2024-05-03,865.5900
2024-05-07,871.2600
2024-05-08,872.4200
2024-05-09,870.1500
2024-05-10,864.1600
2024-05-13,854.4300
2024-05-14,862.1500
2024-05-16,870.3700
2024-05-17,855.0600
2024-05-20,847.0800
2024-05-21,846.5100
2024-05-22,845.7200
2024-05-23,846.5800
2024-05-24,839.4100
2024-05-27,847.9900
2024-05-28,851.0100
2024-05-29,838.4500
2024-05-30,831.9900
2024-05-31,839.9800
2024-06-03,844.7200
2024-06-04,845.8400
2024-06-05,850.7500
2024-06-07,866.1800
2024-06-10,864.7100
2024-06-11,868.3600
2024-06-12,870.6700
2024-06-13,871.3300
2024-06-14,862.1900
2024-06-17,858.9600
2024-06-18,858.9500
2024-06-19,861.1700
2024-06-20,857.5100
2024-06-21,852.6700
2024-06-24,841.5200
2024-06-25,841.9900
2024-06-26,842.1200
2024-06-27,838.6500
2024-06-28,840.4400
2024-07-01,847.1500
2024-07-02,829.9100
2024-07-03,836.1000
2024-07-04,840.8100
2024-07-05,847.4900
2024-07-08,859.2700
2024-07-09,860.4200
2024-07-10,858.5500
2024-07-11,852.4200
2024-07-12,850.3700
2024-07-15,852.8800
2024-07-16,839.6100
2024-07-17,829.4100
2024-07-18,822.4800
2024-07-19,828.7200
2024-07-22,809.9600
2024-07-23,812.1200
2024-07-24,814.2500
2024-07-25,797.2900
2024-07-26,797.5600
2024-07-29,807.9900
2024-07-30,803.7800
2024-07-31,803.1500
2024-08-01,813.5300
2024-08-02,779.3300
2024-08-05,691.2800
2024-08-06,732.8700
2024-08-07,748.5400
2024-08-08,745.2800
2024-08-09,764.4300
2024-08-12,772.7200
2024-08-13,764.8600
2024-08-14,776.8300
2024-08-16,786.3300
2024-08-19,777.4700
2024-08-20,787.4400
2024-08-21,779.8700
2024-08-22,773.4700
2024-08-23,773.2600
2024-08-26,766.7900
2024-08-27,764.9500
2024-08-28,762.5000
2024-08-29,756.0400
2024-08-30,767.6600
2024-09-02,769.2100
2024-09-03,760.3700
2024-09-04,731.7500
2024-09-05,725.2800
2024-09-06,706.5900
2024-09-09,714.4600
2024-09-10,706.2000
2024-09-11,709.4200
2024-09-12,731.0300
2024-09-13,733.2000
2024-09-19,739.5100
2024-09-20,748.3300
2024-09-23,755.1200
2024-09-24,767.3500
2024-09-25,759.3000
2024-09-26,779.1800
2024-09-27,774.4900
2024-09-30,763.8800
2024-10-02,762.1300
2024-10-04,768.9800
2024-10-07,781.0100
2024-10-08,778.2400
2024-10-10,775.4800
2024-10-11,770.9800
2024-10-14,770.2600
2024-10-15,773.8100
2024-10-16,765.7900
2024-10-17,765.0600
2024-10-18,753.2200
2024-10-21,759.9500
2024-10-22,738.3400
2024-10-23,745.1900
2024-10-24,734.5900
2024-10-25,727.4100
2024-10-28,740.4800
2024-10-29,744.1800
2024-10-30,738.1900
2024-10-31,743.0600
2024-11-01,729.0500
2024-11-04,754.0800
2024-11-05,751.8100
2024-11-06,743.3100
2024-11-07,733.5200
2024-11-08,743.3800
2024-11-11,728.8400
2024-11-12,710.5200
2024-11-13,689.6500
2024-11-14,681.5600
2024-11-15,685.4200
2024-11-18,689.5500
2024-11-19,686.1200
2024-11-20,682.9100
2024-11-21,680.6700
2024-11-22,677.0100
2024-11-25,696.8300
2024-11-26,693.1500
2024-11-27,692.0000
2024-11-28,694.3900
2024-11-29,678.1900
2024-12-02,675.8400
2024-12-03,690.8000
2024-12-04,677.1500
2024-12-05,670.9400
2024-12-06,661.3300
2024-12-09,627.0100
2024-12-10,661.5900
2024-12-11,675.9200
2024-12-12,683.3500
2024-12-13,693.7300
2024-12-16,698.5300
2024-12-17,694.4700
2024-12-18,697.5700
2024-12-19,684.3600
2024-12-20,668.3100
2024-12-23,679.2400
2024-12-24,680.1100
2024-12-26,675.6400
2024-12-27,665.9700
2024-12-30,678.1900
2025-01-02,686.6300
2025-01-03,705.7600
2025-01-06,717.9600
2025-01-07,718.2900
2025-01-08,719.6300
2025-01-09,723.5200
2025-01-10,717.8900
2025-01-13,708.2100
2025-01-14,718.0400
2025-01-15,711.6100
2025-01-16,724.2400
2025-01-17,724.6900
2025-01-20,727.6600
2025-01-21,726.0700
2025-01-22,732.3100
2025-01-23,724.0100
2025-01-24,728.7400
2025-01-31,728.2900
2025-02-03,703.8000
2025-02-04,719.9200
2025-02-05,730.9800
2025-02-06,740.3200
2025-02-07,742.9000
2025-02-10,749.6700
2025-02-11,749.5900
2025-02-12,745.1800
2025-02-13,749.2800
2025-02-14,756.3200
2025-02-17,768.4800
2025-02-18,773.6500
2025-02-19,778.2700
2025-02-20,768.2700
2025-02-21,774.6500
2025-02-24,773.3300
2025-02-25,769.4300
2025-02-26,771.4100
2025-02-27,770.8500
2025-02-28,743.9600
2025-03-04,737.9000
2025-03-05,746.9500
2025-03-06,734.9200
2025-03-07,727.7000
2025-03-10,725.8200
2025-03-11,721.5000
2025-03-12,729.4900
2025-03-13,722.8000
2025-03-14,734.2600
2025-03-17,743.5100
2025-03-18,745.5400
2025-03-19,738.3500
2025-03-20,725.1500
2025-03-21,719.4100
2025-03-24,720.2200
2025-03-25,711.2600
2025-03-26,716.4800
2025-03-27,707.4900
2025-03-28,693.7600
2025-03-31,672.8500
2025-04-01,691.4500
2025-04-02,684.8500
2025-04-03,683.4900
2025-04-04,687.3900
2025-04-07,651.3000
2025-04-08,658.4500
2025-04-09,643.3900
2025-04-10,681.7900
2025-04-11,695.5900
2025-04-14,708.9800
2025-04-15,711.9200
2025-04-16,699.1100
2025-04-17,711.7500
2025-04-18,717.7700
2025-04-21,715.4500
2025-04-22,716.1200
2025-04-23,726.0800
2025-04-24,726.0800
2025-04-25,729.6900
2025-04-28,719.4100
2025-04-29,726.4600
2025-04-30,717.2400
2025-05-02,721.8600
2025-05-07,722.8100
2025-05-08,729.5900
2025-05-09,722.5200
2025-05-12,725.4000
2025-05-13,731.8800
2025-05-14,739.0500
2025-05-15,733.2300
2025-05-16,725.0700
2025-05-19,713.7500
2025-05-20,715.5500
2025-05-21,723.6200
2025-05-22,717.6700
2025-05-23,715.9800
2025-05-26,725.2700
2025-05-27,727.1100
2025-05-28,728.7900
2025-05-29,736.2900
2025-05-30,734.3500
2025-06-02,740.2900
2025-06-04,750.2100
2025-06-05,756.2300
2025-06-09,764.2100
2025-06-10,771.2000
2025-06-11,786.2900
2025-06-12,789.4500
2025-06-13,768.8600
2025-06-16,777.2600
2025-06-17,775.6500
2025-06-18,779.7300
2025-06-19,782.5100
2025-06-20,791.5300
2025-06-23,784.7900
2025-06-24,800.9300
2025-06-25,798.2100
2025-06-26,787.9500
2025-06-27,781.5600
2025-06-30,781.5000
2025-07-01,783.6700
2025-07-02,782.1700
2025-07-03,793.3300
2025-07-04,775.8000
2025-07-07,778.4600
2025-07-08,784.2400
2025-07-09,790.3600
2025-07-10,797.7000
2025-07-11,800.4700
2025-07-14,799.3700
2025-07-15,812.8800
2025-07-16,812.2300
2025-07-17,818.2700
2025-07-18,820.6700
2025-07-21,821.6900
2025-07-22,812.9700
2025-07-23,813.5600
2025-07-24,809.8900
2025-07-25,806.9500
2025-07-28,804.4000
2025-07-29,804.4500
2025-07-30,803.6700
2025-07-31,805.2400
2025-08-01,772.7900
2025-08-04,784.0600
2025-08-05,798.6000
2025-08-06,803.4900
2025-08-07,805.8100
2025-08-08,809.2700
2025-08-11,811.8500
2025-08-12,807.1900
2025-08-13,814.1000
2025-08-14,815.2600
2025-08-18,798.0500
2025-08-19,787.9600
2025-08-20,777.6100
2025-08-21,777.2400
2025-08-22,782.5100
2025-08-25,798.0200
2025-08-26,801.6600
2025-08-27,801.7200
2025-08-28,798.4300
2025-08-29,796.9100
2025-09-01,785.0000
2025-09-02,794.0000
2025-09-03,796.8100
2025-09-04,805.4200
2025-09-05,811.4000
2025-09-08,818.6000
2025-09-09,824.8200
2025-09-10,833.0000
2025-09-11,834.7600
2025-09-12,847.0800
2025-09-15,852.6900
2025-09-16,851.8400
2025-09-17,845.5300
2025-09-18,857.1100
2025-09-19,863.1100
2025-09-22,874.3600
2025-09-23,872.2100
2025-09-24,860.9400
2025-09-25,852.4800
2025-09-26,835.1900
2025-09-29,846.7100
2025-09-30,841.9900
2025-10-01,845.3400
2025-10-02,854.2500
2025-10-10,859.4900
2025-10-13,860.4900
2025-10-14,847.9600
2025-10-15,864.7200
2025-10-16,865.4100
2025-10-17,859.5400
2025-10-20,875.7700
2025-10-21,872.5000
2025-10-22,879.1500
2025-10-23,872.0300
2025-10-24,883.0800
2025-10-27,902.7000
2025-10-28,903.3000
2025-10-29,901.5900
2025-10-30,890.8600
2025-10-31,900.4200
2025-11-03,914.5500
2025-11-04,926.5700
2025-11-05,901.8900
2025-11-06,898.1700
2025-11-07,876.8100
2025-11-10,888.3500
2025-11-11,884.2700
2025-11-12,906.5100
2025-11-13,918.3700
2025-11-14,897.9000
2025-11-17,902.6700
2025-11-18,878.7000
2025-11-19,871.3200
2025-11-20,891.9400
2025-11-21,863.9500
2025-11-24,856.4400
2025-11-25,856.0300
2025-11-26,877.3200
2025-11-27,880.0600
2025-11-28,912.6700
2025-12-01,922.3800
2025-12-02,928.4200
2025-12-03,932.0100
2025-12-04,929.8300
2025-12-05,924.7400
2025-12-08,927.7900
2025-12-09,931.3500
2025-12-10,935.0000
2025-12-11,934.6400
2025-12-12,937.3400
2025-12-15,938.8300
2025-12-16,916.1100
2025-12-17,911.0700
2025-12-18,901.3300
2025-12-19,915.2700
2025-12-22,929.1400
2025-12-23,919.5600
2025-12-24,915.2000
2025-12-26,919.6700
2025-12-29,932.5900
2025-12-30,925.4700
2026-01-02,945.5700
2026-01-05,957.5000
2026-01-06,955.9700
2026-01-07,947.3900
2026-01-08,944.0600
2026-01-09,947.9200
2026-01-12,949.8100
2026-01-13,948.9800
2026-01-14,942.1800
2026-01-15,951.1600
2026-01-16,954.5900
2026-01-19,968.3600
2026-01-20,976.3700
2026-01-21,951.2900
2026-01-22,970.3500
2026-01-23,993.9300
2026-01-26,1064.4100
2026-01-27,1082.5900
2026-01-28,1133.5200
2026-01-29,1164.4100
2026-01-30,1149.4399
2026-02-02,1098.3600
2026-02-03,1144.3300
2026-02-04,1149.4301
2026-02-05,1108.4100
2026-02-06,1080.7700
2026-02-09,1127.5500
2026-02-10,1115.2000
2026-02-11,1114.8700
2026-02-12,1125.9900
2026-02-13,1106.0800
2026-02-19,1160.7100
2026-02-20,1154.0000
2026-02-23,1151.9900
2026-02-24,1165.0000
2026-02-25,1165.2500
2026-02-26,1188.1500
2026-02-27,1192.7800
2026-03-03,1137.7000
2026-03-04,978.4400
2026-03-05,1116.4100
2026-03-06,1154.6700
2026-03-09,1102.2800
2026-03-10,1137.6801
2026-03-11,1136.8300
2026-03-12,1148.4000
2026-03-13,1152.9600
2026-03-16,1138.2900
2026-03-17,1136.9399
2026-03-18,1164.3800
2026-03-19,1143.4800
2026-03-20,1161.5200
2026-03-23,1096.8900
2026-03-24,1121.4399
2026-03-25,1159.5500
2026-03-26,1136.6400
2026-03-27,1141.5100
2026-03-30,1107.0500
2026-03-31,1052.3900
2026-04-01,1116.1801
2026-04-02,1056.3400
2026-04-03,1063.7500
2026-04-06,1047.3700
2026-04-07,1036.7300
2026-04-08,1089.8500
2026-04-09,1076.0000
2026-04-10,1093.6300
2026-04-13,1099.8400
2026-04-14,1121.8800
2026-04-15,1152.4301
2026-04-16,1162.9700
2026-04-17,1170.0400
2026-04-20,1174.8500
2026-04-21,1179.0300
2026-04-22,1181.1200
2026-04-23,1174.3101
2026-04-24,1203.8400
2026-04-27,1226.1801
2026-04-28,1215.5800
2026-04-29,1220.2600
2026-04-30,1192.3500
2026-05-04,1213.7400
2026-05-06,1210.1700
2026-05-07,1199.1801
2026-05-08,1207.7200
2026-05-11,1207.3400
2026-05-12,1179.2900
2026-05-13,1176.9301
2026-05-14,1191.0900
2026-05-15,1129.8199
2026-05-18,1111.0900
2026-05-19,1084.3600
2026-05-20,1056.0699
2026-05-21,1105.9700
2026-05-22,1161.1300
2026-05-26,1172.5200
2026-05-27,1133.1300
2026-05-28,1104.3600
2026-05-29,1074.8000
2026-06-01,1050.0300
2026-06-02,1026.0300
2026-06-04,1049.7300
2026-06-05,1002.4400
2026-06-08,911.3900
2026-06-09,967.8100
2026-06-10,951.6300
2026-06-11,996.9300
2026-06-12,1029.0500
2026-06-15,1034.0300
2026-06-16,1018.6800
2026-06-17,1031.9600
2026-06-18,1000.9300
2026-06-19,966.5900
2026-06-22,968.4000
2026-06-23,891.5200
2026-06-24,909.3100
2026-06-25,887.8100
2026-06-26,851.3700
2026-06-29,920.5700
2026-06-30,916.1800
2026-07-01,929.3500
2026-07-02,866.7200
2026-07-03,868.4100
2026-07-06,847.0700
2026-07-07,831.2300
2026-07-08,785.0000
2026-07-09,794.0000
2026-07-10,837.4300
2026-07-13,799.3600
2026-07-14,783.9800
2026-07-15,829.4300
2026-07-16,791.8400
2026-07-20,749.6400
2026-07-21,753.3400
2026-07-22,751.0900
2026-07-23,790.2800
2026-07-24,748.2200
2026-07-27,764.8600
2026-07-28,705.8500
2026-07-29,662.6800
2026-07-30,644.7800
2026-07-31,719.7600
2026-08-03,737.3500
2026-08-04,780.7200
2026-08-05,799.5900
2026-08-06,801.6700
2026-08-07,798.8100
2026-08-10,854.4700
2026-08-11,857.8400
2026-08-12,858.9100
2026-08-13,861.3700
2026-08-14,864.6500
2026-08-18,834.2000
2026-08-19,824.4600
2026-08-20,840.8900
2026-08-21,801.9400
2026-08-24,813.3300
2026-08-25,827.1500
2026-08-27,832.7300
