date,close
1996-12-11,704.6800
1996-12-12,689.3800
1996-12-13,689.0700
1996-12-16,673.9200
1996-12-17,663.3500
1996-12-18,661.3900
1996-12-19,690.9700
1996-12-20,700.8700
1996-12-23,684.8100
1996-12-24,677.7600
1996-12-26,659.0100
1996-12-27,651.2200
1997-01-03,653.7900
1997-01-06,626.8700
1997-01-07,611.0500
1997-01-08,621.4100
1997-01-09,639.8700
1997-01-10,648.6900
1997-01-13,659.5400
1997-01-14,686.5900
1997-01-15,699.7600
1997-01-16,711.8600
1997-01-17,701.1800
1997-01-20,718.4600
1997-01-21,690.5400
1997-01-22,678.9400
1997-01-23,676.9100
1997-01-24,679.5600
1997-01-27,664.7000
1997-01-28,662.8500
1997-01-29,663.5600
1997-01-30,676.5200
1997-01-31,685.8400
1997-02-03,687.2500
1997-02-04,695.9500
1997-02-05,698.6000
1997-02-06,700.2200
1997-02-10,709.7900
1997-02-11,713.4300
1997-02-12,712.5000
1997-02-13,716.7100
1997-02-14,721.0000
1997-02-17,712.9300
1997-02-18,706.9400
1997-02-19,713.6700
1997-02-20,711.1300
1997-02-21,686.7200
1997-02-24,676.5900
1997-02-25,682.8100
1997-02-26,679.7100
1997-02-27,669.4100
1997-02-28,676.5300
1997-03-03,679.6400
1997-03-04,679.9700
1997-03-05,674.9000
1997-03-06,678.1100
1997-03-07,681.2200
1997-03-10,667.3500
1997-03-11,655.9500
1997-03-12,663.9000
1997-03-13,657.9000
1997-03-14,642.0800
1997-03-17,658.9000
1997-03-18,657.9700
1997-03-19,646.2900
1997-03-20,642.8600
1997-03-21,627.6300
1997-03-24,617.2600
1997-03-25,638.9000
1997-03-26,656.6200
1997-03-27,651.6500
1997-03-28,652.8700
1997-03-31,677.3400
1997-04-01,672.9900
1997-04-02,678.8600
1997-04-03,678.7400
1997-04-04,687.4200
1997-04-07,694.9000
1997-04-08,694.9700
1997-04-09,698.6600
1997-04-10,688.0400
1997-04-11,693.9400
1997-04-14,704.2000
1997-04-15,701.3900
1997-04-16,702.4200
1997-04-17,694.7600
1997-04-18,695.6700
1997-04-21,697.3400
1997-04-22,687.9600
1997-04-23,693.0500
1997-04-24,690.8000
1997-04-25,692.4800
1997-04-28,704.1600
1997-04-29,704.0500
1997-04-30,703.2300
1997-05-02,706.1000
1997-05-06,701.5700
1997-05-07,689.1000
1997-05-08,684.6900
1997-05-09,687.6200
1997-05-12,672.1000
1997-05-13,683.8600
1997-05-15,699.9500
1997-05-16,699.5300
1997-05-19,721.2000
1997-05-20,734.6700
1997-05-21,737.7100
1997-05-22,724.3800
1997-05-23,730.5300
1997-05-26,718.9900
1997-05-27,723.3500
1997-05-28,738.1200
1997-05-29,742.5000
1997-05-30,746.3600
1997-06-02,758.3900
1997-06-03,766.0600
1997-06-04,763.2500
1997-06-05,765.6700
1997-06-09,775.0100
1997-06-10,769.8300
1997-06-11,765.7900
1997-06-12,774.6600
1997-06-13,789.1500
1997-06-16,789.0500
1997-06-17,792.2900
1997-06-18,773.2100
1997-06-19,770.9500
1997-06-20,770.2200
1997-06-23,753.0500
1997-06-24,753.7000
1997-06-25,744.9900
1997-06-26,744.3400
1997-06-27,738.4300
1997-06-30,745.4000
1997-07-01,758.0300
1997-07-02,777.2900
1997-07-03,775.2600
1997-07-04,781.7000
1997-07-07,773.5100
1997-07-08,767.7400
1997-07-09,771.9900
1997-07-10,767.7700
1997-07-11,768.3000
1997-07-14,764.4500
1997-07-15,755.0500
1997-07-16,739.7200
1997-07-18,747.3700
1997-07-21,740.9300
1997-07-22,725.9800
1997-07-23,730.5800
1997-07-24,739.0400
1997-07-25,733.6400
1997-07-28,733.9200
1997-07-29,732.6800
1997-07-30,726.8900
1997-07-31,726.1200
1997-08-01,731.4500
1997-08-04,734.1900
1997-08-05,740.8600
1997-08-06,745.6500
1997-08-07,745.3500
1997-08-08,752.0100
1997-08-11,765.0700
1997-08-12,762.0200
1997-08-13,762.7300
1997-08-14,755.7800
1997-08-18,747.2900
1997-08-19,741.2900
1997-08-20,746.2300
1997-08-21,739.4700
1997-08-22,736.6200
1997-08-25,741.7600
1997-08-26,734.0300
1997-08-27,730.2800
1997-08-28,716.8600
1997-08-29,704.2700
1997-09-01,682.2000
1997-09-02,688.7800
1997-09-03,688.6300
1997-09-04,687.9900
1997-09-05,700.9200
1997-09-08,697.9800
1997-09-09,688.9700
1997-09-10,691.6200
1997-09-11,695.3700
1997-09-12,699.3300
1997-09-18,701.3900
1997-09-19,689.1600
1997-09-22,668.4500
1997-09-23,654.3700
1997-09-24,655.7500
1997-09-25,647.0000
1997-09-26,638.2600
1997-09-29,625.0700
1997-09-30,647.1100
1997-10-01,644.9200
1997-10-02,636.6500
1997-10-06,644.2100
1997-10-07,630.0300
1997-10-08,610.4400
1997-10-09,609.3600
1997-10-10,609.8400
1997-10-13,613.0000
1997-10-14,620.6800
1997-10-15,604.7400
1997-10-16,579.2500
1997-10-17,585.4900
1997-10-20,565.6400
1997-10-21,566.8500
1997-10-22,601.3200
1997-10-23,604.0600
1997-10-24,570.9100
1997-10-27,530.4700
1997-10-28,495.2800
1997-10-29,506.6400
1997-10-30,485.0800
1997-10-31,470.7900
1997-11-03,511.6600
1997-11-04,542.1300
1997-11-05,555.7400
1997-11-06,553.8700
1997-11-07,515.6300
1997-11-10,525.3200
1997-11-11,522.1100
1997-11-12,517.4900
1997-11-13,519.4700
1997-11-14,520.0100
1997-11-17,496.9800
1997-11-18,494.6600
1997-11-19,502.5900
1997-11-20,488.4100
1997-11-21,506.0700
1997-11-24,450.6400
1997-11-25,439.5900
1997-11-26,438.7000
1997-11-27,433.1000
1997-11-28,411.9100
1997-12-01,393.1600
1997-12-02,376.8700
1997-12-03,379.3100
1997-12-04,405.8100
1997-12-05,434.1200
1997-12-08,414.8300
1997-12-09,388.0000
1997-12-10,399.8500
1997-12-11,377.3700
1997-12-12,350.6800
1997-12-15,385.8000
1997-12-16,404.2600
1997-12-17,418.4900
1997-12-19,397.0200
1997-12-22,396.0600
1997-12-23,366.3600
1997-12-24,351.4500
1997-12-26,375.1500
1998-01-05,396.4900
1998-01-06,406.3400
1998-01-07,409.4200
1998-01-08,423.9600
1998-01-09,414.0000
1998-01-12,456.2000
1998-01-13,463.7400
1998-01-14,475.1300
1998-01-15,505.9800
1998-01-16,488.1000
1998-01-19,528.7700
1998-01-20,533.5500
1998-01-21,506.6600
1998-01-22,483.9900
1998-01-23,486.8600
1998-01-26,518.6400
1998-01-30,558.3300
1998-02-02,543.6800
1998-02-03,550.2100
1998-02-04,547.2800
1998-02-05,528.0500
1998-02-06,540.4500
1998-02-09,554.2400
1998-02-10,541.7700
1998-02-11,520.1400
1998-02-12,512.4900
1998-02-13,506.2000
1998-02-16,476.9800
1998-02-17,471.7300
1998-02-18,487.7300
1998-02-19,513.4500
1998-02-20,522.1300
1998-02-23,543.0600
1998-02-24,540.8900
1998-02-25,516.3800
1998-02-26,524.9800
1998-02-27,548.4200
1998-03-02,574.3500
1998-03-03,570.8900
1998-03-04,572.7600
1998-03-05,535.6800
1998-03-06,522.5500
1998-03-09,507.7100
1998-03-10,525.5600
1998-03-11,531.0500
1998-03-12,535.8400
1998-03-13,536.1600
1998-03-16,528.8800
1998-03-17,515.5100
1998-03-18,518.0800
1998-03-19,521.7300
1998-03-20,525.9500
1998-03-23,511.9000
1998-03-24,508.4300
1998-03-25,510.1400
1998-03-26,501.1300
1998-03-27,503.0800
1998-03-30,482.3300
1998-03-31,481.0400
1998-04-01,468.2200
1998-04-02,453.6600
1998-04-03,434.4500
1998-04-06,435.9200
1998-04-07,459.5800
1998-04-08,455.5300
1998-04-09,468.1100
1998-04-10,468.2900
1998-04-13,494.8900
1998-04-14,467.6300
1998-04-15,467.8700
1998-04-16,454.1500
1998-04-17,450.2300
1998-04-20,435.7300
1998-04-21,439.2100
1998-04-22,431.8100
1998-04-23,416.5400
1998-04-24,414.5600
1998-04-27,406.2500
1998-04-28,402.3900
1998-04-29,417.0500
1998-04-30,421.2200
1998-05-04,391.8000
1998-05-06,376.2300
1998-05-07,379.4700
1998-05-08,373.0400
1998-05-11,361.5800
1998-05-12,351.8600
1998-05-13,356.5800
1998-05-14,362.9400
1998-05-15,352.8300
1998-05-18,359.0000
1998-05-19,362.5300
1998-05-20,369.1700
1998-05-21,362.3000
1998-05-22,353.6700
1998-05-25,331.9000
1998-05-26,311.9900
1998-05-27,313.4800
1998-05-28,323.0900
1998-05-29,336.6300
1998-06-01,336.7000
1998-06-02,324.1000
1998-06-03,332.4600
1998-06-05,341.5300
1998-06-08,345.8800
1998-06-09,339.2200
1998-06-10,324.5400
1998-06-11,328.7000
1998-06-12,302.0900
1998-06-15,288.2100
1998-06-16,280.0000
1998-06-17,303.8100
1998-06-18,325.4900
1998-06-19,313.2600
1998-06-22,311.2700
1998-06-23,303.3100
1998-06-24,301.7200
1998-06-25,300.5700
1998-06-26,298.5400
1998-06-29,298.6000
1998-06-30,297.8800
1998-07-01,315.5600
1998-07-02,311.7700
1998-07-03,308.5300
1998-07-06,309.6100
1998-07-07,317.5000
1998-07-08,318.7900
1998-07-09,319.0200
1998-07-10,309.2800
1998-07-13,301.3700
1998-07-14,306.7300
1998-07-15,313.4200
1998-07-16,330.3500
1998-07-20,365.1800
1998-07-21,364.7600
1998-07-22,362.0700
1998-07-23,341.4600
1998-07-24,343.7900
1998-07-27,329.8000
1998-07-28,335.3300
1998-07-29,344.4100
1998-07-30,344.9100
1998-07-31,343.3300
1998-08-03,329.4700
1998-08-04,333.2000
1998-08-05,322.8300
1998-08-06,320.5700
1998-08-07,321.7100
1998-08-10,311.9500
1998-08-11,311.2500
1998-08-12,305.3500
1998-08-13,303.0100
1998-08-14,304.6100
1998-08-17,301.6200
1998-08-18,291.1500
1998-08-19,301.9000
1998-08-20,316.5900
1998-08-21,316.6200
1998-08-24,305.1500
1998-08-25,310.2300
1998-08-26,317.5600
1998-08-27,313.9200
1998-08-28,309.3200
1998-08-31,310.1600
1998-09-01,309.7100
1998-09-02,314.4000
1998-09-03,314.7800
1998-09-04,314.2200
1998-09-07,328.2200
1998-09-08,326.3400
1998-09-09,329.2200
1998-09-10,338.9500
1998-09-11,320.6100
1998-09-14,314.2400
1998-09-15,307.2700
1998-09-16,313.1700
1998-09-17,310.8800
1998-09-18,302.2100
1998-09-21,297.4500
1998-09-22,292.6100
1998-09-23,291.9300
1998-09-24,310.7500
1998-09-25,303.7900
1998-09-28,305.7300
1998-09-29,312.3300
1998-09-30,310.3200
1998-10-01,305.6400
1998-10-02,308.2500
1998-10-07,313.4900
1998-10-08,305.2200
1998-10-09,327.9600
1998-10-12,352.1700
1998-10-13,346.0800
1998-10-14,346.1300
1998-10-15,368.7400
1998-10-16,374.0100
1998-10-19,373.9700
1998-10-20,388.3500
1998-10-21,380.8000
1998-10-22,382.5200
1998-10-23,378.8300
1998-10-26,373.3200
1998-10-27,360.4300
1998-10-28,363.9100
1998-10-29,370.3000
1998-10-30,384.7500
1998-11-02,404.6100
1998-11-03,407.6400
1998-11-04,413.4700
1998-11-05,418.2000
1998-11-06,416.3000
1998-11-09,424.4500
1998-11-10,403.2400
1998-11-11,400.7000
1998-11-12,403.5200
1998-11-13,404.3000
1998-11-16,422.2100
1998-11-17,424.4300
1998-11-18,423.7400
1998-11-19,441.0600
1998-11-20,452.9300
1998-11-23,453.9500
1998-11-24,460.7800
1998-11-25,461.0100
1998-11-26,446.5900
1998-11-27,447.0000
1998-11-30,451.8800
1998-12-01,445.9600
1998-12-02,446.3500
1998-12-03,448.1100
1998-12-04,466.3400
1998-12-07,514.5200
1998-12-08,509.8500
1998-12-09,526.5200
1998-12-10,567.6100
1998-12-11,555.1700
1998-12-14,559.3000
1998-12-15,579.8600
1998-12-16,545.9700
1998-12-17,528.8900
1998-12-18,524.8500
1998-12-21,565.2700
1998-12-22,547.7500
1998-12-23,553.5300
1998-12-24,555.3600
1998-12-28,562.4600
1999-01-04,587.5700
1999-01-05,576.7800
1999-01-06,612.3600
1999-01-07,637.5900
1999-01-08,626.3300
1999-01-11,640.9500
1999-01-12,631.1900
1999-01-13,633.0300
1999-01-14,604.4200
1999-01-15,614.5700
1999-01-18,622.5200
1999-01-19,618.1200
1999-01-20,613.4300
1999-01-21,582.0400
1999-01-22,550.5800
1999-01-25,539.7600
1999-01-26,531.2300
1999-01-27,565.2000
1999-01-28,571.4700
1999-01-29,571.4300
1999-02-01,581.6700
1999-02-02,567.2800
1999-02-03,553.3300
1999-02-04,550.1500
1999-02-05,551.3900
1999-02-08,545.3800
1999-02-09,523.3800
1999-02-10,524.4900
1999-02-11,523.9900
1999-02-12,551.7700
1999-02-18,536.4100
1999-02-19,522.1800
1999-02-22,508.4900
1999-02-23,502.8800
1999-02-24,498.4200
1999-02-25,499.1400
1999-02-26,520.0600
1999-03-02,533.9700
1999-03-03,534.4900
1999-03-04,532.2900
1999-03-05,539.1900
1999-03-08,571.8400
1999-03-09,572.8500
1999-03-10,569.2700
1999-03-11,582.0700
1999-03-12,590.8000
1999-03-15,592.0200
1999-03-16,601.8300
1999-03-17,600.5200
1999-03-18,578.9800
1999-03-19,604.2200
1999-03-22,607.7400
1999-03-23,614.3400
1999-03-24,611.4800
1999-03-25,611.0700
1999-03-26,609.7900
1999-03-29,601.0700
1999-03-30,618.0500
1999-03-31,618.9800
1999-04-01,636.8900
1999-04-02,646.7800
1999-04-06,666.7300
1999-04-07,673.3600
1999-04-08,681.1900
1999-04-09,687.4200
1999-04-12,689.6400
1999-04-13,689.8000
1999-04-14,687.4100
1999-04-15,722.0100
1999-04-16,725.1400
1999-04-19,766.5900
1999-04-20,770.4300
1999-04-21,743.2600
1999-04-22,740.4000
1999-04-23,750.9900
1999-04-26,776.3000
1999-04-27,793.9800
1999-04-28,790.0300
1999-04-29,752.6100
1999-04-30,752.5900
1999-05-03,756.5900
1999-05-04,771.1700
1999-05-06,810.5400
1999-05-07,810.6200
1999-05-10,814.2400
1999-05-11,781.4100
1999-05-12,773.1300
1999-05-13,742.3700
1999-05-14,737.8300
1999-05-17,717.8300
1999-05-18,729.2900
1999-05-19,734.9800
1999-05-20,708.6000
1999-05-21,710.4900
1999-05-24,695.6000
1999-05-25,698.6900
1999-05-26,720.0500
1999-05-27,726.6600
1999-05-28,732.2400
1999-05-31,736.0200
1999-06-01,753.7200
1999-06-02,775.0000
1999-06-03,778.2100
1999-06-04,797.5000
1999-06-07,842.3200
1999-06-08,853.6000
1999-06-09,803.4600
1999-06-10,856.0600
1999-06-11,848.6100
1999-06-14,821.9100
1999-06-15,803.7200
1999-06-16,829.5300
1999-06-17,832.2600
1999-06-18,837.7300
1999-06-21,869.0000
1999-06-22,875.9700
1999-06-23,888.6300
1999-06-24,877.3000
1999-06-25,882.0800
1999-06-28,903.0500
1999-06-29,897.4500
1999-06-30,883.0000
1999-07-01,919.9800
1999-07-02,933.4200
1999-07-05,962.8400
1999-07-06,989.4300
1999-07-07,1005.9800
1999-07-08,999.1100
1999-07-09,1027.9301
1999-07-12,1004.2500
1999-07-13,987.5000
1999-07-14,953.6700
1999-07-15,982.1400
1999-07-16,1020.8200
1999-07-19,1024.5800
1999-07-20,998.4500
1999-07-21,965.1100
1999-07-22,976.6600
1999-07-23,904.9600
1999-07-26,872.9400
1999-07-27,928.8500
1999-07-28,944.4600
1999-07-29,998.7100
1999-07-30,969.7200
1999-08-02,959.8100
1999-08-03,973.3300
1999-08-04,975.4500
1999-08-05,939.0700
1999-08-06,938.2600
1999-08-09,948.9700
1999-08-10,968.6600
1999-08-11,944.0800
1999-08-12,949.3500
1999-08-13,917.4700
1999-08-16,907.2800
1999-08-17,873.7000
1999-08-18,868.9400
1999-08-19,871.1800
1999-08-20,878.3900
1999-08-23,917.5800
1999-08-24,932.4100
1999-08-25,963.0000
1999-08-26,959.8800
1999-08-27,960.2800
1999-08-30,942.5700
1999-08-31,937.8800
1999-09-01,905.5200
1999-09-02,898.9700
1999-09-03,910.6200
1999-09-06,943.2200
1999-09-07,943.9200
1999-09-08,936.9300
1999-09-09,950.5300
1999-09-10,961.9800
1999-09-13,980.9100
1999-09-14,968.5400
1999-09-15,952.6900
1999-09-16,916.1600
1999-09-17,925.2000
1999-09-20,933.8800
1999-09-21,957.4200
1999-09-22,941.5700
1999-09-27,903.7900
1999-09-28,900.7300
1999-09-29,868.8800
1999-09-30,836.1800
1999-10-01,839.3500
1999-10-04,818.3700
1999-10-05,791.5500
1999-10-06,835.3100
1999-10-07,851.1500
1999-10-08,839.4100
1999-10-11,834.3900
1999-10-12,856.2500
1999-10-13,855.5200
1999-10-14,866.0200
1999-10-15,862.6300
1999-10-18,826.2500
1999-10-19,811.4400
1999-10-20,830.6900
1999-10-21,818.5100
1999-10-22,819.5200
1999-10-25,798.8400
1999-10-26,797.0100
1999-10-27,793.4200
1999-10-28,820.9500
1999-10-29,833.5100
1999-11-01,876.5500
1999-11-02,890.1800
1999-11-03,887.1500
1999-11-04,911.8200
1999-11-05,913.0900
1999-11-08,907.6000
1999-11-09,943.4600
1999-11-10,938.7600
1999-11-11,947.4200
1999-11-12,969.2600
1999-11-15,974.7300
1999-11-16,1007.7200
1999-11-17,967.6400
1999-11-18,970.1900
1999-11-19,993.1100
1999-11-22,977.8800
1999-11-23,974.0500
1999-11-24,969.2900
1999-11-25,972.7100
1999-11-26,949.1600
1999-11-29,964.2600
1999-11-30,996.6600
1999-12-01,999.1600
1999-12-02,967.9000
1999-12-03,966.5900
1999-12-06,998.1100
1999-12-07,999.9200
1999-12-08,988.3200
1999-12-09,980.5400
1999-12-10,1018.1700
1999-12-13,1013.6500
1999-12-14,1002.6400
1999-12-15,963.5800
1999-12-16,948.5700
1999-12-17,949.2600
1999-12-20,967.0500
1999-12-21,958.8000
1999-12-22,967.8300
1999-12-23,974.1600
1999-12-24,991.6300
1999-12-27,1005.7300
1999-12-28,1028.0699
2000-01-04,1059.0400
2000-01-05,986.3100
2000-01-06,960.7900
2000-01-07,948.6500
2000-01-10,987.2400
2000-01-11,981.3300
2000-01-12,955.0100
2000-01-13,951.0500
2000-01-14,948.0300
2000-01-17,983.2700
2000-01-18,981.5300
2000-01-19,938.7800
2000-01-20,945.9000
2000-01-21,925.1600
2000-01-24,926.7700
2000-01-25,891.2200
2000-01-26,885.5400
2000-01-27,909.2300
2000-01-28,941.6700
2000-01-31,943.8800
2000-02-01,928.7500
2000-02-02,943.5900
2000-02-03,950.2200
2000-02-07,973.1300
2000-02-08,961.2200
2000-02-09,976.0500
2000-02-10,966.1800
2000-02-11,953.2200
2000-02-14,910.8700
2000-02-15,879.7000
2000-02-16,879.5000
2000-02-17,897.5200
2000-02-18,897.5200
2000-02-21,845.3200
2000-02-22,850.0200
2000-02-23,880.6700
2000-02-24,867.3700
2000-02-25,864.7600
2000-02-28,819.0100
2000-02-29,828.3800
2000-03-02,894.6600
2000-03-03,894.8300
2000-03-06,909.3300
2000-03-07,907.3400
2000-03-08,915.2400
2000-03-09,884.5900
2000-03-10,891.3600
2000-03-13,854.6600
2000-03-14,846.7400
2000-03-15,837.5300
2000-03-16,841.2200
2000-03-17,855.5700
2000-03-20,850.5100
2000-03-21,863.4100
2000-03-22,882.4300
2000-03-23,867.6200
2000-03-24,889.2400
2000-03-27,886.7100
2000-03-28,891.2900
2000-03-29,908.5100
2000-03-30,889.9500
2000-03-31,860.9400
2000-04-03,846.4400
2000-04-04,830.1600
2000-04-06,804.3500
2000-04-07,837.3800
2000-04-10,870.1700
2000-04-11,855.0500
2000-04-12,837.0100
2000-04-14,800.8900
2000-04-17,707.7200
2000-04-18,747.3000
2000-04-19,755.0800
2000-04-20,761.2500
2000-04-21,767.1600
2000-04-24,747.5800
2000-04-25,737.2000
2000-04-26,713.2300
2000-04-27,692.0700
2000-04-28,725.3900
2000-05-02,752.5900
2000-05-03,752.7600
2000-05-04,751.2900
2000-05-08,770.2400
2000-05-09,760.8500
2000-05-10,759.5100
2000-05-12,740.3000
2000-05-15,728.6700
2000-05-16,746.7700
2000-05-17,727.1800
2000-05-18,712.9500
2000-05-19,730.6800
2000-05-22,691.6100
2000-05-23,679.7600
2000-05-24,674.9500
2000-05-25,699.5300
2000-05-26,656.6600
2000-05-29,655.9300
2000-05-30,691.2600
2000-05-31,731.8800
2000-06-01,738.4900
2000-06-02,760.6900
2000-06-05,794.2100
2000-06-07,822.5400
2000-06-08,800.1100
2000-06-09,836.4000
2000-06-12,845.8100
2000-06-13,804.4500
2000-06-14,819.2700
2000-06-15,770.9500
2000-06-16,759.0400
2000-06-19,755.3800
2000-06-20,785.3200
2000-06-21,781.8700
2000-06-22,782.2400
2000-06-23,778.9400
2000-06-26,791.5500
2000-06-27,809.8700
2000-06-28,818.7300
2000-06-29,818.9000
2000-06-30,821.2200
2000-07-03,835.2100
2000-07-04,818.5300
2000-07-05,830.4000
2000-07-06,837.6300
2000-07-07,841.7400
2000-07-10,851.4700
2000-07-11,836.8600
2000-07-12,839.7600
2000-07-13,845.7500
2000-07-14,827.9500
2000-07-18,812.3300
2000-07-19,797.3000
2000-07-20,778.9000
2000-07-21,783.0600
2000-07-24,737.8900
2000-07-25,737.6400
2000-07-26,743.8400
2000-07-27,727.6800
2000-07-28,692.6500
2000-07-31,705.9700
2000-08-01,727.1000
2000-08-02,728.3300
2000-08-03,722.0800
2000-08-04,710.0000
2000-08-07,675.5900
2000-08-08,666.0800
2000-08-09,710.2300
2000-08-10,729.2800
2000-08-11,722.2100
2000-08-14,733.2500
2000-08-16,751.1400
2000-08-17,743.4900
2000-08-18,728.3200
2000-08-21,722.5800
2000-08-22,738.6100
2000-08-23,719.7100
2000-08-24,718.8600
2000-08-25,729.8000
2000-08-28,731.8100
2000-08-29,731.5600
2000-08-30,718.9300
2000-08-31,688.6200
2000-09-01,692.1900
2000-09-04,681.3000
2000-09-05,679.2400
2000-09-06,676.6900
2000-09-07,656.3700
2000-09-08,653.6800
2000-09-14,650.1400
2000-09-15,628.2000
2000-09-18,577.5600
2000-09-19,571.1700
2000-09-20,606.0800
2000-09-21,595.9900
2000-09-22,553.2500
2000-09-25,584.6300
2000-09-26,587.6000
2000-09-27,599.3100
2000-09-28,605.8500
2000-09-29,613.2200
2000-10-02,589.2200
2000-10-04,598.4200
2000-10-05,606.7900
2000-10-06,608.8500
2000-10-09,589.1800
2000-10-10,588.3400
2000-10-11,557.1800
2000-10-12,534.7100
2000-10-13,524.6000
2000-10-16,550.1000
2000-10-17,512.8500
2000-10-18,514.1700
2000-10-19,515.0400
2000-10-20,545.9700
2000-10-23,528.3700
2000-10-24,545.0500
2000-10-25,542.3300
2000-10-26,523.6700
2000-10-27,515.3400
2000-10-30,504.7300
2000-10-31,514.4800
2000-11-01,548.7600
2000-11-02,558.1000
2000-11-03,560.4100
2000-11-06,556.6600
2000-11-07,553.3500
2000-11-08,558.0900
2000-11-09,560.6600
2000-11-10,565.1800
2000-11-13,538.9400
2000-11-14,552.9900
2000-11-15,557.4800
2000-11-16,555.0400
2000-11-17,551.2600
2000-11-20,537.4000
2000-11-21,531.4500
2000-11-22,522.3300
2000-11-23,514.3100
2000-11-24,530.8400
2000-11-27,554.0400
2000-11-28,536.9400
2000-11-29,516.4400
2000-11-30,509.2300
2000-12-01,514.4600
2000-12-04,501.7300
2000-12-05,516.9600
2000-12-06,517.8900
2000-12-07,523.7800
2000-12-08,534.8100
2000-12-11,554.8000
2000-12-12,543.0800
2000-12-13,557.8400
2000-12-14,547.3800
2000-12-15,534.0000
2000-12-18,539.2700
2000-12-19,530.8000
2000-12-20,514.2100
2000-12-21,511.9000
2000-12-22,500.6000
2000-12-26,504.6200
2001-01-02,520.9500
2001-01-03,521.4300
2001-01-04,558.0200
2001-01-05,580.8500
2001-01-08,586.6500
2001-01-09,589.9200
2001-01-10,560.8100
2001-01-11,561.7900
2001-01-12,587.8700
2001-01-15,599.0000
2001-01-16,603.4200
2001-01-17,595.8300
2001-01-18,604.0500
2001-01-19,619.7800
2001-01-22,627.4500
2001-01-26,591.7300
2001-01-29,596.5400
2001-01-30,591.3400
2001-01-31,617.9100
2001-02-01,612.3000
2001-02-02,608.4800
2001-02-05,579.1600
2001-02-06,586.5800
2001-02-07,576.1900
2001-02-08,591.5700
2001-02-09,595.4700
2001-02-12,599.2000
2001-02-13,598.7800
2001-02-14,603.8300
2001-02-15,603.6300
2001-02-16,604.9200
2001-02-19,596.6700
2001-02-20,608.7400
2001-02-21,594.5300
2001-02-22,583.4100
2001-02-23,583.5200
2001-02-26,585.3200
2001-02-27,577.5700
2001-02-28,578.1000
2001-03-02,559.4400
2001-03-05,565.3800
2001-03-06,568.1500
2001-03-07,568.6400
2001-03-08,579.2800
2001-03-09,565.7600
2001-03-12,545.0500
2001-03-13,527.9700
2001-03-14,543.2800
2001-03-15,541.8300
2001-03-16,538.6700
2001-03-19,534.3300
2001-03-20,531.5900
2001-03-21,532.5900
2001-03-22,527.0500
2001-03-23,537.9700
2001-03-26,545.9800
2001-03-27,532.9000
2001-03-28,528.7900
2001-03-29,523.8000
2001-03-30,523.2200
2001-04-02,515.2000
2001-04-03,503.2600
2001-04-04,493.6900
2001-04-06,506.2200
2001-04-09,497.4600
2001-04-10,491.2100
2001-04-11,507.5300
2001-04-12,514.2100
2001-04-13,516.1000
2001-04-16,508.3500
2001-04-17,513.9700
2001-04-18,540.0000
2001-04-19,563.3100
2001-04-20,556.2900
2001-04-23,560.9400
2001-04-24,555.6400
2001-04-25,566.3400
2001-04-26,561.6200
2001-04-27,556.6300
2001-04-30,577.3600
2001-05-02,583.7000
2001-05-03,584.4000
2001-05-04,585.6000
2001-05-07,596.5000
2001-05-08,590.9100
2001-05-09,578.8400
2001-05-10,581.3800
2001-05-11,583.0600
2001-05-14,584.0800
2001-05-15,581.3000
2001-05-16,572.4000
2001-05-17,596.3900
2001-05-18,600.5400
2001-05-21,618.9600
2001-05-22,617.9900
2001-05-23,622.6000
2001-05-24,622.2800
2001-05-25,624.1100
2001-05-28,618.4700
2001-05-29,632.0500
2001-05-30,628.4200
2001-05-31,612.1600
2001-06-01,607.0700
2001-06-04,610.9100
2001-06-05,597.6600
2001-06-07,601.1400
2001-06-08,621.7800
2001-06-11,608.2300
2001-06-12,607.1500
2001-06-13,614.0500
2001-06-14,613.7500
2001-06-15,618.9600
2001-06-18,608.7800
2001-06-19,608.9100
2001-06-20,595.7200
2001-06-21,595.5300
2001-06-22,599.0800
2001-06-25,598.0200
2001-06-26,588.7100
2001-06-27,584.7600
2001-06-28,583.2700
2001-06-29,595.1300
2001-07-02,596.7400
2001-07-03,594.3100
2001-07-04,597.2500
2001-07-05,593.6100
2001-07-06,578.5400
2001-07-09,560.0000
2001-07-10,558.6000
2001-07-11,553.6500
2001-07-12,559.9500
2001-07-13,548.4900
2001-07-16,548.9300
2001-07-18,540.5300
2001-07-19,545.7400
2001-07-20,537.7100
2001-07-23,524.2100
2001-07-24,526.6200
2001-07-25,526.0800
2001-07-26,529.2200
2001-07-27,541.1300
2001-07-30,533.5300
2001-07-31,541.5500
2001-08-01,562.7900
2001-08-02,567.4600
2001-08-03,568.6900
2001-08-06,569.3700
2001-08-07,567.5000
2001-08-08,565.9400
2001-08-09,549.6700
2001-08-10,555.3400
2001-08-13,562.0000
2001-08-14,577.1500
2001-08-16,580.9500
2001-08-17,580.9900
2001-08-20,567.0900
2001-08-21,568.6800
2001-08-22,574.8700
2001-08-23,570.0700
2001-08-24,569.3100
2001-08-27,578.7400
2001-08-28,576.5100
2001-08-29,565.6300
2001-08-30,564.3600
2001-08-31,545.1100
2001-09-03,541.8300
2001-09-04,558.7900
2001-09-05,551.9100
2001-09-06,552.5900
2001-09-07,555.0800
2001-09-10,550.7300
2001-09-11,540.5700
2001-09-12,475.6000
2001-09-13,499.2500
2001-09-14,482.2900
2001-09-17,468.7600
2001-09-18,484.9300
2001-09-19,486.7500
2001-09-20,480.2700
2001-09-21,472.3100
2001-09-24,482.1900
2001-09-25,472.1300
2001-09-26,472.8500
2001-09-27,472.3800
2001-09-28,479.6800
2001-10-04,500.6400
2001-10-05,501.9200
2001-10-08,496.1300
2001-10-09,507.6100
2001-10-10,503.4600
2001-10-11,517.0500
2001-10-12,516.4000
2001-10-15,513.9900
2001-10-16,521.9100
2001-10-17,528.2900
2001-10-18,524.2100
2001-10-19,528.0400
2001-10-22,528.7000
2001-10-23,530.5000
2001-10-24,541.4900
2001-10-25,542.1900
2001-10-26,543.4100
2001-10-29,547.8700
2001-10-30,533.8700
2001-10-31,537.8100
2001-11-01,544.0900
2001-11-02,550.5700
2001-11-05,561.6200
2001-11-06,565.4700
2001-11-07,562.0300
2001-11-08,573.0400
2001-11-09,576.7500
2001-11-12,584.4800
2001-11-13,588.8300
2001-11-14,606.6800
2001-11-15,606.4400
2001-11-16,610.8800
2001-11-19,626.4300
2001-11-20,616.3300
2001-11-21,615.4500
2001-11-22,624.5600
2001-11-23,645.1800
2001-11-26,674.5600
2001-11-27,670.1000
2001-11-28,632.0200
2001-11-29,628.8600
2001-11-30,643.8900
2001-12-03,650.6600
2001-12-04,649.9000
2001-12-05,688.3100
2001-12-06,686.6100
2001-12-07,704.5000
2001-12-10,668.7700
2001-12-11,670.0800
2001-12-12,681.4300
2001-12-13,676.5900
2001-12-14,665.2000
2001-12-17,648.2800
2001-12-18,643.7600
2001-12-19,647.0500
2001-12-20,664.5100
2001-12-21,644.7100
2001-12-24,646.4900
2001-12-26,653.8700
2001-12-27,668.5500
2001-12-28,693.7000
2002-01-02,724.9500
2002-01-03,727.6600
2002-01-04,747.7200
2002-01-07,751.4800
2002-01-08,734.7600
2002-01-09,751.6100
2002-01-10,728.2300
2002-01-11,727.3600
2002-01-14,744.0300
2002-01-15,718.6400
2002-01-16,710.9500
2002-01-17,713.5000
2002-01-18,708.4700
2002-01-21,717.3500
2002-01-22,724.3600
2002-01-23,742.6200
2002-01-24,757.7100
2002-01-25,774.6800
2002-01-28,780.2400
2002-01-29,774.0300
2002-01-30,749.4500
2002-01-31,748.0700
2002-02-01,742.4200
2002-02-04,730.2100
2002-02-05,739.9100
2002-02-06,741.5500
2002-02-07,727.7100
2002-02-08,739.6600
2002-02-14,796.1800
2002-02-15,783.5900
2002-02-18,790.3700
2002-02-19,782.2700
2002-02-20,776.8900
2002-02-21,787.6200
2002-02-22,792.0000
2002-02-25,791.4800
2002-02-26,801.1400
2002-02-27,822.1100
2002-02-28,819.9900
2002-03-04,834.2100
2002-03-05,841.9500
2002-03-06,843.0600
2002-03-07,829.4400
2002-03-08,825.2700
2002-03-11,827.0200
2002-03-12,846.0300
2002-03-13,849.1300
2002-03-14,856.8600
2002-03-15,860.3600
2002-03-18,869.7100
2002-03-19,889.9800
2002-03-20,887.4800
2002-03-21,885.6400
2002-03-22,895.9800
2002-03-25,879.4100
2002-03-26,881.0300
2002-03-27,902.4600
2002-03-28,892.6700
2002-03-29,895.5800
2002-04-01,875.8300
2002-04-02,905.3400
2002-04-03,918.5900
2002-04-04,918.0100
2002-04-08,900.6900
2002-04-09,888.6700
2002-04-10,856.0300
2002-04-11,862.8600
2002-04-12,875.6900
2002-04-15,894.2800
2002-04-16,901.2900
2002-04-17,930.5100
2002-04-18,937.6100
2002-04-19,923.9400
2002-04-22,920.8900
2002-04-23,925.7000
2002-04-24,915.6900
2002-04-25,872.5800
2002-04-26,869.6500
2002-04-29,838.5100
2002-04-30,842.3400
2002-05-02,859.8600
2002-05-03,856.7200
2002-05-06,826.8700
2002-05-07,826.3400
2002-05-08,844.6700
2002-05-09,838.6700
2002-05-10,817.9300
2002-05-13,821.8900
2002-05-14,837.3700
2002-05-15,862.6200
2002-05-16,858.0400
2002-05-17,875.0300
2002-05-20,865.7800
2002-05-21,837.5600
2002-05-22,863.0600
2002-05-23,845.5100
2002-05-24,854.5700
2002-05-27,840.5700
2002-05-28,848.8000
2002-05-29,835.1900
2002-05-30,815.6100
2002-05-31,796.4000
2002-06-03,804.9300
2002-06-04,806.3300
2002-06-05,809.5900
2002-06-07,795.1600
2002-06-10,811.9000
2002-06-11,815.3300
2002-06-12,823.0600
2002-06-14,822.0100
2002-06-17,809.1600
2002-06-18,809.4000
2002-06-19,776.3700
2002-06-20,776.8100
2002-06-21,778.5300
2002-06-24,767.9200
2002-06-25,755.9200
2002-06-26,701.8700
2002-06-27,710.4300
2002-06-28,742.7200
2002-07-02,746.2300
2002-07-03,753.3600
2002-07-04,768.7400
2002-07-05,787.8300
2002-07-08,783.3500
2002-07-09,801.9900
2002-07-10,794.7100
2002-07-11,764.8800
2002-07-12,792.9300
2002-07-15,783.5200
2002-07-16,771.4500
2002-07-18,773.8500
2002-07-19,754.6200
2002-07-22,720.9000
2002-07-23,743.5200
2002-07-24,721.4100
2002-07-25,723.5200
2002-07-26,697.8400
2002-07-29,700.3500
2002-07-30,724.0800
2002-07-31,717.9900
2002-08-01,707.8000
2002-08-02,700.6800
2002-08-05,675.7600
2002-08-06,673.7800
2002-08-07,679.3700
2002-08-08,684.4900
2002-08-09,692.4500
2002-08-12,695.3900
2002-08-13,708.6300
2002-08-14,711.2400
2002-08-16,718.2900
2002-08-19,717.5800
2002-08-20,736.7000
2002-08-21,745.1200
2002-08-22,745.7500
2002-08-23,740.5100
2002-08-26,734.7900
2002-08-27,724.1700
2002-08-28,724.0500
2002-08-29,724.9400
2002-08-30,736.4000
2002-09-02,751.9800
2002-09-03,740.5900
2002-09-04,723.0500
2002-09-05,720.9800
2002-09-06,708.7300
2002-09-09,697.8900
2002-09-10,713.3000
2002-09-11,724.7100
2002-09-12,739.2200
2002-09-13,718.1700
2002-09-16,704.3800
2002-09-17,726.8000
2002-09-18,703.8700
2002-09-19,704.1200
2002-09-23,679.4300
2002-09-24,672.2800
2002-09-25,657.9600
2002-09-26,662.4100
2002-09-27,663.7200
2002-09-30,646.4200
2002-10-01,652.1300
2002-10-02,648.1000
2002-10-04,650.9200
2002-10-07,627.4000
2002-10-08,634.8400
2002-10-09,619.9400
2002-10-10,584.0400
2002-10-11,587.5100
2002-10-14,614.2700
2002-10-15,629.5700
2002-10-16,636.2500
2002-10-17,644.6600
2002-10-18,670.7900
2002-10-21,652.6700
2002-10-22,639.2700
2002-10-23,657.4300
2002-10-24,654.9800
2002-10-25,655.8800
2002-10-28,678.1400
2002-10-29,673.1800
2002-10-30,658.0300
2002-10-31,658.9200
2002-11-01,647.6500
2002-11-04,672.6800
2002-11-05,664.9000
2002-11-06,682.5600
2002-11-07,681.2700
2002-11-08,674.8500
2002-11-11,657.7800
2002-11-12,654.4300
2002-11-13,653.8500
2002-11-14,652.1500
2002-11-15,672.9500
2002-11-18,667.1300
2002-11-19,671.4400
2002-11-20,682.0000
2002-11-21,690.3800
2002-11-22,692.8700
2002-11-25,705.8600
2002-11-26,702.2700
2002-11-27,708.0700
2002-11-28,714.5400
2002-11-29,724.8000
2002-12-02,730.1600
2002-12-03,736.5700
2002-12-04,714.5000
2002-12-05,722.7600
2002-12-06,718.0900
2002-12-09,709.1100
2002-12-10,702.4400
2002-12-11,698.6100
2002-12-12,715.3800
2002-12-13,708.1300
2002-12-16,692.4200
2002-12-17,704.4900
2002-12-18,709.2200
2002-12-20,709.4400
2002-12-23,691.3800
2002-12-24,677.8200
2002-12-26,671.8900
2002-12-27,656.9200
2002-12-30,627.5500
2003-01-02,635.1700
2003-01-03,661.1000
2003-01-06,666.7100
2003-01-07,652.2000
2003-01-08,651.7200
2003-01-09,630.4000
2003-01-10,628.3600
2003-01-13,648.0600
2003-01-14,650.0500
2003-01-15,648.2900
2003-01-16,648.6900
2003-01-17,636.4600
2003-01-20,634.5000
2003-01-21,632.8600
2003-01-22,622.4900
2003-01-23,625.1800
2003-01-24,609.4300
2003-01-27,593.0900
2003-01-28,600.5600
2003-01-29,583.3500
2003-01-30,591.8600
2003-02-03,600.4100
2003-02-04,603.7800
2003-02-05,600.6800
2003-02-06,589.5000
2003-02-07,577.4800
2003-02-10,577.2500
2003-02-11,575.9800
2003-02-12,583.2900
2003-02-13,575.6700
2003-02-14,575.2400
2003-02-17,601.8700
2003-02-18,603.4500
2003-02-19,600.8300
2003-02-20,605.5100
2003-02-21,603.6000
2003-02-24,616.2900
2003-02-25,592.2500
2003-02-26,590.2600
2003-02-27,582.4600
2003-02-28,575.4300
2003-03-03,590.0400
2003-03-04,576.5800
2003-03-05,560.2600
2003-03-06,555.3300
2003-03-07,546.0200
2003-03-10,544.2400
2003-03-11,532.5300
2003-03-12,531.8100
2003-03-13,531.7800
2003-03-14,537.6500
2003-03-17,515.2400
2003-03-18,537.3100
2003-03-19,541.7800
2003-03-20,568.4600
2003-03-21,575.7700
2003-03-24,569.8500
2003-03-25,554.9800
2003-03-26,554.7900
2003-03-27,549.2600
2003-03-28,556.3300
2003-03-31,535.7000
2003-04-01,538.5600
2003-04-02,542.9200
2003-04-03,545.2400
2003-04-04,558.0100
2003-04-07,585.9000
2003-04-08,587.3200
2003-04-09,569.4700
2003-04-10,577.7300
2003-04-11,582.9700
2003-04-14,594.4000
2003-04-15,604.9900
2003-04-16,621.3400
2003-04-17,612.7200
2003-04-18,624.7700
2003-04-21,620.8300
2003-04-22,603.3200
2003-04-23,598.0900
2003-04-24,588.3500
2003-04-25,566.6300
2003-04-28,569.0200
2003-04-29,597.3600
2003-04-30,599.3500
2003-05-02,597.4400
2003-05-06,604.3300
2003-05-07,618.0800
2003-05-09,619.1100
2003-05-12,631.0400
2003-05-13,614.0700
2003-05-14,609.9700
2003-05-15,619.3500
2003-05-16,610.8100
2003-05-19,596.3600
2003-05-20,602.0800
2003-05-21,600.5700
2003-05-22,595.3800
2003-05-23,611.5100
2003-05-26,617.6500
2003-05-27,614.3000
2003-05-28,628.3600
2003-05-29,632.4300
2003-05-30,633.4200
2003-06-02,648.7100
2003-06-03,636.9400
2003-06-04,640.2700
2003-06-05,642.3800
2003-06-09,650.3500
2003-06-10,649.7500
2003-06-11,651.2900
2003-06-12,657.9500
2003-06-13,665.2400
2003-06-16,657.8200
2003-06-17,674.6600
2003-06-18,675.7500
2003-06-19,690.4900
2003-06-20,686.2200
2003-06-23,674.5900
2003-06-24,664.0100
2003-06-25,674.0300
2003-06-26,675.7500
2003-06-27,677.2800
2003-06-30,669.9300
2003-07-01,674.7500
2003-07-02,685.8000
2003-07-03,686.8300
2003-07-04,693.2500
2003-07-07,704.2900
2003-07-08,708.3400
2003-07-09,705.5000
2003-07-10,700.5100
2003-07-11,704.1500
2003-07-14,720.1000
2003-07-15,713.4500
2003-07-16,716.4800
2003-07-18,699.3500
2003-07-21,693.5000
2003-07-22,699.7000
2003-07-23,695.7400
2003-07-24,702.9400
2003-07-25,705.0900
2003-07-28,717.8000
2003-07-29,722.3300
2003-07-30,714.1500
2003-07-31,713.5200
2003-08-01,727.2600
2003-08-04,718.5400
2003-08-05,721.8400
2003-08-06,707.8800
2003-08-07,709.8100
2003-08-08,704.1400
2003-08-11,704.5800
2003-08-12,701.3000
2003-08-13,713.0800
2003-08-14,727.0100
2003-08-18,730.1000
2003-08-19,740.1300
2003-08-20,737.2000
2003-08-21,754.3400
2003-08-22,754.7200
2003-08-25,756.7300
2003-08-26,753.0000
2003-08-27,758.9800
2003-08-28,752.8100
2003-08-29,759.4700
2003-09-01,764.1100
2003-09-02,766.5000
2003-09-03,766.3200
2003-09-04,764.1500
2003-09-05,761.5500
2003-09-08,760.2500
2003-09-09,767.4600
2003-09-15,753.6100
2003-09-16,763.6300
2003-09-17,766.5900
2003-09-18,758.1800
2003-09-19,748.2500
2003-09-22,714.8900
2003-09-23,718.8400
2003-09-24,724.7000
2003-09-25,713.5200
2003-09-26,697.4000
2003-09-29,696.0600
2003-09-30,697.5200
2003-10-01,704.2900
2003-10-02,715.2400
2003-10-06,723.1300
2003-10-07,727.0900
2003-10-08,722.7600
2003-10-09,736.1600
2003-10-10,757.8900
2003-10-13,757.0200
2003-10-14,766.5200
2003-10-15,764.2300
2003-10-16,776.9700
2003-10-17,767.7500
2003-10-20,776.4400
2003-10-21,779.8900
2003-10-22,779.2800
2003-10-23,754.1400
2003-10-24,748.1700
2003-10-27,761.6100
2003-10-28,775.3600
2003-10-29,779.6600
2003-10-30,785.9400
2003-10-31,782.3600
2003-11-03,791.9600
2003-11-04,796.0600
2003-11-05,805.5100
2003-11-06,790.0400
2003-11-07,804.0500
2003-11-10,796.5600
2003-11-11,787.7700
2003-11-12,796.3100
2003-11-13,813.1100
2003-11-14,809.8900
2003-11-17,794.4700
2003-11-18,800.9700
2003-11-19,771.7000
2003-11-20,769.4500
2003-11-21,770.7800
2003-11-24,753.6500
2003-11-25,768.1100
2003-11-26,782.6500
2003-11-27,781.6800
2003-11-28,796.1800
2003-12-01,807.3900
2003-12-02,807.7800
2003-12-03,808.3400
2003-12-04,805.1300
2003-12-05,789.4100
2003-12-08,784.8000
2003-12-09,787.3500
2003-12-10,794.6400
2003-12-11,791.1300
2003-12-12,806.0800
2003-12-15,822.1600
2003-12-16,810.7900
2003-12-17,800.0900
2003-12-18,807.5000
2003-12-19,811.2000
2003-12-22,804.5400
2003-12-23,801.8800
2003-12-24,792.5500
2003-12-26,788.8500
2003-12-29,792.4400
2003-12-30,810.7100
2004-01-02,821.2600
2004-01-05,824.1000
2004-01-06,823.4300
2004-01-07,827.0700
2004-01-08,824.1500
2004-01-09,845.2700
2004-01-12,850.7900
2004-01-13,848.4300
2004-01-14,849.6200
2004-01-15,845.6600
2004-01-16,847.9500
2004-01-19,856.8000
2004-01-20,861.3700
2004-01-26,869.0400
2004-01-27,863.0300
2004-01-28,859.5900
2004-01-29,853.4700
2004-01-30,848.5000
2004-02-02,854.8900
2004-02-03,839.8700
2004-02-04,835.5000
2004-02-05,840.9200
2004-02-06,850.2300
2004-02-09,864.7700
2004-02-10,866.8000
2004-02-11,876.3400
2004-02-12,877.9500
2004-02-13,882.1800
2004-02-16,881.2800
2004-02-17,884.8000
2004-02-18,877.1000
2004-02-19,881.6500
2004-02-20,877.4900
2004-02-23,877.5200
2004-02-24,864.5900
2004-02-25,866.8700
2004-02-26,864.8600
2004-02-27,883.4200
2004-03-02,899.2100
2004-03-03,895.8100
2004-03-04,907.4300
2004-03-05,905.3800
2004-03-08,900.1000
2004-03-09,891.5800
2004-03-10,876.0200
2004-03-11,869.9300
2004-03-12,848.8000
2004-03-15,852.2600
2004-03-16,850.1300
2004-03-17,872.3800
2004-03-18,872.8200
2004-03-19,883.3300
2004-03-22,863.6900
2004-03-23,866.1700
2004-03-24,861.7200
2004-03-25,853.3800
2004-03-26,863.9500
2004-03-29,874.6700
2004-03-30,873.4600
2004-03-31,880.5000
2004-04-01,882.7500
2004-04-02,883.6900
2004-04-06,906.1900
2004-04-07,909.9300
2004-04-08,916.8600
2004-04-09,905.4400
2004-04-12,918.8600
2004-04-13,917.6300
2004-04-14,916.3100
2004-04-16,898.8800
2004-04-19,902.1000
2004-04-20,918.9000
2004-04-21,929.9500
2004-04-22,924.0100
2004-04-23,936.0600
2004-04-26,919.7400
2004-04-27,915.4700
2004-04-28,901.8300
2004-04-29,875.4100
2004-04-30,862.8400
2004-05-03,866.1100
2004-05-04,867.4800
2004-05-06,837.6800
2004-05-07,838.7400
2004-05-10,790.6800
2004-05-11,791.0200
2004-05-12,817.0900
2004-05-13,790.1300
2004-05-14,768.4600
2004-05-17,728.9800
2004-05-18,741.9900
2004-05-19,777.9500
2004-05-20,767.7900
2004-05-21,786.3600
2004-05-24,799.6400
2004-05-25,784.0600
2004-05-27,802.4600
2004-05-28,816.5100
2004-05-31,803.8400
2004-06-01,815.7700
2004-06-02,804.3900
2004-06-03,770.0600
2004-06-04,780.7400
2004-06-07,809.4500
2004-06-08,809.3100
2004-06-09,794.5300
2004-06-10,782.3000
2004-06-11,751.5300
2004-06-14,738.7900
2004-06-15,752.1000
2004-06-16,752.3400
2004-06-17,760.0900
2004-06-18,741.7300
2004-06-21,749.3000
2004-06-22,746.4800
2004-06-23,738.9300
2004-06-24,763.1300
2004-06-25,779.0300
2004-06-28,770.9500
2004-06-29,778.7200
2004-06-30,785.7900
2004-07-01,778.0300
2004-07-02,755.4200
2004-07-05,756.7200
2004-07-06,758.4700
2004-07-07,761.8800
2004-07-08,743.6400
2004-07-09,747.4600
2004-07-12,746.2700
2004-07-13,750.9500
2004-07-14,736.5700
2004-07-15,732.7400
2004-07-16,739.3900
2004-07-19,750.4000
2004-07-20,737.0000
2004-07-21,753.3200
2004-07-22,742.6300
2004-07-23,737.5100
2004-07-26,736.2100
2004-07-27,738.5100
2004-07-28,744.4200
2004-07-29,730.6100
2004-07-30,735.3400
2004-08-02,719.5900
2004-08-03,726.4400
2004-08-04,729.4100
2004-08-05,743.3500
2004-08-06,733.9500
2004-08-09,742.1300
2004-08-10,748.6200
2004-08-11,753.0600
2004-08-12,766.7000
2004-08-13,776.0200
2004-08-16,773.8500
2004-08-17,771.0300
2004-08-18,773.1900
2004-08-19,788.5300
2004-08-20,787.6400
2004-08-23,787.6500
2004-08-24,792.3400
2004-08-25,803.9700
2004-08-26,810.2100
2004-08-27,810.3000
2004-08-30,805.1900
2004-08-31,803.5700
2004-09-01,817.3600
2004-09-02,823.8300
2004-09-03,820.6900
2004-09-06,824.2100
2004-09-07,818.8000
2004-09-08,815.8500
2004-09-09,821.8800
2004-09-10,836.3400
2004-09-13,851.9100
2004-09-14,851.4200
2004-09-15,850.6300
2004-09-16,855.3800
2004-09-17,848.1100
2004-09-20,856.8700
2004-09-21,857.1500
2004-09-22,835.1000
2004-09-23,829.6800
2004-09-24,832.1000
2004-09-30,835.0900
2004-10-01,846.0100
2004-10-04,880.8400
2004-10-05,884.8400
2004-10-06,887.4500
2004-10-07,885.3300
2004-10-08,881.3800
2004-10-11,881.1100
2004-10-12,858.0900
2004-10-13,856.1800
2004-10-14,846.6300
2004-10-15,841.9400
2004-10-18,848.2700
2004-10-19,855.7700
2004-10-20,828.6100
2004-10-21,820.6300
2004-10-22,828.1700
2004-10-25,808.1400
2004-10-26,813.7000
2004-10-27,809.9100
2004-10-28,833.5400
2004-10-29,834.8400
2004-11-01,835.6600
2004-11-02,846.6700
2004-11-03,861.0500
2004-11-04,851.2000
2004-11-05,860.6800
2004-11-08,846.1100
2004-11-09,844.1500
2004-11-10,860.5400
2004-11-11,861.2600
2004-11-12,876.6700
2004-11-15,882.3300
2004-11-16,876.6100
2004-11-17,885.4200
2004-11-18,875.8400
2004-11-19,867.0300
2004-11-22,849.9900
2004-11-23,860.4000
2004-11-24,872.5600
2004-11-25,872.4900
2004-11-26,858.1200
2004-11-29,865.4000
2004-11-30,878.0600
2004-12-01,876.8000
2004-12-02,884.1000
2004-12-03,882.5500
2004-12-06,870.7500
2004-12-07,861.0700
2004-12-08,871.7400
2004-12-09,861.3100
2004-12-10,844.8500
2004-12-13,844.2000
2004-12-14,849.4000
2004-12-15,868.8400
2004-12-16,873.7000
2004-12-17,875.1300
2004-12-20,884.3100
2004-12-21,882.8200
2004-12-22,883.3800
2004-12-23,876.8800
2004-12-24,879.9200
2004-12-27,876.9800
2004-12-28,878.4300
2004-12-29,884.2700
2004-12-30,895.9200
2005-01-03,893.7100
2005-01-04,886.9000
2005-01-05,885.1900
2005-01-06,871.2800
2005-01-07,870.8400
2005-01-10,874.1800
2005-01-11,884.2900
2005-01-12,880.0300
2005-01-13,885.5400
2005-01-14,905.1000
2005-01-17,923.0800
2005-01-18,920.5700
2005-01-19,916.2700
2005-01-20,909.3700
2005-01-21,919.6100
2005-01-24,923.1100
2005-01-25,915.1000
2005-01-26,927.0000
2005-01-27,924.8700
2005-01-28,921.5900
2005-01-31,932.7000
2005-02-01,923.6900
2005-02-02,921.4400
2005-02-03,928.7900
2005-02-04,933.5500
2005-02-07,949.1900
2005-02-11,947.2300
2005-02-14,964.7900
2005-02-15,968.8800
2005-02-16,971.5600
2005-02-17,972.5600
2005-02-18,984.1000
2005-02-21,988.7100
2005-02-22,977.8000
2005-02-23,968.4300
2005-02-24,987.1000
2005-02-25,996.9500
2005-02-28,1011.3600
2005-03-02,1007.4800
2005-03-03,1010.9200
2005-03-04,1012.9600
2005-03-07,1007.5000
2005-03-08,1000.2800
2005-03-09,1008.7900
2005-03-10,998.6600
2005-03-11,1022.7900
2005-03-14,1019.6900
2005-03-15,993.1300
2005-03-16,993.1300
2005-03-17,980.0500
2005-03-18,979.7200
2005-03-21,979.2700
2005-03-22,980.4100
2005-03-23,966.8100
2005-03-24,956.3300
2005-03-25,965.3000
2005-03-28,977.7000
2005-03-29,958.9600
2005-03-30,955.4500
2005-03-31,965.6800
2005-04-01,981.9000
2005-04-04,982.5000
2005-04-06,988.0000
2005-04-07,988.9000
2005-04-08,992.1700
2005-04-11,985.9400
2005-04-12,981.7900
2005-04-13,981.3100
2005-04-14,953.9200
2005-04-15,947.2200
2005-04-18,925.0000
2005-04-19,932.4500
2005-04-20,937.3600
2005-04-21,939.1400
2005-04-22,940.7900
2005-04-25,946.1700
2005-04-26,944.4600
2005-04-27,930.1600
2005-04-28,917.7300
2005-04-29,911.3000
2005-05-02,918.4200
2005-05-03,913.8200
2005-05-04,929.3500
2005-05-06,940.8500
2005-05-09,935.2000
2005-05-10,934.2800
2005-05-11,923.3800
2005-05-12,921.2100
2005-05-13,923.1900
2005-05-16,929.0400
2005-05-17,927.1600
2005-05-18,930.3600
2005-05-19,952.0900
2005-05-20,952.1900
2005-05-23,951.0500
2005-05-24,951.6100
2005-05-25,941.3000
2005-05-26,943.9100
2005-05-27,960.9100
2005-05-30,969.0400
2005-05-31,970.2100
2005-06-01,969.5100
2005-06-02,970.8800
2005-06-03,976.0900
2005-06-07,970.8800
2005-06-08,976.2200
2005-06-09,987.5800
2005-06-10,990.7900
2005-06-13,990.4900
2005-06-14,983.7500
2005-06-15,1001.9400
2005-06-16,1003.1400
2005-06-17,1003.6800
2005-06-20,994.6500
2005-06-21,989.9900
2005-06-22,1002.1500
2005-06-23,1010.8000
2005-06-24,1002.4300
2005-06-27,991.1100
2005-06-28,994.7400
2005-06-29,999.0800
2005-06-30,1008.1600
2005-07-01,1018.0200
2005-07-04,1021.7100
2005-07-05,1018.8100
2005-07-06,1019.0100
2005-07-07,1026.8199
2005-07-08,1021.9500
2005-07-11,1040.4301
2005-07-12,1043.8800
2005-07-13,1050.1600
2005-07-14,1061.9301
2005-07-15,1059.6000
2005-07-18,1062.4301
2005-07-19,1075.4800
2005-07-20,1074.4000
2005-07-21,1074.6500
2005-07-22,1074.2200
2005-07-25,1089.7000
2005-07-26,1090.6000
2005-07-27,1093.0300
2005-07-28,1104.7200
2005-07-29,1111.2900
2005-08-01,1115.9800
2005-08-02,1118.8300
2005-08-03,1117.1100
2005-08-04,1111.3900
2005-08-05,1089.3600
2005-08-08,1086.6400
2005-08-09,1099.7700
2005-08-10,1104.8600
2005-08-11,1123.7700
2005-08-12,1130.2200
2005-08-16,1116.9301
2005-08-17,1113.2500
2005-08-18,1092.7100
2005-08-19,1089.8800
2005-08-22,1116.6801
2005-08-23,1115.8400
2005-08-24,1094.2100
2005-08-25,1097.2900
2005-08-26,1086.5500
2005-08-29,1063.1600
2005-08-30,1072.6100
2005-08-31,1083.3300
2005-09-01,1106.3700
2005-09-02,1115.8300
2005-09-05,1114.5000
2005-09-06,1122.6500
2005-09-07,1142.9900
2005-09-08,1145.2600
2005-09-09,1152.5000
2005-09-12,1158.3600
2005-09-13,1158.1200
2005-09-14,1170.7700
2005-09-15,1169.5900
2005-09-16,1174.1300
2005-09-20,1190.9301
2005-09-21,1196.6700
2005-09-22,1199.9700
2005-09-23,1175.8800
2005-09-26,1206.4100
2005-09-27,1209.6300
2005-09-28,1228.5699
2005-09-29,1231.2200
2005-09-30,1221.0100
2005-10-04,1242.7800
2005-10-05,1227.4000
2005-10-06,1202.4900
2005-10-07,1201.0100
2005-10-10,1227.1801
2005-10-11,1244.2700
2005-10-12,1217.0601
2005-10-13,1193.4399
2005-10-14,1190.1700
2005-10-17,1176.3600
2005-10-18,1186.2200
2005-10-19,1153.1300
2005-10-20,1162.2300
2005-10-21,1183.4800
2005-10-24,1184.6000
2005-10-25,1181.2800
2005-10-26,1179.0000
2005-10-27,1166.3600
2005-10-28,1140.7200
2005-10-31,1158.1100
2005-11-01,1188.9500
2005-11-02,1208.3800
2005-11-03,1217.9700
2005-11-04,1221.9800
2005-11-07,1218.4700
2005-11-08,1226.7100
2005-11-09,1227.5900
2005-11-10,1234.4301
2005-11-11,1256.1200
2005-11-14,1257.6300
2005-11-15,1253.8600
2005-11-16,1267.1600
2005-11-17,1269.3500
2005-11-18,1272.2500
2005-11-21,1268.8000
2005-11-22,1244.5000
2005-11-23,1282.0200
2005-11-24,1291.7100
2005-11-25,1293.2200
2005-11-28,1293.7400
2005-11-29,1279.3800
2005-11-30,1297.4399
2005-12-01,1305.9800
2005-12-02,1310.1200
2005-12-05,1315.1500
2005-12-06,1321.0601
2005-12-07,1324.7500
2005-12-08,1324.2000
2005-12-09,1317.4200
2005-12-12,1333.2300
2005-12-13,1336.4800
2005-12-14,1334.2700
2005-12-15,1337.6801
2005-12-16,1321.0400
2005-12-19,1339.4000
2005-12-20,1341.0000
2005-12-21,1354.1600
2005-12-22,1350.8700
2005-12-23,1359.5300
2005-12-26,1367.5699
2005-12-27,1373.5500
2005-12-28,1368.1600
2005-12-29,1379.3700
2006-01-02,1389.2700
2006-01-03,1394.8700
2006-01-04,1402.1100
2006-01-05,1395.5100
2006-01-06,1412.7800
2006-01-09,1408.3300
2006-01-10,1396.2900
2006-01-11,1394.0900
2006-01-12,1402.5800
2006-01-13,1416.2800
2006-01-16,1421.7900
2006-01-17,1389.5800
2006-01-18,1352.9100
2006-01-19,1360.6400
2006-01-20,1324.7800
2006-01-23,1297.4301
2006-01-24,1326.8300
2006-01-25,1342.5900
2006-01-26,1352.7500
2006-01-27,1384.5601
2006-01-31,1399.8300
2006-02-01,1375.9700
2006-02-02,1374.4399
2006-02-03,1333.5000
2006-02-06,1341.6400
2006-02-07,1332.2800
2006-02-08,1310.9900
2006-02-09,1321.6600
2006-02-10,1335.2300
2006-02-13,1320.7900
2006-02-14,1328.2100
2006-02-15,1303.8400
2006-02-16,1314.3199
2006-02-17,1332.7300
2006-02-20,1348.2500
2006-02-21,1346.4900
2006-02-22,1340.5800
2006-02-23,1361.2300
2006-02-24,1365.8199
2006-02-27,1374.8800
2006-02-28,1371.5900
2006-03-02,1367.7000
2006-03-03,1328.9500
2006-03-06,1344.7600
2006-03-07,1316.6700
2006-03-08,1314.0500
2006-03-09,1311.2100
2006-03-10,1320.0699
2006-03-13,1338.2800
2006-03-14,1326.3000
2006-03-15,1333.9800
2006-03-16,1335.9800
2006-03-17,1341.1200
2006-03-20,1346.6899
2006-03-21,1336.6500
2006-03-22,1309.8300
2006-03-23,1312.2600
2006-03-24,1321.2300
2006-03-27,1330.3400
2006-03-28,1331.3101
2006-03-29,1332.7200
2006-03-30,1338.1400
2006-03-31,1359.6000
2006-04-03,1379.7500
2006-04-04,1385.6400
2006-04-05,1388.7700
2006-04-06,1397.0000
2006-04-07,1402.3600
2006-04-10,1398.2900
2006-04-11,1386.0800
2006-04-12,1383.5900
2006-04-13,1405.7200
2006-04-14,1432.7200
2006-04-17,1422.6300
2006-04-18,1427.0000
2006-04-19,1437.8400
2006-04-20,1434.1500
2006-04-21,1451.3101
2006-04-24,1430.9399
2006-04-25,1431.1500
2006-04-26,1451.2200
2006-04-27,1452.5300
2006-04-28,1419.7300
2006-05-02,1434.9000
2006-05-03,1435.1700
2006-05-04,1441.0200
2006-05-08,1452.2300
2006-05-09,1450.4399
2006-05-10,1451.0900
2006-05-11,1464.7000
2006-05-12,1445.2000
2006-05-15,1413.9800
2006-05-16,1382.1100
2006-05-17,1401.4700
2006-05-18,1365.1500
2006-05-19,1372.2900
2006-05-22,1338.5900
2006-05-23,1329.8600
2006-05-24,1333.3800
2006-05-25,1295.7600
2006-05-26,1322.4301
2006-05-29,1329.2200
2006-05-30,1317.7000
2006-06-01,1295.0900
2006-06-02,1309.0400
2006-06-05,1301.6200
2006-06-07,1266.8400
2006-06-08,1223.1300
2006-06-09,1235.6500
2006-06-12,1239.8400
2006-06-13,1203.8600
2006-06-14,1221.7300
2006-06-15,1219.4000
2006-06-16,1262.1899
2006-06-19,1251.6700
2006-06-20,1225.8300
2006-06-21,1227.1899
2006-06-22,1238.8300
2006-06-23,1228.6200
2006-06-26,1238.0500
2006-06-27,1247.5400
2006-06-28,1238.7100
2006-06-29,1263.0200
2006-06-30,1295.1500
2006-07-03,1294.6100
2006-07-04,1285.9200
2006-07-05,1279.8500
2006-07-06,1263.9600
2006-07-07,1273.9301
2006-07-10,1299.2900
2006-07-11,1300.4399
2006-07-12,1296.6899
2006-07-13,1285.0200
2006-07-14,1255.1300
2006-07-18,1233.4200
2006-07-19,1233.6500
2006-07-20,1273.3000
2006-07-21,1271.3300
2006-07-24,1263.3500
2006-07-25,1279.7700
2006-07-26,1279.0800
2006-07-27,1296.2700
2006-07-28,1297.0699
2006-07-31,1297.8199
2006-08-01,1287.3600
2006-08-02,1295.1100
2006-08-03,1292.0500
2006-08-04,1304.5100
2006-08-07,1289.5400
2006-08-08,1311.1000
2006-08-09,1314.9301
2006-08-10,1304.3101
2006-08-11,1292.1000
2006-08-14,1295.1100
2006-08-16,1315.6100
2006-08-17,1327.7800
2006-08-18,1331.1000
2006-08-21,1321.6700
2006-08-22,1334.9600
2006-08-23,1324.9500
2006-08-24,1315.7300
2006-08-25,1329.3500
2006-08-28,1327.8900
2006-08-29,1344.6100
2006-08-30,1341.3500
2006-08-31,1352.7400
2006-09-01,1356.6700
2006-09-04,1359.0601
2006-09-05,1361.2400
2006-09-06,1357.0100
2006-09-07,1351.1700
2006-09-08,1354.8900
2006-09-11,1334.0800
2006-09-12,1328.0400
2006-09-13,1333.1300
2006-09-14,1358.7500
2006-09-15,1361.1000
2006-09-18,1374.3000
2006-09-19,1373.9500
2006-09-20,1366.4399
2006-09-21,1366.7900
2006-09-22,1348.3800
2006-09-25,1355.2100
2006-09-26,1343.9700
2006-09-27,1360.0300
2006-09-28,1371.4301
2006-09-29,1371.4100
2006-10-02,1374.2200
2006-10-04,1352.0000
2006-10-09,1319.4000
2006-10-10,1328.3700
2006-10-11,1325.4900
2006-10-12,1331.7800
2006-10-13,1348.6000
2006-10-16,1356.7200
2006-10-17,1351.3000
2006-10-18,1354.2600
2006-10-19,1354.0601
2006-10-20,1364.2400
2006-10-23,1364.9500
2006-10-24,1366.5000
2006-10-25,1371.4301
2006-10-26,1373.6500
2006-10-27,1369.0900
2006-10-30,1356.1100
2006-10-31,1364.5500
2006-11-01,1374.3500
2006-11-02,1383.7300
2006-11-03,1383.8800
2006-11-06,1379.1899
2006-11-07,1387.4399
2006-11-08,1380.0699
2006-11-09,1399.4399
2006-11-10,1395.7300
2006-11-13,1396.6899
2006-11-14,1407.3700
2006-11-15,1412.5400
2006-11-16,1410.7500
2006-11-17,1412.2200
2006-11-20,1402.2100
2006-11-21,1405.9000
2006-11-22,1422.5400
2006-11-23,1419.2300
2006-11-24,1421.7300
2006-11-27,1425.1300
2006-11-28,1411.4700
2006-11-29,1422.5500
2006-11-30,1432.2100
2006-12-01,1434.3600
2006-12-04,1426.4600
2006-12-05,1420.5900
2006-12-06,1413.7300
2006-12-07,1410.3000
2006-12-08,1390.4301
2006-12-11,1390.7300
2006-12-12,1376.9800
2006-12-13,1383.2800
2006-12-14,1418.3800
2006-12-15,1421.8700
2006-12-18,1433.2300
2006-12-19,1427.7600
2006-12-20,1442.2800
2006-12-21,1436.4700
2006-12-22,1437.4900
2006-12-26,1433.9200
2006-12-27,1425.1000
2006-12-28,1434.4600
2007-01-02,1435.2600
2007-01-03,1409.3500
2007-01-04,1397.2900
2007-01-05,1385.7600
2007-01-08,1370.8101
2007-01-09,1374.3400
2007-01-10,1355.7900
2007-01-11,1365.3101
2007-01-12,1388.3700
2007-01-15,1390.9600
2007-01-16,1389.7100
2007-01-17,1379.4800
2007-01-18,1383.2100
2007-01-19,1360.5601
2007-01-22,1363.4100
2007-01-23,1363.0900
2007-01-24,1383.0601
2007-01-25,1382.3600
2007-01-26,1371.3300
2007-01-29,1363.1000
2007-01-30,1370.7200
2007-01-31,1360.2300
2007-02-01,1382.9000
2007-02-02,1413.1400
2007-02-05,1417.9500
2007-02-06,1428.5800
2007-02-07,1426.2900
2007-02-08,1423.5800
2007-02-09,1427.6801
2007-02-12,1414.2900
2007-02-13,1418.4399
2007-02-14,1436.1000
2007-02-15,1443.6300
2007-02-16,1448.8101
2007-02-20,1452.9600
2007-02-21,1451.3800
2007-02-22,1465.4100
2007-02-23,1469.8800
2007-02-26,1470.0300
2007-02-27,1454.6000
2007-02-28,1417.3400
2007-03-05,1376.1500
2007-03-06,1402.9301
2007-03-07,1410.9500
2007-03-08,1423.8900
2007-03-09,1423.5800
2007-03-12,1441.3300
2007-03-13,1436.0500
2007-03-14,1407.3700
2007-03-15,1426.9301
2007-03-16,1427.8800
2007-03-19,1443.3900
2007-03-20,1444.1700
2007-03-21,1442.8500
2007-03-22,1448.5300
2007-03-23,1447.3800
2007-03-26,1449.7700
2007-03-27,1453.2300
2007-03-28,1439.7400
2007-03-29,1450.9500
2007-03-30,1452.5500
2007-04-02,1459.5300
2007-04-03,1463.7500
2007-04-04,1483.4100
2007-04-05,1482.0400
2007-04-06,1484.1500
2007-04-09,1501.0601
2007-04-10,1499.1600
2007-04-11,1513.4200
2007-04-12,1525.6100
2007-04-13,1520.7800
2007-04-16,1532.0400
2007-04-17,1528.6600
2007-04-18,1534.5800
2007-04-19,1513.6600
2007-04-20,1533.0800
2007-04-23,1544.3500
2007-04-24,1556.7100
2007-04-25,1545.5500
2007-04-26,1553.1300
2007-04-27,1542.5200
2007-04-30,1542.2400
2007-05-02,1553.3000
2007-05-03,1559.8600
2007-05-04,1567.7400
2007-05-07,1584.4600
2007-05-08,1582.6500
2007-05-09,1593.4200
2007-05-10,1599.6801
2007-05-11,1603.5601
2007-05-14,1605.7700
2007-05-15,1589.3700
2007-05-16,1600.6000
2007-05-17,1615.5800
2007-05-18,1612.2500
2007-05-21,1628.2000
2007-05-22,1642.8800
2007-05-23,1646.5900
2007-05-25,1644.5601
2007-05-28,1657.9100
2007-05-29,1661.8000
2007-05-30,1662.7200
2007-05-31,1700.9100
2007-06-01,1716.2400
2007-06-04,1737.5900
2007-06-05,1742.1899
2007-06-07,1753.0400
2007-06-08,1727.2800
2007-06-11,1716.5601
2007-06-12,1729.8800
2007-06-13,1721.9900
2007-06-14,1769.1801
2007-06-15,1772.2600
2007-06-18,1806.8800
2007-06-19,1807.8500
2007-06-20,1783.7900
2007-06-21,1794.2400
2007-06-22,1770.9800
2007-06-25,1757.7300
2007-06-26,1749.5500
2007-06-27,1733.1000
2007-06-28,1751.7500
2007-06-29,1743.6000
2007-07-02,1771.3500
2007-07-03,1805.5000
2007-07-04,1838.4100
2007-07-05,1847.7900
2007-07-06,1861.0100
2007-07-09,1883.5900
2007-07-10,1894.5300
2007-07-11,1889.9600
2007-07-12,1909.7500
2007-07-13,1962.9301
2007-07-16,1949.5100
2007-07-18,1930.7000
2007-07-19,1937.9000
2007-07-20,1983.5400
2007-07-23,1993.0500
2007-07-24,1992.2600
2007-07-25,2004.2200
2007-07-26,1963.5400
2007-07-27,1883.2200
2007-07-30,1906.7100
2007-07-31,1933.2700
2007-08-01,1856.4500
2007-08-02,1853.0699
2007-08-03,1876.8000
2007-08-06,1855.0500
2007-08-07,1859.8199
2007-08-08,1903.4100
2007-08-09,1908.6801
2007-08-10,1828.4900
2007-08-13,1849.2600
2007-08-14,1817.8900
2007-08-16,1691.9800
2007-08-17,1638.0699
2007-08-20,1731.2700
2007-08-21,1736.1801
2007-08-22,1759.5000
2007-08-23,1799.7200
2007-08-24,1791.3300
2007-08-27,1803.0300
2007-08-28,1829.3101
2007-08-29,1826.1899
2007-08-30,1841.7000
2007-08-31,1873.2400
2007-09-03,1881.8101
2007-09-04,1874.7400
2007-09-05,1865.5900
2007-09-06,1888.8101
2007-09-07,1884.9000
2007-09-10,1835.8700
2007-09-11,1847.3600
2007-09-12,1813.5200
2007-09-13,1848.0200
2007-09-14,1870.0200
2007-09-17,1871.6801
2007-09-18,1838.6100
2007-09-19,1902.6500
2007-09-20,1908.9700
2007-09-21,1919.2600
2007-09-27,1945.2800
2007-09-28,1946.4800
2007-10-01,1962.6700
2007-10-02,2014.0900
2007-10-04,2003.6000
2007-10-05,1996.0300
2007-10-08,2012.8199
2007-10-09,2014.1300
2007-10-10,2041.1200
2007-10-11,2058.8501
2007-10-12,2026.4399
2007-10-15,2035.3900
2007-10-16,2005.7600
2007-10-17,1983.9399
2007-10-18,2005.0900
2007-10-19,1970.1000
2007-10-22,1903.8101
2007-10-23,1947.9800
2007-10-24,1933.3600
2007-10-25,1976.7500
2007-10-26,2028.0601
2007-10-29,2062.9199
2007-10-30,2052.3701
2007-10-31,2064.8501
2007-11-01,2063.1399
2007-11-02,2019.3400
2007-11-05,2015.7600
2007-11-06,2054.2400
2007-11-07,2043.1899
2007-11-08,1979.5601
2007-11-09,1990.4700
2007-11-12,1923.4200
2007-11-13,1932.8900
2007-11-14,1972.5800
2007-11-15,1947.7400
2007-11-16,1926.2000
2007-11-19,1893.4700
2007-11-20,1872.2400
2007-11-21,1806.9900
2007-11-22,1799.0200
2007-11-23,1772.8800
2007-11-26,1855.3300
2007-11-27,1859.7900
2007-11-28,1834.6899
2007-11-29,1877.5601
2007-11-30,1906.0000
2007-12-03,1902.4301
2007-12-04,1917.8300
2007-12-05,1938.2000
2007-12-06,1953.1700
2007-12-07,1934.3199
2007-12-10,1906.4200
2007-12-11,1925.0699
2007-12-12,1927.4500
2007-12-13,1915.9000
2007-12-14,1895.0500
2007-12-17,1839.8199
2007-12-18,1861.4700
2007-12-20,1844.3700
2007-12-21,1878.3199
2007-12-24,1919.4700
2007-12-26,1906.7200
2007-12-27,1908.6200
2007-12-28,1897.1300
2008-01-02,1853.4500
2008-01-03,1852.7300
2008-01-04,1863.9000
2008-01-07,1831.1400
2008-01-08,1826.2300
2008-01-09,1844.4700
2008-01-10,1824.7800
2008-01-11,1782.2700
2008-01-14,1765.8800
2008-01-15,1746.9500
2008-01-16,1704.9700
2008-01-17,1723.5500
2008-01-18,1734.7200
2008-01-21,1683.5601
2008-01-22,1609.0200
2008-01-23,1628.4200
2008-01-24,1663.0000
2008-01-25,1692.4100
2008-01-28,1627.1899
2008-01-29,1637.9100
2008-01-30,1589.0601
2008-01-31,1624.6801
2008-02-01,1634.5300
2008-02-04,1690.1300
2008-02-05,1696.5699
2008-02-11,1640.6700
2008-02-12,1643.2900
2008-02-13,1631.7800
2008-02-14,1697.4500
2008-02-15,1694.7700
2008-02-18,1696.2400
2008-02-19,1720.5200
2008-02-20,1687.9100
2008-02-21,1704.3600
2008-02-22,1686.4500
2008-02-25,1709.1300
2008-02-26,1709.1300
2008-02-27,1720.8900
2008-02-28,1736.1700
2008-02-29,1711.6200
2008-03-03,1671.7300
2008-03-04,1676.1801
2008-03-05,1677.1000
2008-03-06,1697.4399
2008-03-07,1663.9700
2008-03-10,1625.1700
2008-03-11,1641.4800
2008-03-12,1658.8300
2008-03-13,1615.6200
2008-03-14,1600.2600
2008-03-17,1574.4399
2008-03-18,1588.7500
2008-03-19,1622.2300
2008-03-20,1623.3900
2008-03-21,1645.6899
2008-03-24,1655.3000
2008-03-25,1674.9301
2008-03-26,1679.6700
2008-03-27,1676.2400
2008-03-28,1701.8300
2008-03-31,1703.9900
2008-04-01,1702.2500
2008-04-02,1742.1899
2008-04-03,1763.6300
2008-04-04,1766.4900
2008-04-07,1773.5601
2008-04-08,1754.7100
2008-04-10,1764.6400
2008-04-11,1779.7100
2008-04-14,1746.7100
2008-04-15,1742.1700
2008-04-16,1758.5601
2008-04-17,1768.6700
2008-04-18,1771.9000
2008-04-21,1800.4800
2008-04-22,1787.4900
2008-04-23,1800.7900
2008-04-24,1799.3400
2008-04-25,1824.6801
2008-04-28,1823.1700
2008-04-29,1811.5100
2008-04-30,1825.4700
2008-05-02,1848.2700
2008-05-06,1859.0601
2008-05-07,1854.0100
2008-05-08,1848.0000
2008-05-09,1823.7000
2008-05-13,1842.8000
2008-05-14,1843.7500
2008-05-15,1885.7100
2008-05-16,1888.8800
2008-05-19,1885.3700
2008-05-20,1873.1500
2008-05-21,1847.5100
2008-05-22,1835.4200
2008-05-23,1827.9399
2008-05-26,1800.5800
2008-05-27,1825.2300
2008-05-28,1805.6400
2008-05-29,1841.2200
2008-05-30,1852.0200
2008-06-02,1847.5300
2008-06-03,1819.3900
2008-06-04,1833.8101
2008-06-05,1832.3101
2008-06-09,1808.9600
2008-06-10,1774.3800
2008-06-11,1781.6700
2008-06-12,1739.3600
2008-06-13,1747.3500
2008-06-16,1760.8199
2008-06-17,1750.7100
2008-06-18,1774.1300
2008-06-19,1740.7200
2008-06-20,1731.0000
2008-06-23,1715.5900
2008-06-24,1710.8400
2008-06-25,1717.7900
2008-06-26,1717.6600
2008-06-27,1684.4500
2008-06-30,1674.9200
2008-07-01,1666.4600
2008-07-02,1623.6000
2008-07-03,1606.5400
2008-07-04,1577.9399
2008-07-07,1579.7200
2008-07-08,1533.4700
2008-07-09,1519.3800
2008-07-10,1537.4301
2008-07-11,1567.5100
2008-07-14,1558.6200
2008-07-15,1509.3300
2008-07-16,1507.4000
2008-07-17,1525.5601
2008-07-18,1509.9900
2008-07-21,1562.9200
2008-07-22,1561.2300
2008-07-23,1591.7600
2008-07-24,1626.1400
2008-07-25,1597.9301
2008-07-28,1598.2900
2008-07-29,1567.2000
2008-07-30,1577.7000
2008-07-31,1594.6700
2008-08-01,1573.7700
2008-08-04,1543.0500
2008-08-05,1535.5400
2008-08-06,1578.7100
2008-08-07,1564.0000
2008-08-08,1568.7200
2008-08-11,1581.0900
2008-08-12,1577.1200
2008-08-13,1562.7200
2008-08-14,1572.1899
2008-08-18,1567.7100
2008-08-19,1541.4100
2008-08-20,1540.7100
2008-08-21,1512.5900
2008-08-22,1496.9100
2008-08-25,1502.1100
2008-08-26,1490.2500
2008-08-27,1493.9200
2008-08-28,1474.1500
2008-08-29,1474.2400
2008-09-01,1414.4301
2008-09-02,1407.1400
2008-09-03,1426.8900
2008-09-04,1426.4301
2008-09-05,1404.3800
2008-09-08,1476.6500
2008-09-09,1454.5000
2008-09-10,1464.9800
2008-09-11,1443.2400
2008-09-12,1477.9200
2008-09-16,1387.7500
2008-09-17,1425.2600
2008-09-18,1392.4200
2008-09-19,1455.7800
2008-09-22,1460.3400
2008-09-23,1481.3700
2008-09-24,1495.9800
2008-09-25,1501.6300
2008-09-26,1476.3300
2008-09-29,1456.3600
2008-09-30,1448.0601
2008-10-01,1439.6700
2008-10-02,1419.6500
2008-10-06,1358.7500
2008-10-07,1366.1000
2008-10-08,1286.6899
2008-10-09,1294.8900
2008-10-10,1241.4700
2008-10-13,1288.5300
2008-10-14,1367.6899
2008-10-15,1340.2800
2008-10-16,1213.7800
2008-10-17,1180.6700
2008-10-20,1207.6300
2008-10-21,1196.1000
2008-10-22,1134.5900
2008-10-23,1049.7100
2008-10-24,938.7500
2008-10-27,946.4500
2008-10-28,999.1600
2008-10-29,968.9700
2008-10-30,1084.7200
2008-10-31,1113.0601
2008-11-03,1129.0800
2008-11-04,1153.3500
2008-11-05,1181.5000
2008-11-06,1092.2200
2008-11-07,1134.4900
2008-11-10,1152.4600
2008-11-11,1128.7300
2008-11-12,1123.8600
2008-11-13,1088.4399
2008-11-14,1088.2600
2008-11-17,1078.3199
2008-11-18,1036.1600
2008-11-19,1016.8200
2008-11-20,948.6900
2008-11-21,1003.7300
2008-11-24,970.1400
2008-11-25,983.3200
2008-11-26,1029.7800
2008-11-27,1063.4800
2008-11-28,1076.0699
2008-12-01,1058.6200
2008-12-02,1023.2000
2008-12-03,1022.6700
2008-12-04,1006.5400
2008-12-05,1028.1300
2008-12-08,1105.0500
2008-12-09,1105.8400
2008-12-10,1145.8700
2008-12-11,1154.4301
2008-12-12,1103.8199
2008-12-15,1158.1899
2008-12-16,1161.5601
2008-12-17,1169.7500
2008-12-18,1175.9100
2008-12-19,1180.9700
2008-12-22,1179.6100
2008-12-23,1144.3101
2008-12-24,1128.5100
2008-12-26,1117.8600
2008-12-29,1117.5900
2008-12-30,1124.4700
2009-01-02,1157.4000
2009-01-05,1173.5699
2009-01-06,1194.2800
2009-01-07,1228.1700
2009-01-08,1205.7000
2009-01-09,1180.9600
2009-01-12,1156.7500
2009-01-13,1167.7100
2009-01-14,1182.6801
2009-01-15,1111.3400
2009-01-16,1135.2000
2009-01-19,1150.6500
2009-01-20,1126.8101
2009-01-21,1103.6100
2009-01-22,1116.2300
2009-01-23,1093.4000
2009-01-28,1157.9800
2009-01-29,1166.5601
2009-01-30,1162.1100
2009-02-02,1146.9500
2009-02-03,1163.2000
2009-02-04,1195.3700
2009-02-05,1177.8800
2009-02-06,1210.2600
2009-02-09,1202.6899
2009-02-10,1198.8700
2009-02-11,1190.1801
2009-02-12,1179.8400
2009-02-13,1192.4399
2009-02-16,1175.4700
2009-02-17,1127.1899
2009-02-18,1113.1899
2009-02-19,1107.1000
2009-02-20,1065.9500
2009-02-23,1099.5500
2009-02-24,1063.8800
2009-02-25,1067.0800
2009-02-26,1054.7900
2009-02-27,1063.0300
2009-03-02,1018.8100
2009-03-03,1025.5699
2009-03-04,1059.2600
2009-03-05,1058.1801
2009-03-06,1055.0300
2009-03-09,1071.7300
2009-03-10,1092.2000
2009-03-11,1127.5100
2009-03-12,1128.3900
2009-03-13,1126.0300
2009-03-16,1125.4600
2009-03-17,1163.8800
2009-03-18,1169.9500
2009-03-19,1161.8101
2009-03-20,1170.9399
2009-03-23,1199.5000
2009-03-24,1221.7000
2009-03-25,1229.0200
2009-03-26,1243.8000
2009-03-27,1237.5100
2009-03-30,1197.4600
2009-03-31,1206.2600
2009-04-01,1233.3600
2009-04-02,1276.9700
2009-04-03,1283.7500
2009-04-06,1297.8500
2009-04-07,1300.1000
2009-04-08,1262.0699
2009-04-09,1316.3500
2009-04-10,1336.0400
2009-04-13,1338.2600
2009-04-14,1342.6300
2009-04-15,1333.0900
2009-04-16,1336.7200
2009-04-17,1329.0000
2009-04-20,1336.3900
2009-04-21,1336.8101
2009-04-22,1356.0200
2009-04-23,1368.8000
2009-04-24,1354.1000
2009-04-27,1339.8300
2009-04-28,1300.2400
2009-04-29,1338.4200
2009-04-30,1369.3600
2009-05-04,1397.9200
2009-05-06,1393.4500
2009-05-07,1401.0800
2009-05-08,1412.1300
2009-05-11,1415.1600
2009-05-12,1403.5100
2009-05-13,1414.5200
2009-05-14,1380.9500
2009-05-15,1391.7300
2009-05-18,1386.6801
2009-05-19,1428.2100
2009-05-20,1435.7000
2009-05-21,1421.6500
2009-05-22,1403.7500
2009-05-25,1400.9000
2009-05-26,1372.0400
2009-05-27,1362.0200
2009-05-28,1392.1700
2009-05-29,1395.8900
2009-06-01,1415.1000
2009-06-02,1412.8500
2009-06-03,1414.8900
2009-06-04,1378.1400
2009-06-05,1394.7100
2009-06-08,1393.3000
2009-06-09,1371.8400
2009-06-10,1414.8800
2009-06-11,1419.3900
2009-06-12,1428.5900
2009-06-15,1412.4200
2009-06-16,1399.1500
2009-06-17,1391.1700
2009-06-18,1375.7600
2009-06-19,1383.3400
2009-06-22,1399.7100
2009-06-23,1360.5400
2009-06-24,1363.7900
2009-06-25,1392.7300
2009-06-26,1394.5300
2009-06-29,1388.4500
2009-06-30,1390.0699
2009-07-01,1411.6600
2009-07-02,1411.4800
2009-07-03,1420.0400
2009-07-06,1428.9399
2009-07-07,1434.2000
2009-07-08,1431.0200
2009-07-09,1430.8900
2009-07-10,1428.6200
2009-07-13,1378.1200
2009-07-14,1385.5601
2009-07-15,1420.8600
2009-07-16,1432.2200
2009-07-17,1440.1000
2009-07-20,1478.5100
2009-07-21,1488.9900
2009-07-22,1494.0400
2009-07-23,1496.4900
2009-07-24,1502.5900
2009-07-27,1524.0500
2009-07-28,1526.0300
2009-07-29,1524.3199
2009-07-30,1534.7400
2009-07-31,1557.2900
2009-08-03,1564.9800
2009-08-04,1566.3700
2009-08-05,1559.4700
2009-08-06,1565.0400
2009-08-07,1576.0000
2009-08-10,1576.1100
2009-08-11,1579.2100
2009-08-12,1565.3500
2009-08-13,1564.6400
2009-08-14,1591.4100
2009-08-17,1547.0601
2009-08-18,1550.2400
2009-08-19,1545.9600
2009-08-20,1576.3900
2009-08-21,1580.9800
2009-08-24,1612.2200
2009-08-25,1601.3800
2009-08-26,1614.1200
2009-08-27,1599.3300
2009-08-28,1607.9399
2009-08-31,1591.8500
2009-09-01,1623.0601
2009-09-02,1613.1600
2009-09-03,1613.5300
2009-09-04,1608.9000
2009-09-07,1608.5699
2009-09-08,1619.6899
2009-09-09,1607.7700
2009-09-10,1644.6801
2009-09-11,1651.7000
2009-09-14,1634.9100
2009-09-15,1653.4000
2009-09-16,1683.3300
2009-09-17,1695.4700
2009-09-18,1699.7100
2009-09-21,1695.5000
2009-09-22,1718.8800
2009-09-23,1711.4700
2009-09-24,1693.8800
2009-09-25,1691.4800
2009-09-28,1675.5500
2009-09-29,1690.0500
2009-09-30,1673.1400
2009-10-01,1644.6300
2009-10-05,1606.9000
2009-10-06,1598.4399
2009-10-07,1598.0000
2009-10-08,1615.4600
2009-10-09,1646.7900
2009-10-12,1639.8101
2009-10-13,1628.9301
2009-10-14,1649.0900
2009-10-15,1658.9900
2009-10-16,1640.3600
2009-10-19,1649.0699
2009-10-20,1659.1500
2009-10-21,1653.8600
2009-10-22,1630.3300
2009-10-23,1640.1700
2009-10-26,1657.1100
2009-10-27,1649.5300
2009-10-28,1609.7100
2009-10-29,1585.8500
2009-10-30,1580.6899
2009-11-02,1559.0900
2009-11-03,1549.9200
2009-11-04,1579.9301
2009-11-05,1552.2400
2009-11-06,1572.4600
2009-11-09,1576.7900
2009-11-10,1582.3000
2009-11-11,1594.8199
2009-11-12,1572.7300
2009-11-13,1571.9900
2009-11-16,1592.4700
2009-11-17,1585.9800
2009-11-18,1603.9700
2009-11-19,1620.5400
2009-11-20,1620.6000
2009-11-23,1619.0500
2009-11-24,1606.4200
2009-11-25,1611.8800
2009-11-26,1599.5200
2009-11-27,1524.5000
2009-11-30,1555.6000
2009-12-01,1569.7200
2009-12-02,1591.6300
2009-12-03,1615.0000
2009-12-04,1624.7600
2009-12-07,1632.6500
2009-12-08,1627.7800
2009-12-09,1634.1700
2009-12-10,1652.7300
2009-12-11,1656.9000
2009-12-14,1664.7700
2009-12-15,1665.8500
2009-12-16,1664.2400
2009-12-17,1647.8400
2009-12-18,1647.0400
2009-12-21,1644.2300
2009-12-22,1655.5400
2009-12-23,1661.3500
2009-12-24,1682.3400
2009-12-28,1685.5900
2009-12-29,1672.4800
2009-12-30,1682.7700
2010-01-04,1696.1400
2010-01-05,1690.6200
2010-01-06,1705.3199
2010-01-07,1683.4500
2010-01-08,1695.2600
2010-01-11,1694.1200
2010-01-12,1698.6400
2010-01-13,1671.4100
2010-01-14,1685.7700
2010-01-15,1701.8000
2010-01-18,1711.7800
2010-01-19,1710.2200
2010-01-20,1714.3800
2010-01-21,1722.0100
2010-01-22,1684.3500
2010-01-25,1670.2000
2010-01-26,1637.3400
2010-01-27,1625.4800
2010-01-28,1642.4301
2010-01-29,1602.4301
2010-02-01,1606.4399
2010-02-02,1595.8101
2010-02-03,1615.0200
2010-02-04,1616.4200
2010-02-05,1567.1200
2010-02-08,1552.7900
2010-02-09,1570.4900
2010-02-10,1570.1200
2010-02-11,1597.8101
2010-02-12,1593.6600
2010-02-16,1601.0500
2010-02-17,1627.4301
2010-02-18,1621.1899
2010-02-19,1593.9000
2010-02-22,1627.1000
2010-02-23,1628.9000
2010-02-24,1612.8300
2010-02-25,1587.5100
2010-02-26,1594.5800
2010-03-02,1615.1200
2010-03-03,1622.4399
2010-03-04,1618.2000
2010-03-05,1634.5699
2010-03-08,1660.0400
2010-03-09,1660.8300
2010-03-10,1662.2400
2010-03-11,1656.6200
2010-03-12,1662.7400
2010-03-15,1649.5000
2010-03-16,1648.0100
2010-03-17,1682.8600
2010-03-18,1675.1700
2010-03-19,1686.1100
2010-03-22,1672.6700
2010-03-23,1681.8199
2010-03-24,1681.0100
2010-03-25,1688.3900
2010-03-26,1697.7200
2010-03-29,1691.9900
2010-03-30,1700.1899
2010-03-31,1692.8500
2010-04-01,1719.1700
2010-04-02,1723.4900
2010-04-05,1724.9900
2010-04-06,1726.0900
2010-04-07,1726.6000
2010-04-08,1733.7800
2010-04-09,1724.4700
2010-04-12,1710.3000
2010-04-13,1710.5900
2010-04-14,1735.3300
2010-04-15,1743.9100
2010-04-16,1734.4900
2010-04-19,1705.3000
2010-04-20,1718.0300
2010-04-21,1747.5800
2010-04-22,1739.5200
2010-04-23,1737.0300
2010-04-26,1752.2000
2010-04-27,1749.5500
2010-04-28,1733.9100
2010-04-29,1728.4200
2010-04-30,1741.5601
2010-05-03,1721.2100
2010-05-04,1718.7500
2010-05-06,1684.7100
2010-05-07,1647.5000
2010-05-10,1677.6300
2010-05-11,1670.2400
2010-05-12,1663.0300
2010-05-13,1694.5800
2010-05-14,1695.6300
2010-05-17,1651.5100
2010-05-18,1643.2400
2010-05-19,1630.0800
2010-05-20,1600.1801
2010-05-24,1604.9301
2010-05-25,1560.8300
2010-05-26,1582.1200
2010-05-27,1607.5000
2010-05-28,1622.7800
2010-05-31,1641.2500
2010-06-01,1630.4000
2010-06-03,1661.8400
2010-06-04,1664.1300
2010-06-07,1637.9700
2010-06-08,1651.4800
2010-06-09,1647.2200
2010-06-10,1651.7000
2010-06-11,1675.3400
2010-06-14,1690.6000
2010-06-15,1690.0300
2010-06-16,1705.3300
2010-06-17,1707.9200
2010-06-18,1711.9500
2010-06-21,1739.6801
2010-06-22,1731.4800
2010-06-23,1725.8199
2010-06-24,1739.8700
2010-06-25,1729.8400
2010-06-28,1732.0300
2010-06-29,1707.7600
2010-06-30,1698.2900
2010-07-01,1686.2400
2010-07-02,1671.8199
2010-07-05,1675.3700
2010-07-06,1684.9399
2010-07-07,1675.6500
2010-07-08,1698.6400
2010-07-09,1723.0100
2010-07-12,1734.0500
2010-07-13,1735.0800
2010-07-14,1758.0100
2010-07-15,1751.2900
2010-07-16,1738.4500
2010-07-19,1731.9500
2010-07-20,1736.7700
2010-07-21,1748.7800
2010-07-22,1735.5300
2010-07-23,1758.0601
2010-07-26,1769.0699
2010-07-27,1768.3101
2010-07-28,1773.4700
2010-07-29,1770.8800
2010-07-30,1759.3300
2010-08-02,1782.2700
2010-08-03,1790.6000
2010-08-04,1789.2600
2010-08-05,1783.8600
2010-08-06,1783.8300
2010-08-09,1790.1700
2010-08-10,1781.1300
2010-08-11,1758.1899
2010-08-12,1721.7500
2010-08-13,1746.2400
2010-08-16,1743.3101
2010-08-17,1755.0300
2010-08-18,1761.9900
2010-08-19,1779.6400
2010-08-20,1775.5400
2010-08-23,1767.7100
2010-08-24,1760.5300
2010-08-25,1734.7900
2010-08-26,1729.7600
2010-08-27,1729.5601
2010-08-30,1760.1300
2010-08-31,1742.7500
2010-09-01,1764.6899
2010-09-02,1775.7300
2010-09-03,1780.0200
2010-09-06,1792.4200
2010-09-07,1787.7400
2010-09-08,1779.2200
2010-09-09,1784.3600
2010-09-10,1802.5800
2010-09-13,1818.8600
2010-09-14,1815.2500
2010-09-15,1823.8800
2010-09-16,1811.8500
2010-09-17,1827.3500
2010-09-20,1832.6300
2010-09-24,1846.6000
2010-09-27,1860.8300
2010-09-28,1855.9700
2010-09-29,1866.4500
2010-09-30,1872.8101
2010-10-01,1876.7300
2010-10-04,1879.2900
2010-10-05,1878.9399
2010-10-06,1903.9500
2010-10-07,1900.8500
2010-10-08,1897.0699
2010-10-11,1889.9100
2010-10-12,1868.0400
2010-10-13,1876.1500
2010-10-14,1899.7600
2010-10-15,1902.2900
2010-10-18,1875.4200
2010-10-19,1857.3199
2010-10-20,1870.4399
2010-10-21,1874.6899
2010-10-22,1897.3101
2010-10-25,1915.7100
2010-10-26,1919.4100
2010-10-27,1909.5400
2010-10-28,1907.8700
2010-10-29,1882.9500
2010-11-01,1914.7400
2010-11-02,1918.0400
2010-11-03,1935.9700
2010-11-04,1942.5000
2010-11-05,1938.9600
2010-11-08,1942.4100
2010-11-09,1947.4600
2010-11-10,1967.8500
2010-11-11,1914.7300
2010-11-12,1913.1200
2010-11-15,1913.8101
2010-11-16,1899.1300
2010-11-17,1897.1100
2010-11-18,1927.8600
2010-11-19,1940.9600
2010-11-22,1944.3400
2010-11-23,1928.9399
2010-11-24,1925.9800
2010-11-25,1927.6801
2010-11-26,1901.8000
2010-11-29,1895.5400
2010-11-30,1904.6300
2010-12-01,1929.3199
2010-12-02,1950.2600
2010-12-03,1957.2600
2010-12-06,1953.6400
2010-12-07,1962.5200
2010-12-08,1955.7200
2010-12-09,1988.9600
2010-12-10,1986.1400
2010-12-13,1996.5900
2010-12-14,2009.0500
2010-12-15,2017.4800
2010-12-16,2009.2400
2010-12-17,2026.3000
2010-12-20,2020.2800
2010-12-21,2037.0900
2010-12-22,2038.1100
2010-12-23,2037.5300
2010-12-24,2029.6000
2010-12-27,2022.1899
2010-12-28,2033.3199
2010-12-29,2043.4900
2010-12-30,2051.0000
2011-01-03,2070.0801
2011-01-04,2085.1399
2011-01-05,2082.5500
2011-01-06,2077.6101
2011-01-07,2086.2000
2011-01-10,2080.8101
2011-01-11,2088.3201
2011-01-12,2094.9500
2011-01-13,2089.4800
2011-01-14,2108.1699
2011-01-17,2099.8501
2011-01-18,2096.4800
2011-01-19,2115.6899
2011-01-20,2106.6599
2011-01-21,2069.9199
2011-01-24,2082.1599
2011-01-25,2086.6699
2011-01-26,2110.4600
2011-01-27,2115.0100
2011-01-28,2107.8701
2011-01-31,2069.7300
2011-02-01,2072.0300
2011-02-07,2081.7400
2011-02-08,2069.7000
2011-02-09,2045.5800
2011-02-10,2008.5000
2011-02-11,1977.1899
2011-02-14,2014.5900
2011-02-15,2010.5200
2011-02-16,1989.1100
2011-02-17,1977.2200
2011-02-18,2013.1400
2011-02-21,2005.3000
2011-02-22,1969.9200
2011-02-23,1961.6300
2011-02-24,1949.8800
2011-02-25,1963.4301
2011-02-28,1939.3000
2011-03-02,1928.2400
2011-03-03,1970.6600
2011-03-04,2004.6801
2011-03-07,1980.2700
2011-03-08,1996.3199
2011-03-09,2001.4700
2011-03-10,1981.5800
2011-03-11,1955.5400
2011-03-14,1971.2300
2011-03-15,1923.9200
2011-03-16,1957.9700
2011-03-17,1959.0300
2011-03-18,1981.1300
2011-03-21,2003.4200
2011-03-22,2013.6600
2011-03-23,2012.1801
2011-03-24,2036.7800
2011-03-25,2054.0400
2011-03-28,2056.3899
2011-03-29,2072.1299
2011-03-30,2091.3799
2011-03-31,2106.7000
2011-04-01,2121.0100
2011-04-04,2115.8701
2011-04-05,2130.4299
2011-04-06,2126.7100
2011-04-07,2122.1399
2011-04-08,2127.9700
2011-04-11,2122.3899
2011-04-12,2089.3999
2011-04-13,2121.9199
2011-04-14,2141.0601
2011-04-15,2140.5000
2011-04-18,2137.7200
2011-04-19,2122.6799
2011-04-20,2169.9099
2011-04-21,2198.5400
2011-04-22,2197.8201
2011-04-25,2216.0000
2011-04-26,2206.3000
2011-04-27,2206.7000
2011-04-28,2208.3501
2011-04-29,2192.3601
2011-05-02,2228.9600
2011-05-03,2200.7300
2011-05-04,2180.6399
2011-05-06,2147.4500
2011-05-09,2139.1699
2011-05-11,2166.6299
2011-05-12,2122.6499
2011-05-13,2120.0801
2011-05-16,2104.1799
2011-05-17,2102.4099
2011-05-18,2135.7800
2011-05-19,2095.5100
2011-05-20,2111.5000
2011-05-23,2055.7100
2011-05-24,2061.7600
2011-05-25,2035.8700
2011-05-26,2091.9099
2011-05-27,2100.2400
2011-05-30,2093.7900
2011-05-31,2142.4700
2011-06-01,2141.3401
2011-06-02,2114.2000
2011-06-03,2113.4700
2011-06-07,2099.7100
2011-06-08,2083.3501
2011-06-09,2071.4199
2011-06-10,2046.6700
2011-06-13,2048.7400
2011-06-14,2076.8301
2011-06-15,2086.5300
2011-06-16,2046.6300
2011-06-17,2031.9301
2011-06-20,2019.6500
2011-06-21,2048.1699
2011-06-22,2063.8999
2011-06-23,2055.8601
2011-06-24,2090.8101
2011-06-27,2070.2900
2011-06-28,2062.9099
2011-06-29,2094.4199
2011-06-30,2100.6899
2011-07-01,2125.7400
2011-07-04,2145.3000
2011-07-05,2161.7500
2011-07-06,2171.1899
2011-07-07,2180.5901
2011-07-08,2180.3501
2011-07-11,2157.1599
2011-07-12,2109.7300
2011-07-13,2129.6399
2011-07-14,2130.0701
2011-07-15,2145.2000
2011-07-18,2130.4800
2011-07-19,2130.2100
2011-07-20,2154.9500
2011-07-21,2145.0400
2011-07-22,2171.2300
2011-07-25,2150.4800
2011-07-26,2168.7000
2011-07-27,2174.3101
2011-07-28,2155.8501
2011-07-29,2133.2100
2011-08-01,2172.3101
2011-08-02,2121.2700
2011-08-03,2066.2600
2011-08-04,2018.4700
2011-08-05,1943.7500
2011-08-08,1869.4500
2011-08-09,1801.3500
2011-08-10,1806.2400
2011-08-11,1817.4399
2011-08-12,1793.3101
2011-08-16,1879.8700
2011-08-17,1892.6700
2011-08-18,1860.5800
2011-08-19,1744.8800
2011-08-22,1710.7000
2011-08-23,1776.6801
2011-08-24,1754.7800
2011-08-25,1764.5800
2011-08-26,1778.9500
2011-08-29,1829.5000
2011-08-30,1843.8199
2011-08-31,1880.1100
2011-09-01,1880.7000
2011-09-02,1867.7500
2011-09-05,1785.8300
2011-09-06,1766.7100
2011-09-07,1833.4600
2011-09-08,1846.6400
2011-09-09,1812.9301
2011-09-14,1749.1600
2011-09-15,1774.0800
2011-09-16,1840.1000
2011-09-19,1820.9399
2011-09-20,1837.9700
2011-09-21,1854.2800
2011-09-22,1800.5500
2011-09-23,1697.4399
2011-09-26,1652.7100
2011-09-27,1735.7100
2011-09-28,1723.0900
2011-09-29,1769.2900
2011-09-30,1769.6500
2011-10-05,1666.5200
2011-10-06,1710.3199
2011-10-07,1759.7700
2011-10-10,1766.4399
2011-10-11,1795.0200
2011-10-12,1809.5000
2011-10-13,1823.1000
2011-10-14,1835.4000
2011-10-17,1865.1801
2011-10-18,1838.9000
2011-10-19,1855.9200
2011-10-20,1805.0900
2011-10-21,1838.3800
2011-10-24,1898.3199
2011-10-25,1888.6500
2011-10-26,1894.3101
2011-10-27,1922.0400
2011-10-28,1929.4800
2011-10-31,1909.0300
2011-11-01,1909.6300
2011-11-02,1898.0100
2011-11-03,1869.9600
2011-11-04,1928.4100
2011-11-07,1919.1000
2011-11-08,1903.1400
2011-11-09,1907.5300
2011-11-10,1813.2500
2011-11-11,1863.4500
2011-11-14,1902.8101
2011-11-15,1886.1200
2011-11-16,1856.0699
2011-11-17,1876.6700
2011-11-18,1839.1700
2011-11-21,1820.0300
2011-11-22,1826.2800
2011-11-23,1783.1000
2011-11-24,1795.0601
2011-11-25,1776.4000
2011-11-28,1815.2800
2011-11-29,1856.5200
2011-11-30,1847.5100
2011-12-01,1916.1801
2011-12-02,1916.0400
2011-12-05,1922.9000
2011-12-06,1902.8199
2011-12-07,1919.4200
2011-12-08,1912.3900
2011-12-09,1874.7500
2011-12-12,1899.7600
2011-12-13,1864.0601
2011-12-14,1857.7500
2011-12-15,1819.1100
2011-12-16,1839.9600
2011-12-19,1776.9301
2011-12-20,1793.0601
2011-12-21,1848.4100
2011-12-22,1847.4900
2011-12-23,1867.2200
2011-12-26,1856.7000
2011-12-27,1842.0200
2011-12-28,1825.1200
2011-12-29,1825.7400
2012-01-02,1826.3700
2012-01-03,1875.4100
2012-01-04,1866.2200
2012-01-05,1863.7400
2012-01-06,1843.1400
2012-01-09,1826.4900
2012-01-10,1853.2200
2012-01-11,1845.5500
2012-01-12,1864.5699
2012-01-13,1875.6801
2012-01-16,1859.2700
2012-01-17,1892.7400
2012-01-18,1892.3900
2012-01-19,1914.9700
2012-01-20,1949.8900
2012-01-25,1952.2300
2012-01-26,1957.1801
2012-01-27,1964.8300
2012-01-30,1940.5500
2012-01-31,1955.7900
2012-02-01,1959.2400
2012-02-02,1984.3000
2012-02-03,1972.3400
2012-02-06,1973.1300
2012-02-07,1981.5900
2012-02-08,2003.7300
2012-02-09,2014.6200
2012-02-10,1993.7100
2012-02-13,2005.7400
2012-02-14,2002.6400
2012-02-15,2025.3199
2012-02-16,1997.4500
2012-02-17,2023.4700
2012-02-20,2024.9000
2012-02-21,2024.2400
2012-02-22,2028.6500
2012-02-23,2007.8000
2012-02-24,2019.8900
2012-02-27,1991.1600
2012-02-28,2003.6899
2012-02-29,2030.2500
2012-03-02,2034.6300
2012-03-05,2016.0601
2012-03-06,2000.3600
2012-03-07,1982.1500
2012-03-08,2000.7600
2012-03-09,2018.3000
2012-03-12,2002.5000
2012-03-13,2025.0400
2012-03-14,2045.0800
2012-03-15,2043.7600
2012-03-16,2034.4399
2012-03-19,2047.0000
2012-03-20,2042.1500
2012-03-21,2027.2300
2012-03-22,2026.1200
2012-03-23,2026.8300
2012-03-26,2019.1899
2012-03-27,2039.7600
2012-03-28,2031.7400
2012-03-29,2014.4100
2012-03-30,2014.0400
2012-04-02,2029.2900
2012-04-03,2049.2800
2012-04-04,2018.6100
2012-04-05,2028.7700
2012-04-06,2029.0300
2012-04-09,1997.0800
2012-04-10,1994.4100
2012-04-12,1986.6300
2012-04-13,2008.9100
2012-04-16,1992.6300
2012-04-17,1985.3000
2012-04-18,2004.5300
2012-04-19,1999.8600
2012-04-20,1974.6500
2012-04-23,1972.6300
2012-04-24,1963.4200
2012-04-25,1961.9800
2012-04-26,1964.0400
2012-04-27,1975.3500
2012-04-30,1981.9900
2012-05-02,1999.0699
2012-05-03,1995.1100
2012-05-04,1989.1500
2012-05-07,1956.4399
2012-05-08,1967.0100
2012-05-09,1950.2900
2012-05-10,1944.9301
2012-05-11,1917.1300
2012-05-14,1913.7300
2012-05-15,1898.9600
2012-05-16,1840.5300
2012-05-17,1845.2400
2012-05-18,1782.4600
2012-05-21,1799.1300
2012-05-22,1828.6899
2012-05-23,1808.6200
2012-05-24,1814.4700
2012-05-25,1824.1700
2012-05-29,1849.9100
2012-05-30,1844.8600
2012-05-31,1843.4700
2012-06-01,1834.5100
2012-06-04,1783.1300
2012-06-05,1801.8500
2012-06-07,1847.9500
2012-06-08,1835.6400
2012-06-11,1867.0400
2012-06-12,1854.7400
2012-06-13,1859.3199
2012-06-14,1871.4800
2012-06-15,1858.1600
2012-06-18,1891.7100
2012-06-19,1891.7700
2012-06-20,1904.1200
2012-06-21,1889.1500
2012-06-22,1847.3900
2012-06-25,1825.3800
2012-06-26,1817.8101
2012-06-27,1817.6500
2012-06-28,1819.1801
2012-06-29,1854.0100
2012-07-02,1851.6500
2012-07-03,1867.8199
2012-07-04,1874.4500
2012-07-05,1875.4900
2012-07-06,1858.2000
2012-07-09,1836.1300
2012-07-10,1829.4500
2012-07-11,1826.3900
2012-07-12,1785.3900
2012-07-13,1812.8900
2012-07-16,1817.7900
2012-07-17,1821.9600
2012-07-18,1794.9100
2012-07-19,1822.9600
2012-07-20,1822.9301
2012-07-23,1789.4399
2012-07-24,1793.9301
2012-07-25,1769.3101
2012-07-26,1782.4700
2012-07-27,1829.1600
2012-07-30,1843.7900
2012-07-31,1881.9900
2012-08-01,1879.9301
2012-08-02,1869.4000
2012-08-03,1848.6801
2012-08-06,1885.8800
2012-08-07,1886.8000
2012-08-08,1903.2300
2012-08-09,1940.5900
2012-08-10,1946.4000
2012-08-13,1932.4399
2012-08-14,1956.9600
2012-08-16,1957.9100
2012-08-17,1946.5400
2012-08-20,1946.3101
2012-08-21,1943.2200
2012-08-22,1935.1899
2012-08-23,1942.5400
2012-08-24,1919.8101
2012-08-27,1917.8700
2012-08-28,1916.3300
2012-08-29,1928.5400
2012-08-30,1906.3800
2012-08-31,1905.1200
2012-09-03,1912.7100
2012-09-04,1907.1300
2012-09-05,1874.0300
2012-09-06,1881.2400
2012-09-07,1929.5800
2012-09-10,1924.7000
2012-09-11,1920.0000
2012-09-12,1950.0300
2012-09-13,1950.6899
2012-09-14,2007.5800
2012-09-17,2002.3500
2012-09-18,2004.9600
2012-09-19,2007.8800
2012-09-20,1990.3300
2012-09-21,2002.3700
2012-09-24,2003.4399
2012-09-25,1991.4100
2012-09-26,1980.4399
2012-09-27,1988.7000
2012-09-28,1996.2100
2012-10-02,1996.0300
2012-10-04,1992.6801
2012-10-05,1995.1700
2012-10-08,1981.8900
2012-10-09,1979.0400
2012-10-10,1948.2200
2012-10-11,1933.0900
2012-10-12,1933.2600
2012-10-15,1925.5900
2012-10-16,1941.5400
2012-10-17,1955.1500
2012-10-18,1959.1200
2012-10-19,1943.8400
2012-10-22,1941.5900
2012-10-23,1926.8101
2012-10-24,1913.9600
2012-10-25,1924.5000
2012-10-26,1891.4301
2012-10-29,1891.5200
2012-10-30,1899.5800
2012-10-31,1912.0601
2012-11-01,1898.4399
2012-11-02,1918.7200
2012-11-05,1908.2200
2012-11-06,1928.1700
2012-11-07,1937.5500
2012-11-08,1914.4100
2012-11-09,1904.4100
2012-11-12,1900.8700
2012-11-13,1889.7000
2012-11-14,1894.0400
2012-11-15,1870.7200
2012-11-16,1860.8300
2012-11-19,1878.1000
2012-11-20,1890.1801
2012-11-21,1884.0400
2012-11-22,1899.5000
2012-11-23,1911.3300
2012-11-26,1908.5100
2012-11-27,1925.2000
2012-11-28,1912.7800
2012-11-29,1934.8500
2012-11-30,1932.9000
2012-12-03,1940.0200
2012-12-04,1935.1801
2012-12-05,1947.0400
2012-12-06,1949.6200
2012-12-07,1957.4500
2012-12-10,1957.4200
2012-12-11,1964.6200
2012-12-12,1975.4399
2012-12-13,2002.7700
2012-12-14,1995.0400
2012-12-17,1983.0699
2012-12-18,1993.0900
2012-12-20,1999.5000
2012-12-21,1980.4200
2012-12-24,1981.8199
2012-12-26,1982.2500
2012-12-27,1987.3500
2012-12-28,1997.0500
2013-01-02,2031.1000
2013-01-03,2019.4100
2013-01-04,2011.9399
2013-01-07,2011.2500
2013-01-08,1997.9399
2013-01-09,1991.8101
2013-01-10,2006.8000
2013-01-11,1996.6700
2013-01-14,2007.0400
2013-01-15,1983.7400
2013-01-16,1977.4500
2013-01-17,1974.2700
2013-01-18,1987.8500
2013-01-21,1986.8600
2013-01-22,1996.5200
2013-01-23,1980.4100
2013-01-24,1964.4800
2013-01-25,1946.6899
2013-01-28,1939.7100
2013-01-29,1955.9600
2013-01-30,1964.4301
2013-01-31,1961.9399
2013-02-01,1957.7900
2013-02-04,1953.2100
2013-02-05,1938.1801
2013-02-06,1936.1899
2013-02-07,1931.7700
2013-02-08,1950.9000
2013-02-12,1945.7900
2013-02-13,1976.0699
2013-02-14,1979.6100
2013-02-15,1981.1801
2013-02-18,1981.9100
2013-02-19,1985.8300
2013-02-20,2024.6400
2013-02-21,2015.2200
2013-02-22,2018.8900
2013-02-25,2009.5200
2013-02-26,2000.0100
2013-02-27,2004.0400
2013-02-28,2026.4900
2013-03-04,2013.1500
2013-03-05,2016.6100
2013-03-06,2020.7400
2013-03-07,2004.4000
2013-03-08,2006.0100
2013-03-11,2003.3500
2013-03-12,1993.3400
2013-03-13,1999.7300
2013-03-14,2002.1300
2013-03-15,1986.5000
2013-03-18,1968.1801
2013-03-19,1978.5601
2013-03-20,1959.4100
2013-03-21,1950.8199
2013-03-22,1948.7100
2013-03-25,1977.6700
2013-03-26,1983.7000
2013-03-27,1993.4399
2013-03-28,1993.5200
2013-03-29,2004.8900
2013-04-01,1995.9900
2013-04-02,1986.1500
2013-04-03,1983.2200
2013-04-04,1959.4500
2013-04-05,1927.2300
2013-04-08,1918.6899
2013-04-09,1920.7400
2013-04-10,1935.5800
2013-04-11,1949.8000
2013-04-12,1924.2300
2013-04-15,1920.4500
2013-04-16,1922.2100
2013-04-17,1923.8400
2013-04-18,1900.0601
2013-04-19,1906.7500
2013-04-22,1926.3101
2013-04-23,1918.6300
2013-04-24,1935.3101
2013-04-25,1951.6000
2013-04-26,1944.5601
2013-04-29,1940.7000
2013-04-30,1963.9500
2013-05-02,1957.2100
2013-05-03,1965.7100
2013-05-06,1961.4800
2013-05-07,1954.3500
2013-05-08,1956.4500
2013-05-09,1979.4500
2013-05-10,1944.7500
2013-05-13,1948.7000
2013-05-14,1968.8300
2013-05-15,1971.2600
2013-05-16,1986.8101
2013-05-20,1982.4301
2013-05-21,1981.0900
2013-05-22,1993.8300
2013-05-23,1969.1899
2013-05-24,1973.4500
2013-05-27,1979.9700
2013-05-28,1986.2200
2013-05-29,2001.2000
2013-05-30,2000.1000
2013-05-31,2001.0500
2013-06-03,1989.5699
2013-06-04,1989.5100
2013-06-05,1959.1899
2013-06-07,1923.8500
2013-06-10,1932.7000
2013-06-11,1920.6801
2013-06-12,1909.9100
2013-06-13,1882.7300
2013-06-14,1889.2400
2013-06-17,1883.1000
2013-06-18,1900.6200
2013-06-19,1888.3101
2013-06-20,1850.4900
2013-06-21,1822.8300
2013-06-24,1799.0100
2013-06-25,1780.6300
2013-06-26,1783.4500
2013-06-27,1834.7000
2013-06-28,1863.3199
2013-07-01,1855.7300
2013-07-02,1855.0200
2013-07-03,1824.6600
2013-07-04,1839.1400
2013-07-05,1833.3101
2013-07-08,1816.8500
2013-07-09,1830.3500
2013-07-10,1824.1600
2013-07-11,1877.6000
2013-07-12,1869.9800
2013-07-15,1875.1600
2013-07-16,1866.3600
2013-07-17,1887.4900
2013-07-18,1875.4800
2013-07-19,1871.4100
2013-07-22,1880.3500
2013-07-23,1904.1500
2013-07-24,1912.0800
2013-07-25,1909.6100
2013-07-26,1910.8101
2013-07-29,1899.8900
2013-07-30,1917.0500
2013-07-31,1914.0300
2013-08-01,1920.7400
2013-08-02,1923.3800
2013-08-05,1916.2200
2013-08-06,1906.6200
2013-08-07,1878.3300
2013-08-08,1883.9700
2013-08-09,1880.7100
2013-08-12,1884.8300
2013-08-13,1913.0300
2013-08-14,1923.9100
2013-08-16,1920.1100
2013-08-19,1917.6400
2013-08-20,1887.8500
2013-08-21,1867.4600
2013-08-22,1849.1200
2013-08-23,1870.1600
2013-08-26,1887.8600
2013-08-27,1885.8400
2013-08-28,1884.5200
2013-08-29,1907.5400
2013-08-30,1926.3600
2013-09-02,1924.8101
2013-09-03,1933.7400
2013-09-04,1933.0300
2013-09-05,1951.6500
2013-09-06,1955.3101
2013-09-09,1974.6700
2013-09-10,1994.0601
2013-09-11,2003.8500
2013-09-12,2004.0601
2013-09-13,1994.3199
2013-09-16,2013.3700
2013-09-17,2005.5800
2013-09-23,2009.4100
2013-09-24,2007.1000
2013-09-25,1998.0601
2013-09-26,2007.3199
2013-09-27,2011.8000
2013-09-30,1996.9600
2013-10-01,1998.8700
2013-10-02,1999.4700
2013-10-04,1996.9800
2013-10-07,1994.4200
2013-10-08,2002.7600
2013-10-10,2001.4000
2013-10-11,2024.9000
2013-10-14,2020.2700
2013-10-15,2040.9600
2013-10-16,2034.6100
2013-10-17,2040.6100
2013-10-18,2052.3999
2013-10-21,2053.0100
2013-10-22,2056.1201
2013-10-23,2035.7500
2013-10-24,2046.6899
2013-10-25,2034.3900
2013-10-28,2048.1399
2013-10-29,2051.7600
2013-10-30,2059.5801
2013-10-31,2030.0900
2013-11-01,2039.4200
2013-11-04,2025.1700
2013-11-05,2013.9301
2013-11-06,2013.6700
2013-11-07,2004.0400
2013-11-08,1984.8700
2013-11-11,1977.3000
2013-11-12,1995.4800
2013-11-13,1963.5601
2013-11-14,1967.5601
2013-11-15,2005.6400
2013-11-18,2010.8101
2013-11-19,2031.6400
2013-11-20,2017.2400
2013-11-21,1993.7800
2013-11-22,2006.2300
2013-11-25,2015.9800
2013-11-26,2022.6400
2013-11-27,2028.8101
2013-11-28,2045.7700
2013-11-29,2044.8700
2013-12-02,2030.7800
2013-12-03,2009.3600
2013-12-04,1986.8000
2013-12-05,1984.7700
2013-12-06,1980.4100
2013-12-09,2000.3800
2013-12-10,1993.4500
2013-12-11,1977.9700
2013-12-12,1967.9301
2013-12-13,1962.9100
2013-12-16,1961.1500
2013-12-17,1965.7400
2013-12-18,1974.6300
2013-12-19,1975.6500
2013-12-20,1983.3500
2013-12-23,1996.8900
2013-12-24,2001.5900
2013-12-26,1999.3000
2013-12-27,2002.2800
2013-12-30,2011.3400
2014-01-02,1967.1899
2014-01-03,1946.1400
2014-01-06,1953.2800
2014-01-07,1959.4399
2014-01-08,1958.9600
2014-01-09,1946.1100
2014-01-10,1938.5400
2014-01-13,1948.9200
2014-01-14,1946.0699
2014-01-15,1953.2800
2014-01-16,1957.3199
2014-01-17,1944.4800
2014-01-20,1953.7800
2014-01-21,1963.8900
2014-01-22,1970.4200
2014-01-23,1947.5900
2014-01-24,1940.5601
2014-01-27,1910.3400
2014-01-28,1916.9301
2014-01-29,1941.1500
2014-02-03,1919.9600
2014-02-04,1886.8500
2014-02-05,1891.3199
2014-02-06,1907.8900
2014-02-07,1922.5000
2014-02-10,1923.3000
2014-02-11,1932.0601
2014-02-12,1935.8400
2014-02-13,1926.9600
2014-02-14,1940.2800
2014-02-17,1946.3600
2014-02-18,1946.9100
2014-02-19,1942.9301
2014-02-20,1930.5699
2014-02-21,1957.8300
2014-02-24,1949.0500
2014-02-25,1964.8600
2014-02-26,1970.7700
2014-02-27,1978.4301
2014-02-28,1979.9900
2014-03-03,1964.6899
2014-03-04,1954.1100
2014-03-05,1971.2400
2014-03-06,1975.6200
2014-03-07,1974.6801
2014-03-10,1954.4200
2014-03-11,1963.8700
2014-03-12,1932.5400
2014-03-13,1934.3800
2014-03-14,1919.9000
2014-03-17,1927.5300
2014-03-18,1940.2100
2014-03-19,1937.6801
2014-03-20,1919.5200
2014-03-21,1934.9399
2014-03-24,1945.5500
2014-03-25,1941.2500
2014-03-26,1964.3101
2014-03-27,1977.9700
2014-03-28,1981.0000
2014-03-31,1985.6100
2014-04-01,1991.9800
2014-04-02,1997.2500
2014-04-03,1993.7000
2014-04-04,1988.0900
2014-04-07,1989.7000
2014-04-08,1993.0300
2014-04-09,1998.9500
2014-04-10,2008.6100
2014-04-11,1997.4399
2014-04-14,1997.0200
2014-04-15,1992.2700
2014-04-16,1992.2100
2014-04-17,1992.0500
2014-04-18,2004.2800
2014-04-21,1999.2200
2014-04-22,2004.2200
2014-04-23,2000.3700
2014-04-24,1998.3400
2014-04-25,1971.6600
2014-04-28,1969.2600
2014-04-29,1964.7700
2014-04-30,1961.7900
2014-05-02,1959.4399
2014-05-07,1939.8800
2014-05-08,1950.6000
2014-05-09,1956.5500
2014-05-12,1964.9399
2014-05-13,1982.9301
2014-05-14,2010.8300
2014-05-15,2010.2000
2014-05-16,2013.4399
2014-05-19,2015.1400
2014-05-20,2011.2600
2014-05-21,2008.3300
2014-05-22,2015.5900
2014-05-23,2017.1700
2014-05-26,2010.3500
2014-05-27,1997.6300
2014-05-28,2017.0601
2014-05-29,2012.2600
2014-05-30,1994.9600
2014-06-02,2002.0000
2014-06-03,2008.5601
2014-06-05,1995.4800
2014-06-09,1990.0400
2014-06-10,2011.8000
2014-06-11,2014.6700
2014-06-12,2011.6500
2014-06-13,1990.8500
2014-06-16,1993.5900
2014-06-17,2001.5500
2014-06-18,1989.4900
2014-06-19,1992.0300
2014-06-20,1968.0699
2014-06-23,1974.9200
2014-06-24,1994.3500
2014-06-25,1981.7700
2014-06-26,1995.0500
2014-06-27,1988.5100
2014-06-30,2002.2100
2014-07-01,1999.0000
2014-07-02,2015.2800
2014-07-03,2010.9700
2014-07-04,2009.6600
2014-07-07,2005.1200
2014-07-08,2006.6600
2014-07-09,2000.5000
2014-07-10,2002.8400
2014-07-11,1988.7400
2014-07-14,1993.8800
2014-07-15,2012.7200
2014-07-16,2013.4800
2014-07-17,2020.9000
2014-07-18,2019.4200
2014-07-21,2018.5000
2014-07-22,2028.9301
2014-07-23,2028.3199
2014-07-24,2026.6200
2014-07-25,2033.8500
2014-07-28,2048.8101
2014-07-29,2061.9700
2014-07-30,2082.6101
2014-07-31,2076.1201
2014-08-01,2073.1001
2014-08-04,2080.4199
2014-08-05,2066.2600
2014-08-06,2060.7300
2014-08-07,2054.5100
2014-08-08,2031.1000
2014-08-11,2039.3700
2014-08-12,2041.4700
2014-08-13,2062.3601
2014-08-14,2063.2200
2014-08-18,2053.1299
2014-08-19,2071.1399
2014-08-20,2072.7800
2014-08-21,2044.2100
2014-08-22,2056.7000
2014-08-25,2060.8899
2014-08-26,2068.0500
2014-08-27,2074.9299
2014-08-28,2075.7600
2014-08-29,2068.5400
2014-09-01,2067.8601
2014-09-02,2051.5801
2014-09-03,2051.2000
2014-09-04,2056.2600
2014-09-05,2049.4099
2014-09-11,2034.1600
2014-09-12,2041.8600
2014-09-15,2035.8199
2014-09-16,2042.9200
2014-09-17,2062.6101
2014-09-18,2047.7400
2014-09-19,2053.8201
2014-09-22,2039.2700
2014-09-23,2028.9100
2014-09-24,2035.6400
2014-09-25,2034.1100
2014-09-26,2031.6400
2014-09-29,2026.6000
2014-09-30,2020.0900
2014-10-01,1991.5400
2014-10-02,1976.1600
2014-10-06,1968.3900
2014-10-07,1972.9100
2014-10-08,1965.2500
2014-10-10,1940.9200
2014-10-13,1927.2100
2014-10-14,1929.2500
2014-10-15,1925.9100
2014-10-16,1918.8300
2014-10-17,1900.6600
2014-10-20,1930.0601
2014-10-21,1915.2800
2014-10-22,1936.9700
2014-10-23,1931.6500
2014-10-24,1925.6899
2014-10-27,1931.9700
2014-10-28,1925.6801
2014-10-29,1961.1700
2014-10-30,1958.9301
2014-10-31,1964.4301
2014-11-03,1952.9700
2014-11-04,1935.1899
2014-11-05,1931.4301
2014-11-06,1936.4800
2014-11-07,1939.8700
2014-11-10,1958.2300
2014-11-11,1963.0000
2014-11-12,1967.2700
2014-11-13,1960.5100
2014-11-14,1945.1400
2014-11-17,1943.6300
2014-11-18,1967.0100
2014-11-19,1966.8700
2014-11-20,1958.0400
2014-11-21,1964.8400
2014-11-24,1978.5400
2014-11-25,1980.2100
2014-11-26,1980.8400
2014-11-27,1982.0900
2014-11-28,1980.7800
2014-12-01,1965.2200
2014-12-02,1965.8300
2014-12-03,1969.9100
2014-12-04,1986.6100
2014-12-05,1986.6200
2014-12-08,1978.9500
2014-12-09,1970.9500
2014-12-10,1945.5601
2014-12-11,1916.5900
2014-12-12,1921.7100
2014-12-15,1920.3600
2014-12-16,1904.1300
2014-12-17,1900.1600
2014-12-18,1897.5000
2014-12-19,1929.9800
2014-12-22,1943.1200
2014-12-23,1939.0200
2014-12-24,1946.6100
2014-12-26,1948.1600
2014-12-29,1927.8600
2014-12-30,1915.5900
2015-01-02,1926.4399
2015-01-05,1915.7500
2015-01-06,1882.4500
2015-01-07,1883.8300
2015-01-08,1904.6500
2015-01-09,1924.7000
2015-01-12,1920.9500
2015-01-13,1917.1400
2015-01-14,1913.6600
2015-01-15,1914.1400
2015-01-16,1888.1300
2015-01-19,1902.6200
2015-01-20,1918.3101
2015-01-21,1921.2300
2015-01-22,1920.8199
2015-01-23,1936.0900
2015-01-26,1935.6801
2015-01-27,1952.4000
2015-01-28,1961.5800
2015-01-29,1951.0200
2015-01-30,1949.2600
2015-02-02,1952.6801
2015-02-03,1951.9600
2015-02-04,1962.7900
2015-02-05,1952.8400
2015-02-06,1955.5200
2015-02-09,1947.0000
2015-02-10,1935.8600
2015-02-11,1945.7000
2015-02-12,1941.6300
2015-02-13,1957.5000
2015-02-16,1958.2300
2015-02-17,1961.4500
2015-02-23,1968.3900
2015-02-24,1976.1200
2015-02-25,1990.4700
2015-02-26,1993.0800
2015-02-27,1985.8000
2015-03-02,1996.8101
2015-03-03,2001.3800
2015-03-04,1998.2900
2015-03-05,1998.3800
2015-03-06,2012.9399
2015-03-09,1992.8199
2015-03-10,1984.7700
2015-03-11,1980.8300
2015-03-12,1970.5900
2015-03-13,1985.7900
2015-03-16,1987.3300
2015-03-17,2029.9100
2015-03-18,2028.4500
2015-03-19,2037.8900
2015-03-20,2037.2400
2015-03-23,2036.5900
2015-03-24,2041.3700
2015-03-25,2042.8101
2015-03-26,2022.5601
2015-03-27,2019.8000
2015-03-30,2030.0400
2015-03-31,2041.0300
2015-04-01,2028.4500
2015-04-02,2029.0699
2015-04-03,2045.4200
2015-04-06,2046.4301
2015-04-07,2047.0300
2015-04-08,2059.2600
2015-04-09,2058.8701
2015-04-10,2087.7600
2015-04-13,2098.9199
2015-04-14,2111.7200
2015-04-15,2119.9600
2015-04-16,2139.8999
2015-04-17,2143.5000
2015-04-20,2146.7100
2015-04-21,2144.7900
2015-04-22,2143.8899
2015-04-23,2173.4099
2015-04-24,2159.8000
2015-04-27,2157.5400
2015-04-28,2147.6699
2015-04-29,2142.6299
2015-04-30,2127.1699
2015-05-04,2132.2300
2015-05-06,2104.5801
2015-05-07,2091.0000
2015-05-08,2085.5200
2015-05-11,2097.3799
2015-05-12,2096.7700
2015-05-13,2114.1599
2015-05-14,2120.3301
2015-05-15,2106.5000
2015-05-18,2113.7200
2015-05-19,2120.8501
2015-05-20,2139.5400
2015-05-21,2122.8101
2015-05-22,2146.1001
2015-05-26,2143.5000
2015-05-27,2107.5000
2015-05-28,2110.8899
2015-05-29,2114.8000
2015-06-01,2102.3701
2015-06-02,2078.6399
2015-06-03,2063.1599
2015-06-04,2072.8601
2015-06-05,2068.1001
2015-06-08,2065.1899
2015-06-09,2064.0300
2015-06-10,2051.3201
2015-06-11,2056.6101
2015-06-12,2052.1699
2015-06-15,2042.3199
2015-06-16,2028.7200
2015-06-17,2034.8600
2015-06-18,2041.8800
2015-06-19,2046.9600
2015-06-22,2055.1599
2015-06-23,2081.2000
2015-06-24,2085.5300
2015-06-25,2085.0601
2015-06-26,2090.2600
2015-06-29,2060.4900
2015-06-30,2074.2000
2015-07-01,2097.8899
2015-07-02,2107.3301
2015-07-03,2104.4099
2015-07-06,2053.9299
2015-07-07,2040.2900
2015-07-08,2016.2100
2015-07-09,2027.8101
2015-07-10,2031.1700
2015-07-13,2061.5200
2015-07-14,2059.2300
2015-07-15,2072.9099
2015-07-16,2087.8899
2015-07-17,2076.7900
2015-07-20,2073.3101
2015-07-21,2083.6201
2015-07-22,2064.7300
2015-07-23,2065.0701
2015-07-24,2045.9600
2015-07-27,2038.8101
2015-07-28,2039.1000
2015-07-29,2037.6200
2015-07-30,2019.0300
2015-07-31,2030.1600
2015-08-03,2008.4900
2015-08-04,2027.9900
2015-08-05,2029.7600
2015-08-06,2013.2900
2015-08-07,2010.2300
2015-08-10,2003.1700
2015-08-11,1986.6500
2015-08-12,1975.4700
2015-08-13,1983.4600
2015-08-17,1968.5200
2015-08-18,1956.2600
2015-08-19,1939.3800
2015-08-20,1914.5500
2015-08-21,1876.0699
2015-08-24,1829.8101
2015-08-25,1846.6300
2015-08-26,1894.0900
2015-08-27,1908.0000
2015-08-28,1937.6700
2015-08-31,1941.4900
2015-09-01,1914.2300
2015-09-02,1915.2200
2015-09-03,1915.5300
2015-09-04,1886.0400
2015-09-07,1883.2200
2015-09-08,1878.6801
2015-09-09,1934.2000
2015-09-10,1962.1100
2015-09-11,1941.3700
2015-09-14,1931.4600
2015-09-15,1937.5601
2015-09-16,1975.4500
2015-09-17,1976.4900
2015-09-18,1995.9500
2015-09-21,1964.6801
2015-09-22,1982.0601
2015-09-23,1944.6400
2015-09-24,1947.1000
2015-09-25,1942.8500
2015-09-30,1962.8101
2015-10-01,1979.3199
2015-10-02,1969.6801
2015-10-05,1978.2500
2015-10-06,1990.6500
2015-10-07,2005.8400
2015-10-08,2019.5300
2015-10-12,2021.6300
2015-10-13,2019.0500
2015-10-14,2009.5500
2015-10-15,2033.2700
2015-10-16,2030.2600
2015-10-19,2030.2700
2015-10-20,2039.3600
2015-10-21,2042.9800
2015-10-22,2023.0000
2015-10-23,2040.4000
2015-10-26,2048.0801
2015-10-27,2044.6500
2015-10-28,2042.5100
2015-10-29,2034.1600
2015-10-30,2029.4700
2015-11-02,2035.2400
2015-11-03,2048.3999
2015-11-04,2052.7700
2015-11-05,2049.4099
2015-11-06,2041.0699
2015-11-09,2025.7000
2015-11-10,1996.5900
2015-11-11,1997.2700
2015-11-12,1993.3600
2015-11-13,1973.2900
2015-11-16,1943.0200
2015-11-17,1963.5800
2015-11-18,1962.8800
2015-11-19,1988.9100
2015-11-20,1989.8600
2015-11-23,2003.7000
2015-11-24,2016.2900
2015-11-25,2009.4200
2015-11-26,2030.6801
2015-11-27,2028.9900
2015-11-30,1991.9700
2015-12-01,2023.9301
2015-12-02,2009.2900
2015-12-03,1994.0699
2015-12-04,1974.4000
2015-12-07,1963.6700
2015-12-08,1949.0400
2015-12-09,1948.2400
2015-12-10,1952.0699
2015-12-11,1948.6200
2015-12-14,1927.8199
2015-12-15,1932.9700
2015-12-16,1969.4000
2015-12-17,1977.9600
2015-12-18,1975.3199
2015-12-21,1981.1899
2015-12-22,1992.5601
2015-12-23,1999.2200
2015-12-24,1990.6500
2015-12-28,1964.0601
2015-12-29,1966.3101
2015-12-30,1961.3101
2016-01-04,1918.7600
2016-01-05,1930.5300
2016-01-06,1925.4301
2016-01-07,1904.3300
2016-01-08,1917.6200
2016-01-11,1894.8400
2016-01-12,1890.8600
2016-01-13,1916.2800
2016-01-14,1900.0100
2016-01-15,1878.8700
2016-01-18,1878.4500
2016-01-19,1889.6400
2016-01-20,1845.4500
2016-01-21,1840.5300
2016-01-22,1879.4301
2016-01-25,1893.4301
2016-01-26,1871.6899
2016-01-27,1897.8700
2016-01-28,1906.9399
2016-01-29,1912.0601
2016-02-01,1924.8199
2016-02-02,1906.6000
2016-02-03,1890.6700
2016-02-04,1916.2600
2016-02-05,1917.7900
2016-02-11,1861.5400
2016-02-12,1835.2800
2016-02-15,1862.2000
2016-02-16,1888.3000
2016-02-17,1883.9399
2016-02-18,1908.8400
2016-02-19,1916.2400
2016-02-22,1916.3600
2016-02-23,1914.2200
2016-02-24,1912.5300
2016-02-25,1918.5699
2016-02-26,1920.1600
2016-02-29,1916.6600
2016-03-02,1947.4200
2016-03-03,1958.1700
2016-03-04,1955.6300
2016-03-07,1957.8700
2016-03-08,1946.1200
2016-03-09,1952.9500
2016-03-10,1969.3300
2016-03-11,1971.4100
2016-03-14,1972.2700
2016-03-15,1969.9700
2016-03-16,1974.9000
2016-03-17,1987.9900
2016-03-18,1992.1200
2016-03-21,1989.7600
2016-03-22,1996.8101
2016-03-23,1995.1200
2016-03-24,1985.9700
2016-03-25,1983.8101
2016-03-28,1982.5400
2016-03-29,1994.9100
2016-03-30,2002.1400
2016-03-31,1995.8500
2016-04-01,1973.5699
2016-04-04,1978.9700
2016-04-05,1962.7400
2016-04-06,1971.3199
2016-04-07,1973.8900
2016-04-08,1972.0500
2016-04-11,1970.3700
2016-04-12,1981.3199
2016-04-14,2015.9301
2016-04-15,2014.7100
2016-04-18,2009.1000
2016-04-19,2011.3600
2016-04-20,2005.8300
2016-04-21,2022.1000
2016-04-22,2015.4900
2016-04-25,2014.5500
2016-04-26,2019.6300
2016-04-27,2015.4000
2016-04-28,2000.9301
2016-04-29,1994.1500
2016-05-02,1978.1500
2016-05-03,1986.4100
2016-05-04,1976.7100
2016-05-09,1967.8101
2016-05-10,1982.5000
2016-05-11,1980.1000
2016-05-12,1977.4900
2016-05-13,1966.9900
2016-05-16,1967.9100
2016-05-17,1968.0601
2016-05-18,1956.7300
2016-05-19,1946.7800
2016-05-20,1947.6700
2016-05-23,1955.2500
2016-05-24,1937.6801
2016-05-25,1960.5100
2016-05-26,1957.0601
2016-05-27,1969.1700
2016-05-30,1967.1300
2016-05-31,1983.4000
2016-06-01,1982.7200
2016-06-02,1985.1100
2016-06-03,1985.8400
2016-06-07,2011.6300
2016-06-08,2027.0800
2016-06-09,2024.1700
2016-06-10,2017.6300
2016-06-13,1979.0601
2016-06-14,1972.0300
2016-06-15,1968.8300
2016-06-16,1951.9900
2016-06-17,1953.4000
2016-06-20,1981.1200
2016-06-21,1982.7000
2016-06-22,1992.5800
2016-06-23,1986.7100
2016-06-24,1925.2400
2016-06-27,1926.8500
2016-06-28,1936.2200
2016-06-29,1956.3600
2016-06-30,1970.3500
2016-07-01,1987.3199
2016-07-04,1995.3000
2016-07-05,1989.8500
2016-07-06,1953.1200
2016-07-07,1974.0800
2016-07-08,1963.1000
2016-07-11,1988.5400
2016-07-12,1991.2300
2016-07-13,2005.5500
2016-07-14,2008.7700
2016-07-15,2017.2600
2016-07-18,2021.1100
2016-07-19,2016.8900
2016-07-20,2015.4600
2016-07-21,2012.2200
2016-07-22,2010.3400
2016-07-25,2012.3199
2016-07-26,2027.3400
2016-07-27,2025.0500
2016-07-28,2021.1000
2016-07-29,2016.1899
2016-08-01,2029.6100
2016-08-02,2019.0300
2016-08-03,1994.7900
2016-08-04,2000.0300
2016-08-05,2017.9399
2016-08-08,2031.1200
2016-08-09,2043.7800
2016-08-10,2044.6400
2016-08-11,2048.8000
2016-08-12,2050.4700
2016-08-16,2047.7600
2016-08-17,2043.7500
2016-08-18,2055.4700
2016-08-19,2056.2400
2016-08-22,2042.1600
2016-08-23,2049.9299
2016-08-24,2043.7600
2016-08-25,2042.9200
2016-08-26,2037.5000
2016-08-29,2032.3500
2016-08-30,2039.7400
2016-08-31,2034.6500
2016-09-01,2032.7200
2016-09-02,2038.3101
2016-09-05,2060.0801
2016-09-06,2066.5300
2016-09-07,2061.8799
2016-09-08,2063.7300
2016-09-09,2037.8700
2016-09-12,1991.4800
2016-09-13,1999.3600
2016-09-19,2015.7800
2016-09-20,2025.7100
2016-09-21,2035.9900
2016-09-22,2049.7000
2016-09-23,2054.0701
2016-09-26,2047.1100
2016-09-27,2062.8201
2016-09-28,2053.0601
2016-09-29,2068.7200
2016-09-30,2043.6300
2016-10-04,2054.8601
2016-10-05,2053.0000
2016-10-06,2065.3000
2016-10-07,2053.8000
2016-10-10,2056.8201
2016-10-11,2031.9301
2016-10-12,2033.7300
2016-10-13,2015.4399
2016-10-14,2022.6600
2016-10-17,2027.6100
2016-10-18,2040.4301
2016-10-19,2040.9399
2016-10-20,2040.6000
2016-10-21,2033.0000
2016-10-24,2047.7400
2016-10-25,2037.1700
2016-10-26,2013.8900
2016-10-27,2024.1200
2016-10-28,2019.4200
2016-10-31,2008.1899
2016-11-01,2007.3900
2016-11-02,1978.9399
2016-11-03,1983.8000
2016-11-04,1982.0200
2016-11-07,1997.5800
2016-11-08,2003.3800
2016-11-09,1958.3800
2016-11-10,2002.6000
2016-11-11,1984.4301
2016-11-14,1974.4000
2016-11-15,1967.5300
2016-11-16,1979.6500
2016-11-17,1980.5500
2016-11-18,1974.5800
2016-11-21,1966.0500
2016-11-22,1983.4700
2016-11-23,1987.9500
2016-11-24,1971.2600
2016-11-25,1974.4600
2016-11-28,1978.1300
2016-11-29,1978.3900
2016-11-30,1983.4800
2016-12-01,1983.7500
2016-12-02,1970.6100
2016-12-05,1963.3600
2016-12-06,1989.8600
2016-12-07,1991.8900
2016-12-08,2031.0699
2016-12-09,2024.6899
2016-12-12,2027.2400
2016-12-13,2035.9800
2016-12-14,2036.8700
2016-12-15,2036.6500
2016-12-16,2042.2400
2016-12-19,2038.3900
2016-12-20,2041.9399
2016-12-21,2037.9600
2016-12-22,2035.7300
2016-12-23,2035.9000
2016-12-26,2037.7500
2016-12-27,2042.1700
2016-12-28,2024.4900
2016-12-29,2026.4600
2017-01-02,2026.1600
2017-01-03,2043.9700
2017-01-04,2045.6400
2017-01-05,2041.9500
2017-01-06,2049.1201
2017-01-09,2048.7800
2017-01-10,2045.1200
2017-01-11,2075.1699
2017-01-12,2087.1399
2017-01-13,2076.7900
2017-01-16,2064.1699
2017-01-17,2071.8701
2017-01-18,2070.5400
2017-01-19,2072.7900
2017-01-20,2065.6101
2017-01-23,2065.9900
2017-01-24,2065.7600
2017-01-25,2066.9399
2017-01-26,2083.5901
2017-01-31,2067.5701
2017-02-01,2080.4800
2017-02-02,2071.0100
2017-02-03,2073.1599
2017-02-06,2077.6599
2017-02-07,2075.2100
2017-02-08,2065.0801
2017-02-09,2065.8799
2017-02-10,2075.0801
2017-02-13,2078.6499
2017-02-14,2074.5701
2017-02-15,2083.8601
2017-02-16,2081.8401
2017-02-17,2080.5801
2017-02-20,2084.3899
2017-02-21,2102.9299
2017-02-22,2106.6101
2017-02-23,2107.6299
2017-02-24,2094.1201
2017-02-27,2085.5200
2017-02-28,2091.6399
2017-03-02,2102.6499
2017-03-03,2078.7500
2017-03-06,2081.3601
2017-03-07,2094.0500
2017-03-08,2095.4099
2017-03-09,2091.0601
2017-03-10,2097.3501
2017-03-13,2117.5901
2017-03-14,2133.7800
2017-03-15,2133.0000
2017-03-16,2150.0801
2017-03-17,2164.5801
2017-03-20,2157.0100
2017-03-21,2178.3799
2017-03-22,2168.3000
2017-03-23,2172.7200
2017-03-24,2168.9500
2017-03-27,2155.6599
2017-03-28,2163.3101
2017-03-29,2166.9800
2017-03-30,2164.6399
2017-03-31,2160.2300
2017-04-03,2167.5100
2017-04-04,2161.1001
2017-04-05,2160.8501
2017-04-06,2152.7500
2017-04-07,2151.7300
2017-04-10,2133.3201
2017-04-11,2123.8501
2017-04-12,2128.9099
2017-04-13,2148.6101
2017-04-14,2134.8799
2017-04-17,2145.7600
2017-04-18,2148.4600
2017-04-19,2138.3999
2017-04-20,2149.1499
2017-04-21,2165.0400
2017-04-24,2173.7400
2017-04-25,2196.8501
2017-04-26,2207.8401
2017-04-27,2209.4600
2017-04-28,2205.4399
2017-05-02,2219.6699
2017-05-04,2241.2400
2017-05-08,2292.7600
2017-05-10,2270.1201
2017-05-11,2296.3701
2017-05-12,2286.0200
2017-05-15,2290.6499
2017-05-16,2295.3301
2017-05-17,2293.0801
2017-05-18,2286.8201
2017-05-19,2288.4800
2017-05-22,2304.0300
2017-05-23,2311.7400
2017-05-24,2317.3401
2017-05-25,2342.9299
2017-05-26,2355.3000
2017-05-29,2352.9700
2017-05-30,2343.6799
2017-05-31,2347.3799
2017-06-01,2344.6101
2017-06-02,2371.7200
2017-06-05,2368.6201
2017-06-07,2360.1399
2017-06-08,2363.5701
2017-06-09,2381.6899
2017-06-12,2357.8701
2017-06-13,2374.7000
2017-06-14,2372.6399
2017-06-15,2361.6499
2017-06-16,2361.8301
2017-06-19,2370.8999
2017-06-20,2369.2300
2017-06-21,2357.5300
2017-06-22,2370.3701
2017-06-23,2378.6001
2017-06-26,2388.6599
2017-06-27,2391.9500
2017-06-28,2382.5601
2017-06-29,2395.6599
2017-06-30,2391.7900
2017-07-03,2394.4800
2017-07-04,2380.5200
2017-07-05,2388.3501
2017-07-06,2387.8101
2017-07-07,2379.8701
2017-07-10,2382.1001
2017-07-11,2396.0000
2017-07-12,2391.7700
2017-07-13,2409.4900
2017-07-14,2414.6299
2017-07-17,2425.1001
2017-07-18,2426.0400
2017-07-19,2429.9399
2017-07-20,2441.8401
2017-07-21,2450.0601
2017-07-24,2451.5300
2017-07-25,2439.8999
2017-07-26,2434.5100
2017-07-27,2443.2400
2017-07-28,2400.9900
2017-07-31,2402.7100
2017-08-01,2422.9600
2017-08-02,2427.6299
2017-08-03,2386.8501
2017-08-04,2395.4500
2017-08-07,2398.7500
2017-08-08,2394.7300
2017-08-09,2368.3899
2017-08-10,2359.4700
2017-08-11,2319.7100
2017-08-14,2334.2200
2017-08-16,2348.2600
2017-08-17,2361.6699
2017-08-18,2358.3701
2017-08-21,2355.0000
2017-08-22,2365.3301
2017-08-23,2366.3999
2017-08-24,2375.8401
2017-08-25,2378.5100
2017-08-28,2370.3000
2017-08-29,2364.7400
2017-08-30,2372.2900
2017-08-31,2363.1899
2017-09-01,2357.6899
2017-09-04,2329.6499
2017-09-05,2326.6201
2017-09-06,2319.8201
2017-09-07,2346.1899
2017-09-08,2343.7200
2017-09-11,2359.0801
2017-09-12,2365.4700
2017-09-13,2360.1799
2017-09-14,2377.6599
2017-09-15,2386.0701
2017-09-18,2418.2100
2017-09-19,2416.0500
2017-09-20,2412.2000
2017-09-21,2406.5000
2017-09-25,2380.3999
2017-09-26,2374.3201
2017-09-27,2372.5701
2017-09-28,2373.1399
2017-09-29,2394.4700
2017-10-10,2433.8101
2017-10-11,2458.1599
2017-10-12,2474.7600
2017-10-13,2473.6201
2017-10-16,2480.0500
2017-10-17,2484.3701
2017-10-18,2482.9099
2017-10-19,2473.0601
2017-10-20,2489.5400
2017-10-23,2490.0500
2017-10-24,2490.4900
2017-10-25,2492.5000
2017-10-26,2480.6299
2017-10-27,2496.6299
2017-10-30,2501.9299
2017-10-31,2523.4299
2017-11-01,2556.4700
2017-11-02,2546.3601
2017-11-03,2557.9700
2017-11-06,2549.4099
2017-11-07,2545.4399
2017-11-08,2552.3999
2017-11-09,2550.5701
2017-11-10,2542.9500
2017-11-13,2530.3501
2017-11-14,2526.6399
2017-11-15,2518.2500
2017-11-16,2534.7900
2017-11-17,2533.9900
2017-11-20,2527.6699
2017-11-21,2530.7000
2017-11-22,2540.5100
2017-11-23,2537.1499
2017-11-24,2544.3301
2017-11-27,2507.8101
2017-11-28,2514.1899
2017-11-29,2512.8999
2017-11-30,2476.3701
2017-12-01,2475.4099
2017-12-04,2501.6699
2017-12-05,2510.1201
2017-12-06,2474.3701
2017-12-07,2461.9800
2017-12-08,2464.0000
2017-12-11,2471.4900
2017-12-12,2461.0000
2017-12-13,2480.5500
2017-12-14,2469.4800
2017-12-15,2482.0701
2017-12-18,2481.8799
2017-12-19,2478.5300
2017-12-21,2429.8301
2017-12-22,2440.5400
2017-12-26,2427.3401
2017-12-27,2436.6699
2017-12-28,2467.4900
2018-01-02,2479.6499
2018-01-03,2486.3501
2018-01-04,2466.4600
2018-01-05,2497.5200
2018-01-08,2513.2800
2018-01-09,2510.2300
2018-01-10,2499.7500
2018-01-11,2487.9099
2018-01-12,2496.4199
2018-01-15,2503.7300
2018-01-16,2521.7400
2018-01-17,2515.4299
2018-01-18,2515.8101
2018-01-19,2520.2600
2018-01-22,2502.1101
2018-01-23,2536.6001
2018-01-24,2538.0000
2018-01-25,2562.2300
2018-01-26,2574.7600
2018-01-29,2598.1899
2018-01-30,2567.7400
2018-01-31,2566.4600
2018-02-01,2568.5400
2018-02-02,2525.3899
2018-02-05,2491.7500
2018-02-06,2453.3101
2018-02-07,2396.5601
2018-02-08,2407.6201
2018-02-09,2363.7700
2018-02-12,2385.3799
2018-02-13,2395.1899
2018-02-14,2421.8301
2018-02-19,2442.8201
2018-02-20,2415.1201
2018-02-21,2429.6499
2018-02-22,2414.2800
2018-02-23,2451.5200
2018-02-26,2457.6499
2018-02-27,2456.1399
2018-02-28,2427.3601
2018-03-02,2402.1599
2018-03-05,2375.0601
2018-03-06,2411.4099
2018-03-07,2401.8201
2018-03-08,2433.0801
2018-03-09,2459.4500
2018-03-12,2484.1201
2018-03-13,2494.4900
2018-03-14,2486.0801
2018-03-15,2492.3799
2018-03-16,2493.9700
2018-03-19,2475.0300
2018-03-20,2485.5200
2018-03-21,2484.9700
2018-03-22,2496.0200
2018-03-23,2416.7600
2018-03-26,2437.0801
2018-03-27,2452.0601
2018-03-28,2419.2900
2018-03-29,2436.3701
2018-03-30,2445.8501
2018-04-02,2444.1599
2018-04-03,2442.4299
2018-04-04,2408.0601
2018-04-05,2437.5200
2018-04-06,2429.5801
2018-04-09,2444.0801
2018-04-10,2450.7400
2018-04-11,2444.2200
2018-04-12,2442.7100
2018-04-13,2455.0701
2018-04-16,2457.4900
2018-04-17,2453.7700
2018-04-18,2479.9800
2018-04-19,2486.1001
2018-04-20,2476.3301
2018-04-23,2474.1101
2018-04-24,2464.1399
2018-04-25,2448.8101
2018-04-26,2475.6399
2018-04-27,2492.3999
2018-04-30,2515.3799
2018-05-02,2505.6101
2018-05-03,2487.2500
2018-05-04,2461.3799
2018-05-08,2449.8101
2018-05-09,2443.9800
2018-05-10,2464.1599
2018-05-11,2477.7100
2018-05-14,2476.1101
2018-05-15,2458.5400
2018-05-16,2459.8201
2018-05-17,2448.4500
2018-05-18,2460.6499
2018-05-21,2465.5701
2018-05-23,2471.9099
2018-05-24,2466.0100
2018-05-25,2460.8000
2018-05-28,2478.9600
2018-05-29,2457.2500
2018-05-30,2409.0300
2018-05-31,2423.0100
2018-06-01,2438.9600
2018-06-04,2447.7600
2018-06-05,2453.7600
2018-06-07,2470.5801
2018-06-08,2451.5801
2018-06-11,2470.1499
2018-06-12,2468.8301
2018-06-14,2423.4800
2018-06-15,2404.0400
2018-06-18,2376.2400
2018-06-19,2340.1101
2018-06-20,2363.9099
2018-06-21,2337.8301
2018-06-22,2357.2200
2018-06-25,2357.8799
2018-06-26,2350.9199
2018-06-27,2342.0300
2018-06-28,2314.2400
2018-06-29,2326.1299
2018-07-02,2271.5400
2018-07-03,2272.7600
2018-07-04,2265.4600
2018-07-05,2257.5500
2018-07-06,2272.8701
2018-07-09,2285.8000
2018-07-10,2294.1599
2018-07-11,2280.6201
2018-07-12,2285.0601
2018-07-13,2310.8999
2018-07-16,2301.9900
2018-07-17,2297.9199
2018-07-18,2290.1101
2018-07-19,2282.2900
2018-07-20,2289.1899
2018-07-23,2269.3101
2018-07-24,2280.2000
2018-07-25,2273.0300
2018-07-26,2289.0601
2018-07-27,2294.9900
2018-07-30,2293.5100
2018-07-31,2295.2600
2018-08-01,2307.0701
2018-08-02,2270.2000
2018-08-03,2287.6799
2018-08-06,2286.5000
2018-08-07,2300.1599
2018-08-08,2301.4500
2018-08-09,2303.7100
2018-08-10,2282.7900
2018-08-13,2248.4500
2018-08-14,2258.9099
2018-08-16,2240.8000
2018-08-17,2247.0500
2018-08-20,2247.8799
2018-08-21,2270.0601
2018-08-22,2273.3301
2018-08-23,2282.6001
2018-08-24,2293.2100
2018-08-27,2299.3000
2018-08-28,2303.1201
2018-08-29,2309.0300
2018-08-30,2307.3501
2018-08-31,2322.8799
2018-09-03,2307.0300
2018-09-04,2315.7200
2018-09-05,2291.7700
2018-09-06,2287.6101
2018-09-07,2281.5801
2018-09-10,2288.6599
2018-09-11,2283.2000
2018-09-12,2282.9199
2018-09-13,2286.2300
2018-09-14,2318.2500
2018-09-17,2303.0100
2018-09-18,2308.9800
2018-09-19,2308.4600
2018-09-20,2323.4500
2018-09-21,2339.1699
2018-09-27,2355.4299
2018-09-28,2343.0701
2018-10-01,2338.8799
2018-10-02,2309.5701
2018-10-04,2274.4900
2018-10-05,2267.5200
2018-10-08,2253.8301
2018-10-10,2228.6101
2018-10-11,2129.6699
2018-10-12,2161.8501
2018-10-15,2145.1201
2018-10-16,2145.1201
2018-10-17,2167.5100
2018-10-18,2148.3101
2018-10-19,2156.2600
2018-10-22,2161.7100
2018-10-23,2106.1001
2018-10-24,2097.5801
2018-10-25,2063.3000
2018-10-26,2027.1500
2018-10-29,1996.0500
2018-10-30,2014.6899
2018-10-31,2029.6899
2018-11-01,2024.4600
2018-11-02,2096.0000
2018-11-05,2076.9199
2018-11-06,2089.6201
2018-11-07,2078.6899
2018-11-08,2092.6299
2018-11-09,2086.0901
2018-11-12,2080.4399
2018-11-13,2071.2300
2018-11-14,2068.0500
2018-11-15,2088.0601
2018-11-16,2092.3999
2018-11-19,2100.5601
2018-11-20,2082.5801
2018-11-21,2076.5500
2018-11-22,2069.9500
2018-11-23,2057.4800
2018-11-26,2083.0200
2018-11-27,2099.4199
2018-11-28,2108.2200
2018-11-29,2114.1001
2018-11-30,2096.8601
2018-12-03,2131.9299
2018-12-04,2114.3501
2018-12-05,2101.3101
2018-12-06,2068.6899
2018-12-07,2075.7600
2018-12-10,2053.7900
2018-12-11,2052.9700
2018-12-12,2082.5701
2018-12-13,2095.5500
2018-12-14,2069.3799
2018-12-17,2071.0901
2018-12-18,2062.1101
2018-12-19,2078.8401
2018-12-20,2060.1201
2018-12-21,2061.4900
2018-12-24,2055.0100
2018-12-26,2028.0100
2018-12-27,2028.4399
2018-12-28,2041.0400
2019-01-02,2010.0000
2019-01-03,1993.7000
2019-01-04,2010.2500
2019-01-07,2037.1000
2019-01-08,2025.2700
2019-01-09,2064.7100
2019-01-10,2063.2800
2019-01-11,2075.5701
2019-01-14,2064.5200
2019-01-15,2097.1799
2019-01-16,2106.1001
2019-01-17,2107.0601
2019-01-18,2124.2800
2019-01-21,2124.6101
2019-01-22,2117.7700
2019-01-23,2127.7800
2019-01-24,2145.0300
2019-01-25,2177.7300
2019-01-28,2177.3000
2019-01-29,2183.3601
2019-01-30,2206.2000
2019-01-31,2204.8501
2019-02-01,2203.4600
2019-02-07,2203.4199
2019-02-08,2177.0500
2019-02-11,2180.7300
2019-02-12,2190.4700
2019-02-13,2201.4800
2019-02-14,2225.8501
2019-02-15,2196.0901
2019-02-18,2210.8899
2019-02-19,2205.6299
2019-02-20,2229.7600
2019-02-21,2228.6599
2019-02-22,2230.5000
2019-02-25,2232.5601
2019-02-26,2226.6001
2019-02-27,2234.7900
2019-02-28,2195.4399
2019-03-04,2190.6599
2019-03-05,2179.2300
2019-03-06,2175.6001
2019-03-07,2165.7900
2019-03-08,2137.4399
2019-03-11,2138.1001
2019-03-12,2157.1799
2019-03-13,2148.4099
2019-03-14,2155.6799
2019-03-15,2176.1101
2019-03-18,2179.4900
2019-03-19,2177.6201
2019-03-20,2177.1001
2019-03-21,2184.8799
2019-03-22,2186.9500
2019-03-25,2144.8601
2019-03-26,2148.8000
2019-03-27,2145.6201
2019-03-28,2128.1001
2019-03-29,2140.6699
2019-04-01,2168.2800
2019-04-02,2177.1799
2019-04-03,2203.2700
2019-04-04,2206.5300
2019-04-05,2209.6101
2019-04-08,2210.6001
2019-04-09,2213.5601
2019-04-10,2224.3899
2019-04-11,2224.4399
2019-04-12,2233.4500
2019-04-15,2242.8799
2019-04-16,2248.6299
2019-04-17,2245.8899
2019-04-18,2213.7700
2019-04-19,2216.1499
2019-04-22,2216.6499
2019-04-23,2220.5100
2019-04-24,2201.0300
2019-04-25,2190.5000
2019-04-26,2179.3101
2019-04-29,2216.4299
2019-04-30,2203.5901
2019-05-02,2212.7500
2019-05-03,2196.3201
2019-05-07,2176.9900
2019-05-08,2168.0100
2019-05-09,2102.0100
2019-05-10,2108.0400
2019-05-13,2079.0100
2019-05-14,2081.8401
2019-05-15,2092.7800
2019-05-16,2067.6899
2019-05-17,2055.8000
2019-05-20,2055.7100
2019-05-21,2061.2500
2019-05-22,2064.8601
2019-05-23,2059.5901
2019-05-24,2045.3101
2019-05-27,2044.2100
2019-05-28,2048.8301
2019-05-29,2023.3199
2019-05-30,2038.8000
2019-05-31,2041.7400
2019-06-03,2067.8501
2019-06-04,2066.9700
2019-06-05,2069.1101
2019-06-07,2072.3301
2019-06-10,2099.4900
2019-06-11,2111.8101
2019-06-12,2108.7500
2019-06-13,2103.1499
2019-06-14,2095.4099
2019-06-17,2090.7300
2019-06-18,2098.7100
2019-06-19,2124.7800
2019-06-20,2131.2900
2019-06-21,2125.6201
2019-06-24,2126.3301
2019-06-25,2121.6399
2019-06-26,2121.8501
2019-06-27,2134.3201
2019-06-28,2130.6201
2019-07-01,2129.7400
2019-07-02,2122.0200
2019-07-03,2096.0200
2019-07-04,2108.7300
2019-07-05,2110.5901
2019-07-08,2064.1699
2019-07-09,2052.0300
2019-07-10,2058.7800
2019-07-11,2080.5801
2019-07-12,2086.6599
2019-07-15,2082.4800
2019-07-16,2091.8701
2019-07-17,2072.9199
2019-07-18,2066.5500
2019-07-19,2094.3601
2019-07-22,2093.3401
2019-07-23,2101.4500
2019-07-24,2082.3000
2019-07-25,2074.4800
2019-07-26,2066.2600
2019-07-29,2029.4800
2019-07-30,2038.6801
2019-07-31,2024.5500
2019-08-01,2017.3400
2019-08-02,1998.1300
2019-08-05,1946.9800
2019-08-06,1917.5000
2019-08-07,1909.7100
2019-08-08,1920.6100
2019-08-09,1937.7500
2019-08-12,1942.2900
2019-08-13,1925.8300
2019-08-14,1938.3700
2019-08-16,1927.1700
2019-08-19,1939.9000
2019-08-20,1960.2500
2019-08-21,1964.6500
2019-08-22,1951.0100
2019-08-23,1948.3000
2019-08-26,1916.3101
2019-08-27,1924.6000
2019-08-28,1941.0900
2019-08-29,1933.4100
2019-08-30,1967.7900
2019-09-02,1969.1899
2019-09-03,1965.6899
2019-09-04,1988.5300
2019-09-05,2004.7500
2019-09-06,2009.1300
2019-09-09,2019.5500
2019-09-10,2032.0800
2019-09-11,2049.2000
2019-09-16,2062.2200
2019-09-17,2062.3301
2019-09-18,2070.7300
2019-09-19,2080.3501
2019-09-20,2091.5200
2019-09-23,2091.7000
2019-09-24,2101.0400
2019-09-25,2073.3899
2019-09-26,2074.5200
2019-09-27,2049.9299
2019-09-30,2063.0500
2019-10-01,2072.4199
2019-10-02,2031.9100
2019-10-04,2020.6899
2019-10-07,2021.7300
2019-10-08,2046.2500
2019-10-10,2028.1500
2019-10-11,2044.6100
2019-10-14,2067.3999
2019-10-15,2068.1699
2019-10-16,2082.8301
2019-10-17,2077.9399
2019-10-18,2060.6899
2019-10-21,2064.8401
2019-10-22,2088.8601
2019-10-23,2080.6201
2019-10-24,2085.6599
2019-10-25,2087.8899
2019-10-28,2093.6001
2019-10-29,2092.6899
2019-10-30,2080.2700
2019-10-31,2083.4800
2019-11-01,2100.2000
2019-11-04,2130.2400
2019-11-05,2142.6399
2019-11-06,2144.1499
2019-11-07,2144.2900
2019-11-08,2137.2300
2019-11-11,2124.0901
2019-11-12,2140.9199
2019-11-13,2122.4500
2019-11-14,2139.2300
2019-11-15,2162.1799
2019-11-18,2160.6899
2019-11-19,2153.2400
2019-11-20,2125.3201
2019-11-21,2096.6001
2019-11-22,2101.9600
2019-11-25,2123.5000
2019-11-26,2121.3501
2019-11-27,2127.8501
2019-11-28,2118.6001
2019-11-29,2087.9600
2019-12-02,2091.9199
2019-12-03,2084.0701
2019-12-04,2068.8899
2019-12-05,2060.7400
2019-12-06,2081.8501
2019-12-09,2088.6499
2019-12-10,2098.0000
2019-12-11,2105.6201
2019-12-12,2137.3501
2019-12-13,2170.2500
2019-12-16,2168.1499
2019-12-17,2195.6799
2019-12-18,2194.7600
2019-12-19,2196.5601
2019-12-20,2204.1799
2019-12-23,2203.7100
2019-12-24,2190.0801
2019-12-26,2197.9299
2019-12-27,2204.2100
2019-12-30,2197.6699
2020-01-02,2175.1699
2020-01-03,2176.4600
2020-01-06,2155.0701
2020-01-07,2175.5400
2020-01-08,2151.3101
2020-01-09,2186.4500
2020-01-10,2206.3899
2020-01-13,2229.2600
2020-01-14,2238.8799
2020-01-15,2230.9800
2020-01-16,2248.0500
2020-01-17,2250.5701
2020-01-20,2262.6399
2020-01-21,2239.6899
2020-01-22,2267.2500
2020-01-23,2246.1299
2020-01-28,2176.7200
2020-01-29,2185.2800
2020-01-30,2148.0000
2020-01-31,2119.0100
2020-02-03,2118.8799
2020-02-04,2157.8999
2020-02-05,2165.6299
2020-02-06,2227.9399
2020-02-07,2211.9500
2020-02-10,2201.0701
2020-02-11,2223.1201
2020-02-12,2238.3799
2020-02-13,2232.9600
2020-02-14,2243.5901
2020-02-17,2242.1699
2020-02-18,2208.8799
2020-02-19,2210.3401
2020-02-20,2195.5000
2020-02-21,2162.8401
2020-02-24,2079.0400
2020-02-25,2103.6101
2020-02-26,2076.7700
2020-02-27,2054.8899
2020-02-28,1987.0100
2020-03-02,2002.5100
2020-03-03,2014.1500
2020-03-04,2059.3301
2020-03-05,2085.2600
2020-03-06,2040.2200
2020-03-09,1954.7700
2020-03-10,1962.9301
2020-03-11,1908.2700
2020-03-12,1834.3300
2020-03-13,1771.4399
2020-03-16,1714.8600
2020-03-17,1672.4399
2020-03-18,1591.2000
2020-03-19,1457.6400
2020-03-20,1566.1500
2020-03-23,1482.4600
2020-03-24,1609.9700
2020-03-25,1704.7600
2020-03-26,1686.2400
2020-03-27,1717.7300
2020-03-30,1717.1200
2020-03-31,1754.6400
2020-04-01,1685.4600
2020-04-02,1724.8600
2020-04-03,1725.4399
2020-04-06,1791.8800
2020-04-07,1823.6000
2020-04-08,1807.1400
2020-04-09,1836.2100
2020-04-10,1860.7000
2020-04-13,1825.7600
2020-04-14,1857.0800
2020-04-16,1857.0699
2020-04-17,1914.5300
2020-04-20,1898.3600
2020-04-21,1879.3800
2020-04-22,1896.1500
2020-04-23,1914.7300
2020-04-24,1889.0100
2020-04-27,1922.7700
2020-04-28,1934.0900
2020-04-29,1947.5601
2020-05-04,1895.3700
2020-05-06,1928.7600
2020-05-07,1928.6100
2020-05-08,1945.8199
2020-05-11,1935.4000
2020-05-12,1922.1700
2020-05-13,1940.4200
2020-05-14,1924.9600
2020-05-15,1927.2800
2020-05-18,1937.1100
2020-05-19,1980.6100
2020-05-20,1989.6400
2020-05-21,1998.3101
2020-05-22,1970.1300
2020-05-25,1994.6000
2020-05-26,2029.7800
2020-05-27,2031.2000
2020-05-28,2028.5400
2020-05-29,2029.6000
2020-06-01,2065.0801
2020-06-02,2087.1899
2020-06-03,2147.0000
2020-06-04,2151.1799
2020-06-05,2181.8701
2020-06-08,2184.2900
2020-06-09,2188.9199
2020-06-10,2195.6899
2020-06-11,2176.7800
2020-06-12,2132.3000
2020-06-15,2030.8199
2020-06-16,2138.0500
2020-06-17,2141.0500
2020-06-18,2133.4800
2020-06-19,2141.3201
2020-06-22,2126.7300
2020-06-23,2131.2400
2020-06-24,2161.5100
2020-06-25,2112.3701
2020-06-26,2134.6499
2020-06-29,2093.4800
2020-06-30,2108.3301
2020-07-01,2106.7000
2020-07-02,2135.3701
2020-07-03,2152.4099
2020-07-06,2187.9299
2020-07-07,2164.1699
2020-07-08,2158.8799
2020-07-09,2167.8999
2020-07-10,2150.2500
2020-07-13,2186.0601
2020-07-14,2183.6101
2020-07-15,2201.8799
2020-07-16,2183.7600
2020-07-17,2201.1899
2020-07-20,2198.2000
2020-07-21,2228.8301
2020-07-22,2228.6599
2020-07-23,2216.1899
2020-07-24,2200.4399
2020-07-27,2217.8601
2020-07-28,2256.9900
2020-07-29,2263.1599
2020-07-30,2267.0100
2020-07-31,2249.3701
2020-08-03,2251.0400
2020-08-04,2279.9700
2020-08-05,2311.8601
2020-08-06,2342.6101
2020-08-07,2351.6699
2020-08-10,2386.3799
2020-08-11,2418.6699
2020-08-12,2432.3501
2020-08-13,2437.5300
2020-08-14,2407.4900
2020-08-18,2348.2400
2020-08-19,2360.5400
2020-08-20,2274.2200
2020-08-21,2304.5901
2020-08-24,2329.8301
2020-08-25,2366.7300
2020-08-26,2369.3201
2020-08-27,2344.4500
2020-08-28,2353.8000
2020-08-31,2326.1699
2020-09-01,2349.5500
2020-09-02,2364.3701
2020-09-03,2395.8999
2020-09-04,2368.2500
2020-09-07,2384.2200
2020-09-08,2401.9099
2020-09-09,2375.8101
2020-09-10,2396.4800
2020-09-11,2396.6899
2020-09-14,2427.9099
2020-09-15,2443.5801
2020-09-16,2435.9199
2020-09-17,2406.1699
2020-09-18,2412.3999
2020-09-21,2389.3899
2020-09-22,2332.5901
2020-09-23,2333.2400
2020-09-24,2272.7000
2020-09-25,2278.7900
2020-09-28,2308.0801
2020-09-29,2327.8899
2020-10-05,2358.0000
2020-10-06,2365.8999
2020-10-07,2386.9399
2020-10-08,2391.9600
2020-10-12,2403.7300
2020-10-13,2403.1499
2020-10-14,2380.4800
2020-10-15,2361.2100
2020-10-16,2341.5300
2020-10-19,2346.7400
2020-10-20,2358.4099
2020-10-21,2370.8601
2020-10-22,2355.0500
2020-10-23,2360.8101
2020-10-26,2343.9099
2020-10-27,2330.8401
2020-10-28,2345.2600
2020-10-29,2326.6699
2020-10-30,2267.1499
2020-11-02,2300.1599
2020-11-03,2343.3101
2020-11-04,2357.3201
2020-11-05,2413.7900
2020-11-06,2416.5000
2020-11-09,2447.2000
2020-11-10,2452.8301
2020-11-11,2485.8701
2020-11-12,2475.6201
2020-11-13,2493.8701
2020-11-16,2543.0300
2020-11-17,2539.1499
2020-11-18,2545.6399
2020-11-19,2547.4199
2020-11-20,2553.5000
2020-11-23,2602.5901
2020-11-24,2617.7600
2020-11-25,2601.5400
2020-11-26,2625.9099
2020-11-27,2633.4500
2020-11-30,2591.3401
2020-12-01,2634.2500
2020-12-02,2675.8999
2020-12-03,2696.2200
2020-12-04,2731.4500
2020-12-07,2745.4399
2020-12-08,2700.9299
2020-12-09,2755.4700
2020-12-10,2746.4600
2020-12-11,2770.0601
2020-12-14,2762.2000
2020-12-15,2756.8201
2020-12-16,2771.7900
2020-12-17,2770.4299
2020-12-18,2772.1799
2020-12-21,2778.6499
2020-12-22,2733.6799
2020-12-23,2759.8201
2020-12-24,2806.8601
2020-12-28,2808.6001
2020-12-29,2820.5100
2020-12-30,2873.4700
2021-01-04,2944.4500
2021-01-05,2990.5701
2021-01-06,2968.2100
2021-01-07,3031.6799
2021-01-08,3152.1799
2021-01-11,3148.4500
2021-01-12,3125.9500
2021-01-13,3148.2900
2021-01-14,3149.9299
2021-01-15,3085.8999
2021-01-18,3013.9299
2021-01-19,3092.6599
2021-01-20,3114.5500
2021-01-21,3160.8401
2021-01-22,3140.6299
2021-01-25,3208.9900
2021-01-26,3140.3101
2021-01-27,3122.5601
2021-01-28,3069.0500
2021-01-29,2976.2100
2021-02-01,3056.5300
2021-02-02,3096.8101
2021-02-03,3129.6799
2021-02-04,3087.5500
2021-02-05,3120.6299
2021-02-08,3091.2400
2021-02-09,3084.6699
2021-02-10,3100.5801
2021-02-15,3147.0000
2021-02-16,3163.2500
2021-02-17,3133.7300
2021-02-18,3086.6599
2021-02-19,3107.6201
2021-02-22,3079.7500
2021-02-23,3070.0901
2021-02-24,2994.9800
2021-02-25,3099.6899
2021-02-26,3012.9500
2021-03-02,3043.8701
2021-03-03,3082.9900
2021-03-04,3043.4900
2021-03-05,3026.2600
2021-03-08,2996.1101
2021-03-09,2976.1201
2021-03-10,2958.1201
2021-03-11,3013.7000
2021-03-12,3054.3899
2021-03-15,3045.7100
2021-03-16,3067.1699
2021-03-17,3047.5000
2021-03-18,3066.0100
2021-03-19,3039.5300
2021-03-22,3035.4600
2021-03-23,3004.7400
2021-03-24,2996.3501
2021-03-25,3008.3301
2021-03-26,3041.0100
2021-03-29,3036.0400
2021-03-30,3070.0000
2021-03-31,3061.4199
2021-04-01,3087.3999
2021-04-02,3112.8000
2021-04-05,3120.8301
2021-04-06,3127.0801
2021-04-07,3137.4099
2021-04-08,3143.2600
2021-04-09,3131.8799
2021-04-12,3135.5901
2021-04-13,3169.0801
2021-04-14,3182.3799
2021-04-15,3194.3301
2021-04-16,3198.6201
2021-04-19,3198.8401
2021-04-20,3220.7000
2021-04-21,3171.6599
2021-04-22,3177.5200
2021-04-23,3181.0801
2021-04-26,3217.5300
2021-04-27,3215.4199
2021-04-28,3181.4700
2021-04-29,3174.0701
2021-04-30,3147.8601
2021-05-03,3127.2000
2021-05-04,3147.3701
2021-05-06,3160.4299
2021-05-07,3197.2000
2021-05-10,3249.3000
2021-05-11,3209.4299
2021-05-12,3161.6599
2021-05-13,3122.1101
2021-05-14,3153.3201
2021-05-17,3134.5200
2021-05-18,3173.0500
2021-05-20,3162.2800
2021-05-21,3156.4199
2021-05-24,3144.3000
2021-05-25,3171.3201
2021-05-26,3168.4299
2021-05-27,3165.5100
2021-05-28,3188.7300
2021-05-31,3203.9199
2021-06-01,3221.8701
2021-06-02,3224.2300
2021-06-03,3247.4299
2021-06-04,3240.0801
2021-06-07,3252.1201
2021-06-08,3247.8301
2021-06-09,3216.1799
2021-06-10,3224.6399
2021-06-11,3249.3201
2021-06-14,3252.1299
2021-06-15,3258.6299
2021-06-16,3278.6799
2021-06-17,3264.9600
2021-06-18,3267.9299
2021-06-21,3240.7900
2021-06-22,3263.8799
2021-06-23,3276.1899
2021-06-24,3286.1001
2021-06-25,3302.8401
2021-06-28,3301.8899
2021-06-29,3286.6799
2021-06-30,3296.6799
2021-07-01,3282.0601
2021-07-02,3281.7800
2021-07-05,3293.2100
2021-07-06,3305.2100
2021-07-07,3285.3401
2021-07-08,3252.6799
2021-07-09,3217.9500
2021-07-12,3246.4700
2021-07-13,3271.3799
2021-07-14,3264.8101
2021-07-15,3286.2200
2021-07-16,3276.9099
2021-07-19,3244.0400
2021-07-20,3232.7000
2021-07-21,3215.9099
2021-07-22,3250.2100
2021-07-23,3254.4199
2021-07-26,3224.9500
2021-07-27,3232.5300
2021-07-28,3236.8601
2021-07-29,3242.6499
2021-07-30,3202.3201
2021-08-02,3223.0400
2021-08-03,3237.1399
2021-08-04,3280.3799
2021-08-05,3276.1299
2021-08-06,3270.3601
2021-08-09,3260.4199
2021-08-10,3243.1899
2021-08-11,3220.6201
2021-08-12,3208.3799
2021-08-13,3171.2900
2021-08-17,3143.0901
2021-08-18,3158.9299
2021-08-19,3097.8301
2021-08-20,3060.5100
2021-08-23,3090.2100
2021-08-24,3138.3000
2021-08-25,3146.8101
2021-08-26,3128.5300
2021-08-27,3133.8999
2021-08-30,3144.1899
2021-08-31,3199.2700
2021-09-01,3207.0200
2021-09-02,3175.8501
2021-09-03,3201.0601
2021-09-06,3203.3301
2021-09-07,3187.4199
2021-09-08,3162.9900
2021-09-09,3114.7000
2021-09-10,3125.7600
2021-09-13,3127.8601
2021-09-14,3148.8301
2021-09-15,3153.3999
2021-09-16,3130.0901
2021-09-17,3140.5100
2021-09-23,3127.5801
2021-09-24,3125.2400
2021-09-27,3133.6399
2021-09-28,3097.9199
2021-09-29,3060.2700
2021-09-30,3068.8201
2021-10-01,3019.1799
2021-10-05,2962.1699
2021-10-06,2908.3101
2021-10-07,2959.4600
2021-10-08,2956.3000
2021-10-12,2916.3799
2021-10-13,2944.4099
2021-10-14,2988.6399
2021-10-15,3015.0601
2021-10-18,3006.6799
2021-10-19,3029.0400
2021-10-20,3013.1299
2021-10-21,3007.3301
2021-10-22,3006.1599
2021-10-25,3020.5400
2021-10-26,3049.0801
2021-10-27,3025.4900
2021-10-28,3009.5500
2021-10-29,2970.6799
2021-11-01,2978.9399
2021-11-02,3013.4900
2021-11-03,2975.7100
2021-11-04,2983.2200
2021-11-05,2969.2700
2021-11-08,2960.2000
2021-11-09,2962.4600
2021-11-10,2930.1699
2021-11-11,2924.9199
2021-11-12,2968.8000
2021-11-15,2999.5200
2021-11-16,2997.2100
2021-11-17,2962.4199
2021-11-18,2947.3799
2021-11-19,2971.0200
2021-11-22,3013.2500
2021-11-23,2997.3301
2021-11-24,2994.2900
2021-11-25,2980.2700
2021-11-26,2936.4399
2021-11-29,2909.3201
2021-11-30,2839.0100
2021-12-01,2899.7200
2021-12-02,2945.2700
2021-12-03,2968.3301
2021-12-06,2973.2500
2021-12-07,2991.7200
2021-12-08,3001.8000
2021-12-09,3029.5701
2021-12-10,3010.2300
2021-12-13,3001.6599
2021-12-14,2987.9500
2021-12-15,2989.3899
2021-12-16,3006.4099
2021-12-17,3017.7300
2021-12-20,2963.0000
2021-12-21,2975.0300
2021-12-22,2984.4800
2021-12-23,2998.1699
2021-12-24,3012.4299
2021-12-27,2999.5500
2021-12-28,3020.2400
2021-12-29,2993.2900
2021-12-30,2977.6499
2022-01-04,2989.2400
2022-01-05,2953.9700
2022-01-06,2920.5300
2022-01-07,2954.8899
2022-01-10,2926.7200
2022-01-11,2927.3799
2022-01-12,2972.4800
2022-01-13,2962.0901
2022-01-14,2921.9199
2022-01-17,2890.1001
2022-01-18,2864.2400
2022-01-19,2842.2800
2022-01-20,2862.6799
2022-01-21,2834.2900
2022-01-24,2792.0000
2022-01-25,2720.3899
2022-01-26,2709.2400
2022-01-27,2614.4900
2022-01-28,2663.3401
2022-02-03,2707.8201
2022-02-04,2750.2600
2022-02-07,2745.0601
2022-02-08,2746.4700
2022-02-09,2768.8501
2022-02-10,2771.9299
2022-02-11,2747.7100
2022-02-14,2704.4800
2022-02-15,2676.5400
2022-02-16,2729.6799
2022-02-17,2744.0901
2022-02-18,2744.5200
2022-02-21,2743.8000
2022-02-22,2706.7900
2022-02-23,2719.5300
2022-02-24,2648.8000
2022-02-25,2676.7600
2022-02-28,2699.1799
2022-03-02,2703.5200
2022-03-03,2747.0801
2022-03-04,2713.4299
2022-03-07,2651.3101
2022-03-08,2622.3999
2022-03-10,2680.3201
2022-03-11,2661.2800
2022-03-14,2645.6499
2022-03-15,2621.5300
2022-03-16,2659.2300
2022-03-17,2694.5100
2022-03-18,2707.0200
2022-03-21,2686.0500
2022-03-22,2710.0000
2022-03-23,2735.0500
2022-03-24,2729.6599
2022-03-25,2729.9800
2022-03-28,2729.5601
2022-03-29,2741.0701
2022-03-30,2746.7400
2022-03-31,2757.6499
2022-04-01,2739.8501
2022-04-04,2757.8999
2022-04-05,2759.2000
2022-04-06,2735.0300
2022-04-07,2695.8601
2022-04-08,2700.3899
2022-04-11,2693.1001
2022-04-12,2666.7600
2022-04-13,2716.4900
2022-04-14,2716.7100
2022-04-15,2696.0601
2022-04-18,2693.2100
2022-04-19,2718.8899
2022-04-20,2718.6899
2022-04-21,2728.2100
2022-04-22,2704.7100
2022-04-25,2657.1299
2022-04-26,2668.3101
2022-04-27,2639.0601
2022-04-28,2667.4900
2022-04-29,2695.0500
2022-05-02,2687.4500
2022-05-03,2680.4600
2022-05-04,2677.5701
2022-05-06,2644.5100
2022-05-10,2596.5601
2022-05-11,2592.2700
2022-05-12,2550.0801
2022-05-13,2604.2400
2022-05-16,2596.5801
2022-05-17,2620.4399
2022-05-18,2625.9800
2022-05-19,2592.3401
2022-05-20,2639.2900
2022-05-23,2647.3799
2022-05-24,2605.8701
2022-05-25,2617.2200
2022-05-26,2612.4500
2022-05-27,2638.0500
2022-05-30,2669.6599
2022-05-31,2685.8999
2022-06-02,2658.9900
2022-06-03,2670.6499
2022-06-07,2626.3401
2022-06-08,2626.1499
2022-06-09,2625.4399
2022-06-10,2595.8701
2022-06-13,2504.5100
2022-06-14,2492.9700
2022-06-15,2447.3799
2022-06-16,2451.4099
2022-06-17,2440.9299
2022-06-20,2391.0300
2022-06-21,2408.9299
2022-06-22,2342.8101
2022-06-23,2314.3201
2022-06-24,2366.6001
2022-06-27,2401.9199
2022-06-28,2422.0901
2022-06-29,2377.9900
2022-06-30,2332.6399
2022-07-01,2305.4199
2022-07-04,2300.3401
2022-07-05,2341.7800
2022-07-06,2292.0100
2022-07-07,2334.2700
2022-07-08,2350.6101
2022-07-11,2340.2700
2022-07-12,2317.7600
2022-07-13,2328.6101
2022-07-14,2322.3201
2022-07-15,2330.9800
2022-07-18,2375.2500
2022-07-19,2370.9700
2022-07-20,2386.8501
2022-07-21,2409.1599
2022-07-22,2393.1399
2022-07-25,2403.6899
2022-07-26,2412.9600
2022-07-27,2415.5300
2022-07-28,2435.2700
2022-07-29,2451.5000
2022-08-01,2452.2500
2022-08-02,2439.6201
2022-08-03,2461.4500
2022-08-04,2473.1101
2022-08-05,2490.8000
2022-08-08,2493.1001
2022-08-09,2503.4600
2022-08-10,2480.8799
2022-08-11,2523.7800
2022-08-12,2527.9399
2022-08-16,2533.5200
2022-08-17,2516.4700
2022-08-18,2508.0500
2022-08-19,2492.6899
2022-08-22,2462.5000
2022-08-23,2435.3401
2022-08-24,2447.4500
2022-08-25,2477.2600
2022-08-26,2481.0300
2022-08-29,2426.8899
2022-08-30,2450.9299
2022-08-31,2472.0500
2022-09-01,2415.6101
2022-09-02,2409.4099
2022-09-05,2403.6799
2022-09-06,2410.0200
2022-09-07,2376.4600
2022-09-08,2384.2800
2022-09-13,2449.5400
2022-09-14,2411.4199
2022-09-15,2401.8301
2022-09-16,2382.7800
2022-09-19,2355.6599
2022-09-20,2367.8501
2022-09-21,2347.2100
2022-09-22,2332.3101
2022-09-23,2290.0000
2022-09-26,2220.9399
2022-09-27,2223.8601
2022-09-28,2169.2900
2022-09-29,2170.9299
2022-09-30,2155.4900
2022-10-04,2209.3799
2022-10-05,2215.2200
2022-10-06,2237.8601
2022-10-07,2232.8401
2022-10-11,2192.0701
2022-10-12,2202.4700
2022-10-13,2162.8701
2022-10-14,2212.5500
2022-10-17,2219.7100
2022-10-18,2249.9500
2022-10-19,2237.4399
2022-10-20,2218.0901
2022-10-21,2213.1201
2022-10-24,2236.1599
2022-10-25,2235.0701
2022-10-26,2249.5601
2022-10-27,2288.7800
2022-10-28,2268.3999
2022-10-31,2293.6101
2022-11-01,2335.2200
2022-11-02,2336.8701
2022-11-03,2329.1699
2022-11-04,2348.4299
2022-11-07,2371.7900
2022-11-08,2399.0400
2022-11-09,2424.4099
2022-11-10,2402.2300
2022-11-11,2483.1599
2022-11-14,2474.6499
2022-11-15,2480.3301
2022-11-16,2477.4500
2022-11-17,2442.8999
2022-11-18,2444.4800
2022-11-21,2419.5000
2022-11-22,2405.2700
2022-11-23,2418.0100
2022-11-24,2441.3301
2022-11-25,2437.8601
2022-11-28,2408.2700
2022-11-29,2433.3899
2022-11-30,2472.5300
2022-12-01,2479.8401
2022-12-02,2434.3301
2022-12-05,2419.3201
2022-12-06,2393.1599
2022-12-07,2382.8101
2022-12-08,2371.0801
2022-12-09,2389.0400
2022-12-12,2373.0200
2022-12-13,2372.3999
2022-12-14,2399.2500
2022-12-15,2360.9700
2022-12-16,2360.0200
2022-12-19,2352.1699
2022-12-20,2333.2900
2022-12-21,2328.9500
2022-12-22,2356.7300
2022-12-23,2313.6899
2022-12-26,2317.1399
2022-12-27,2332.7900
2022-12-28,2280.4500
2022-12-29,2236.3999
2023-01-02,2225.6699
2023-01-03,2218.6799
2023-01-04,2255.9800
2023-01-05,2264.6499
2023-01-06,2289.9700
2023-01-09,2350.1899
2023-01-10,2351.3101
2023-01-11,2359.5300
2023-01-12,2365.1001
2023-01-13,2386.0901
2023-01-16,2399.8601
2023-01-17,2379.3899
2023-01-18,2368.3201
2023-01-19,2380.3401
2023-01-20,2395.2600
2023-01-25,2428.5701
2023-01-26,2468.6499
2023-01-27,2484.0200
2023-01-30,2450.4700
2023-01-31,2425.0801
2023-02-01,2449.8000
2023-02-02,2468.8799
2023-02-03,2480.3999
2023-02-06,2438.1899
2023-02-07,2451.7100
2023-02-08,2483.6399
2023-02-09,2481.5200
2023-02-10,2469.7300
2023-02-13,2452.7000
2023-02-14,2465.6399
2023-02-15,2427.8999
2023-02-16,2475.4800
2023-02-17,2451.2100
2023-02-20,2455.1201
2023-02-21,2458.9600
2023-02-22,2417.6799
2023-02-23,2439.0901
2023-02-24,2423.6101
2023-02-27,2402.6399
2023-02-28,2412.8501
2023-03-02,2427.8501
2023-03-03,2432.0701
2023-03-06,2462.6201
2023-03-07,2463.3501
2023-03-08,2431.9099
2023-03-09,2419.0901
2023-03-10,2394.5901
2023-03-13,2410.6001
2023-03-14,2348.9700
2023-03-15,2379.7200
2023-03-16,2377.9099
2023-03-17,2395.6899
2023-03-20,2379.2000
2023-03-21,2388.3501
2023-03-22,2416.9600
2023-03-23,2424.4800
2023-03-24,2414.9600
2023-03-27,2409.2200
2023-03-28,2434.9399
2023-03-29,2443.9199
2023-03-30,2453.1599
2023-03-31,2476.8601
2023-04-03,2472.3401
2023-04-04,2480.5100
2023-04-05,2495.2100
2023-04-06,2459.2300
2023-04-07,2490.4099
2023-04-10,2512.0801
2023-04-11,2547.8601
2023-04-12,2550.6399
2023-04-13,2561.6599
2023-04-14,2571.4900
2023-04-17,2575.9099
2023-04-18,2571.0901
2023-04-19,2575.0801
2023-04-20,2563.1101
2023-04-21,2544.3999
2023-04-24,2523.5000
2023-04-25,2489.0200
2023-04-26,2484.8301
2023-04-27,2495.8101
2023-04-28,2501.5300
2023-05-02,2524.3899
2023-05-03,2501.3999
2023-05-04,2500.9399
2023-05-08,2513.2100
2023-05-09,2510.0601
2023-05-10,2496.5100
2023-05-11,2491.0000
2023-05-12,2475.4199
2023-05-15,2479.3501
2023-05-16,2480.2400
2023-05-17,2494.6599
2023-05-18,2515.3999
2023-05-19,2537.7900
2023-05-22,2557.0801
2023-05-23,2567.5500
2023-05-24,2567.4500
2023-05-25,2554.6899
2023-05-26,2558.8101
2023-05-30,2585.5200
2023-05-31,2577.1201
2023-06-01,2569.1699
2023-06-02,2601.3601
2023-06-05,2615.4099
2023-06-07,2615.6001
2023-06-08,2610.8501
2023-06-09,2641.1599
2023-06-12,2629.3501
2023-06-13,2637.9500
2023-06-14,2619.0801
2023-06-15,2608.5400
2023-06-16,2625.7900
2023-06-19,2609.5000
2023-06-20,2604.9099
2023-06-21,2582.6299
2023-06-22,2593.7000
2023-06-23,2570.1001
2023-06-26,2582.2000
2023-06-27,2581.3899
2023-06-28,2564.1899
2023-06-29,2550.0200
2023-06-30,2564.2800
2023-07-03,2602.4700
2023-07-04,2593.3101
2023-07-05,2579.0000
2023-07-06,2556.2900
2023-07-07,2526.7100
2023-07-10,2520.7000
2023-07-11,2562.4900
2023-07-12,2574.7200
2023-07-13,2591.2300
2023-07-14,2628.3000
2023-07-17,2619.0000
2023-07-18,2607.6201
2023-07-19,2608.2400
2023-07-20,2600.2300
2023-07-21,2609.7600
2023-07-24,2628.5300
2023-07-25,2636.4600
2023-07-26,2592.3601
2023-07-27,2603.8101
2023-07-28,2608.3201
2023-07-31,2632.5801
2023-08-01,2667.0701
2023-08-02,2616.4700
2023-08-03,2605.3899
2023-08-04,2602.8000
2023-08-07,2580.7100
2023-08-08,2573.9800
2023-08-09,2605.1201
2023-08-10,2601.5601
2023-08-11,2591.2600
2023-08-14,2570.8701
2023-08-16,2525.6399
2023-08-17,2519.8501
2023-08-18,2504.5000
2023-08-21,2508.8000
2023-08-22,2515.7400
2023-08-23,2505.5000
2023-08-24,2537.6799
2023-08-25,2519.1399
2023-08-28,2543.4099
2023-08-29,2552.1599
2023-08-30,2561.2200
2023-08-31,2556.2700
2023-09-01,2563.7100
2023-09-04,2584.5500
2023-09-05,2582.1799
2023-09-06,2563.3401
2023-09-07,2548.2600
2023-09-08,2547.6799
2023-09-11,2556.8799
2023-09-12,2536.5801
2023-09-13,2534.7000
2023-09-14,2572.8899
2023-09-15,2601.2800
2023-09-18,2574.7200
2023-09-19,2559.2100
2023-09-20,2559.7400
2023-09-21,2514.9700
2023-09-22,2508.1299
2023-09-25,2495.7600
2023-09-26,2462.9700
2023-09-27,2465.0701
2023-10-04,2405.6899
2023-10-05,2403.6001
2023-10-06,2408.7300
2023-10-10,2402.5801
2023-10-11,2450.0801
2023-10-12,2479.8201
2023-10-13,2456.1499
2023-10-16,2436.2400
2023-10-17,2460.1699
2023-10-18,2462.6001
2023-10-19,2415.8000
2023-10-20,2375.0000
2023-10-23,2357.0200
2023-10-24,2383.5100
2023-10-25,2363.1699
2023-10-26,2299.0801
2023-10-27,2302.8101
2023-10-30,2310.5500
2023-10-31,2277.9900
2023-11-01,2301.5601
2023-11-02,2343.1201
2023-11-03,2368.3401
2023-11-06,2502.3701
2023-11-07,2443.9600
2023-11-08,2421.6201
2023-11-09,2427.0801
2023-11-10,2409.6599
2023-11-13,2403.7600
2023-11-14,2433.2500
2023-11-15,2486.6699
2023-11-16,2488.1799
2023-11-17,2469.8501
2023-11-20,2491.2000
2023-11-21,2510.4199
2023-11-22,2511.7000
2023-11-23,2514.9600
2023-11-24,2496.6299
2023-11-27,2495.6599
2023-11-28,2521.7600
2023-11-29,2519.8101
2023-11-30,2535.2900
2023-12-01,2505.0100
2023-12-04,2514.9500
2023-12-05,2494.2800
2023-12-06,2495.3799
2023-12-07,2492.0701
2023-12-08,2517.8501
2023-12-11,2525.3601
2023-12-12,2535.2700
2023-12-13,2510.6599
2023-12-14,2544.1799
2023-12-15,2563.5601
2023-12-18,2566.8601
2023-12-19,2568.5500
2023-12-20,2614.3000
2023-12-21,2600.0200
2023-12-22,2599.5100
2023-12-26,2602.5901
2023-12-27,2613.5000
2023-12-28,2655.2800
2024-01-02,2669.8101
2024-01-03,2607.3101
2024-01-04,2587.0200
2024-01-05,2578.0801
2024-01-08,2567.8201
2024-01-09,2561.2400
2024-01-10,2541.9800
2024-01-11,2540.2700
2024-01-12,2525.0500
2024-01-15,2525.9900
2024-01-16,2497.5901
2024-01-17,2435.8999
2024-01-18,2440.0400
2024-01-19,2472.7400
2024-01-22,2464.3501
2024-01-23,2478.6101
2024-01-24,2469.6899
2024-01-25,2470.3401
2024-01-26,2478.5601
2024-01-29,2500.6499
2024-01-30,2498.8101
2024-01-31,2497.0901
2024-02-01,2542.4600
2024-02-02,2615.3101
2024-02-05,2591.3101
2024-02-06,2576.2000
2024-02-07,2609.5801
2024-02-08,2620.3201
2024-02-13,2649.6399
2024-02-14,2620.4199
2024-02-15,2613.8000
2024-02-16,2648.7600
2024-02-19,2680.2600
2024-02-20,2657.7900
2024-02-21,2653.3101
2024-02-22,2664.2700
2024-02-23,2667.7000
2024-02-26,2647.0801
2024-02-27,2625.0500
2024-02-28,2652.2900
2024-02-29,2642.3601
2024-03-04,2674.2700
2024-03-05,2649.3999
2024-03-06,2641.4900
2024-03-07,2647.6201
2024-03-08,2680.3501
2024-03-11,2659.8401
2024-03-12,2681.8101
2024-03-13,2693.5701
2024-03-14,2718.7600
2024-03-15,2666.8401
2024-03-18,2685.8401
2024-03-19,2656.1699
2024-03-20,2690.1399
2024-03-21,2754.8601
2024-03-22,2748.5601
2024-03-25,2737.5701
2024-03-26,2757.0901
2024-03-27,2755.1101
2024-03-28,2745.8201
2024-03-29,2746.6299
2024-04-01,2747.8601
2024-04-02,2753.1599
2024-04-03,2706.9700
2024-04-04,2742.0000
2024-04-05,2714.2100
2024-04-08,2717.6499
2024-04-09,2705.1599
2024-04-11,2706.9600
2024-04-12,2681.8201
2024-04-15,2670.4299
2024-04-16,2609.6299
2024-04-17,2584.1799
2024-04-18,2634.7000
2024-04-19,2591.8601
2024-04-22,2629.4399
2024-04-23,2623.0200
2024-04-24,2675.7500
2024-04-25,2628.6201
2024-04-26,2656.3301
2024-04-29,2687.4399
2024-04-30,2692.0601
2024-05-02,2683.6499
2024-05-03,2676.6299
2024-05-07,2734.3601
2024-05-08,2745.0500
2024-05-09,2712.1399
2024-05-10,2727.6299
2024-05-13,2727.2100
2024-05-14,2730.3401
2024-05-16,2753.0000
2024-05-17,2724.6201
2024-05-20,2742.1399
2024-05-21,2724.1799
2024-05-22,2723.4600
2024-05-23,2721.8101
2024-05-24,2687.6001
2024-05-27,2722.9900
2024-05-28,2722.8501
2024-05-29,2677.3000
2024-05-30,2635.4399
2024-05-31,2636.5200
2024-06-03,2682.5200
2024-06-04,2662.1001
2024-06-05,2689.5000
2024-06-07,2722.6699
2024-06-10,2701.1699
2024-06-11,2705.3201
2024-06-12,2728.1699
2024-06-13,2754.8899
2024-06-14,2758.4199
2024-06-17,2744.1001
2024-06-18,2763.9199
2024-06-19,2797.3301
2024-06-20,2807.6299
2024-06-21,2784.2600
2024-06-24,2764.7300
2024-06-25,2774.3899
2024-06-26,2792.0500
2024-06-27,2784.0601
2024-06-28,2797.8201
2024-07-01,2804.3101
2024-07-02,2780.8601
2024-07-03,2794.0100
2024-07-04,2824.9399
2024-07-05,2862.2300
2024-07-08,2857.7600
2024-07-09,2867.3799
2024-07-10,2867.9900
2024-07-11,2891.3501
2024-07-12,2857.0000
2024-07-15,2860.9199
2024-07-16,2866.0901
2024-07-17,2843.2900
2024-07-18,2824.3501
2024-07-19,2795.4600
2024-07-22,2763.5100
2024-07-23,2774.2900
2024-07-24,2758.7100
2024-07-25,2710.6499
2024-07-26,2731.8999
2024-07-29,2765.5300
2024-07-30,2738.1899
2024-07-31,2770.6899
2024-08-01,2777.6799
2024-08-02,2676.1899
2024-08-05,2441.5500
2024-08-06,2522.1499
2024-08-07,2568.4099
2024-08-08,2556.7300
2024-08-09,2588.4299
2024-08-12,2618.3000
2024-08-13,2621.5000
2024-08-14,2644.5000
2024-08-16,2697.2300
2024-08-19,2674.3601
2024-08-20,2696.6299
2024-08-21,2701.1299
2024-08-22,2707.6699
2024-08-23,2701.6899
2024-08-26,2698.0100
2024-08-27,2689.2500
2024-08-28,2689.8301
2024-08-29,2662.2800
2024-08-30,2674.3101
2024-09-02,2681.0000
2024-09-03,2664.6299
2024-09-04,2580.8000
2024-09-05,2575.5000
2024-09-06,2544.2800
2024-09-09,2535.9299
2024-09-10,2523.4299
2024-09-11,2513.3701
2024-09-12,2572.0901
2024-09-13,2575.4099
2024-09-19,2580.8000
2024-09-20,2593.3701
2024-09-23,2602.0100
2024-09-24,2631.6799
2024-09-25,2596.3201
2024-09-26,2671.5701
2024-09-27,2649.7800
2024-09-30,2593.2700
2024-10-02,2561.6899
2024-10-04,2569.7100
2024-10-07,2610.3799
2024-10-08,2594.3601
2024-10-10,2599.1599
2024-10-11,2596.9099
2024-10-14,2623.2900
2024-10-15,2633.4500
2024-10-16,2610.3601
2024-10-17,2609.3000
2024-10-18,2593.8201
2024-10-21,2604.9199
2024-10-22,2570.7000
2024-10-23,2599.6201
2024-10-24,2581.0300
2024-10-25,2583.2700
2024-10-28,2612.4299
2024-10-29,2617.8000
2024-10-30,2593.7900
2024-10-31,2556.1499
2024-11-01,2542.3601
2024-11-04,2588.9700
2024-11-05,2576.8799
2024-11-06,2563.5100
2024-11-07,2564.6299
2024-11-08,2561.1499
2024-11-11,2531.6599
2024-11-12,2482.5701
2024-11-13,2417.0801
2024-11-14,2418.8601
2024-11-15,2416.8601
2024-11-18,2469.0701
2024-11-19,2471.9500
2024-11-20,2482.2900
2024-11-21,2480.6299
2024-11-22,2501.2400
2024-11-25,2534.3401
2024-11-26,2520.3601
2024-11-27,2503.0601
2024-11-28,2504.6699
2024-11-29,2455.9099
2024-12-02,2454.4800
2024-12-03,2500.1001
2024-12-04,2464.0000
2024-12-05,2441.8501
2024-12-06,2428.1599
2024-12-09,2360.5801
2024-12-10,2417.8401
2024-12-11,2442.5100
2024-12-12,2482.1201
2024-12-13,2494.4600
2024-12-16,2488.9700
2024-12-17,2456.8101
2024-12-18,2484.4299
2024-12-19,2435.9299
2024-12-20,2404.1499
2024-12-23,2442.0100
2024-12-24,2440.5200
2024-12-26,2429.6699
2024-12-27,2404.7700
2024-12-30,2399.4900
2025-01-02,2398.9399
2025-01-03,2441.9199
2025-01-06,2488.6399
2025-01-07,2492.1001
2025-01-08,2521.0500
2025-01-09,2521.8999
2025-01-10,2515.7800
2025-01-13,2489.5601
2025-01-14,2497.3999
2025-01-15,2496.8101
2025-01-16,2527.4900
2025-01-17,2523.5500
2025-01-20,2520.0500
2025-01-21,2518.0300
2025-01-22,2547.0601
2025-01-23,2515.4900
2025-01-24,2536.8000
2025-01-31,2517.3701
2025-02-03,2453.9500
2025-02-04,2481.6899
2025-02-05,2509.2700
2025-02-06,2536.7500
2025-02-07,2521.9199
2025-02-10,2521.2700
2025-02-11,2539.0500
2025-02-12,2548.3899
2025-02-13,2583.1699
2025-02-14,2591.0500
2025-02-17,2610.4199
2025-02-18,2626.8101
2025-02-19,2671.5200
2025-02-20,2654.0601
2025-02-21,2654.5801
2025-02-24,2645.2700
2025-02-25,2630.2900
2025-02-26,2641.0901
2025-02-27,2621.7500
2025-02-28,2532.7800
2025-03-04,2528.9199
2025-03-05,2558.1299
2025-03-06,2576.1599
2025-03-07,2563.4800
2025-03-10,2570.3899
2025-03-11,2537.6001
2025-03-12,2574.8201
2025-03-13,2573.6399
2025-03-14,2566.3601
2025-03-17,2610.6899
2025-03-18,2612.3401
2025-03-19,2628.6201
2025-03-20,2637.1001
2025-03-21,2643.1299
2025-03-24,2632.0701
2025-03-25,2615.8101
2025-03-26,2643.9399
2025-03-27,2607.1499
2025-03-28,2557.9800
2025-03-31,2481.1201
2025-04-01,2521.3899
2025-04-02,2505.8601
2025-04-03,2486.7000
2025-04-04,2465.4199
2025-04-07,2328.2000
2025-04-08,2334.2300
2025-04-09,2293.7000
2025-04-10,2445.0601
2025-04-11,2432.7200
2025-04-14,2455.8899
2025-04-15,2477.4099
2025-04-16,2447.4299
2025-04-17,2470.4099
2025-04-18,2483.4199
2025-04-21,2488.4199
2025-04-22,2486.6399
2025-04-23,2525.5601
2025-04-24,2522.3301
2025-04-25,2546.3000
2025-04-28,2548.8601
2025-04-29,2565.4199
2025-04-30,2556.6101
2025-05-02,2559.7900
2025-05-07,2573.8000
2025-05-08,2579.4800
2025-05-09,2577.2700
2025-05-12,2607.3301
2025-05-13,2608.4199
2025-05-14,2640.5701
2025-05-15,2621.3601
2025-05-16,2626.8701
2025-05-19,2603.4199
2025-05-20,2601.8000
2025-05-21,2625.5801
2025-05-22,2593.6699
2025-05-23,2592.0901
2025-05-26,2644.3999
2025-05-27,2637.2200
2025-05-28,2670.1499
2025-05-29,2720.6399
2025-05-30,2697.6699
2025-06-02,2698.9700
2025-06-04,2770.8401
2025-06-05,2812.0500
2025-06-09,2855.7700
2025-06-10,2871.8501
2025-06-11,2907.0400
2025-06-12,2920.0300
2025-06-13,2894.6201
2025-06-16,2946.6599
2025-06-17,2950.3000
2025-06-18,2972.1899
2025-06-19,2977.7400
2025-06-20,3021.8401
2025-06-23,3014.4700
2025-06-24,3103.6399
2025-06-25,3108.2500
2025-06-26,3079.5601
2025-06-27,3055.9399
2025-06-30,3071.7000
2025-07-01,3089.6499
2025-07-02,3075.0601
2025-07-03,3116.2700
2025-07-04,3054.2800
2025-07-07,3059.4700
2025-07-08,3114.9500
2025-07-09,3133.7400
2025-07-10,3183.2300
2025-07-11,3175.7700
2025-07-14,3202.0300
2025-07-15,3215.2800
2025-07-16,3186.3799
2025-07-17,3192.2900
2025-07-18,3188.0701
2025-07-21,3210.8101
2025-07-22,3169.9399
2025-07-23,3183.7700
2025-07-24,3190.4500
2025-07-25,3196.0500
2025-07-28,3209.5200
2025-07-29,3230.5701
2025-07-30,3254.4700
2025-07-31,3245.4399
2025-08-01,3119.4099
2025-08-04,3147.7500
2025-08-05,3198.0000
2025-08-06,3198.1399
2025-08-07,3227.6799
2025-08-08,3210.0100
2025-08-11,3206.7700
2025-08-12,3189.9099
2025-08-13,3224.3701
2025-08-14,3225.6599
2025-08-18,3177.2800
2025-08-19,3151.5601
2025-08-20,3130.0901
2025-08-21,3141.7400
2025-08-22,3168.7300
2025-08-25,3209.8601
2025-08-26,3179.3601
2025-08-27,3187.1599
2025-08-28,3196.3201
2025-08-29,3186.0100
2025-09-01,3142.9299
2025-09-02,3172.3501
2025-09-03,3184.4199
2025-09-04,3200.8301
2025-09-05,3205.1201
2025-09-08,3219.5901
2025-09-09,3260.0500
2025-09-10,3314.5300
2025-09-11,3344.2000
2025-09-12,3395.5400
2025-09-15,3407.3101
2025-09-16,3449.6201
2025-09-17,3413.3999
2025-09-18,3461.3000
2025-09-19,3445.2400
2025-09-22,3468.6499
2025-09-23,3486.1899
2025-09-24,3472.1399
2025-09-25,3471.1101
2025-09-26,3386.0500
2025-09-29,3431.2100
2025-09-30,3424.6001
2025-10-01,3455.8301
2025-10-02,3549.2100
2025-10-10,3610.6001
2025-10-13,3584.5500
2025-10-14,3561.8101
2025-10-15,3657.2800
2025-10-16,3748.3701
2025-10-17,3748.8899
2025-10-20,3814.6899
2025-10-21,3823.8401
2025-10-22,3883.6799
2025-10-23,3845.5601
2025-10-24,3941.5901
2025-10-27,4042.8301
2025-10-28,4010.4099
2025-10-29,4081.1499
2025-10-30,4086.8899
2025-10-31,4107.5000
2025-11-03,4221.8701
2025-11-04,4121.7402
2025-11-05,4004.4199
2025-11-06,4026.4500
2025-11-07,3953.7600
2025-11-10,4073.2400
2025-11-11,4106.3901
2025-11-12,4150.3901
2025-11-13,4170.6299
2025-11-14,4011.5701
2025-11-17,4089.2500
2025-11-18,3953.6201
2025-11-19,3929.5100
2025-11-20,4004.8501
2025-11-21,3853.2600
2025-11-24,3846.0601
2025-11-25,3857.7800
2025-11-26,3960.8701
2025-11-27,3986.9099
2025-11-28,3926.5901
2025-12-01,3920.3701
2025-12-02,3994.9299
2025-12-03,4036.3000
2025-12-04,4028.5100
2025-12-05,4100.0498
2025-12-08,4154.8501
2025-12-09,4143.5498
2025-12-10,4135.0000
2025-12-11,4110.6201
2025-12-12,4167.1602
2025-12-15,4090.5901
2025-12-16,3999.1299
2025-12-17,4056.4099
2025-12-18,3994.5100
2025-12-19,4020.5500
2025-12-22,4105.9302
2025-12-23,4117.3198
2025-12-24,4108.6201
2025-12-26,4129.6802
2025-12-29,4220.5601
2025-12-30,4214.1699
2026-01-02,4309.6299
2026-01-05,4457.5200
2026-01-06,4525.4800
2026-01-07,4551.0601
2026-01-08,4552.3701
2026-01-09,4586.3198
2026-01-12,4624.7900
2026-01-13,4692.6401
2026-01-14,4723.1001
2026-01-15,4797.5498
2026-01-16,4840.7402
2026-01-19,4904.6602
2026-01-20,4885.7500
2026-01-21,4909.9302
2026-01-22,4952.5298
2026-01-23,4990.0698
2026-01-26,4949.5898
2026-01-27,5084.8501
2026-01-28,5170.8101
2026-01-29,5221.2500
2026-01-30,5224.3599
2026-02-02,4949.6699
2026-02-03,5288.0801
2026-02-04,5371.1001
2026-02-05,5163.5698
2026-02-06,5089.1401
2026-02-09,5298.0400
2026-02-10,5301.6899
2026-02-11,5354.4902
2026-02-12,5522.2700
2026-02-13,5507.0098
2026-02-19,5677.2500
2026-02-20,5808.5298
2026-02-23,5846.0898
2026-02-24,5969.6401
2026-02-25,6083.8599
2026-02-26,6307.2700
2026-02-27,6244.1299
2026-03-03,5791.9102
2026-03-04,5093.5400
2026-03-05,5583.8999
2026-03-06,5584.8701
2026-03-09,5251.8701
2026-03-10,5532.5898
2026-03-11,5609.9502
2026-03-12,5583.2500
2026-03-13,5487.2402
2026-03-16,5549.8501
2026-03-17,5640.4800
2026-03-18,5925.0298
2026-03-19,5763.2202
2026-03-20,5781.2002
2026-03-23,5405.7500
2026-03-24,5553.9199
2026-03-25,5642.2100
2026-03-26,5460.4600
2026-03-27,5438.8701
2026-03-30,5277.2998
2026-03-31,5052.4600
2026-04-01,5478.7002
2026-04-02,5234.0498
2026-04-03,5377.2998
2026-04-06,5450.3301
2026-04-07,5494.7798
2026-04-08,5872.3398
2026-04-09,5778.0098
2026-04-10,5858.8701
2026-04-13,5808.6201
2026-04-14,5967.7500
2026-04-15,6091.3901
2026-04-16,6226.0498
2026-04-17,6191.9199
2026-04-20,6219.0898
2026-04-21,6388.4702
2026-04-22,6417.9302
2026-04-23,6475.8101
2026-04-24,6475.6299
2026-04-27,6615.0298
2026-04-28,6641.0200
2026-04-29,6690.8999
2026-04-30,6598.8701
2026-05-04,6936.9902
2026-05-06,7384.5601
2026-05-07,7490.0498
2026-05-08,7498.0000
2026-05-11,7822.2402
2026-05-12,7643.1499
2026-05-13,7844.0098
2026-05-14,7981.4102
2026-05-15,7493.1802
2026-05-18,7516.0400
2026-05-19,7271.6602
2026-05-20,7208.9502
2026-05-21,7815.5898
2026-05-22,7847.7100
2026-05-26,8047.5098
2026-05-27,8228.7002
2026-05-28,8185.2900
2026-05-29,8476.1504
2026-06-01,8788.3799
2026-06-02,8801.4902
2026-06-04,8639.4102
2026-06-05,8160.5898
2026-06-08,7484.4102
2026-06-09,8096.9302
2026-06-10,7730.8198
2026-06-11,7763.9502
2026-06-12,8123.6201
2026-06-15,8545.9805
2026-06-16,8726.5996
2026-06-17,8864.2402
2026-06-18,9063.8398
2026-06-19,9052.4199
2026-06-22,9114.5498
2026-06-23,8203.8398
2026-06-24,8471.0195
2026-06-25,8930.2998
2026-06-26,8411.2100
2026-06-29,8394.6504
2026-06-30,8476.4805
2026-07-01,8303.4102
2026-07-02,7648.0898
2026-07-03,8088.3398
2026-07-06,8051.3301
2026-07-07,7656.3101
2026-07-08,7246.7900
2026-07-09,7291.9102
2026-07-10,7475.9399
2026-07-13,6806.9302
2026-07-14,6856.8301
2026-07-15,7284.4102
2026-07-16,6820.6001
2026-07-20,6516.2700
2026-07-21,6747.9502
2026-07-22,6797.7002
2026-07-23,7096.8901
2026-07-24,6690.6201
2026-07-27,6755.7500
2026-07-28,6023.6602
2026-07-29,5663.2402
2026-07-30,5593.5601
2026-07-31,6595.4502
2026-08-03,6257.4502
2026-08-04,6358.9502
2026-08-05,6598.2598
2026-08-07,6298.5801
