date,close
2000-08-23,-0.1249
2000-08-24,-0.1361
2000-08-25,-0.1270
2000-08-28,-0.1081
2000-08-29,-0.0878
2000-08-30,-0.0809
2000-08-31,-0.0821
2000-09-01,-0.1125
2000-09-05,-0.0823
2000-09-06,-0.0227
2000-09-07,-0.0245
2000-09-08,-0.0331
2000-09-11,0.0143
2000-09-12,-0.0013
2000-09-13,-0.0074
2000-09-14,-0.0024
2000-09-15,0.0466
2000-09-18,0.0663
2000-09-19,0.0614
2000-09-20,0.0869
2000-09-21,0.0092
2000-09-22,-0.0539
2000-09-25,-0.0562
2000-09-26,-0.0825
2000-09-27,-0.0813
2000-09-28,-0.0937
2000-09-29,-0.0914
2000-10-02,-0.0563
2000-10-03,-0.0418
2000-10-04,-0.0479
2000-10-05,-0.0501
2000-10-06,-0.0491
2000-10-09,-0.0361
2000-10-10,-0.0320
2000-10-11,-0.0317
2000-10-12,0.0116
2000-10-13,0.0204
2000-10-16,0.0094
2000-10-17,-0.0130
2000-10-18,0.0285
2000-10-19,0.0105
2000-10-20,0.0322
2000-10-23,0.0274
2000-10-24,0.0243
2000-10-25,0.0514
2000-10-26,0.0609
2000-10-27,0.0245
2000-10-30,0.0246
2000-10-31,0.0120
2000-11-01,-0.0094
2000-11-02,-0.0167
2000-11-03,-0.0239
2000-11-06,0.0026
2000-11-07,0.0063
2000-11-08,0.0207
2000-11-09,0.0037
2000-11-10,0.0148
2000-11-13,0.0134
2000-11-14,0.0296
2000-11-15,0.0376
2000-11-16,0.0407
2000-11-17,0.0600
2000-11-20,0.0524
2000-11-21,0.0653
2000-11-22,0.0587
2000-11-27,0.0443
2000-11-28,0.0124
2000-11-29,0.0130
2000-11-30,-0.0427
2000-12-01,-0.0701
2000-12-04,-0.1036
2000-12-05,-0.1197
2000-12-06,-0.1559
2000-12-07,-0.1593
2000-12-08,-0.1537
2000-12-11,-0.1333
2000-12-12,-0.1327
2000-12-13,-0.1455
2000-12-14,-0.1927
2000-12-15,-0.1954
2000-12-18,-0.1828
2000-12-19,-0.1878
2000-12-20,-0.2722
2000-12-21,-0.2839
2000-12-22,-0.3010
2000-12-26,-0.3045
2000-12-27,-0.2997
2000-12-28,-0.3032
2000-12-29,-0.3103
2001-01-02,-0.3456
2001-01-03,-0.2816
2001-01-04,-0.3202
2001-01-05,-0.3396
2001-01-08,-0.3437
2001-01-09,-0.3154
2001-01-10,-0.2695
2001-01-11,-0.2861
2001-01-12,-0.2573
2001-01-16,-0.2349
2001-01-17,-0.2366
2001-01-18,-0.2534
2001-01-19,-0.2049
2001-01-22,-0.2109
2001-01-23,-0.2379
2001-01-24,-0.2073
2001-01-25,-0.2086
2001-01-26,-0.2084
2001-01-29,-0.2060
2001-01-30,-0.2342
2001-01-31,-0.2538
2001-02-01,-0.2728
2001-02-02,-0.2286
2001-02-05,-0.2481
2001-02-06,-0.2236
2001-02-07,-0.2111
2001-02-08,-0.1874
2001-02-09,-0.2166
2001-02-12,-0.2276
2001-02-13,-0.2099
2001-02-14,-0.2118
2001-02-15,-0.1888
2001-02-16,-0.2159
2001-02-20,-0.2100
2001-02-21,-0.1996
2001-02-22,-0.1879
2001-02-23,-0.2250
2001-02-26,-0.2200
2001-02-27,-0.2437
2001-02-28,-0.2665
2001-03-01,-0.2867
2001-03-02,-0.2768
2001-03-05,-0.2554
2001-03-06,-0.2667
2001-03-07,-0.2488
2001-03-08,-0.2667
2001-03-09,-0.2723
2001-03-12,-0.2574
2001-03-13,-0.2373
2001-03-14,-0.2459
2001-03-15,-0.2245
2001-03-16,-0.2152
2001-03-19,-0.2179
2001-03-20,-0.2504
2001-03-21,-0.2070
2001-03-22,-0.1993
2001-03-23,-0.1869
2001-03-26,-0.1967
2001-03-27,-0.1721
2001-03-28,-0.1800
2001-03-29,-0.1655
2001-03-30,-0.1519
2001-04-02,-0.1573
2001-04-03,-0.1939
2001-04-04,-0.1958
2001-04-05,-0.1800
2001-04-06,-0.2100
2001-04-09,-0.1916
2001-04-10,-0.1385
2001-04-11,-0.1352
2001-04-12,-0.1441
2001-04-16,-0.1069
2001-04-17,-0.1176
2001-04-18,-0.1373
2001-04-19,-0.1523
2001-04-20,-0.1731
2001-04-23,-0.1664
2001-04-24,-0.1663
2001-04-25,-0.1582
2001-04-26,-0.1620
2001-04-27,-0.1230
2001-04-30,-0.1121
2001-05-01,-0.1243
2001-05-02,-0.1436
2001-05-03,-0.1390
2001-05-04,-0.1529
2001-05-07,-0.1492
2001-05-08,-0.1349
2001-05-09,-0.1298
2001-05-10,-0.1064
2001-05-11,-0.0707
2001-05-14,-0.0691
2001-05-15,-0.0665
2001-05-16,-0.0851
2001-05-17,-0.0849
2001-05-18,-0.0730
2001-05-21,-0.0700
2001-05-22,-0.0440
2001-05-23,-0.0328
2001-05-24,-0.0358
2001-05-25,-0.0410
2001-05-29,-0.0337
2001-05-30,-0.0357
2001-05-31,-0.0281
2001-06-01,-0.0451
2001-06-04,-0.0386
2001-06-05,-0.0560
2001-06-06,-0.0469
2001-06-07,-0.0495
2001-06-08,-0.0335
2001-06-11,-0.0100
2001-06-12,-0.0239
2001-06-13,-0.0404
2001-06-14,-0.0672
2001-06-15,-0.0658
2001-06-18,-0.0757
2001-06-19,-0.0619
2001-06-20,-0.0764
2001-06-21,-0.0837
2001-06-22,-0.0857
2001-06-25,-0.0931
2001-06-26,-0.0923
2001-06-27,-0.1025
2001-06-28,-0.0538
2001-06-29,-0.0509
2001-07-02,-0.0560
2001-07-03,-0.0484
2001-07-05,-0.0030
2001-07-06,-0.0150
2001-07-09,-0.0275
2001-07-10,-0.0547
2001-07-11,-0.0700
2001-07-12,-0.0697
2001-07-13,-0.0664
2001-07-16,-0.0810
2001-07-17,-0.0968
2001-07-18,-0.1526
2001-07-19,-0.1545
2001-07-20,-0.1443
2001-07-23,-0.1224
2001-07-24,-0.1396
2001-07-25,-0.1414
2001-07-26,-0.1357
2001-07-27,-0.1332
2001-07-30,-0.1323
2001-07-31,-0.1433
2001-08-01,-0.1490
2001-08-02,-0.1362
2001-08-03,-0.1369
2001-08-06,-0.1267
2001-08-07,-0.1147
2001-08-08,-0.1404
2001-08-09,-0.1727
2001-08-10,-0.1676
2001-08-13,-0.1837
2001-08-14,-0.1950
2001-08-15,-0.2270
2001-08-16,-0.2374
2001-08-17,-0.2615
2001-08-20,-0.2380
2001-08-21,-0.2338
2001-08-22,-0.2521
2001-08-23,-0.2551
2001-08-24,-0.2417
2001-08-27,-0.2411
2001-08-28,-0.2429
2001-08-29,-0.2500
2001-08-30,-0.2730
2001-08-31,-0.2464
2001-09-04,-0.1777
2001-09-05,-0.1807
2001-09-06,-0.1998
2001-09-07,-0.2224
2001-09-10,-0.2110
2001-09-17,-0.2814
2001-09-18,-0.2879
2001-09-19,-0.3113
2001-09-20,-0.3016
2001-09-21,-0.2865
2001-09-24,-0.3438
2001-09-25,-0.3599
2001-09-26,-0.3590
2001-09-27,-0.3466
2001-09-28,-0.3235
2001-10-01,-0.3406
2001-10-02,-0.3505
2001-10-03,-0.3570
2001-10-04,-0.3496
2001-10-05,-0.3593
2001-10-08,-0.3661
2001-10-09,-0.3396
2001-10-10,-0.3289
2001-10-11,-0.2917
2001-10-12,-0.3168
2001-10-15,-0.3271
2001-10-16,-0.3331
2001-10-17,-0.3256
2001-10-18,-0.3331
2001-10-19,-0.3095
2001-10-22,-0.2888
2001-10-23,-0.2817
2001-10-24,-0.2869
2001-10-25,-0.2978
2001-10-26,-0.2967
2001-10-29,-0.3303
2001-10-30,-0.3425
2001-10-31,-0.3566
2001-11-01,-0.3821
2001-11-02,-0.3684
2001-11-05,-0.3763
2001-11-06,-0.3742
2001-11-07,-0.3756
2001-11-08,-0.3458
2001-11-09,-0.3320
2001-11-12,-0.3387
2001-11-13,-0.3014
2001-11-14,-0.3156
2001-11-15,-0.3151
2001-11-16,-0.2918
2001-11-19,-0.2983
2001-11-20,-0.2734
2001-11-21,-0.2523
2001-11-26,-0.2528
2001-11-27,-0.2533
2001-11-28,-0.2744
2001-11-29,-0.3051
2001-11-30,-0.2953
2001-12-03,-0.2952
2001-12-04,-0.3046
2001-12-05,-0.2702
2001-12-06,-0.2900
2001-12-07,-0.2544
2001-12-10,-0.2622
2001-12-11,-0.2779
2001-12-12,-0.3029
2001-12-13,-0.2818
2001-12-14,-0.2786
2001-12-17,-0.2667
2001-12-18,-0.2757
2001-12-19,-0.2728
2001-12-20,-0.2757
2001-12-21,-0.2347
2001-12-26,-0.1802
2001-12-27,-0.2014
2001-12-28,-0.2140
2001-12-31,-0.2424
2002-01-02,-0.2352
2002-01-03,-0.2405
2002-01-04,-0.2159
2002-01-07,-0.2273
2002-01-08,-0.2185
2002-01-09,-0.2282
2002-01-10,-0.2400
2002-01-11,-0.2669
2002-01-14,-0.2766
2002-01-15,-0.2652
2002-01-16,-0.2577
2002-01-17,-0.2519
2002-01-18,-0.2657
2002-01-22,-0.2504
2002-01-23,-0.2100
2002-01-24,-0.1994
2002-01-25,-0.1620
2002-01-28,-0.1559
2002-01-29,-0.1842
2002-01-30,-0.1878
2002-01-31,-0.1650
2002-02-01,-0.1685
2002-02-04,-0.2037
2002-02-05,-0.1886
2002-02-06,-0.1946
2002-02-07,-0.2008
2002-02-08,-0.2012
2002-02-11,-0.1972
2002-02-12,-0.2017
2002-02-13,-0.1791
2002-02-14,-0.1920
2002-02-15,-0.1951
2002-02-19,-0.2070
2002-02-20,-0.2026
2002-02-21,-0.1869
2002-02-22,-0.2077
2002-02-25,-0.1985
2002-02-26,-0.1620
2002-02-27,-0.1766
2002-02-28,-0.1774
2002-03-01,-0.1521
2002-03-04,-0.1610
2002-03-05,-0.1566
2002-03-06,-0.1677
2002-03-07,-0.1673
2002-03-08,-0.1262
2002-03-11,-0.1258
2002-03-12,-0.1280
2002-03-13,-0.1290
2002-03-14,-0.1243
2002-03-15,-0.1306
2002-03-18,-0.1229
2002-03-19,-0.1206
2002-03-20,-0.1238
2002-03-21,-0.1059
2002-03-22,-0.0973
2002-03-25,-0.0975
2002-03-26,-0.0991
2002-03-27,-0.0841
2002-03-28,-0.0687
2002-04-01,-0.0779
2002-04-02,-0.0720
2002-04-03,-0.0868
2002-04-04,-0.0940
2002-04-05,-0.1132
2002-04-08,-0.0938
2002-04-09,-0.1213
2002-04-10,-0.1174
2002-04-11,-0.1380
2002-04-12,-0.1558
2002-04-15,-0.1465
2002-04-16,-0.1432
2002-04-17,-0.1422
2002-04-18,-0.1454
2002-04-19,-0.1464
2002-04-22,-0.1468
2002-04-23,-0.1400
2002-04-24,-0.1601
2002-04-25,-0.1740
2002-04-26,-0.1810
2002-04-29,-0.1749
2002-04-30,-0.1718
2002-05-01,-0.1984
2002-05-02,-0.1912
2002-05-03,-0.2209
2002-05-06,-0.2260
2002-05-07,-0.2131
2002-05-08,-0.1589
2002-05-09,-0.1712
2002-05-10,-0.1892
2002-05-13,-0.1661
2002-05-14,-0.1238
2002-05-15,-0.1666
2002-05-16,-0.1769
2002-05-17,-0.1945
2002-05-20,-0.2047
2002-05-21,-0.2261
2002-05-22,-0.2502
2002-05-23,-0.2379
2002-05-24,-0.2425
2002-05-28,-0.2691
2002-05-29,-0.2827
2002-05-30,-0.3093
2002-05-31,-0.2840
2002-06-03,-0.2998
2002-06-04,-0.3054
2002-06-05,-0.3017
2002-06-06,-0.3168
2002-06-07,-0.3098
2002-06-10,-0.3149
2002-06-11,-0.3303
2002-06-12,-0.3230
2002-06-13,-0.3113
2002-06-14,-0.3289
2002-06-17,-0.3181
2002-06-18,-0.3445
2002-06-19,-0.3717
2002-06-20,-0.3736
2002-06-21,-0.3975
2002-06-24,-0.3772
2002-06-25,-0.3948
2002-06-26,-0.4281
2002-06-27,-0.4195
2002-06-28,-0.4241
2002-07-01,-0.4163
2002-07-02,-0.4185
2002-07-03,-0.4117
2002-07-08,-0.4317
2002-07-09,-0.4550
2002-07-10,-0.4480
2002-07-11,-0.4574
2002-07-12,-0.4471
2002-07-15,-0.4786
2002-07-16,-0.4637
2002-07-17,-0.4686
2002-07-18,-0.4779
2002-07-19,-0.4892
2002-07-22,-0.5006
2002-07-23,-0.4637
2002-07-24,-0.4859
2002-07-25,-0.4985
2002-07-26,-0.4685
2002-07-29,-0.4378
2002-07-30,-0.4285
2002-07-31,-0.4318
2002-08-01,-0.4558
2002-08-02,-0.4751
2002-08-05,-0.4669
2002-08-06,-0.4102
2002-08-07,-0.4481
2002-08-08,-0.4125
2002-08-09,-0.4374
2002-08-12,-0.4486
2002-08-13,-0.4667
2002-08-14,-0.4769
2002-08-15,-0.4549
2002-08-16,-0.4337
2002-08-19,-0.4099
2002-08-20,-0.4270
2002-08-21,-0.4394
2002-08-22,-0.4099
2002-08-23,-0.4222
2002-08-26,-0.4199
2002-08-27,-0.4433
2002-08-28,-0.4498
2002-08-29,-0.4575
2002-08-30,-0.4527
2002-09-03,-0.5203
2002-09-04,-0.5042
2002-09-05,-0.5023
2002-09-06,-0.4590
2002-09-09,-0.4499
2002-09-10,-0.4466
2002-09-11,-0.4357
2002-09-12,-0.4695
2002-09-13,-0.4427
2002-09-16,-0.4433
2002-09-17,-0.4504
2002-09-18,-0.4601
2002-09-19,-0.4858
2002-09-20,-0.4690
2002-09-23,-0.4601
2002-09-24,-0.4714
2002-09-25,-0.4539
2002-09-26,-0.4588
2002-09-27,-0.4694
2002-09-30,-0.4954
2002-10-01,-0.4753
2002-10-02,-0.4776
2002-10-03,-0.4939
2002-10-04,-0.4806
2002-10-07,-0.4878
2002-10-08,-0.4769
2002-10-09,-0.5120
2002-10-10,-0.5024
2002-10-11,-0.4778
2002-10-14,-0.4715
2002-10-15,-0.4397
2002-10-16,-0.4423
2002-10-17,-0.4111
2002-10-18,-0.4080
2002-10-21,-0.4216
2002-10-22,-0.4312
2002-10-23,-0.4280
2002-10-24,-0.4406
2002-10-25,-0.4613
2002-10-28,-0.4774
2002-10-29,-0.5024
2002-10-30,-0.4995
2002-10-31,-0.5104
2002-11-01,-0.5174
2002-11-04,-0.5112
2002-11-05,-0.5241
2002-11-06,-0.5407
2002-11-07,-0.5784
2002-11-08,-0.5876
2002-11-11,-0.5838
2002-11-12,-0.5823
2002-11-13,-0.5829
2002-11-14,-0.5581
2002-11-15,-0.5558
2002-11-18,-0.5393
2002-11-19,-0.5365
2002-11-20,-0.5133
2002-11-21,-0.5156
2002-11-22,-0.4990
2002-11-25,-0.4968
2002-11-26,-0.5050
2002-11-27,-0.4721
2002-12-02,-0.4820
2002-12-03,-0.4791
2002-12-04,-0.4993
2002-12-05,-0.4992
2002-12-06,-0.5241
2002-12-09,-0.5274
2002-12-10,-0.5178
2002-12-11,-0.5292
2002-12-12,-0.5408
2002-12-13,-0.5400
2002-12-16,-0.5078
2002-12-17,-0.5228
2002-12-18,-0.5221
2002-12-19,-0.5360
2002-12-20,-0.5395
2002-12-23,-0.5140
2002-12-24,-0.5238
2002-12-26,-0.5295
2002-12-27,-0.5476
2002-12-30,-0.5787
2002-12-31,-0.5810
2003-01-02,-0.5209
2003-01-03,-0.5157
2003-01-06,-0.5377
2003-01-07,-0.5420
2003-01-08,-0.5707
2003-01-09,-0.5306
2003-01-10,-0.5513
2003-01-13,-0.5404
2003-01-14,-0.5500
2003-01-15,-0.5371
2003-01-16,-0.5444
2003-01-17,-0.5528
2003-01-21,-0.5539
2003-01-22,-0.5852
2003-01-23,-0.5995
2003-01-24,-0.6057
2003-01-27,-0.6121
2003-01-28,-0.5993
2003-01-29,-0.5848
2003-01-30,-0.5810
2003-01-31,-0.5780
2003-02-03,-0.5865
2003-02-04,-0.6004
2003-02-05,-0.5755
2003-02-06,-0.5833
2003-02-07,-0.5700
2003-02-10,-0.5560
2003-02-11,-0.5424
2003-02-12,-0.5402
2003-02-13,-0.5588
2003-02-14,-0.5329
2003-02-18,-0.5195
2003-02-19,-0.5370
2003-02-20,-0.5567
2003-02-21,-0.5549
2003-02-24,-0.5585
2003-02-25,-0.5643
2003-02-26,-0.5510
2003-02-27,-0.5556
2003-02-28,-0.5725
2003-03-03,-0.5991
2003-03-04,-0.5882
2003-03-05,-0.6140
2003-03-06,-0.6054
2003-03-07,-0.6049
2003-03-10,-0.6216
2003-03-11,-0.6244
2003-03-12,-0.6049
2003-03-13,-0.5803
2003-03-14,-0.5812
2003-03-17,-0.5570
2003-03-18,-0.5891
2003-03-19,-0.5886
2003-03-20,-0.6115
2003-03-21,-0.6061
2003-03-24,-0.6186
2003-03-25,-0.6319
2003-03-26,-0.6311
2003-03-27,-0.6088
2003-03-28,-0.6313
2003-03-31,-0.6490
2003-04-01,-0.6635
2003-04-02,-0.6460
2003-04-03,-0.6361
2003-04-04,-0.6350
2003-04-07,-0.6220
2003-04-08,-0.6424
2003-04-09,-0.6437
2003-04-10,-0.6669
2003-04-11,-0.6438
2003-04-14,-0.6378
2003-04-15,-0.6393
2003-04-16,-0.6612
2003-04-17,-0.6347
2003-04-21,-0.6210
2003-04-22,-0.6540
2003-04-23,-0.6957
2003-04-24,-0.7168
2003-04-25,-0.7234
2003-04-28,-0.7249
2003-04-29,-0.7405
2003-04-30,-0.7608
2003-05-01,-0.7695
2003-05-02,-0.7664
2003-05-05,-0.7676
2003-05-06,-0.8115
2003-05-07,-0.8119
2003-05-08,-0.8197
2003-05-09,-0.8062
2003-05-12,-0.8274
2003-05-13,-0.8096
2003-05-14,-0.8136
2003-05-15,-0.8042
2003-05-16,-0.8344
2003-05-19,-0.8469
2003-05-20,-0.8621
2003-05-21,-0.8570
2003-05-22,-0.8647
2003-05-23,-0.8733
2003-05-27,-0.8709
2003-05-28,-0.8605
2003-05-29,-0.8816
2003-05-30,-0.8607
2003-06-02,-0.8345
2003-06-03,-0.8404
2003-06-04,-0.8498
2003-06-05,-0.8647
2003-06-06,-0.8322
2003-06-09,-0.8424
2003-06-10,-0.8421
2003-06-11,-0.8483
2003-06-12,-0.8638
2003-06-13,-0.8989
2003-06-16,-0.8799
2003-06-17,-0.8655
2003-06-18,-0.8511
2003-06-19,-0.8590
2003-06-20,-0.8201
2003-06-23,-0.8507
2003-06-24,-0.8543
2003-06-25,-0.8340
2003-06-26,-0.8068
2003-06-27,-0.7937
2003-06-30,-0.7972
2003-07-01,-0.8022
2003-07-02,-0.8114
2003-07-03,-0.7873
2003-07-07,-0.7591
2003-07-08,-0.7475
2003-07-09,-0.7471
2003-07-10,-0.7527
2003-07-11,-0.7442
2003-07-14,-0.7295
2003-07-15,-0.7020
2003-07-16,-0.6907
2003-07-17,-0.6815
2003-07-18,-0.6723
2003-07-21,-0.6693
2003-07-22,-0.6872
2003-07-23,-0.7221
2003-07-24,-0.7096
2003-07-25,-0.7181
2003-07-28,-0.7045
2003-07-29,-0.6834
2003-07-30,-0.6692
2003-07-31,-0.6335
2003-08-01,-0.6217
2003-08-04,-0.6503
2003-08-05,-0.6318
2003-08-06,-0.6546
2003-08-07,-0.6615
2003-08-08,-0.6449
2003-08-11,-0.6495
2003-08-12,-0.6457
2003-08-13,-0.6374
2003-08-14,-0.6183
2003-08-15,-0.6262
2003-08-18,-0.6175
2003-08-19,-0.6319
2003-08-20,-0.6203
2003-08-21,-0.5706
2003-08-22,-0.5714
2003-08-25,-0.5674
2003-08-26,-0.5685
2003-08-27,-0.5705
2003-08-28,-0.5793
2003-08-29,-0.5930
2003-09-02,-0.5854
2003-09-03,-0.5902
2003-09-04,-0.6190
2003-09-05,-0.6649
2003-09-08,-0.6597
2003-09-09,-0.6744
2003-09-10,-0.6822
2003-09-11,-0.6806
2003-09-12,-0.7086
2003-09-15,-0.7138
2003-09-16,-0.7000
2003-09-17,-0.7407
2003-09-18,-0.7346
2003-09-19,-0.7626
2003-09-22,-0.7810
2003-09-23,-0.7784
2003-09-24,-0.7792
2003-09-25,-0.7808
2003-09-26,-0.7890
2003-09-29,-0.7984
2003-09-30,-0.8089
2003-10-01,-0.8179
2003-10-02,-0.8023
2003-10-03,-0.7543
2003-10-06,-0.7778
2003-10-07,-0.7805
2003-10-08,-0.7926
2003-10-09,-0.7633
2003-10-10,-0.7676
2003-10-13,-0.7583
2003-10-14,-0.7507
2003-10-15,-0.7320
2003-10-16,-0.7240
2003-10-17,-0.7509
2003-10-20,-0.7530
2003-10-21,-0.7583
2003-10-22,-0.7986
2003-10-23,-0.7828
2003-10-24,-0.8020
2003-10-27,-0.7914
2003-10-28,-0.7990
2003-10-29,-0.7980
2003-10-30,-0.7884
2003-10-31,-0.7716
2003-11-03,-0.7447
2003-11-04,-0.7641
2003-11-05,-0.7285
2003-11-06,-0.7151
2003-11-07,-0.7242
2003-11-10,-0.7219
2003-11-12,-0.7389
2003-11-13,-0.7638
2003-11-14,-0.7658
2003-11-17,-0.7775
2003-11-18,-0.7874
2003-11-19,-0.7710
2003-11-20,-0.7867
2003-11-21,-0.8059
2003-11-24,-0.7986
2003-11-25,-0.8060
2003-11-26,-0.8114
2003-12-01,-0.8065
2003-12-02,-0.8136
2003-12-03,-0.8091
2003-12-04,-0.8092
2003-12-05,-0.8449
2003-12-08,-0.8284
2003-12-09,-0.8280
2003-12-10,-0.8245
2003-12-11,-0.8333
2003-12-12,-0.8259
2003-12-15,-0.8210
2003-12-16,-0.8332
2003-12-17,-0.8409
2003-12-18,-0.8436
2003-12-19,-0.8477
2003-12-22,-0.8626
2003-12-23,-0.8496
2003-12-24,-0.8573
2003-12-29,-0.8631
2003-12-30,-0.8606
2003-12-31,-0.8687
2004-01-05,-0.8570
2004-01-06,-0.8811
2004-01-07,-0.8721
2004-01-08,-0.8819
2004-01-09,-0.9069
2004-01-12,-0.8912
2004-01-13,-0.9024
2004-01-14,-0.8938
2004-01-15,-0.8973
2004-01-16,-0.8424
2004-01-20,-0.8465
2004-01-21,-0.8791
2004-01-22,-0.8949
2004-01-23,-0.8661
2004-01-26,-0.8477
2004-01-27,-0.8815
2004-01-28,-0.8596
2004-01-29,-0.8558
2004-01-30,-0.8683
2004-02-02,-0.8328
2004-02-03,-0.8682
2004-02-04,-0.8778
2004-02-05,-0.8710
2004-02-06,-0.9097
2004-02-09,-0.9082
2004-02-10,-0.8937
2004-02-11,-0.9164
2004-02-12,-0.9103
2004-02-13,-0.8971
2004-02-17,-0.9018
2004-02-18,-0.8773
2004-02-19,-0.8678
2004-02-20,-0.8373
2004-02-23,-0.8645
2004-02-24,-0.8852
2004-02-25,-0.8454
2004-02-26,-0.8340
2004-02-27,-0.8410
2004-03-01,-0.8256
2004-03-02,-0.7910
2004-03-03,-0.7963
2004-03-04,-0.7858
2004-03-05,-0.8228
2004-03-08,-0.8427
2004-03-09,-0.8462
2004-03-10,-0.8311
2004-03-11,-0.8310
2004-03-12,-0.8230
2004-03-15,-0.8125
2004-03-16,-0.8263
2004-03-17,-0.8159
2004-03-18,-0.8344
2004-03-19,-0.8170
2004-03-22,-0.8458
2004-03-23,-0.8417
2004-03-24,-0.8216
2004-03-25,-0.8398
2004-03-26,-0.8253
2004-03-29,-0.8299
2004-03-30,-0.8225
2004-03-31,-0.8560
2004-04-01,-0.8788
2004-04-02,-0.8187
2004-04-05,-0.7929
2004-04-06,-0.8016
2004-04-07,-0.7975
2004-04-08,-0.7628
2004-04-12,-0.7512
2004-04-13,-0.7263
2004-04-14,-0.7184
2004-04-15,-0.7086
2004-04-16,-0.7151
2004-04-19,-0.7205
2004-04-20,-0.6968
2004-04-21,-0.7062
2004-04-22,-0.7060
2004-04-23,-0.6940
2004-04-26,-0.7002
2004-04-27,-0.7009
2004-04-28,-0.6766
2004-04-29,-0.6846
2004-04-30,-0.6902
2004-05-03,-0.6723
2004-05-04,-0.6797
2004-05-05,-0.6804
2004-05-06,-0.6660
2004-05-07,-0.6100
2004-05-10,-0.6116
2004-05-11,-0.5954
2004-05-12,-0.5913
2004-05-13,-0.5650
2004-05-14,-0.5752
2004-05-17,-0.5987
2004-05-18,-0.6023
2004-05-19,-0.5998
2004-05-20,-0.6044
2004-05-21,-0.6255
2004-05-24,-0.6042
2004-05-25,-0.6291
2004-05-26,-0.6439
2004-05-27,-0.6955
2004-05-28,-0.6752
2004-06-01,-0.6381
2004-06-02,-0.6682
2004-06-03,-0.6769
2004-06-04,-0.6903
2004-06-07,-0.6959
2004-06-08,-0.7078
2004-06-09,-0.6706
2004-06-10,-0.6720
2004-06-14,-0.6583
2004-06-15,-0.7049
2004-06-16,-0.6753
2004-06-17,-0.6748
2004-06-18,-0.6812
2004-06-21,-0.6937
2004-06-22,-0.6822
2004-06-23,-0.6905
2004-06-24,-0.7075
2004-06-25,-0.7096
2004-06-28,-0.7206
2004-06-29,-0.7170
2004-06-30,-0.7215
2004-07-01,-0.7048
2004-07-02,-0.7412
2004-07-06,-0.7180
2004-07-07,-0.7378
2004-07-08,-0.7237
2004-07-09,-0.7320
2004-07-12,-0.7416
2004-07-13,-0.7281
2004-07-14,-0.7125
2004-07-15,-0.7053
2004-07-16,-0.7331
2004-07-19,-0.7269
2004-07-20,-0.7121
2004-07-21,-0.6941
2004-07-22,-0.6890
2004-07-23,-0.6683
2004-07-26,-0.6726
2004-07-27,-0.6354
2004-07-28,-0.6231
2004-07-29,-0.6218
2004-07-30,-0.6184
2004-08-02,-0.6254
2004-08-03,-0.6290
2004-08-04,-0.6435
2004-08-05,-0.6263
2004-08-06,-0.6836
2004-08-09,-0.6680
2004-08-10,-0.6579
2004-08-11,-0.6540
2004-08-12,-0.6512
2004-08-13,-0.6595
2004-08-16,-0.6602
2004-08-17,-0.6542
2004-08-18,-0.6443
2004-08-19,-0.6336
2004-08-20,-0.6349
2004-08-23,-0.6316
2004-08-24,-0.6330
2004-08-25,-0.6601
2004-08-26,-0.6718
2004-08-27,-0.6596
2004-08-30,-0.6781
2004-08-31,-0.7045
2004-09-01,-0.6817
2004-09-02,-0.6702
2004-09-03,-0.6444
2004-09-07,-0.6685
2004-09-08,-0.6962
2004-09-09,-0.6657
2004-09-10,-0.7028
2004-09-13,-0.6879
2004-09-14,-0.6850
2004-09-15,-0.6754
2004-09-16,-0.6913
2004-09-17,-0.6587
2004-09-20,-0.6543
2004-09-21,-0.6670
2004-09-22,-0.6464
2004-09-23,-0.6422
2004-09-24,-0.6371
2004-09-27,-0.6333
2004-09-28,-0.6323
2004-09-29,-0.6290
2004-09-30,-0.6415
2004-10-01,-0.6204
2004-10-04,-0.6074
2004-10-05,-0.5964
2004-10-06,-0.5706
2004-10-07,-0.5629
2004-10-08,-0.5880
2004-10-11,-0.5814
2004-10-12,-0.5888
2004-10-13,-0.5795
2004-10-14,-0.5793
2004-10-15,-0.5837
2004-10-18,-0.6024
2004-10-19,-0.6136
2004-10-20,-0.6085
2004-10-21,-0.6218
2004-10-22,-0.6173
2004-10-25,-0.6488
2004-10-26,-0.6325
2004-10-27,-0.6525
2004-10-28,-0.6781
2004-10-29,-0.6813
2004-11-01,-0.6896
2004-11-02,-0.6918
2004-11-03,-0.6936
2004-11-04,-0.7256
2004-11-05,-0.7141
2004-11-08,-0.7160
2004-11-09,-0.7342
2004-11-10,-0.7067
2004-11-11,-0.7276
2004-11-12,-0.7514
2004-11-15,-0.7511
2004-11-16,-0.7641
2004-11-17,-0.7736
2004-11-18,-0.7756
2004-11-19,-0.7455
2004-11-22,-0.7492
2004-11-23,-0.7482
2004-11-24,-0.7535
2004-11-29,-0.7452
2004-11-30,-0.7532
2004-12-01,-0.8069
2004-12-02,-0.8255
2004-12-03,-0.8726
2004-12-06,-0.8629
2004-12-07,-0.8860
2004-12-08,-0.8743
2004-12-09,-0.8602
2004-12-10,-0.8731
2004-12-13,-0.8803
2004-12-14,-0.8662
2004-12-15,-0.8568
2004-12-16,-0.8239
2004-12-17,-0.8010
2004-12-20,-0.8222
2004-12-21,-0.8177
2004-12-22,-0.8348
2004-12-23,-0.8477
2004-12-27,-0.8930
2004-12-28,-0.8869
2004-12-29,-0.8520
2004-12-30,-0.8718
2005-01-03,-0.8764
2005-01-04,-0.8147
2005-01-05,-0.8232
2005-01-06,-0.7798
2005-01-07,-0.7691
2005-01-10,-0.7789
2005-01-11,-0.7844
2005-01-12,-0.7969
2005-01-13,-0.7710
2005-01-14,-0.7500
2005-01-18,-0.7452
2005-01-19,-0.7517
2005-01-20,-0.7572
2005-01-21,-0.7516
2005-01-24,-0.7506
2005-01-25,-0.7138
2005-01-26,-0.7416
2005-01-27,-0.7360
2005-01-28,-0.7651
2005-01-31,-0.7490
2005-02-01,-0.7669
2005-02-02,-0.7706
2005-02-03,-0.7605
2005-02-04,-0.7604
2005-02-07,-0.7636
2005-02-08,-0.7622
2005-02-09,-0.7701
2005-02-10,-0.7484
2005-02-11,-0.7444
2005-02-14,-0.7576
2005-02-15,-0.7660
2005-02-16,-0.7427
2005-02-17,-0.7552
2005-02-18,-0.7352
2005-02-22,-0.7200
2005-02-23,-0.7153
2005-02-24,-0.7060
2005-02-25,-0.7109
2005-02-28,-0.7011
2005-03-01,-0.6944
2005-03-02,-0.6676
2005-03-03,-0.6553
2005-03-04,-0.6784
2005-03-07,-0.6716
2005-03-08,-0.6734
2005-03-09,-0.6635
2005-03-10,-0.6878
2005-03-11,-0.6707
2005-03-14,-0.6527
2005-03-15,-0.6448
2005-03-16,-0.6403
2005-03-17,-0.6413
2005-03-18,-0.6254
2005-03-21,-0.6073
2005-03-22,-0.5943
2005-03-23,-0.6095
2005-03-24,-0.5942
2005-03-28,-0.5895
2005-03-29,-0.5980
2005-03-30,-0.6057
2005-03-31,-0.5991
2005-04-01,-0.5700
2005-04-04,-0.5646
2005-04-05,-0.5791
2005-04-06,-0.5850
2005-04-07,-0.6000
2005-04-08,-0.6181
2005-04-11,-0.6254
2005-04-12,-0.6540
2005-04-13,-0.6747
2005-04-14,-0.6503
2005-04-15,-0.6794
2005-04-18,-0.6969
2005-04-19,-0.6817
2005-04-20,-0.6845
2005-04-21,-0.6462
2005-04-22,-0.6400
2005-04-25,-0.6439
2005-04-26,-0.6438
2005-04-27,-0.6785
2005-04-28,-0.6782
2005-04-29,-0.7009
2005-05-02,-0.6840
2005-05-03,-0.7037
2005-05-04,-0.7073
2005-05-05,-0.7019
2005-05-06,-0.6724
2005-05-09,-0.6558
2005-05-10,-0.6661
2005-05-11,-0.6787
2005-05-12,-0.6936
2005-05-13,-0.6845
2005-05-16,-0.6844
2005-05-17,-0.6782
2005-05-18,-0.7164
2005-05-19,-0.7099
2005-05-20,-0.6968
2005-05-23,-0.6763
2005-05-24,-0.6740
2005-05-25,-0.6527
2005-05-26,-0.6394
2005-05-27,-0.6392
2005-05-31,-0.6132
2005-06-01,-0.5805
2005-06-02,-0.6041
2005-06-03,-0.5681
2005-06-06,-0.5878
2005-06-07,-0.6062
2005-06-08,-0.6101
2005-06-09,-0.5792
2005-06-10,-0.5651
2005-06-13,-0.5263
2005-06-14,-0.5226
2005-06-15,-0.5308
2005-06-16,-0.5199
2005-06-17,-0.5175
2005-06-20,-0.4844
2005-06-21,-0.5043
2005-06-22,-0.5181
2005-06-23,-0.4851
2005-06-24,-0.4926
2005-06-27,-0.4923
2005-06-28,-0.5028
2005-06-29,-0.5111
2005-06-30,-0.5265
2005-07-01,-0.4599
2005-07-05,-0.4354
2005-07-06,-0.4167
2005-07-07,-0.4315
2005-07-08,-0.4383
2005-07-11,-0.4675
2005-07-12,-0.4650
2005-07-13,-0.4494
2005-07-14,-0.4753
2005-07-15,-0.4643
2005-07-18,-0.4712
2005-07-19,-0.4682
2005-07-20,-0.4917
2005-07-21,-0.4840
2005-07-22,-0.4531
2005-07-25,-0.4466
2005-07-26,-0.4353
2005-07-27,-0.4404
2005-07-28,-0.4459
2005-07-29,-0.4268
2005-08-01,-0.4226
2005-08-02,-0.4173
2005-08-03,-0.4537
2005-08-04,-0.4490
2005-08-05,-0.4219
2005-08-08,-0.4000
2005-08-09,-0.4154
2005-08-10,-0.3961
2005-08-11,-0.4040
2005-08-12,-0.4034
2005-08-15,-0.3996
2005-08-16,-0.4045
2005-08-17,-0.4241
2005-08-18,-0.4162
2005-08-19,-0.3888
2005-08-22,-0.3970
2005-08-23,-0.3986
2005-08-24,-0.3817
2005-08-25,-0.3880
2005-08-26,-0.3979
2005-08-29,-0.3759
2005-08-30,-0.3475
2005-08-31,-0.3856
2005-09-01,-0.4031
2005-09-02,-0.4337
2005-09-06,-0.4427
2005-09-07,-0.4488
2005-09-08,-0.4453
2005-09-09,-0.4563
2005-09-12,-0.4417
2005-09-13,-0.4477
2005-09-14,-0.4189
2005-09-15,-0.4073
2005-09-16,-0.4275
2005-09-19,-0.3604
2005-09-20,-0.3728
2005-09-21,-0.3822
2005-09-22,-0.3777
2005-09-23,-0.3854
2005-09-26,-0.3604
2005-09-27,-0.3581
2005-09-28,-0.3483
2005-09-29,-0.3409
2005-09-30,-0.3411
2005-10-03,-0.3304
2005-10-04,-0.3536
2005-10-05,-0.3732
2005-10-06,-0.4234
2005-10-07,-0.4054
2005-10-11,-0.3608
2005-10-12,-0.3544
2005-10-13,-0.3603
2005-10-14,-0.3756
2005-10-17,-0.3416
2005-10-18,-0.3466
2005-10-19,-0.3665
2005-10-20,-0.3876
2005-10-21,-0.3913
2005-10-24,-0.3939
2005-10-25,-0.3788
2005-10-26,-0.3876
2005-10-27,-0.3948
2005-10-28,-0.3804
2005-10-31,-0.3897
2005-11-01,-0.3862
2005-11-02,-0.3923
2005-11-03,-0.3438
2005-11-04,-0.3391
2005-11-07,-0.3555
2005-11-08,-0.3587
2005-11-09,-0.3582
2005-11-10,-0.3678
2005-11-14,-0.3636
2005-11-15,-0.3795
2005-11-16,-0.3699
2005-11-17,-0.4045
2005-11-18,-0.4010
2005-11-21,-0.3821
2005-11-22,-0.3830
2005-11-23,-0.3793
2005-11-28,-0.4180
2005-11-29,-0.4057
2005-11-30,-0.3938
2005-12-01,-0.3698
2005-12-02,-0.3554
2005-12-05,-0.3531
2005-12-06,-0.3620
2005-12-07,-0.3586
2005-12-08,-0.3599
2005-12-09,-0.3691
2005-12-12,-0.3635
2005-12-13,-0.3632
2005-12-14,-0.3930
2005-12-15,-0.3981
2005-12-16,-0.4342
2005-12-19,-0.4407
2005-12-20,-0.4075
2005-12-21,-0.3935
2005-12-22,-0.4086
2005-12-23,-0.4097
2005-12-27,-0.4095
2005-12-28,-0.3811
2005-12-29,-0.3783
2005-12-30,-0.3647
2006-01-03,-0.3707
2006-01-04,-0.3852
2006-01-05,-0.3892
2006-01-06,-0.3788
2006-01-09,-0.3789
2006-01-10,-0.3732
2006-01-11,-0.3701
2006-01-12,-0.3649
2006-01-13,-0.3850
2006-01-17,-0.3449
2006-01-18,-0.3528
2006-01-19,-0.3304
2006-01-20,-0.3222
2006-01-23,-0.3499
2006-01-24,-0.3576
2006-01-25,-0.3575
2006-01-26,-0.3401
2006-01-27,-0.3053
2006-01-30,-0.2913
2006-01-31,-0.3090
2006-02-01,-0.3105
2006-02-02,-0.3393
2006-02-03,-0.3208
2006-02-06,-0.3134
2006-02-07,-0.3395
2006-02-08,-0.3391
2006-02-09,-0.3476
2006-02-10,-0.3475
2006-02-13,-0.3557
2006-02-14,-0.3748
2006-02-15,-0.3968
2006-02-16,-0.3874
2006-02-17,-0.3765
2006-02-21,-0.3596
2006-02-22,-0.3616
2006-02-23,-0.3705
2006-02-24,-0.3331
2006-02-27,-0.3560
2006-02-28,-0.3677
2006-03-01,-0.3527
2006-03-02,-0.3440
2006-03-03,-0.3321
2006-03-06,-0.3376
2006-03-07,-0.3282
2006-03-08,-0.3531
2006-03-09,-0.3444
2006-03-10,-0.3461
2006-03-13,-0.3266
2006-03-14,-0.3304
2006-03-15,-0.3462
2006-03-16,-0.3517
2006-03-17,-0.3631
2006-03-20,-0.3921
2006-03-21,-0.3714
2006-03-22,-0.3543
2006-03-23,-0.3036
2006-03-24,-0.3154
2006-03-27,-0.3138
2006-03-28,-0.2748
2006-03-29,-0.2660
2006-03-30,-0.2719
2006-03-31,-0.2711
2006-04-03,-0.2696
2006-04-04,-0.2958
2006-04-05,-0.2929
2006-04-06,-0.2671
2006-04-07,-0.2507
2006-04-10,-0.2302
2006-04-11,-0.2371
2006-04-12,-0.2327
2006-04-13,-0.2164
2006-04-17,-0.2284
2006-04-18,-0.2288
2006-04-19,-0.2222
2006-04-20,-0.2130
2006-04-21,-0.1771
2006-04-24,-0.2195
2006-04-25,-0.2189
2006-04-26,-0.2303
2006-04-27,-0.2598
2006-04-28,-0.2615
2006-05-01,-0.2331
2006-05-02,-0.2274
2006-05-03,-0.2540
2006-05-04,-0.2850
2006-05-05,-0.3036
2006-05-08,-0.3054
2006-05-09,-0.3018
2006-05-10,-0.2901
2006-05-11,-0.2760
2006-05-12,-0.2972
2006-05-15,-0.3228
2006-05-16,-0.3355
2006-05-17,-0.3251
2006-05-18,-0.3321
2006-05-19,-0.3379
2006-05-22,-0.3431
2006-05-23,-0.3054
2006-05-24,-0.3205
2006-05-25,-0.3033
2006-05-26,-0.2906
2006-05-30,-0.3011
2006-05-31,-0.2976
2006-06-01,-0.3094
2006-06-02,-0.3130
2006-06-05,-0.3035
2006-06-06,-0.2931
2006-06-07,-0.3074
2006-06-08,-0.2958
2006-06-09,-0.2842
2006-06-12,-0.2976
2006-06-13,-0.3112
2006-06-14,-0.3001
2006-06-15,-0.2926
2006-06-16,-0.2865
2006-06-19,-0.2874
2006-06-20,-0.2897
2006-06-21,-0.2806
2006-06-22,-0.2543
2006-06-23,-0.2402
2006-06-26,-0.2342
2006-06-27,-0.2364
2006-06-28,-0.2249
2006-06-29,-0.2301
2006-06-30,-0.2463
2006-07-05,-0.2108
2006-07-06,-0.2222
2006-07-07,-0.2512
2006-07-10,-0.2456
2006-07-11,-0.2449
2006-07-12,-0.2211
2006-07-13,-0.2035
2006-07-14,-0.1932
2006-07-17,-0.1948
2006-07-18,-0.2106
2006-07-19,-0.2437
2006-07-20,-0.2472
2006-07-21,-0.2339
2006-07-24,-0.2158
2006-07-25,-0.2239
2006-07-26,-0.2416
2006-07-27,-0.2344
2006-07-28,-0.2680
2006-07-31,-0.2558
2006-08-01,-0.2554
2006-08-02,-0.2457
2006-08-03,-0.2523
2006-08-04,-0.2782
2006-08-07,-0.2415
2006-08-08,-0.2525
2006-08-09,-0.2492
2006-08-10,-0.2734
2006-08-11,-0.2536
2006-08-14,-0.2580
2006-08-15,-0.2825
2006-08-16,-0.3131
2006-08-17,-0.3346
2006-08-18,-0.3224
2006-08-21,-0.3174
2006-08-22,-0.3028
2006-08-23,-0.3149
2006-08-24,-0.3050
2006-08-25,-0.3019
2006-08-28,-0.3306
2006-08-29,-0.3520
2006-08-30,-0.3485
2006-08-31,-0.3470
2006-09-01,-0.3648
2006-09-05,-0.3652
2006-09-06,-0.3754
2006-09-07,-0.3683
2006-09-08,-0.3756
2006-09-11,-0.3818
2006-09-12,-0.4099
2006-09-13,-0.4091
2006-09-14,-0.4211
2006-09-15,-0.4112
2006-09-18,-0.4077
2006-09-19,-0.4420
2006-09-20,-0.4623
2006-09-21,-0.4711
2006-09-22,-0.4906
2006-09-25,-0.4810
2006-09-26,-0.4755
2006-09-27,-0.4473
2006-09-28,-0.4449
2006-09-29,-0.4361
2006-10-02,-0.4724
2006-10-03,-0.5016
2006-10-04,-0.4944
2006-10-05,-0.4792
2006-10-06,-0.4605
2006-10-10,-0.4576
2006-10-11,-0.4638
2006-10-12,-0.4656
2006-10-13,-0.4480
2006-10-16,-0.4343
2006-10-17,-0.4522
2006-10-18,-0.4709
2006-10-19,-0.4722
2006-10-20,-0.4945
2006-10-23,-0.4522
2006-10-24,-0.4470
2006-10-25,-0.4309
2006-10-26,-0.4626
2006-10-27,-0.4704
2006-10-30,-0.5024
2006-10-31,-0.5114
2006-11-01,-0.5168
2006-11-02,-0.5236
2006-11-03,-0.4842
2006-11-06,-0.4719
2006-11-07,-0.5000
2006-11-08,-0.4913
2006-11-09,-0.4787
2006-11-10,-0.5084
2006-11-13,-0.5126
2006-11-14,-0.5237
2006-11-15,-0.5095
2006-11-16,-0.5351
2006-11-17,-0.5497
2006-11-20,-0.5093
2006-11-21,-0.4969
2006-11-22,-0.5247
2006-11-27,-0.5406
2006-11-28,-0.5420
2006-11-29,-0.5152
2006-11-30,-0.5256
2006-12-01,-0.5358
2006-12-04,-0.5481
2006-12-05,-0.5482
2006-12-06,-0.5394
2006-12-07,-0.5343
2006-12-08,-0.5201
2006-12-11,-0.5398
2006-12-12,-0.5493
2006-12-13,-0.5348
2006-12-14,-0.5011
2006-12-15,-0.4786
2006-12-18,-0.4982
2006-12-19,-0.4965
2006-12-20,-0.4878
2006-12-21,-0.5062
2006-12-22,-0.4923
2006-12-26,-0.5093
2006-12-27,-0.5169
2006-12-28,-0.5131
2006-12-29,-0.5062
2007-01-03,-0.5437
2007-01-04,-0.5765
2007-01-05,-0.5561
2007-01-08,-0.5582
2007-01-09,-0.5615
2007-01-10,-0.5724
2007-01-11,-0.5897
2007-01-12,-0.5774
2007-01-16,-0.6034
2007-01-17,-0.5870
2007-01-18,-0.6166
2007-01-19,-0.5948
2007-01-22,-0.6043
2007-01-23,-0.5544
2007-01-24,-0.5429
2007-01-25,-0.5478
2007-01-26,-0.5262
2007-01-29,-0.5482
2007-01-30,-0.5116
2007-01-31,-0.5113
2007-02-01,-0.5210
2007-02-02,-0.4909
2007-02-05,-0.4940
2007-02-06,-0.5041
2007-02-07,-0.5230
2007-02-08,-0.4988
2007-02-09,-0.4861
2007-02-12,-0.5054
2007-02-13,-0.4973
2007-02-14,-0.5339
2007-02-15,-0.5413
2007-02-16,-0.5222
2007-02-20,-0.5388
2007-02-21,-0.5099
2007-02-22,-0.4910
2007-02-23,-0.5003
2007-02-26,-0.5055
2007-02-27,-0.5287
2007-02-28,-0.5179
2007-03-01,-0.5117
2007-03-02,-0.5199
2007-03-05,-0.5311
2007-03-06,-0.5234
2007-03-07,-0.5185
2007-03-08,-0.5120
2007-03-09,-0.5211
2007-03-12,-0.5497
2007-03-13,-0.5727
2007-03-14,-0.5694
2007-03-15,-0.5744
2007-03-16,-0.5901
2007-03-19,-0.5904
2007-03-20,-0.5979
2007-03-21,-0.5702
2007-03-22,-0.5263
2007-03-23,-0.5110
2007-03-26,-0.5102
2007-03-27,-0.5087
2007-03-28,-0.4917
2007-03-29,-0.4625
2007-03-30,-0.4666
2007-04-02,-0.4678
2007-04-03,-0.4763
2007-04-04,-0.4857
2007-04-05,-0.4912
2007-04-09,-0.5107
2007-04-10,-0.5175
2007-04-11,-0.5149
2007-04-12,-0.4973
2007-04-13,-0.5032
2007-04-16,-0.5079
2007-04-17,-0.5259
2007-04-18,-0.5315
2007-04-19,-0.5497
2007-04-20,-0.5284
2007-04-23,-0.4945
2007-04-24,-0.5199
2007-04-25,-0.5030
2007-04-26,-0.5016
2007-04-27,-0.4863
2007-04-30,-0.5061
2007-05-01,-0.5189
2007-05-02,-0.5249
2007-05-03,-0.5234
2007-05-04,-0.5493
2007-05-07,-0.5575
2007-05-08,-0.5408
2007-05-09,-0.5446
2007-05-10,-0.5370
2007-05-11,-0.5309
2007-05-14,-0.5286
2007-05-15,-0.5241
2007-05-16,-0.5232
2007-05-17,-0.4826
2007-05-18,-0.4789
2007-05-21,-0.4589
2007-05-22,-0.4709
2007-05-23,-0.4588
2007-05-24,-0.4782
2007-05-25,-0.4658
2007-05-29,-0.4917
2007-05-30,-0.4847
2007-05-31,-0.4794
2007-06-01,-0.4569
2007-06-04,-0.4508
2007-06-05,-0.4576
2007-06-06,-0.4533
2007-06-07,-0.4162
2007-06-08,-0.4340
2007-06-11,-0.4149
2007-06-12,-0.4064
2007-06-13,-0.3960
2007-06-14,-0.3730
2007-06-15,-0.3802
2007-06-18,-0.3720
2007-06-19,-0.3823
2007-06-20,-0.3909
2007-06-21,-0.3751
2007-06-22,-0.3806
2007-06-25,-0.3874
2007-06-26,-0.4046
2007-06-27,-0.3911
2007-06-28,-0.3773
2007-06-29,-0.3816
2007-07-02,-0.3927
2007-07-03,-0.3815
2007-07-05,-0.3627
2007-07-06,-0.3453
2007-07-09,-0.3585
2007-07-10,-0.3774
2007-07-11,-0.3791
2007-07-12,-0.3780
2007-07-13,-0.3610
2007-07-16,-0.3670
2007-07-17,-0.3640
2007-07-18,-0.3607
2007-07-19,-0.3468
2007-07-20,-0.3628
2007-07-23,-0.3697
2007-07-24,-0.3965
2007-07-25,-0.3560
2007-07-26,-0.3878
2007-07-27,-0.3465
2007-07-30,-0.3497
2007-07-31,-0.3366
2007-08-01,-0.3584
2007-08-02,-0.3584
2007-08-03,-0.3958
2007-08-06,-0.4370
2007-08-07,-0.4253
2007-08-08,-0.4190
2007-08-09,-0.4250
2007-08-10,-0.4296
2007-08-13,-0.4186
2007-08-14,-0.4030
2007-08-15,-0.3852
2007-08-16,-0.4310
2007-08-17,-0.4166
2007-08-20,-0.4334
2007-08-21,-0.4586
2007-08-22,-0.4638
2007-08-23,-0.4589
2007-08-24,-0.4513
2007-08-27,-0.4419
2007-08-28,-0.4522
2007-08-29,-0.4268
2007-08-30,-0.4325
2007-08-31,-0.4193
2007-09-04,-0.4007
2007-09-05,-0.4077
2007-09-06,-0.4005
2007-09-07,-0.4222
2007-09-10,-0.4198
2007-09-11,-0.4081
2007-09-12,-0.3884
2007-09-13,-0.3739
2007-09-14,-0.3870
2007-09-17,-0.3638
2007-09-18,-0.3620
2007-09-19,-0.3492
2007-09-20,-0.3306
2007-09-21,-0.3578
2007-09-24,-0.3695
2007-09-25,-0.3951
2007-09-26,-0.3797
2007-09-27,-0.3536
2007-09-28,-0.3842
2007-10-01,-0.4017
2007-10-02,-0.3979
2007-10-03,-0.3914
2007-10-04,-0.3755
2007-10-05,-0.3692
2007-10-08,-0.3907
2007-10-09,-0.3757
2007-10-10,-0.3657
2007-10-11,-0.3473
2007-10-12,-0.3325
2007-10-15,-0.3041
2007-10-16,-0.2822
2007-10-17,-0.3005
2007-10-18,-0.2900
2007-10-19,-0.3176
2007-10-22,-0.3172
2007-10-23,-0.3581
2007-10-24,-0.3426
2007-10-25,-0.3011
2007-10-26,-0.2838
2007-10-29,-0.2664
2007-10-30,-0.3108
2007-10-31,-0.2509
2007-11-01,-0.2753
2007-11-02,-0.2561
2007-11-05,-0.2774
2007-11-06,-0.2453
2007-11-07,-0.2674
2007-11-08,-0.2855
2007-11-09,-0.2807
2007-11-12,-0.2935
2007-11-13,-0.3357
2007-11-14,-0.2962
2007-11-15,-0.3115
2007-11-16,-0.2956
2007-11-19,-0.3111
2007-11-20,-0.2815
2007-11-21,-0.2983
2007-11-23,-0.2880
2007-11-26,-0.3178
2007-11-27,-0.3456
2007-11-28,-0.3884
2007-11-29,-0.3807
2007-11-30,-0.3949
2007-12-03,-0.4008
2007-12-04,-0.4206
2007-12-05,-0.4122
2007-12-06,-0.3658
2007-12-07,-0.3806
2007-12-10,-0.3885
2007-12-11,-0.3734
2007-12-12,-0.3062
2007-12-13,-0.3146
2007-12-14,-0.2999
2007-12-17,-0.3140
2007-12-18,-0.3239
2007-12-19,-0.3151
2007-12-20,-0.3178
2007-12-21,-0.2728
2007-12-24,-0.2603
2007-12-26,-0.2374
2007-12-27,-0.2508
2007-12-28,-0.2802
2007-12-31,-0.2760
2008-01-02,-0.2592
2008-01-03,-0.2671
2008-01-04,-0.2920
2008-01-07,-0.3230
2008-01-08,-0.3074
2008-01-09,-0.3146
2008-01-10,-0.3419
2008-01-11,-0.3634
2008-01-14,-0.3536
2008-01-15,-0.3962
2008-01-16,-0.3929
2008-01-17,-0.4129
2008-01-18,-0.4010
2008-01-22,-0.4301
2008-01-23,-0.4744
2008-01-24,-0.4341
2008-01-25,-0.4161
2008-01-28,-0.4214
2008-01-29,-0.4054
2008-01-30,-0.3996
2008-01-31,-0.4146
2008-02-01,-0.4505
2008-02-04,-0.4331
2008-02-05,-0.4435
2008-02-06,-0.4571
2008-02-07,-0.4111
2008-02-08,-0.3771
2008-02-11,-0.3587
2008-02-12,-0.3689
2008-02-13,-0.3587
2008-02-14,-0.3208
2008-02-15,-0.3258
2008-02-19,-0.2561
2008-02-20,-0.2386
2008-02-21,-0.3002
2008-02-22,-0.2935
2008-02-25,-0.2749
2008-02-26,-0.2756
2008-02-27,-0.3066
2008-02-28,-0.2936
2008-02-29,-0.3246
2008-03-03,-0.3165
2008-03-04,-0.3522
2008-03-05,-0.2756
2008-03-06,-0.2822
2008-03-07,-0.2951
2008-03-10,-0.2704
2008-03-11,-0.2340
2008-03-12,-0.2519
2008-03-13,-0.2484
2008-03-14,-0.2726
2008-03-17,-0.3510
2008-03-18,-0.2821
2008-03-19,-0.3457
2008-03-20,-0.3709
2008-03-24,-0.3573
2008-03-25,-0.3718
2008-03-26,-0.3264
2008-03-27,-0.2955
2008-03-28,-0.3293
2008-03-31,-0.3852
2008-04-01,-0.3624
2008-04-02,-0.3130
2008-04-03,-0.3266
2008-04-04,-0.3113
2008-04-07,-0.2596
2008-04-08,-0.2667
2008-04-09,-0.2545
2008-04-10,-0.2504
2008-04-11,-0.2643
2008-04-14,-0.2371
2008-04-15,-0.1986
2008-04-16,-0.1833
2008-04-17,-0.1741
2008-04-18,-0.1398
2008-04-21,-0.1411
2008-04-22,-0.1222
2008-04-23,-0.1239
2008-04-24,-0.1262
2008-04-25,-0.0824
2008-04-28,-0.0828
2008-04-29,-0.1239
2008-04-30,-0.1699
2008-05-01,-0.1654
2008-05-02,-0.0977
2008-05-05,-0.0556
2008-05-06,-0.0293
2008-05-07,0.0029
2008-05-08,-0.0027
2008-05-09,0.0135
2008-05-12,-0.0114
2008-05-13,0.0327
2008-05-14,0.0177
2008-05-15,0.0043
2008-05-16,0.0224
2008-05-19,0.0363
2008-05-20,0.0413
2008-05-21,0.0912
2008-05-22,0.0785
2008-05-23,0.0777
2008-05-27,0.0534
2008-05-28,0.0979
2008-05-29,0.0572
2008-05-30,0.0601
2008-06-02,0.0583
2008-06-03,0.0106
2008-06-04,-0.0077
2008-06-05,0.0675
2008-06-06,0.1880
2008-06-09,0.1482
2008-06-10,0.1394
2008-06-11,0.1935
2008-06-12,0.2289
2008-06-13,0.2167
2008-06-16,0.1986
2008-06-17,0.1858
2008-06-18,0.2123
2008-06-19,0.1539
2008-06-20,0.1726
2008-06-23,0.2145
2008-06-24,0.2063
2008-06-25,0.1668
2008-06-26,0.2161
2008-06-27,0.2158
2008-06-30,0.2141
2008-07-01,0.2266
2008-07-02,0.2501
2008-07-03,0.2919
2008-07-07,0.2322
2008-07-08,0.1622
2008-07-09,0.1469
2008-07-10,0.2181
2008-07-11,0.2701
2008-07-14,0.2603
2008-07-15,0.1676
2008-07-16,0.1262
2008-07-17,0.0702
2008-07-18,0.0684
2008-07-21,0.0913
2008-07-22,0.0638
2008-07-23,0.0305
2008-07-24,0.0326
2008-07-25,0.0115
2008-07-28,0.0158
2008-07-29,0.0000
2008-07-30,0.0629
2008-07-31,0.0164
2008-08-01,0.0312
2008-08-04,-0.0152
2008-08-05,-0.0316
2008-08-06,-0.0264
2008-08-07,-0.0123
2008-08-08,-0.0450
2008-08-11,-0.0426
2008-08-12,-0.0712
2008-08-13,-0.0259
2008-08-14,-0.0347
2008-08-15,-0.0439
2008-08-18,-0.0616
2008-08-19,-0.0428
2008-08-20,-0.0388
2008-08-21,0.0317
2008-08-22,-0.0399
2008-08-25,-0.0419
2008-08-26,-0.0160
2008-08-27,0.0033
2008-08-28,-0.0264
2008-08-29,-0.0206
2008-09-02,-0.0901
2008-09-03,-0.0998
2008-09-04,-0.1134
2008-09-05,-0.1264
2008-09-08,-0.1086
2008-09-09,-0.1664
2008-09-10,-0.1562
2008-09-11,-0.1744
2008-09-12,-0.1860
2008-09-15,-0.2898
2008-09-16,-0.3469
2008-09-17,-0.2977
2008-09-18,-0.2867
2008-09-19,-0.1666
2008-09-22,0.0256
2008-09-23,-0.1592
2008-09-24,-0.1715
2008-09-25,-0.1253
2008-09-26,-0.1456
2008-09-29,-0.2982
2008-09-30,-0.1709
2008-10-01,-0.2060
2008-10-02,-0.2584
2008-10-03,-0.2630
2008-10-06,-0.3375
2008-10-07,-0.3148
2008-10-08,-0.3075
2008-10-09,-0.3201
2008-10-10,-0.3938
2008-10-13,-0.3731
2008-10-14,-0.4019
2008-10-15,-0.4423
2008-10-16,-0.5047
2008-10-17,-0.4785
2008-10-20,-0.4354
2008-10-21,-0.4807
2008-10-22,-0.5136
2008-10-23,-0.5086
2008-10-24,-0.5145
2008-10-27,-0.5118
2008-10-28,-0.5057
2008-10-29,-0.4815
2008-10-30,-0.5072
2008-10-31,-0.4531
2008-11-03,-0.4964
2008-11-04,-0.4597
2008-11-05,-0.5428
2008-11-06,-0.5723
2008-11-07,-0.5599
2008-11-10,-0.5436
2008-11-11,-0.5583
2008-11-12,-0.6020
2008-11-13,-0.5690
2008-11-14,-0.6069
2008-11-17,-0.6320
2008-11-18,-0.6432
2008-11-19,-0.6715
2008-11-20,-0.7381
2008-11-21,-0.7260
2008-11-24,-0.6946
2008-11-25,-0.7991
2008-11-26,-0.7437
2008-11-28,-0.7286
2008-12-01,-0.8208
2008-12-02,-0.8557
2008-12-03,-0.8521
2008-12-04,-0.9205
2008-12-05,-0.9333
2008-12-08,-0.9223
2008-12-09,-0.9453
2008-12-10,-0.9325
2008-12-11,-0.9153
2008-12-12,-0.9496
2008-12-15,-1.0126
2008-12-16,-1.0821
2008-12-17,-1.1920
2008-12-18,-1.2440
2008-12-19,-1.2258
2008-12-22,-1.1477
2008-12-23,-1.1542
2008-12-24,-1.2024
2008-12-26,-1.1828
2008-12-29,-1.1611
2008-12-30,-1.1703
2008-12-31,-1.0671
2009-01-02,-1.0113
2009-01-05,-0.9506
2009-01-06,-0.9467
2009-01-07,-1.0423
2009-01-08,-1.0781
2009-01-09,-1.0676
2009-01-12,-1.1141
2009-01-13,-1.0832
2009-01-14,-1.0959
2009-01-15,-1.1223
2009-01-16,-1.1010
2009-01-20,-1.0182
2009-01-21,-0.9419
2009-01-22,-0.9397
2009-01-23,-0.8964
2009-01-26,-0.9250
2009-01-27,-1.0025
2009-01-28,-0.9734
2009-01-29,-0.9506
2009-01-30,-0.9269
2009-02-02,-0.9611
2009-02-03,-0.9619
2009-02-04,-0.9445
2009-02-05,-0.9260
2009-02-06,-0.9475
2009-02-09,-0.9636
2009-02-10,-0.9871
2009-02-11,-1.0193
2009-02-12,-1.0316
2009-02-13,-0.9782
2009-02-17,-1.0015
2009-02-18,-0.9880
2009-02-19,-0.9210
2009-02-20,-0.9606
2009-02-23,-0.9489
2009-02-24,-0.9341
2009-02-25,-0.8588
2009-02-26,-0.8224
2009-02-27,-0.8148
2009-03-02,-0.8691
2009-03-03,-0.8473
2009-03-04,-0.7962
2009-03-05,-0.8295
2009-03-06,-0.8168
2009-03-09,-0.7773
2009-03-10,-0.7867
2009-03-11,-0.8653
2009-03-12,-0.8093
2009-03-13,-0.8261
2009-03-16,-0.8151
2009-03-17,-0.7851
2009-03-18,-0.9079
2009-03-19,-0.8885
2009-03-20,-0.8759
2009-03-23,-0.8445
2009-03-24,-0.8325
2009-03-25,-0.8367
2009-03-26,-0.8112
2009-03-27,-0.8123
2009-03-30,-0.8534
2009-03-31,-0.8502
2009-04-01,-0.8688
2009-04-02,-0.8255
2009-04-03,-0.8163
2009-04-06,-0.8229
2009-04-07,-0.8350
2009-04-08,-0.8373
2009-04-09,-0.7792
2009-04-13,-0.8455
2009-04-14,-0.8609
2009-04-15,-0.8557
2009-04-16,-0.8341
2009-04-17,-0.8002
2009-04-20,-0.8547
2009-04-21,-0.8409
2009-04-22,-0.8114
2009-04-23,-0.8211
2009-04-24,-0.8063
2009-04-27,-0.8104
2009-04-28,-0.8171
2009-04-29,-0.8086
2009-04-30,-0.8000
2009-05-01,-0.7675
2009-05-04,-0.7660
2009-05-05,-0.7701
2009-05-06,-0.7453
2009-05-07,-0.7207
2009-05-08,-0.7284
2009-05-11,-0.7394
2009-05-12,-0.7441
2009-05-13,-0.7588
2009-05-14,-0.7556
2009-05-15,-0.7671
2009-05-18,-0.7290
2009-05-19,-0.7333
2009-05-20,-0.7291
2009-05-21,-0.7357
2009-05-22,-0.7307
2009-05-26,-0.7110
2009-05-27,-0.6697
2009-05-28,-0.6478
2009-05-29,-0.6546
2009-06-01,-0.6254
2009-06-02,-0.6522
2009-06-03,-0.6696
2009-06-04,-0.6165
2009-06-05,-0.5749
2009-06-08,-0.5709
2009-06-09,-0.5750
2009-06-10,-0.5354
2009-06-11,-0.5473
2009-06-12,-0.5471
2009-06-15,-0.5510
2009-06-16,-0.5678
2009-06-17,-0.5761
2009-06-18,-0.5397
2009-06-19,-0.5779
2009-06-22,-0.6120
2009-06-23,-0.6090
2009-06-24,-0.5945
2009-06-25,-0.5929
2009-06-26,-0.6244
2009-06-29,-0.5953
2009-06-30,-0.6066
2009-07-01,-0.6240
2009-07-02,-0.6522
2009-07-06,-0.6802
2009-07-07,-0.6965
2009-07-08,-0.7503
2009-07-09,-0.7542
2009-07-10,-0.7658
2009-07-13,-0.7651
2009-07-14,-0.7548
2009-07-15,-0.7309
2009-07-16,-0.7312
2009-07-17,-0.6965
2009-07-20,-0.7088
2009-07-21,-0.7106
2009-07-22,-0.6978
2009-07-23,-0.6542
2009-07-24,-0.6477
2009-07-27,-0.6412
2009-07-28,-0.6544
2009-07-29,-0.6912
2009-07-30,-0.6532
2009-07-31,-0.6574
2009-08-03,-0.6298
2009-08-04,-0.6243
2009-08-05,-0.6131
2009-08-06,-0.6025
2009-08-07,-0.5825
2009-08-10,-0.5895
2009-08-11,-0.6159
2009-08-12,-0.6146
2009-08-13,-0.6294
2009-08-14,-0.6644
2009-08-17,-0.6728
2009-08-18,-0.6441
2009-08-19,-0.6186
2009-08-20,-0.6223
2009-08-21,-0.5983
2009-08-24,-0.5934
2009-08-25,-0.6306
2009-08-26,-0.6304
2009-08-27,-0.6287
2009-08-28,-0.6180
2009-08-31,-0.6662
2009-09-01,-0.6810
2009-09-02,-0.6991
2009-09-03,-0.6947
2009-09-04,-0.6886
2009-09-08,-0.6632
2009-09-09,-0.6647
2009-09-10,-0.6782
2009-09-11,-0.7190
2009-09-14,-0.7155
2009-09-15,-0.6860
2009-09-16,-0.6696
2009-09-17,-0.6796
2009-09-18,-0.6711
2009-09-21,-0.6929
2009-09-22,-0.6872
2009-09-23,-0.7282
2009-09-24,-0.7539
2009-09-25,-0.7602
2009-09-28,-0.7464
2009-09-29,-0.7477
2009-09-30,-0.7042
2009-10-01,-0.7014
2009-10-02,-0.7146
2009-10-05,-0.7166
2009-10-06,-0.7147
2009-10-07,-0.7372
2009-10-08,-0.7117
2009-10-09,-0.6850
2009-10-12,-0.6722
2009-10-13,-0.6716
2009-10-14,-0.6552
2009-10-15,-0.6190
2009-10-16,-0.6092
2009-10-19,-0.5992
2009-10-20,-0.6114
2009-10-21,-0.5864
2009-10-22,-0.5848
2009-10-23,-0.5790
2009-10-26,-0.5807
2009-10-27,-0.5774
2009-10-28,-0.6047
2009-10-29,-0.5739
2009-10-30,-0.6162
2009-11-02,-0.5977
2009-11-03,-0.5695
2009-11-04,-0.5683
2009-11-05,-0.5779
2009-11-06,-0.6092
2009-11-09,-0.6028
2009-11-10,-0.6086
2009-11-11,-0.6031
2009-11-12,-0.6275
2009-11-13,-0.6439
2009-11-16,-0.6304
2009-11-17,-0.6176
2009-11-18,-0.6108
2009-11-19,-0.6389
2009-11-20,-0.6393
2009-11-23,-0.6406
2009-11-24,-0.6673
2009-11-25,-0.6643
2009-11-27,-0.6783
2009-11-30,-0.6679
2009-12-01,-0.6571
2009-12-02,-0.6683
2009-12-03,-0.6646
2009-12-04,-0.6359
2009-12-07,-0.6641
2009-12-08,-0.6754
2009-12-09,-0.7048
2009-12-10,-0.6998
2009-12-11,-0.6897
2009-12-14,-0.6991
2009-12-15,-0.6621
2009-12-16,-0.6352
2009-12-17,-0.6313
2009-12-18,-0.6119
2009-12-21,-0.6033
2009-12-22,-0.5650
2009-12-23,-0.5421
2009-12-24,-0.5181
2009-12-28,-0.5093
2009-12-29,-0.5070
2009-12-30,-0.5024
2009-12-31,-0.4958
2010-01-04,-0.4747
2010-01-05,-0.4788
2010-01-06,-0.4567
2010-01-07,-0.4522
2010-01-08,-0.4630
2010-01-11,-0.4762
2010-01-12,-0.5121
2010-01-13,-0.5227
2010-01-14,-0.5346
2010-01-15,-0.5460
2010-01-19,-0.5244
2010-01-20,-0.5288
2010-01-21,-0.5557
2010-01-22,-0.5790
2010-01-25,-0.5677
2010-01-26,-0.5695
2010-01-27,-0.5761
2010-01-28,-0.5696
2010-01-29,-0.5721
2010-02-01,-0.5513
2010-02-02,-0.5209
2010-02-03,-0.5080
2010-02-04,-0.5576
2010-02-05,-0.5790
2010-02-08,-0.5676
2010-02-09,-0.5481
2010-02-10,-0.5267
2010-02-11,-0.5129
2010-02-12,-0.5252
2010-02-16,-0.5042
2010-02-17,-0.4748
2010-02-18,-0.4439
2010-02-19,-0.4304
2010-02-22,-0.4268
2010-02-23,-0.4486
2010-02-24,-0.4327
2010-02-25,-0.4650
2010-02-26,-0.4603
2010-03-01,-0.4650
2010-03-02,-0.4541
2010-03-03,-0.4496
2010-03-04,-0.4469
2010-03-05,-0.4238
2010-03-08,-0.4158
2010-03-09,-0.4180
2010-03-10,-0.4110
2010-03-11,-0.4138
2010-03-12,-0.4384
2010-03-15,-0.4487
2010-03-16,-0.4406
2010-03-17,-0.4278
2010-03-18,-0.4204
2010-03-19,-0.4275
2010-03-22,-0.4241
2010-03-23,-0.4073
2010-03-24,-0.3856
2010-03-25,-0.3718
2010-03-26,-0.3947
2010-03-29,-0.3719
2010-03-30,-0.3661
2010-03-31,-0.3607
2010-04-01,-0.3496
2010-04-05,-0.3031
2010-04-06,-0.2960
2010-04-07,-0.3197
2010-04-08,-0.3205
2010-04-09,-0.3383
2010-04-12,-0.3635
2010-04-13,-0.3726
2010-04-14,-0.3510
2010-04-15,-0.3493
2010-04-16,-0.3809
2010-04-19,-0.3967
2010-04-20,-0.3686
2010-04-21,-0.3705
2010-04-22,-0.3566
2010-04-23,-0.3374
2010-04-26,-0.3471
2010-04-27,-0.3692
2010-04-28,-0.3437
2010-04-29,-0.3314
2010-04-30,-0.3286
2010-05-03,-0.3137
2010-05-04,-0.3465
2010-05-05,-0.3727
2010-05-06,-0.4095
2010-05-07,-0.4436
2010-05-10,-0.4150
2010-05-11,-0.4139
2010-05-12,-0.4115
2010-05-13,-0.4198
2010-05-14,-0.4503
2010-05-17,-0.4650
2010-05-18,-0.4624
2010-05-19,-0.4765
2010-05-20,-0.5320
2010-05-21,-0.5165
2010-05-24,-0.4911
2010-05-25,-0.5052
2010-05-26,-0.4528
2010-05-27,-0.4203
2010-05-28,-0.4253
2010-06-01,-0.4409
2010-06-02,-0.4292
2010-06-03,-0.3920
2010-06-04,-0.4290
2010-06-07,-0.4272
2010-06-08,-0.4218
2010-06-09,-0.3988
2010-06-10,-0.3863
2010-06-11,-0.4130
2010-06-14,-0.4119
2010-06-15,-0.3958
2010-06-16,-0.3867
2010-06-17,-0.4184
2010-06-18,-0.4091
2010-06-21,-0.3927
2010-06-22,-0.4054
2010-06-23,-0.4317
2010-06-24,-0.4289
2010-06-25,-0.4081
2010-06-28,-0.4175
2010-06-29,-0.4472
2010-06-30,-0.4535
2010-07-01,-0.5235
2010-07-02,-0.5355
2010-07-06,-0.5513
2010-07-07,-0.5237
2010-07-08,-0.5006
2010-07-09,-0.4846
2010-07-12,-0.4952
2010-07-13,-0.4710
2010-07-14,-0.4847
2010-07-15,-0.5193
2010-07-16,-0.5337
2010-07-19,-0.5232
2010-07-20,-0.5089
2010-07-21,-0.5102
2010-07-22,-0.4872
2010-07-23,-0.4879
2010-07-26,-0.4967
2010-07-27,-0.5086
2010-07-28,-0.5208
2010-07-29,-0.5152
2010-07-30,-0.5201
2010-08-02,-0.4956
2010-08-03,-0.4928
2010-08-04,-0.4827
2010-08-05,-0.4948
2010-08-06,-0.5327
2010-08-09,-0.5152
2010-08-10,-0.5344
2010-08-11,-0.5401
2010-08-12,-0.5570
2010-08-13,-0.5597
2010-08-16,-0.5846
2010-08-17,-0.5766
2010-08-18,-0.5820
2010-08-19,-0.5970
2010-08-20,-0.5919
2010-08-23,-0.5959
2010-08-24,-0.6275
2010-08-25,-0.6083
2010-08-26,-0.6092
2010-08-27,-0.5675
2010-08-30,-0.5803
2010-08-31,-0.6248
2010-09-01,-0.6021
2010-09-02,-0.5832
2010-09-03,-0.5648
2010-09-07,-0.5894
2010-09-08,-0.5819
2010-09-09,-0.5735
2010-09-10,-0.5391
2010-09-13,-0.5540
2010-09-14,-0.5876
2010-09-15,-0.5819
2010-09-16,-0.6035
2010-09-17,-0.6135
2010-09-20,-0.6032
2010-09-21,-0.6555
2010-09-22,-0.6591
2010-09-23,-0.6477
2010-09-24,-0.6382
2010-09-27,-0.6498
2010-09-28,-0.6692
2010-09-29,-0.6483
2010-09-30,-0.6177
2010-10-01,-0.6098
2010-10-04,-0.6081
2010-10-05,-0.6070
2010-10-06,-0.6185
2010-10-07,-0.6400
2010-10-08,-0.6300
2010-10-12,-0.6378
2010-10-13,-0.6255
2010-10-14,-0.6326
2010-10-15,-0.6336
2010-10-18,-0.6211
2010-10-19,-0.6418
2010-10-20,-0.6355
2010-10-21,-0.6391
2010-10-22,-0.6189
2010-10-25,-0.6175
2010-10-26,-0.5932
2010-10-27,-0.5824
2010-10-28,-0.6049
2010-10-29,-0.6216
2010-11-01,-0.5985
2010-11-02,-0.6032
2010-11-03,-0.5954
2010-11-04,-0.6006
2010-11-05,-0.5738
2010-11-08,-0.5565
2010-11-09,-0.5404
2010-11-10,-0.5224
2010-11-11,-0.5083
2010-11-12,-0.5391
2010-11-15,-0.5113
2010-11-16,-0.5364
2010-11-17,-0.5633
2010-11-18,-0.5508
2010-11-19,-0.5613
2010-11-22,-0.5610
2010-11-23,-0.5496
2010-11-24,-0.4924
2010-11-26,-0.4878
2010-11-29,-0.4544
2010-11-30,-0.4706
2010-12-01,-0.4275
2010-12-02,-0.4162
2010-12-03,-0.4200
2010-12-06,-0.4216
2010-12-07,-0.3986
2010-12-08,-0.3927
2010-12-09,-0.3913
2010-12-10,-0.3909
2010-12-13,-0.4000
2010-12-14,-0.3828
2010-12-15,-0.3496
2010-12-16,-0.3689
2010-12-17,-0.3768
2010-12-20,-0.3577
2010-12-21,-0.3445
2010-12-22,-0.3330
2010-12-23,-0.3191
2010-12-27,-0.3339
2010-12-28,-0.3127
2010-12-29,-0.3470
2010-12-30,-0.3679
2010-12-31,-0.3659
2011-01-03,-0.3570
2011-01-04,-0.3786
2011-01-05,-0.3310
2011-01-06,-0.3518
2011-01-07,-0.3616
2011-01-10,-0.3509
2011-01-11,-0.3221
2011-01-12,-0.3299
2011-01-13,-0.3623
2011-01-14,-0.3575
2011-01-18,-0.3609
2011-01-19,-0.3786
2011-01-20,-0.3876
2011-01-21,-0.4036
2011-01-24,-0.4252
2011-01-25,-0.4593
2011-01-26,-0.4338
2011-01-27,-0.4657
2011-01-28,-0.4123
2011-01-31,-0.3773
2011-02-01,-0.4052
2011-02-02,-0.3966
2011-02-03,-0.3810
2011-02-04,-0.3819
2011-02-07,-0.4041
2011-02-08,-0.4030
2011-02-09,-0.4241
2011-02-10,-0.4018
2011-02-11,-0.4194
2011-02-14,-0.4300
2011-02-15,-0.4373
2011-02-16,-0.4360
2011-02-17,-0.4280
2011-02-18,-0.4365
2011-02-22,-0.3485
2011-02-23,-0.2926
2011-02-24,-0.3176
2011-02-25,-0.3057
2011-02-28,-0.3286
2011-03-01,-0.2887
2011-03-02,-0.2568
2011-03-03,-0.2534
2011-03-04,-0.2303
2011-03-07,-0.2135
2011-03-08,-0.2067
2011-03-09,-0.2258
2011-03-10,-0.2439
2011-03-11,-0.2767
2011-03-14,-0.2918
2011-03-15,-0.3494
2011-03-16,-0.3429
2011-03-17,-0.3073
2011-03-18,-0.3164
2011-03-21,-0.3017
2011-03-22,-0.2773
2011-03-23,-0.2431
2011-03-24,-0.2419
2011-03-25,-0.2267
2011-03-28,-0.2477
2011-03-29,-0.2290
2011-03-30,-0.2432
2011-03-31,-0.2163
2011-04-01,-0.2008
2011-04-04,-0.1939
2011-04-05,-0.1900
2011-04-06,-0.1856
2011-04-07,-0.1626
2011-04-08,-0.1395
2011-04-11,-0.1787
2011-04-12,-0.2415
2011-04-13,-0.2306
2011-04-14,-0.2220
2011-04-15,-0.2059
2011-04-18,-0.2288
2011-04-19,-0.2277
2011-04-20,-0.1937
2011-04-21,-0.1911
2011-04-25,-0.1957
2011-04-26,-0.2051
2011-04-27,-0.1998
2011-04-28,-0.2143
2011-04-29,-0.2061
2011-05-02,-0.2124
2011-05-03,-0.2449
2011-05-04,-0.2757
2011-05-05,-0.3824
2011-05-06,-0.4038
2011-05-09,-0.3350
2011-05-10,-0.3140
2011-05-11,-0.3781
2011-05-12,-0.3617
2011-05-13,-0.3449
2011-05-16,-0.3871
2011-05-17,-0.3982
2011-05-18,-0.3476
2011-05-19,-0.3784
2011-05-20,-0.3589
2011-05-23,-0.3693
2011-05-24,-0.3502
2011-05-25,-0.3248
2011-05-26,-0.3564
2011-05-27,-0.3654
2011-05-31,-0.3458
2011-06-01,-0.3871
2011-06-02,-0.3867
2011-06-03,-0.4059
2011-06-06,-0.4177
2011-06-07,-0.4259
2011-06-08,-0.3993
2011-06-09,-0.3729
2011-06-10,-0.3975
2011-06-13,-0.4289
2011-06-14,-0.3928
2011-06-15,-0.4388
2011-06-16,-0.4406
2011-06-17,-0.4810
2011-06-20,-0.4745
2011-06-21,-0.4818
2011-06-22,-0.4479
2011-06-23,-0.5010
2011-06-24,-0.4982
2011-06-27,-0.5060
2011-06-28,-0.4695
2011-06-29,-0.4456
2011-06-30,-0.4404
2011-07-01,-0.4413
2011-07-05,-0.4137
2011-07-06,-0.4113
2011-07-07,-0.3816
2011-07-08,-0.4250
2011-07-11,-0.4312
2011-07-12,-0.4056
2011-07-13,-0.4134
2011-07-14,-0.4384
2011-07-15,-0.4244
2011-07-18,-0.4337
2011-07-19,-0.4206
2011-07-20,-0.4174
2011-07-21,-0.4135
2011-07-22,-0.4044
2011-07-25,-0.4123
2011-07-26,-0.4271
2011-07-27,-0.4388
2011-07-28,-0.4384
2011-07-29,-0.4862
2011-08-01,-0.4961
2011-08-02,-0.5182
2011-08-03,-0.5575
2011-08-04,-0.6197
2011-08-05,-0.6174
2011-08-08,-0.7133
2011-08-09,-0.7627
2011-08-10,-0.7184
2011-08-11,-0.6564
2011-08-12,-0.6740
2011-08-15,-0.6529
2011-08-16,-0.6736
2011-08-17,-0.6747
2011-08-18,-0.7410
2011-08-19,-0.7499
2011-08-22,-0.7209
2011-08-23,-0.7021
2011-08-24,-0.6886
2011-08-25,-0.6846
2011-08-26,-0.6987
2011-08-29,-0.6656
2011-08-30,-0.6491
2011-08-31,-0.6410
2011-09-01,-0.6392
2011-09-02,-0.6835
2011-09-06,-0.6634
2011-09-07,-0.6228
2011-09-08,-0.6139
2011-09-09,-0.6239
2011-09-12,-0.6002
2011-09-13,-0.5813
2011-09-14,-0.5989
2011-09-15,-0.5979
2011-09-16,-0.6103
2011-09-19,-0.6372
2011-09-20,-0.6288
2011-09-21,-0.6428
2011-09-22,-0.7096
2011-09-23,-0.7099
2011-09-26,-0.6923
2011-09-27,-0.6426
2011-09-28,-0.6801
2011-09-29,-0.6709
2011-09-30,-0.6996
2011-10-03,-0.7155
2011-10-04,-0.7388
2011-10-05,-0.6867
2011-10-06,-0.6470
2011-10-07,-0.6279
2011-10-10,-0.6207
2011-10-11,-0.6062
2011-10-12,-0.6160
2011-10-13,-0.6406
2011-10-14,-0.6074
2011-10-17,-0.6095
2011-10-18,-0.5836
2011-10-19,-0.6134
2011-10-20,-0.6253
2011-10-21,-0.6102
2011-10-24,-0.5608
2011-10-25,-0.5416
2011-10-26,-0.5745
2011-10-27,-0.5334
2011-10-28,-0.5469
2011-10-31,-0.5379
2011-11-01,-0.5453
2011-11-02,-0.5463
2011-11-03,-0.5264
2011-11-04,-0.5199
2011-11-07,-0.5080
2011-11-08,-0.4895
2011-11-09,-0.4864
2011-11-10,-0.4541
2011-11-11,-0.4543
2011-11-14,-0.4526
2011-11-15,-0.4267
2011-11-16,-0.3801
2011-11-17,-0.4356
2011-11-18,-0.4551
2011-11-21,-0.4607
2011-11-22,-0.4502
2011-11-23,-0.4637
2011-11-25,-0.4310
2011-11-28,-0.4201
2011-11-29,-0.4013
2011-11-30,-0.3999
2011-12-01,-0.3981
2011-12-02,-0.3890
2011-12-05,-0.3877
2011-12-06,-0.3817
2011-12-07,-0.4017
2011-12-08,-0.4282
2011-12-09,-0.4089
2011-12-12,-0.4136
2011-12-13,-0.3706
2011-12-14,-0.4413
2011-12-15,-0.4615
2011-12-16,-0.4726
2011-12-19,-0.4725
2011-12-20,-0.4232
2011-12-21,-0.3955
2011-12-22,-0.3880
2011-12-23,-0.3748
2011-12-27,-0.3599
2011-12-28,-0.3816
2011-12-29,-0.3792
2011-12-30,-0.4006
2012-01-03,-0.3478
2012-01-04,-0.3289
2012-01-05,-0.3280
2012-01-06,-0.3279
2012-01-09,-0.3359
2012-01-10,-0.3279
2012-01-11,-0.3411
2012-01-12,-0.3756
2012-01-13,-0.3744
2012-01-17,-0.3535
2012-01-18,-0.3636
2012-01-19,-0.3670
2012-01-20,-0.3866
2012-01-23,-0.3796
2012-01-24,-0.3844
2012-01-25,-0.3917
2012-01-26,-0.4001
2012-01-27,-0.4179
2012-01-30,-0.4292
2012-01-31,-0.4348
2012-02-01,-0.4498
2012-02-02,-0.4680
2012-02-03,-0.4345
2012-02-06,-0.4490
2012-02-07,-0.4336
2012-02-08,-0.4269
2012-02-09,-0.4053
2012-02-10,-0.4169
2012-02-13,-0.3882
2012-02-14,-0.3827
2012-02-15,-0.3654
2012-02-16,-0.3593
2012-02-17,-0.3450
2012-02-21,-0.3126
2012-02-22,-0.3071
2012-02-23,-0.2980
2012-02-24,-0.2834
2012-02-27,-0.3011
2012-02-28,-0.3345
2012-02-29,-0.3110
2012-03-01,-0.2790
2012-03-02,-0.2991
2012-03-05,-0.2986
2012-03-06,-0.3200
2012-03-07,-0.3006
2012-03-08,-0.3032
2012-03-09,-0.2684
2012-03-12,-0.2877
2012-03-13,-0.2664
2012-03-14,-0.2560
2012-03-15,-0.2693
2012-03-16,-0.2497
2012-03-19,-0.2344
2012-03-20,-0.2655
2012-03-21,-0.2509
2012-03-22,-0.2765
2012-03-23,-0.2697
2012-03-26,-0.2765
2012-03-27,-0.2763
2012-03-28,-0.2984
2012-03-29,-0.3379
2012-03-30,-0.3341
2012-04-02,-0.3093
2012-04-03,-0.2998
2012-04-04,-0.3323
2012-04-05,-0.3077
2012-04-09,-0.3430
2012-04-10,-0.3643
2012-04-11,-0.3395
2012-04-12,-0.3363
2012-04-13,-0.3388
2012-04-16,-0.3480
2012-04-17,-0.3287
2012-04-18,-0.3511
2012-04-19,-0.3593
2012-04-20,-0.3557
2012-04-23,-0.3534
2012-04-24,-0.3490
2012-04-25,-0.3436
2012-04-26,-0.3430
2012-04-27,-0.3458
2012-04-30,-0.3465
2012-05-01,-0.3227
2012-05-02,-0.3329
2012-05-03,-0.3669
2012-05-04,-0.4209
2012-05-07,-0.4256
2012-05-08,-0.4397
2012-05-09,-0.4343
2012-05-10,-0.4243
2012-05-11,-0.4381
2012-05-14,-0.4548
2012-05-15,-0.4521
2012-05-16,-0.4658
2012-05-17,-0.4761
2012-05-18,-0.4929
2012-05-21,-0.4794
2012-05-22,-0.4711
2012-05-23,-0.4932
2012-05-24,-0.4738
2012-05-25,-0.4700
2012-05-29,-0.4720
2012-05-30,-0.5104
2012-05-31,-0.5322
2012-06-01,-0.5935
2012-06-04,-0.5846
2012-06-05,-0.5711
2012-06-06,-0.5619
2012-06-07,-0.5707
2012-06-08,-0.5714
2012-06-11,-0.5946
2012-06-12,-0.5817
2012-06-13,-0.6068
2012-06-14,-0.5915
2012-06-15,-0.6000
2012-06-18,-0.6023
2012-06-19,-0.6014
2012-06-20,-0.6264
2012-06-21,-0.6582
2012-06-22,-0.6333
2012-06-25,-0.6423
2012-06-26,-0.6401
2012-06-27,-0.6248
2012-06-28,-0.6614
2012-06-29,-0.5777
2012-07-02,-0.5979
2012-07-03,-0.5412
2012-07-05,-0.5265
2012-07-06,-0.5587
2012-07-09,-0.5444
2012-07-10,-0.5696
2012-07-11,-0.5388
2012-07-12,-0.5354
2012-07-13,-0.5276
2012-07-16,-0.5185
2012-07-17,-0.5050
2012-07-18,-0.5006
2012-07-19,-0.4598
2012-07-20,-0.4691
2012-07-23,-0.5110
2012-07-24,-0.5025
2012-07-25,-0.5075
2012-07-26,-0.5162
2012-07-27,-0.4941
2012-07-30,-0.5028
2012-07-31,-0.5311
2012-08-01,-0.5042
2012-08-02,-0.5288
2012-08-03,-0.4823
2012-08-06,-0.4762
2012-08-07,-0.4497
2012-08-08,-0.4484
2012-08-09,-0.4369
2012-08-10,-0.4501
2012-08-13,-0.4540
2012-08-14,-0.4354
2012-08-15,-0.4102
2012-08-16,-0.3963
2012-08-17,-0.3873
2012-08-20,-0.3914
2012-08-21,-0.3959
2012-08-22,-0.4078
2012-08-23,-0.4303
2012-08-24,-0.4251
2012-08-27,-0.4360
2012-08-28,-0.4334
2012-08-29,-0.4378
2012-08-30,-0.4503
2012-08-31,-0.4421
2012-09-04,-0.4541
2012-09-05,-0.4537
2012-09-06,-0.4463
2012-09-07,-0.4553
2012-09-10,-0.4486
2012-09-11,-0.4505
2012-09-12,-0.4476
2012-09-13,-0.4424
2012-09-14,-0.4299
2012-09-17,-0.4620
2012-09-18,-0.4773
2012-09-19,-0.5301
2012-09-20,-0.5239
2012-09-21,-0.5139
2012-09-24,-0.5271
2012-09-25,-0.5381
2012-09-26,-0.5562
2012-09-27,-0.5364
2012-09-28,-0.5228
2012-10-01,-0.5231
2012-10-02,-0.5342
2012-10-03,-0.5787
2012-10-04,-0.5402
2012-10-05,-0.5577
2012-10-08,-0.5588
2012-10-09,-0.5104
2012-10-10,-0.5299
2012-10-11,-0.5239
2012-10-12,-0.5303
2012-10-15,-0.5292
2012-10-16,-0.5283
2012-10-17,-0.5259
2012-10-18,-0.5161
2012-10-19,-0.5441
2012-10-22,-0.5584
2012-10-23,-0.5823
2012-10-24,-0.5941
2012-10-25,-0.5821
2012-10-26,-0.5871
2012-10-31,-0.5985
2012-11-01,-0.5806
2012-11-02,-0.5967
2012-11-05,-0.5870
2012-11-06,-0.5422
2012-11-07,-0.6090
2012-11-08,-0.5995
2012-11-09,-0.5827
2012-11-12,-0.5894
2012-11-13,-0.5936
2012-11-14,-0.5813
2012-11-15,-0.5926
2012-11-16,-0.5735
2012-11-19,-0.5431
2012-11-20,-0.5702
2012-11-21,-0.5588
2012-11-23,-0.5636
2012-11-26,-0.5728
2012-11-27,-0.5790
2012-11-28,-0.5929
2012-11-29,-0.5745
2012-11-30,-0.5659
2012-12-03,-0.5673
2012-12-04,-0.5833
2012-12-05,-0.5906
2012-12-06,-0.6020
2012-12-07,-0.5975
2012-12-10,-0.6059
2012-12-11,-0.6055
2012-12-12,-0.5907
2012-12-13,-0.5982
2012-12-14,-0.5969
2012-12-17,-0.5850
2012-12-18,-0.5729
2012-12-19,-0.5571
2012-12-20,-0.5484
2012-12-21,-0.5650
2012-12-24,-0.5630
2012-12-26,-0.5331
2012-12-27,-0.5395
2012-12-28,-0.5395
2012-12-31,-0.5184
2013-01-02,-0.4894
2013-01-03,-0.4715
2013-01-04,-0.4657
2013-01-07,-0.4714
2013-01-08,-0.4734
2013-01-09,-0.4713
2013-01-10,-0.4762
2013-01-11,-0.4862
2013-01-14,-0.4821
2013-01-15,-0.4898
2013-01-16,-0.4771
2013-01-17,-0.4579
2013-01-18,-0.4510
2013-01-22,-0.4470
2013-01-23,-0.4598
2013-01-24,-0.4480
2013-01-25,-0.4420
2013-01-28,-0.4306
2013-01-29,-0.4190
2013-01-30,-0.4186
2013-01-31,-0.4287
2013-02-01,-0.4240
2013-02-04,-0.4399
2013-02-05,-0.4301
2013-02-06,-0.4303
2013-02-07,-0.4318
2013-02-08,-0.4315
2013-02-11,-0.4132
2013-02-12,-0.4074
2013-02-13,-0.4104
2013-02-14,-0.3997
2013-02-15,-0.4157
2013-02-19,-0.4053
2013-02-20,-0.4210
2013-02-21,-0.4393
2013-02-22,-0.4359
2013-02-25,-0.4398
2013-02-26,-0.4434
2013-02-27,-0.4453
2013-02-28,-0.4476
2013-03-01,-0.4623
2013-03-04,-0.4693
2013-03-05,-0.4610
2013-03-06,-0.4525
2013-03-07,-0.4402
2013-03-08,-0.4127
2013-03-11,-0.4143
2013-03-12,-0.4113
2013-03-13,-0.4045
2013-03-14,-0.4028
2013-03-15,-0.4097
2013-03-18,-0.4000
2013-03-19,-0.4198
2013-03-20,-0.4107
2013-03-21,-0.4177
2013-03-22,-0.4089
2013-03-25,-0.3859
2013-03-26,-0.3659
2013-03-27,-0.3611
2013-03-28,-0.3574
2013-04-01,-0.3671
2013-04-02,-0.3581
2013-04-03,-0.4061
2013-04-04,-0.4292
2013-04-05,-0.4485
2013-04-08,-0.4292
2013-04-09,-0.4266
2013-04-10,-0.4088
2013-04-11,-0.4324
2013-04-12,-0.4691
2013-04-15,-0.5036
2013-04-16,-0.5175
2013-04-17,-0.5252
2013-04-18,-0.5157
2013-04-19,-0.5061
2013-04-22,-0.4972
2013-04-23,-0.4832
2013-04-24,-0.4550
2013-04-25,-0.4281
2013-04-26,-0.4484
2013-04-29,-0.4353
2013-04-30,-0.4586
2013-05-01,-0.4979
2013-05-02,-0.4450
2013-05-03,-0.4119
2013-05-06,-0.3970
2013-05-07,-0.4035
2013-05-08,-0.4020
2013-05-09,-0.3780
2013-05-10,-0.3645
2013-05-13,-0.3708
2013-05-14,-0.3732
2013-05-15,-0.3668
2013-05-16,-0.3654
2013-05-17,-0.3320
2013-05-20,-0.3320
2013-05-21,-0.3407
2013-05-22,-0.3476
2013-05-23,-0.3591
2013-05-24,-0.3642
2013-05-28,-0.3279
2013-05-29,-0.3666
2013-05-30,-0.3751
2013-05-31,-0.3840
2013-06-03,-0.3840
2013-06-04,-0.3834
2013-06-05,-0.3865
2013-06-06,-0.4005
2013-06-07,-0.3695
2013-06-10,-0.3678
2013-06-11,-0.3894
2013-06-12,-0.3811
2013-06-13,-0.3845
2013-06-14,-0.3730
2013-06-17,-0.3714
2013-06-18,-0.3599
2013-06-19,-0.3286
2013-06-20,-0.3451
2013-06-21,-0.3461
2013-06-24,-0.3194
2013-06-25,-0.3093
2013-06-26,-0.3037
2013-06-27,-0.2900
2013-06-28,-0.2910
2013-07-01,-0.2748
2013-07-02,-0.2420
2013-07-03,-0.2235
2013-07-05,-0.1439
2013-07-08,-0.1582
2013-07-09,-0.1456
2013-07-10,-0.1122
2013-07-11,-0.1768
2013-07-12,-0.1539
2013-07-15,-0.1528
2013-07-16,-0.1744
2013-07-17,-0.1659
2013-07-18,-0.1372
2013-07-19,-0.1476
2013-07-22,-0.1720
2013-07-23,-0.1695
2013-07-24,-0.1794
2013-07-25,-0.1837
2013-07-26,-0.2080
2013-07-29,-0.2064
2013-07-30,-0.2202
2013-07-31,-0.2039
2013-08-01,-0.1292
2013-08-02,-0.1661
2013-08-05,-0.1676
2013-08-06,-0.1911
2013-08-07,-0.2159
2013-08-08,-0.2372
2013-08-09,-0.2003
2013-08-12,-0.1908
2013-08-13,-0.1590
2013-08-14,-0.1598
2013-08-15,-0.1619
2013-08-16,-0.1487
2013-08-19,-0.1480
2013-08-20,-0.1925
2013-08-21,-0.1933
2013-08-22,-0.1680
2013-08-23,-0.1621
2013-08-26,-0.1697
2013-08-27,-0.1421
2013-08-28,-0.1144
2013-08-29,-0.1229
2013-08-30,-0.1354
2013-09-03,-0.1057
2013-09-04,-0.1224
2013-09-05,-0.0867
2013-09-06,-0.0734
2013-09-09,-0.1004
2013-09-10,-0.1215
2013-09-11,-0.1308
2013-09-12,-0.1189
2013-09-13,-0.1261
2013-09-16,-0.1556
2013-09-17,-0.1758
2013-09-18,-0.1784
2013-09-19,-0.1938
2013-09-20,-0.2169
2013-09-23,-0.2336
2013-09-24,-0.2441
2013-09-25,-0.2604
2013-09-26,-0.2476
2013-09-27,-0.2584
2013-09-30,-0.2674
2013-10-01,-0.2706
2013-10-02,-0.2502
2013-10-03,-0.2658
2013-10-04,-0.2451
2013-10-07,-0.2624
2013-10-08,-0.2531
2013-10-09,-0.2696
2013-10-10,-0.2454
2013-10-11,-0.2606
2013-10-14,-0.2567
2013-10-15,-0.2645
2013-10-16,-0.2549
2013-10-17,-0.3067
2013-10-18,-0.3048
2013-10-21,-0.3231
2013-10-22,-0.3639
2013-10-23,-0.3793
2013-10-24,-0.3733
2013-10-25,-0.3657
2013-10-28,-0.3517
2013-10-29,-0.3498
2013-10-30,-0.3640
2013-10-31,-0.3569
2013-11-01,-0.3594
2013-11-04,-0.3656
2013-11-05,-0.3720
2013-11-06,-0.3605
2013-11-07,-0.3637
2013-11-08,-0.3338
2013-11-11,-0.3288
2013-11-12,-0.3530
2013-11-13,-0.3527
2013-11-14,-0.3557
2013-11-15,-0.3572
2013-11-18,-0.3719
2013-11-19,-0.3669
2013-11-20,-0.3482
2013-11-21,-0.3219
2013-11-22,-0.3418
2013-11-25,-0.3482
2013-11-26,-0.3663
2013-11-27,-0.3774
2013-11-29,-0.3725
2013-12-02,-0.3453
2013-12-03,-0.3250
2013-12-04,-0.3016
2013-12-05,-0.3053
2013-12-06,-0.2992
2013-12-09,-0.3097
2013-12-10,-0.3045
2013-12-11,-0.3156
2013-12-12,-0.3036
2013-12-13,-0.3166
2013-12-16,-0.3070
2013-12-17,-0.3146
2013-12-18,-0.3008
2013-12-19,-0.2707
2013-12-20,-0.2687
2013-12-23,-0.2726
2013-12-24,-0.2604
2013-12-26,-0.2563
2013-12-27,-0.2462
2013-12-30,-0.2728
2013-12-31,-0.2780
2014-01-02,-0.3091
2014-01-03,-0.3242
2014-01-06,-0.3386
2014-01-07,-0.3338
2014-01-08,-0.3406
2014-01-09,-0.3538
2014-01-10,-0.3595
2014-01-13,-0.3793
2014-01-14,-0.3614
2014-01-15,-0.3290
2014-01-16,-0.3389
2014-01-17,-0.3266
2014-01-21,-0.3222
2014-01-22,-0.2929
2014-01-23,-0.3122
2014-01-24,-0.3253
2014-01-27,-0.3333
2014-01-28,-0.3109
2014-01-29,-0.3211
2014-01-30,-0.2934
2014-01-31,-0.3020
2014-02-03,-0.3325
2014-02-04,-0.3147
2014-02-05,-0.3094
2014-02-06,-0.3025
2014-02-07,-0.2826
2014-02-10,-0.2803
2014-02-11,-0.2782
2014-02-12,-0.2662
2014-02-13,-0.2788
2014-02-14,-0.2822
2014-02-18,-0.2601
2014-02-19,-0.2417
2014-02-20,-0.2419
2014-02-21,-0.2551
2014-02-24,-0.2456
2014-02-25,-0.2661
2014-02-26,-0.2527
2014-02-27,-0.2617
2014-02-28,-0.2694
2014-03-03,-0.2367
2014-03-04,-0.2466
2014-03-05,-0.2725
2014-03-06,-0.2768
2014-03-07,-0.2560
2014-03-10,-0.2758
2014-03-11,-0.2921
2014-03-12,-0.3282
2014-03-13,-0.3334
2014-03-14,-0.3292
2014-03-17,-0.3353
2014-03-18,-0.3149
2014-03-19,-0.2816
2014-03-20,-0.2888
2014-03-21,-0.2936
2014-03-24,-0.2979
2014-03-25,-0.3030
2014-03-26,-0.2914
2014-03-27,-0.2778
2014-03-28,-0.2663
2014-03-31,-0.2681
2014-04-01,-0.2895
2014-04-02,-0.2828
2014-04-03,-0.2692
2014-04-04,-0.2662
2014-04-07,-0.2839
2014-04-08,-0.2679
2014-04-09,-0.2599
2014-04-10,-0.2714
2014-04-11,-0.2661
2014-04-14,-0.2530
2014-04-15,-0.2566
2014-04-16,-0.2550
2014-04-17,-0.2379
2014-04-21,-0.2341
2014-04-22,-0.2649
2014-04-23,-0.2800
2014-04-24,-0.2744
2014-04-25,-0.2958
2014-04-28,-0.2934
2014-04-29,-0.2823
2014-04-30,-0.3162
2014-05-01,-0.3243
2014-05-02,-0.3217
2014-05-05,-0.3239
2014-05-06,-0.3338
2014-05-07,-0.3152
2014-05-08,-0.3158
2014-05-09,-0.3058
2014-05-12,-0.2940
2014-05-13,-0.2775
2014-05-14,-0.2786
2014-05-15,-0.2967
2014-05-16,-0.2869
2014-05-19,-0.2780
2014-05-20,-0.2822
2014-05-21,-0.2555
2014-05-22,-0.2543
2014-05-23,-0.2449
2014-05-27,-0.2512
2014-05-28,-0.2739
2014-05-29,-0.2631
2014-05-30,-0.2766
2014-06-02,-0.2647
2014-06-03,-0.2575
2014-06-04,-0.2535
2014-06-05,-0.2653
2014-06-06,-0.2604
2014-06-09,-0.2291
2014-06-10,-0.2234
2014-06-11,-0.2229
2014-06-12,-0.2051
2014-06-13,-0.1979
2014-06-16,-0.2014
2014-06-17,-0.1984
2014-06-18,-0.2096
2014-06-19,-0.2086
2014-06-20,-0.1959
2014-06-23,-0.2134
2014-06-24,-0.2178
2014-06-25,-0.2171
2014-06-26,-0.2297
2014-06-27,-0.2348
2014-06-30,-0.2478
2014-07-01,-0.2420
2014-07-02,-0.2429
2014-07-03,-0.2404
2014-07-07,-0.2509
2014-07-08,-0.2595
2014-07-09,-0.2811
2014-07-10,-0.2708
2014-07-11,-0.2992
2014-07-14,-0.2949
2014-07-15,-0.3030
2014-07-16,-0.2834
2014-07-17,-0.2645
2014-07-18,-0.2643
2014-07-21,-0.2446
2014-07-22,-0.2426
2014-07-23,-0.2598
2014-07-24,-0.2675
2014-07-25,-0.2679
2014-07-28,-0.2711
2014-07-29,-0.2797
2014-07-30,-0.2737
2014-07-31,-0.3010
2014-08-01,-0.3146
2014-08-04,-0.3099
2014-08-05,-0.3186
2014-08-06,-0.3278
2014-08-07,-0.3259
2014-08-08,-0.3258
2014-08-11,-0.3175
2014-08-12,-0.3239
2014-08-13,-0.3218
2014-08-14,-0.3508
2014-08-15,-0.3371
2014-08-18,-0.3413
2014-08-19,-0.3583
2014-08-20,-0.3255
2014-08-21,-0.3587
2014-08-22,-0.3588
2014-08-25,-0.3597
2014-08-26,-0.3499
2014-08-27,-0.3583
2014-08-28,-0.3511
2014-08-29,-0.3245
2014-09-02,-0.3520
2014-09-03,-0.3197
2014-09-04,-0.3076
2014-09-05,-0.3233
2014-09-08,-0.3197
2014-09-09,-0.3138
2014-09-10,-0.3253
2014-09-11,-0.3087
2014-09-12,-0.3083
2014-09-15,-0.3016
2014-09-16,-0.2798
2014-09-17,-0.2698
2014-09-18,-0.2938
2014-09-19,-0.2961
2014-09-22,-0.3137
2014-09-23,-0.3169
2014-09-24,-0.2869
2014-09-25,-0.2936
2014-09-26,-0.2667
2014-09-29,-0.2589
2014-09-30,-0.2949
2014-10-01,-0.3120
2014-10-02,-0.3130
2014-10-03,-0.3033
2014-10-06,-0.3210
2014-10-07,-0.3507
2014-10-08,-0.3827
2014-10-09,-0.3987
2014-10-10,-0.3910
2014-10-13,-0.4059
2014-10-14,-0.4586
2014-10-15,-0.4886
2014-10-16,-0.4725
2014-10-17,-0.4621
2014-10-20,-0.4704
2014-10-21,-0.4574
2014-10-22,-0.4758
2014-10-23,-0.4469
2014-10-24,-0.4644
2014-10-27,-0.4718
2014-10-28,-0.4652
2014-10-29,-0.4373
2014-10-30,-0.4493
2014-10-31,-0.4364
2014-11-03,-0.4485
2014-11-04,-0.4786
2014-11-05,-0.4466
2014-11-06,-0.4406
2014-11-07,-0.4465
2014-11-10,-0.4541
2014-11-11,-0.4533
2014-11-12,-0.4568
2014-11-13,-0.5021
2014-11-14,-0.4866
2014-11-17,-0.4773
2014-11-18,-0.5016
2014-11-19,-0.4971
2014-11-20,-0.4868
2014-11-21,-0.4593
2014-11-24,-0.4736
2014-11-25,-0.5077
2014-11-26,-0.5234
2014-11-28,-0.6124
2014-12-01,-0.5808
2014-12-02,-0.5853
2014-12-03,-0.5709
2014-12-04,-0.5882
2014-12-05,-0.5807
2014-12-08,-0.6312
2014-12-09,-0.6333
2014-12-10,-0.6881
2014-12-11,-0.6913
2014-12-12,-0.7360
2014-12-15,-0.7579
2014-12-16,-0.7706
2014-12-17,-0.7307
2014-12-18,-0.7538
2014-12-19,-0.7157
2014-12-22,-0.7303
2014-12-23,-0.6874
2014-12-24,-0.7061
2014-12-26,-0.7213
2014-12-29,-0.7376
2014-12-30,-0.7374
2014-12-31,-0.7445
2015-01-02,-0.7384
2015-01-05,-0.7768
2015-01-06,-0.8112
2015-01-07,-0.7932
2015-01-08,-0.7728
2015-01-09,-0.7940
2015-01-12,-0.8308
2015-01-13,-0.8279
2015-01-14,-0.8023
2015-01-15,-0.8351
2015-01-16,-0.7934
2015-01-20,-0.8129
2015-01-21,-0.7924
2015-01-22,-0.7756
2015-01-23,-0.7762
2015-01-26,-0.7857
2015-01-27,-0.7900
2015-01-28,-0.8149
2015-01-29,-0.8033
2015-01-30,-0.7612
2015-02-02,-0.7505
2015-02-03,-0.7125
2015-02-04,-0.7637
2015-02-05,-0.7172
2015-02-06,-0.6868
2015-02-09,-0.6758
2015-02-10,-0.7020
2015-02-11,-0.7129
2015-02-12,-0.7024
2015-02-13,-0.6745
2015-02-17,-0.6536
2015-02-18,-0.6781
2015-02-19,-0.6813
2015-02-20,-0.6937
2015-02-23,-0.7066
2015-02-24,-0.7189
2015-02-25,-0.7045
2015-02-26,-0.7117
2015-02-27,-0.6927
2015-03-02,-0.6806
2015-03-03,-0.6656
2015-03-04,-0.6377
2015-03-05,-0.6397
2015-03-06,-0.6112
2015-03-09,-0.6117
2015-03-10,-0.6183
2015-03-11,-0.5937
2015-03-12,-0.6259
2015-03-13,-0.6260
2015-03-16,-0.6580
2015-03-17,-0.6685
2015-03-18,-0.6891
2015-03-19,-0.6825
2015-03-20,-0.6923
2015-03-23,-0.6915
2015-03-24,-0.6911
2015-03-25,-0.6682
2015-03-26,-0.6173
2015-03-27,-0.6623
2015-03-30,-0.6467
2015-03-31,-0.6556
2015-04-01,-0.6334
2015-04-02,-0.6601
2015-04-06,-0.6272
2015-04-07,-0.5863
2015-04-08,-0.6287
2015-04-09,-0.5906
2015-04-10,-0.5744
2015-04-13,-0.5697
2015-04-14,-0.5723
2015-04-15,-0.5409
2015-04-16,-0.5608
2015-04-17,-0.5747
2015-04-20,-0.5509
2015-04-21,-0.5628
2015-04-22,-0.5432
2015-04-23,-0.5423
2015-04-24,-0.5623
2015-04-27,-0.5672
2015-04-28,-0.5769
2015-04-29,-0.5723
2015-04-30,-0.5692
2015-05-01,-0.5510
2015-05-04,-0.5476
2015-05-05,-0.5313
2015-05-06,-0.5407
2015-05-07,-0.5624
2015-05-08,-0.5561
2015-05-11,-0.5387
2015-05-12,-0.5313
2015-05-13,-0.5539
2015-05-14,-0.5734
2015-05-15,-0.5923
2015-05-18,-0.5610
2015-05-19,-0.5608
2015-05-20,-0.5345
2015-05-21,-0.5229
2015-05-22,-0.5152
2015-05-26,-0.5163
2015-05-27,-0.5219
2015-05-28,-0.5297
2015-05-29,-0.4995
2015-06-01,-0.4784
2015-06-02,-0.4925
2015-06-03,-0.5120
2015-06-04,-0.5412
2015-06-05,-0.4948
2015-06-08,-0.5347
2015-06-09,-0.5065
2015-06-10,-0.4945
2015-06-11,-0.5064
2015-06-12,-0.5174
2015-06-15,-0.5302
2015-06-16,-0.5241
2015-06-17,-0.5428
2015-06-18,-0.5367
2015-06-19,-0.5565
2015-06-22,-0.5392
2015-06-23,-0.4894
2015-06-24,-0.5078
2015-06-25,-0.5147
2015-06-26,-0.4996
2015-06-29,-0.5499
2015-06-30,-0.5173
2015-07-01,-0.5224
2015-07-02,-0.5304
2015-07-06,-0.5987
2015-07-07,-0.5932
2015-07-08,-0.6191
2015-07-09,-0.5853
2015-07-10,-0.5865
2015-07-13,-0.5726
2015-07-14,-0.5699
2015-07-15,-0.5859
2015-07-16,-0.5799
2015-07-17,-0.5757
2015-07-20,-0.5791
2015-07-21,-0.5966
2015-07-22,-0.6081
2015-07-23,-0.6346
2015-07-24,-0.6367
2015-07-27,-0.6694
2015-07-28,-0.6524
2015-07-29,-0.6331
2015-07-30,-0.6242
2015-07-31,-0.6549
2015-08-03,-0.6848
2015-08-04,-0.6596
2015-08-05,-0.6605
2015-08-06,-0.6741
2015-08-07,-0.6979
2015-08-10,-0.6855
2015-08-11,-0.7194
2015-08-12,-0.7417
2015-08-13,-0.7450
2015-08-14,-0.7377
2015-08-17,-0.7455
2015-08-18,-0.7266
2015-08-19,-0.7710
2015-08-20,-0.7884
2015-08-21,-0.8231
2015-08-24,-0.8958
2015-08-25,-0.8367
2015-08-26,-0.8284
2015-08-27,-0.7629
2015-08-28,-0.7129
2015-08-31,-0.6611
2015-09-01,-0.7276
2015-09-02,-0.7048
2015-09-03,-0.6870
2015-09-04,-0.7053
2015-09-08,-0.7077
2015-09-09,-0.7303
2015-09-10,-0.7148
2015-09-11,-0.7431
2015-09-14,-0.7506
2015-09-15,-0.7225
2015-09-16,-0.6898
2015-09-17,-0.7237
2015-09-18,-0.7563
2015-09-21,-0.6951
2015-09-22,-0.7075
2015-09-23,-0.7286
2015-09-24,-0.7274
2015-09-25,-0.7046
2015-09-28,-0.7358
2015-09-29,-0.7330
2015-09-30,-0.7232
2015-10-01,-0.7339
2015-10-02,-0.7376
2015-10-05,-0.7135
2015-10-06,-0.7006
2015-10-07,-0.7063
2015-10-08,-0.6834
2015-10-09,-0.6939
2015-10-12,-0.7285
2015-10-13,-0.7404
2015-10-14,-0.7688
2015-10-15,-0.7571
2015-10-16,-0.7411
2015-10-19,-0.7491
2015-10-20,-0.7515
2015-10-21,-0.7561
2015-10-22,-0.7235
2015-10-23,-0.7101
2015-10-26,-0.7264
2015-10-27,-0.7392
2015-10-28,-0.6740
2015-10-29,-0.6751
2015-10-30,-0.6783
2015-11-02,-0.6808
2015-11-03,-0.6476
2015-11-04,-0.6491
2015-11-05,-0.6629
2015-11-06,-0.6362
2015-11-09,-0.6451
2015-11-10,-0.6354
2015-11-11,-0.6576
2015-11-12,-0.6844
2015-11-13,-0.6944
2015-11-16,-0.6709
2015-11-17,-0.6823
2015-11-18,-0.6798
2015-11-19,-0.7008
2015-11-20,-0.6874
2015-11-23,-0.6648
2015-11-24,-0.6569
2015-11-25,-0.6494
2015-11-27,-0.6630
2015-11-30,-0.6610
2015-12-01,-0.6743
2015-12-02,-0.6931
2015-12-03,-0.7167
2015-12-04,-0.7207
2015-12-07,-0.7505
2015-12-08,-0.7554
2015-12-09,-0.7902
2015-12-10,-0.7781
2015-12-11,-0.8137
2015-12-14,-0.7939
2015-12-15,-0.7601
2015-12-16,-0.7911
2015-12-17,-0.7711
2015-12-18,-0.7921
2015-12-21,-0.7979
2015-12-22,-0.7794
2015-12-23,-0.7557
2015-12-24,-0.7585
2015-12-28,-0.7795
2015-12-29,-0.7515
2015-12-30,-0.7651
2015-12-31,-0.7545
2016-01-04,-0.7553
2016-01-05,-0.7530
2016-01-06,-0.7935
2016-01-07,-0.8286
2016-01-08,-0.8251
2016-01-11,-0.8411
2016-01-12,-0.8549
2016-01-13,-0.8594
2016-01-14,-0.8422
2016-01-15,-0.8768
2016-01-19,-0.8889
2016-01-20,-0.9183
2016-01-21,-0.8746
2016-01-22,-0.8230
2016-01-25,-0.8561
2016-01-26,-0.8442
2016-01-27,-0.8428
2016-01-28,-0.8414
2016-01-29,-0.8160
2016-02-01,-0.8536
2016-02-02,-0.8919
2016-02-03,-0.8951
2016-02-04,-0.9241
2016-02-05,-0.9239
2016-02-08,-0.9640
2016-02-09,-1.0003
2016-02-10,-1.0140
2016-02-11,-1.0456
2016-02-12,-0.9799
2016-02-16,-0.9607
2016-02-17,-0.9360
2016-02-18,-0.9375
2016-02-19,-0.9624
2016-02-22,-0.9169
2016-02-23,-0.9116
2016-02-24,-0.9086
2016-02-25,-0.9053
2016-02-26,-0.8813
2016-02-29,-0.8692
2016-03-01,-0.8464
2016-03-02,-0.8446
2016-03-03,-0.8631
2016-03-04,-0.8442
2016-03-07,-0.8216
2016-03-08,-0.8453
2016-03-09,-0.8151
2016-03-10,-0.8432
2016-03-11,-0.8264
2016-03-14,-0.8352
2016-03-15,-0.8468
2016-03-16,-0.8380
2016-03-17,-0.8453
2016-03-18,-0.8538
2016-03-21,-0.8344
2016-03-22,-0.8035
2016-03-23,-0.8233
2016-03-24,-0.8228
2016-03-28,-0.8320
2016-03-29,-0.8720
2016-03-30,-0.8772
2016-03-31,-0.8879
2016-04-01,-0.9075
2016-04-04,-0.9264
2016-04-05,-0.9269
2016-04-06,-0.9032
2016-04-07,-0.9160
2016-04-08,-0.8850
2016-04-11,-0.8828
2016-04-12,-0.8515
2016-04-13,-0.8406
2016-04-14,-0.8382
2016-04-15,-0.8617
2016-04-18,-0.8722
2016-04-19,-0.8656
2016-04-20,-0.8243
2016-04-21,-0.8124
2016-04-22,-0.7905
2016-04-25,-0.8104
2016-04-26,-0.7945
2016-04-27,-0.7894
2016-04-28,-0.7974
2016-04-29,-0.8172
2016-05-02,-0.8382
2016-05-03,-0.8535
2016-05-04,-0.8479
2016-05-05,-0.8305
2016-05-06,-0.8196
2016-05-09,-0.8321
2016-05-10,-0.8122
2016-05-11,-0.8047
2016-05-12,-0.7885
2016-05-13,-0.7898
2016-05-16,-0.7648
2016-05-17,-0.7566
2016-05-18,-0.7319
2016-05-19,-0.7313
2016-05-20,-0.7359
2016-05-23,-0.7346
2016-05-24,-0.7168
2016-05-25,-0.7080
2016-05-26,-0.7187
2016-05-27,-0.7092
2016-05-31,-0.7055
2016-06-01,-0.7156
2016-06-02,-0.7150
2016-06-03,-0.7710
2016-06-06,-0.7575
2016-06-07,-0.7512
2016-06-08,-0.7459
2016-06-09,-0.7458
2016-06-10,-0.7587
2016-06-13,-0.7694
2016-06-14,-0.7619
2016-06-15,-0.7778
2016-06-16,-0.8068
2016-06-17,-0.7852
2016-06-20,-0.7747
2016-06-21,-0.7690
2016-06-22,-0.7737
2016-06-23,-0.7587
2016-06-24,-0.7647
2016-06-27,-0.7701
2016-06-28,-0.7562
2016-06-29,-0.7383
2016-06-30,-0.7493
2016-07-01,-0.7556
2016-07-05,-0.7858
2016-07-06,-0.7751
2016-07-07,-0.7995
2016-07-08,-0.7990
2016-07-11,-0.7936
2016-07-12,-0.7601
2016-07-13,-0.7982
2016-07-14,-0.7818
2016-07-15,-0.7591
2016-07-18,-0.7700
2016-07-19,-0.7696
2016-07-20,-0.7596
2016-07-21,-0.7686
2016-07-22,-0.7645
2016-07-25,-0.7830
2016-07-26,-0.7899
2016-07-27,-0.8115
2016-07-28,-0.8300
2016-07-29,-0.8586
2016-08-01,-0.8709
2016-08-02,-0.8891
2016-08-03,-0.8587
2016-08-04,-0.8435
2016-08-05,-0.8260
2016-08-08,-0.8044
2016-08-09,-0.8173
2016-08-10,-0.8484
2016-08-11,-0.8120
2016-08-12,-0.8083
2016-08-15,-0.7892
2016-08-16,-0.7952
2016-08-17,-0.7957
2016-08-18,-0.7925
2016-08-19,-0.7753
2016-08-22,-0.7994
2016-08-23,-0.7831
2016-08-24,-0.7945
2016-08-25,-0.7854
2016-08-26,-0.7555
2016-08-29,-0.7721
2016-08-30,-0.7690
2016-08-31,-0.7923
2016-09-01,-0.8218
2016-09-02,-0.7960
2016-09-06,-0.8220
2016-09-07,-0.8098
2016-09-08,-0.7708
2016-09-09,-0.7807
2016-09-12,-0.7808
2016-09-13,-0.7800
2016-09-14,-0.8102
2016-09-15,-0.8051
2016-09-16,-0.7977
2016-09-19,-0.8011
2016-09-20,-0.7958
2016-09-21,-0.7808
2016-09-22,-0.7766
2016-09-23,-0.8028
2016-09-26,-0.7901
2016-09-27,-0.8079
2016-09-28,-0.7746
2016-09-29,-0.7625
2016-09-30,-0.7531
2016-10-03,-0.7368
2016-10-04,-0.7227
2016-10-05,-0.7033
2016-10-06,-0.6794
2016-10-07,-0.6920
2016-10-11,-0.6480
2016-10-12,-0.6476
2016-10-13,-0.6594
2016-10-14,-0.6423
2016-10-17,-0.6542
2016-10-18,-0.6511
2016-10-19,-0.6337
2016-10-20,-0.6394
2016-10-21,-0.6255
2016-10-24,-0.6281
2016-10-25,-0.6350
2016-10-26,-0.6441
2016-10-27,-0.6246
2016-10-28,-0.6511
2016-10-31,-0.6749
2016-11-01,-0.6969
2016-11-02,-0.7245
2016-11-03,-0.7380
2016-11-04,-0.7514
2016-11-07,-0.7183
2016-11-08,-0.7113
2016-11-09,-0.6682
2016-11-10,-0.6645
2016-11-14,-0.6393
2016-11-15,-0.6018
2016-11-16,-0.6015
2016-11-17,-0.5861
2016-11-18,-0.5681
2016-11-21,-0.5471
2016-11-22,-0.5420
2016-11-23,-0.5232
2016-11-25,-0.5522
2016-11-28,-0.5481
2016-11-29,-0.5848
2016-11-30,-0.5066
2016-12-01,-0.4873
2016-12-02,-0.4911
2016-12-05,-0.5049
2016-12-06,-0.5072
2016-12-07,-0.5347
2016-12-08,-0.4957
2016-12-09,-0.4660
2016-12-12,-0.4608
2016-12-13,-0.4569
2016-12-14,-0.4551
2016-12-15,-0.4239
2016-12-16,-0.4126
2016-12-19,-0.4114
2016-12-20,-0.4034
2016-12-21,-0.4088
2016-12-22,-0.4001
2016-12-23,-0.4022
2016-12-27,-0.3877
2016-12-28,-0.3863
2016-12-29,-0.4073
2016-12-30,-0.4184
2017-01-03,-0.4173
2017-01-04,-0.4166
2017-01-05,-0.4475
2017-01-06,-0.4220
2017-01-09,-0.4612
2017-01-10,-0.4745
2017-01-11,-0.4615
2017-01-12,-0.4625
2017-01-13,-0.4731
2017-01-17,-0.4978
2017-01-18,-0.4955
2017-01-19,-0.4784
2017-01-20,-0.4730
2017-01-23,-0.4896
2017-01-24,-0.4715
2017-01-25,-0.4790
2017-01-26,-0.4584
2017-01-27,-0.4662
2017-01-30,-0.4757
2017-01-31,-0.4988
2017-02-01,-0.4786
2017-02-02,-0.4786
2017-02-03,-0.4718
2017-02-06,-0.4909
2017-02-07,-0.4967
2017-02-08,-0.4982
2017-02-09,-0.4754
2017-02-10,-0.4586
2017-02-13,-0.4646
2017-02-14,-0.4499
2017-02-15,-0.4492
2017-02-16,-0.4693
2017-02-17,-0.4595
2017-02-21,-0.4403
2017-02-22,-0.4486
2017-02-23,-0.4470
2017-02-24,-0.4604
2017-02-27,-0.4527
2017-02-28,-0.4547
2017-03-01,-0.4295
2017-03-02,-0.4331
2017-03-03,-0.4387
2017-03-06,-0.4379
2017-03-07,-0.4327
2017-03-08,-0.4607
2017-03-09,-0.4743
2017-03-10,-0.5011
2017-03-13,-0.4963
2017-03-14,-0.4994
2017-03-15,-0.5166
2017-03-16,-0.5277
2017-03-17,-0.5290
2017-03-20,-0.5372
2017-03-21,-0.5676
2017-03-22,-0.5657
2017-03-23,-0.5659
2017-03-24,-0.5674
2017-03-27,-0.5847
2017-03-28,-0.5591
2017-03-29,-0.5393
2017-03-30,-0.5147
2017-03-31,-0.5150
2017-04-03,-0.5206
2017-04-04,-0.5099
2017-04-05,-0.5070
2017-04-06,-0.4985
2017-04-07,-0.4756
2017-04-10,-0.4694
2017-04-11,-0.4796
2017-04-12,-0.4821
2017-04-13,-0.4937
2017-04-17,-0.5048
2017-04-18,-0.5354
2017-04-19,-0.5538
2017-04-20,-0.5507
2017-04-21,-0.5552
2017-04-24,-0.5776
2017-04-25,-0.5734
2017-04-26,-0.5711
2017-04-27,-0.5788
2017-04-28,-0.5762
2017-05-01,-0.5758
2017-05-02,-0.5989
2017-05-03,-0.5898
2017-05-04,-0.6264
2017-05-05,-0.6200
2017-05-08,-0.6025
2017-05-09,-0.5959
2017-05-10,-0.5736
2017-05-11,-0.5696
2017-05-12,-0.5856
2017-05-15,-0.5797
2017-05-16,-0.6023
2017-05-17,-0.6260
2017-05-18,-0.6093
2017-05-19,-0.6121
2017-05-22,-0.6097
2017-05-23,-0.5873
2017-05-24,-0.5935
2017-05-25,-0.6279
2017-05-26,-0.6127
2017-05-30,-0.6212
2017-05-31,-0.6504
2017-06-01,-0.6408
2017-06-02,-0.6683
2017-06-05,-0.6673
2017-06-06,-0.6644
2017-06-07,-0.6918
2017-06-08,-0.6870
2017-06-09,-0.6755
2017-06-12,-0.6736
2017-06-13,-0.6729
2017-06-14,-0.7052
2017-06-15,-0.6945
2017-06-16,-0.6977
2017-06-19,-0.6925
2017-06-20,-0.7046
2017-06-21,-0.7184
2017-06-22,-0.7162
2017-06-23,-0.7193
2017-06-26,-0.7120
2017-06-27,-0.7162
2017-06-28,-0.7168
2017-06-29,-0.7190
2017-06-30,-0.6993
2017-07-03,-0.6674
2017-07-05,-0.6930
2017-07-06,-0.6948
2017-07-07,-0.7052
2017-07-10,-0.7044
2017-07-11,-0.7041
2017-07-12,-0.7008
2017-07-13,-0.6918
2017-07-14,-0.7037
2017-07-17,-0.7114
2017-07-18,-0.7226
2017-07-19,-0.7090
2017-07-20,-0.7263
2017-07-21,-0.7519
2017-07-24,-0.7407
2017-07-25,-0.7098
2017-07-26,-0.7122
2017-07-27,-0.7005
2017-07-28,-0.7081
2017-07-31,-0.7110
2017-08-01,-0.7254
2017-08-02,-0.7230
2017-08-03,-0.7350
2017-08-04,-0.7057
2017-08-07,-0.7120
2017-08-08,-0.7071
2017-08-09,-0.7094
2017-08-10,-0.7287
2017-08-11,-0.7361
2017-08-14,-0.7401
2017-08-15,-0.7260
2017-08-16,-0.7495
2017-08-17,-0.7453
2017-08-18,-0.7311
2017-08-21,-0.7560
2017-08-22,-0.7377
2017-08-23,-0.7418
2017-08-24,-0.7494
2017-08-25,-0.7591
2017-08-28,-0.7905
2017-08-29,-0.7915
2017-08-30,-0.7846
2017-08-31,-0.7749
2017-09-01,-0.7667
2017-09-05,-0.7699
2017-09-06,-0.7592
2017-09-07,-0.7836
2017-09-08,-0.8102
2017-09-11,-0.7823
2017-09-12,-0.7737
2017-09-13,-0.7420
2017-09-14,-0.7433
2017-09-15,-0.7486
2017-09-18,-0.7410
2017-09-19,-0.7514
2017-09-20,-0.7178
2017-09-21,-0.7218
2017-09-22,-0.7242
2017-09-25,-0.6964
2017-09-26,-0.6924
2017-09-27,-0.6705
2017-09-28,-0.6848
2017-09-29,-0.6816
2017-10-02,-0.6837
2017-10-03,-0.6860
2017-10-04,-0.6950
2017-10-05,-0.6698
2017-10-06,-0.6917
2017-10-09,-0.6902
2017-10-10,-0.6846
2017-10-11,-0.6873
2017-10-12,-0.6955
2017-10-13,-0.6895
2017-10-16,-0.6763
2017-10-17,-0.6721
2017-10-18,-0.6684
2017-10-19,-0.6828
2017-10-20,-0.6633
2017-10-23,-0.6523
2017-10-24,-0.6407
2017-10-25,-0.6462
2017-10-26,-0.6177
2017-10-27,-0.5959
2017-10-30,-0.6093
2017-10-31,-0.6041
2017-11-01,-0.5988
2017-11-02,-0.6019
2017-11-03,-0.5815
2017-11-06,-0.5661
2017-11-07,-0.5651
2017-11-08,-0.5693
2017-11-09,-0.5740
2017-11-10,-0.5732
2017-11-13,-0.5705
2017-11-14,-0.6028
2017-11-15,-0.6135
2017-11-16,-0.6103
2017-11-17,-0.5984
2017-11-20,-0.5925
2017-11-21,-0.5866
2017-11-22,-0.5925
2017-11-24,-0.5888
2017-11-27,-0.5982
2017-11-28,-0.5901
2017-11-29,-0.5952
2017-11-30,-0.5951
2017-12-01,-0.5910
2017-12-04,-0.5942
2017-12-05,-0.5903
2017-12-06,-0.6103
2017-12-07,-0.5906
2017-12-08,-0.5783
2017-12-11,-0.5703
2017-12-12,-0.5743
2017-12-13,-0.6037
2017-12-14,-0.5967
2017-12-15,-0.5816
2017-12-18,-0.5848
2017-12-19,-0.5781
2017-12-20,-0.5686
2017-12-21,-0.5684
2017-12-22,-0.5648
2017-12-26,-0.5486
2017-12-27,-0.5646
2017-12-28,-0.5701
2017-12-29,-0.5767
2018-01-02,-0.5770
2018-01-03,-0.5546
2018-01-04,-0.5561
2018-01-05,-0.5588
2018-01-08,-0.5454
2018-01-09,-0.5164
2018-01-10,-0.5125
2018-01-11,-0.5229
2018-01-12,-0.5347
2018-01-16,-0.5572
2018-01-17,-0.5465
2018-01-18,-0.5440
2018-01-19,-0.5472
2018-01-22,-0.5464
2018-01-23,-0.5445
2018-01-24,-0.5472
2018-01-25,-0.5481
2018-01-26,-0.5425
2018-01-29,-0.5404
2018-01-30,-0.5546
2018-01-31,-0.5536
2018-02-01,-0.5440
2018-02-02,-0.5269
2018-02-05,-0.5431
2018-02-06,-0.5554
2018-02-07,-0.5525
2018-02-08,-0.5611
2018-02-09,-0.5851
2018-02-12,-0.5861
2018-02-13,-0.6016
2018-02-14,-0.5880
2018-02-15,-0.5930
2018-02-16,-0.5779
2018-02-20,-0.5583
2018-02-21,-0.5470
2018-02-22,-0.5430
2018-02-23,-0.5346
2018-02-26,-0.5325
2018-02-27,-0.5263
2018-02-28,-0.5435
2018-03-01,-0.5665
2018-03-02,-0.5660
2018-03-05,-0.5420
2018-03-06,-0.5530
2018-03-07,-0.5715
2018-03-08,-0.5760
2018-03-09,-0.5475
2018-03-12,-0.5640
2018-03-13,-0.5810
2018-03-14,-0.5802
2018-03-15,-0.5655
2018-03-16,-0.5453
2018-03-19,-0.5573
2018-03-20,-0.5241
2018-03-21,-0.5109
2018-03-22,-0.5293
2018-03-23,-0.5181
2018-03-26,-0.5309
2018-03-27,-0.5333
2018-03-28,-0.5300
2018-03-29,-0.5241
2018-04-02,-0.5537
2018-04-03,-0.5374
2018-04-04,-0.5403
2018-04-05,-0.5253
2018-04-06,-0.5602
2018-04-09,-0.5470
2018-04-10,-0.5233
2018-04-11,-0.5068
2018-04-12,-0.4941
2018-04-13,-0.4892
2018-04-16,-0.5135
2018-04-17,-0.5093
2018-04-18,-0.4745
2018-04-19,-0.4639
2018-04-20,-0.4495
2018-04-23,-0.4287
2018-04-24,-0.4443
2018-04-25,-0.4254
2018-04-26,-0.4181
2018-04-27,-0.4235
2018-04-30,-0.4124
2018-05-01,-0.4112
2018-05-02,-0.4020
2018-05-03,-0.3996
2018-05-04,-0.3785
2018-05-07,-0.3598
2018-05-08,-0.3715
2018-05-09,-0.3412
2018-05-10,-0.3513
2018-05-11,-0.3629
2018-05-14,-0.3554
2018-05-15,-0.3260
2018-05-16,-0.3178
2018-05-17,-0.3143
2018-05-18,-0.3179
2018-05-21,-0.3041
2018-05-22,-0.3073
2018-05-23,-0.3087
2018-05-24,-0.3321
2018-05-25,-0.3664
2018-05-29,-0.3853
2018-05-30,-0.3730
2018-05-31,-0.3949
2018-06-01,-0.3986
2018-06-04,-0.4122
2018-06-05,-0.4069
2018-06-06,-0.4168
2018-06-07,-0.4112
2018-06-08,-0.4100
2018-06-11,-0.4021
2018-06-12,-0.3933
2018-06-13,-0.3894
2018-06-14,-0.3643
2018-06-15,-0.3912
2018-06-18,-0.3812
2018-06-19,-0.3874
2018-06-20,-0.3685
2018-06-21,-0.3858
2018-06-22,-0.3525
2018-06-25,-0.3679
2018-06-26,-0.3245
2018-06-27,-0.2858
2018-06-28,-0.2718
2018-06-29,-0.2801
2018-07-02,-0.2753
2018-07-03,-0.2825
2018-07-05,-0.3014
2018-07-06,-0.3010
2018-07-09,-0.2960
2018-07-10,-0.2903
2018-07-11,-0.3299
2018-07-12,-0.3272
2018-07-13,-0.3219
2018-07-16,-0.3646
2018-07-17,-0.3527
2018-07-18,-0.3396
2018-07-19,-0.3312
2018-07-20,-0.3290
2018-07-23,-0.3510
2018-07-24,-0.3457
2018-07-25,-0.3425
2018-07-26,-0.3246
2018-07-27,-0.3404
2018-07-30,-0.3268
2018-07-31,-0.3435
2018-08-01,-0.3509
2018-08-02,-0.3221
2018-08-03,-0.3330
2018-08-06,-0.3224
2018-08-07,-0.3196
2018-08-08,-0.3529
2018-08-09,-0.3493
2018-08-10,-0.3265
2018-08-13,-0.3294
2018-08-14,-0.3214
2018-08-15,-0.3545
2018-08-16,-0.3475
2018-08-17,-0.3542
2018-08-20,-0.3576
2018-08-21,-0.3580
2018-08-22,-0.3561
2018-08-23,-0.3455
2018-08-24,-0.3441
2018-08-27,-0.3483
2018-08-28,-0.3503
2018-08-29,-0.3398
2018-08-30,-0.3297
2018-08-31,-0.3266
2018-09-04,-0.3134
2018-09-05,-0.3359
2018-09-06,-0.3540
2018-09-07,-0.3388
2018-09-10,-0.3475
2018-09-11,-0.3218
2018-09-12,-0.3144
2018-09-13,-0.3448
2018-09-14,-0.3253
2018-09-17,-0.3368
2018-09-18,-0.3161
2018-09-19,-0.2966
2018-09-20,-0.3167
2018-09-21,-0.3107
2018-09-24,-0.2910
2018-09-25,-0.2887
2018-09-26,-0.3015
2018-09-27,-0.2753
2018-09-28,-0.2555
2018-10-01,-0.2223
2018-10-02,-0.2210
2018-10-03,-0.1871
2018-10-04,-0.2115
2018-10-05,-0.2112
2018-10-08,-0.2074
2018-10-09,-0.2033
2018-10-10,-0.2297
2018-10-11,-0.2817
2018-10-12,-0.2710
2018-10-15,-0.2661
2018-10-16,-0.2655
2018-10-17,-0.2797
2018-10-18,-0.2875
2018-10-19,-0.2830
2018-10-22,-0.2754
2018-10-23,-0.3172
2018-10-24,-0.3055
2018-10-25,-0.2913
2018-10-26,-0.3021
2018-10-29,-0.3031
2018-10-30,-0.3020
2018-10-31,-0.3053
2018-11-01,-0.3493
2018-11-02,-0.3426
2018-11-05,-0.3491
2018-11-06,-0.3605
2018-11-07,-0.3755
2018-11-08,-0.3715
2018-11-09,-0.3767
2018-11-12,-0.3655
2018-11-13,-0.4335
2018-11-14,-0.4406
2018-11-15,-0.4349
2018-11-16,-0.4508
2018-11-19,-0.4554
2018-11-20,-0.4868
2018-11-21,-0.4714
2018-11-23,-0.5244
2018-11-26,-0.5023
2018-11-27,-0.4981
2018-11-28,-0.5304
2018-11-29,-0.5159
2018-11-30,-0.5138
2018-12-03,-0.4942
2018-12-04,-0.4995
2018-12-06,-0.5327
2018-12-07,-0.5276
2018-12-10,-0.5319
2018-12-11,-0.5164
2018-12-12,-0.5284
2018-12-13,-0.5080
2018-12-14,-0.5199
2018-12-17,-0.5498
2018-12-18,-0.6019
2018-12-19,-0.5966
2018-12-20,-0.6313
2018-12-21,-0.6187
2018-12-24,-0.6749
2018-12-26,-0.6075
2018-12-27,-0.6490
2018-12-28,-0.6422
2018-12-31,-0.6520
2019-01-02,-0.6241
2019-01-03,-0.6409
2019-01-04,-0.6200
2019-01-07,-0.6212
2019-01-08,-0.5958
2019-01-09,-0.5756
2019-01-10,-0.5645
2019-01-11,-0.5784
2019-01-14,-0.5939
2019-01-15,-0.5630
2019-01-16,-0.5559
2019-01-17,-0.5569
2019-01-18,-0.5230
2019-01-22,-0.5468
2019-01-23,-0.5475
2019-01-24,-0.5341
2019-01-25,-0.5411
2019-01-28,-0.5661
2019-01-29,-0.5502
2019-01-30,-0.5511
2019-01-31,-0.5582
2019-02-01,-0.5318
2019-02-04,-0.5312
2019-02-05,-0.5399
2019-02-06,-0.5276
2019-02-07,-0.5497
2019-02-08,-0.5478
2019-02-11,-0.5387
2019-02-12,-0.5350
2019-02-13,-0.5115
2019-02-14,-0.5139
2019-02-15,-0.4983
2019-02-19,-0.5032
2019-02-20,-0.4928
2019-02-21,-0.4846
2019-02-22,-0.4866
2019-02-25,-0.5111
2019-02-26,-0.5248
2019-02-27,-0.4952
2019-02-28,-0.4892
2019-03-01,-0.4946
2019-03-04,-0.4841
2019-03-05,-0.4804
2019-03-06,-0.4880
2019-03-07,-0.4693
2019-03-08,-0.4857
2019-03-11,-0.4775
2019-03-12,-0.4874
2019-03-13,-0.4771
2019-03-14,-0.4645
2019-03-15,-0.4744
2019-03-18,-0.4676
2019-03-19,-0.4704
2019-03-20,-0.4833
2019-03-21,-0.4634
2019-03-22,-0.4819
2019-03-25,-0.4908
2019-03-26,-0.4722
2019-03-27,-0.4832
2019-03-28,-0.4728
2019-03-29,-0.4566
2019-04-01,-0.4282
2019-04-02,-0.4140
2019-04-03,-0.4179
2019-04-04,-0.4182
2019-04-05,-0.4040
2019-04-08,-0.3923
2019-04-09,-0.4013
2019-04-10,-0.3966
2019-04-11,-0.4021
2019-04-12,-0.3965
2019-04-15,-0.4047
2019-04-16,-0.3890
2019-04-17,-0.3937
2019-04-18,-0.3831
2019-04-22,-0.3612
2019-04-23,-0.3484
2019-04-24,-0.3468
2019-04-25,-0.3523
2019-04-26,-0.3860
2019-04-29,-0.3833
2019-04-30,-0.3899
2019-05-01,-0.3889
2019-05-02,-0.4052
2019-05-03,-0.4132
2019-05-06,-0.4125
2019-05-07,-0.4273
2019-05-08,-0.4139
2019-05-09,-0.4284
2019-05-10,-0.4301
2019-05-13,-0.4445
2019-05-14,-0.4278
2019-05-15,-0.4282
2019-05-16,-0.4073
2019-05-17,-0.4063
2019-05-20,-0.4007
2019-05-21,-0.3980
2019-05-22,-0.4219
2019-05-23,-0.4867
2019-05-24,-0.4795
2019-05-28,-0.4706
2019-05-29,-0.4744
2019-05-30,-0.5056
2019-05-31,-0.5665
2019-06-03,-0.5913
2019-06-04,-0.5855
2019-06-05,-0.6024
2019-06-06,-0.5980
2019-06-07,-0.5935
2019-06-10,-0.5932
2019-06-11,-0.5950
2019-06-12,-0.6180
2019-06-13,-0.6064
2019-06-14,-0.5897
2019-06-17,-0.5987
2019-06-18,-0.5730
2019-06-19,-0.5908
2019-06-20,-0.5664
2019-06-21,-0.5580
2019-06-24,-0.5626
2019-06-25,-0.5624
2019-06-26,-0.5339
2019-06-27,-0.5387
2019-06-28,-0.5537
2019-07-01,-0.5245
2019-07-02,-0.5723
2019-07-03,-0.5592
2019-07-05,-0.5346
2019-07-08,-0.5311
2019-07-09,-0.5239
2019-07-10,-0.4971
2019-07-11,-0.4947
2019-07-12,-0.5019
2019-07-15,-0.5091
2019-07-16,-0.5211
2019-07-17,-0.5438
2019-07-18,-0.5767
2019-07-19,-0.5625
2019-07-22,-0.5525
2019-07-23,-0.5308
2019-07-24,-0.5451
2019-07-25,-0.5383
2019-07-26,-0.5306
2019-07-29,-0.5237
2019-07-30,-0.5068
2019-07-31,-0.4929
2019-08-01,-0.5733
2019-08-02,-0.5614
2019-08-05,-0.6025
2019-08-06,-0.6133
2019-08-07,-0.6562
2019-08-08,-0.6310
2019-08-09,-0.6054
2019-08-12,-0.6130
2019-08-13,-0.5687
2019-08-14,-0.6010
2019-08-15,-0.6137
2019-08-16,-0.6071
2019-08-19,-0.5772
2019-08-20,-0.5835
2019-08-21,-0.5880
2019-08-22,-0.5918
2019-08-23,-0.6298
2019-08-26,-0.6245
2019-08-27,-0.6152
2019-08-28,-0.6014
2019-08-29,-0.5759
2019-08-30,-0.5892
2019-09-03,-0.6087
2019-09-04,-0.5900
2019-09-05,-0.5783
2019-09-06,-0.5775
2019-09-09,-0.5539
2019-09-10,-0.5497
2019-09-11,-0.5610
2019-09-12,-0.5714
2019-09-13,-0.5632
2019-09-16,-0.4517
2019-09-17,-0.5126
2019-09-18,-0.5241
2019-09-19,-0.5331
2019-09-20,-0.5300
2019-09-23,-0.5258
2019-09-24,-0.5586
2019-09-25,-0.5418
2019-09-26,-0.5441
2019-09-27,-0.5544
2019-09-30,-0.5730
2019-10-01,-0.5886
2019-10-02,-0.6095
2019-10-03,-0.6231
2019-10-04,-0.6218
2019-10-07,-0.6141
2019-10-08,-0.6139
2019-10-09,-0.6090
2019-10-10,-0.5979
2019-10-11,-0.5814
2019-10-14,-0.5950
2019-10-15,-0.6051
2019-10-16,-0.6069
2019-10-17,-0.6077
2019-10-18,-0.6187
2019-10-21,-0.6188
2019-10-22,-0.6052
2019-10-23,-0.5831
2019-10-24,-0.5750
2019-10-25,-0.5604
2019-10-28,-0.5677
2019-10-29,-0.5751
2019-10-30,-0.5868
2019-10-31,-0.6180
2019-11-01,-0.5890
2019-11-04,-0.5714
2019-11-05,-0.5417
2019-11-06,-0.5603
2019-11-07,-0.5322
2019-11-08,-0.5252
2019-11-11,-0.5328
2019-11-12,-0.5348
2019-11-13,-0.5335
2019-11-14,-0.5495
2019-11-15,-0.5382
2019-11-18,-0.5553
2019-11-19,-0.5811
2019-11-20,-0.5591
2019-11-21,-0.5338
2019-11-22,-0.5379
2019-11-25,-0.5346
2019-11-26,-0.5336
2019-11-27,-0.5308
2019-11-29,-0.5730
2019-12-02,-0.5652
2019-12-03,-0.5806
2019-12-04,-0.5430
2019-12-05,-0.5469
2019-12-06,-0.5244
2019-12-09,-0.5297
2019-12-10,-0.5318
2019-12-11,-0.5491
2019-12-12,-0.5255
2019-12-13,-0.5278
2019-12-16,-0.5200
2019-12-17,-0.5071
2019-12-18,-0.4985
2019-12-19,-0.4961
2019-12-20,-0.4988
2019-12-23,-0.4968
2019-12-24,-0.4919
2019-12-26,-0.4862
2019-12-27,-0.5051
2019-12-30,-0.5076
2019-12-31,-0.5216
2020-01-02,-0.5132
2020-01-03,-0.4987
2020-01-06,-0.4972
2020-01-07,-0.4957
2020-01-08,-0.5247
2020-01-09,-0.5236
2020-01-10,-0.5366
2020-01-13,-0.5472
2020-01-14,-0.5481
2020-01-15,-0.5606
2020-01-16,-0.5464
2020-01-17,-0.5362
2020-01-21,-0.5484
2020-01-22,-0.5701
2020-01-23,-0.5852
2020-01-24,-0.6071
2020-01-27,-0.6274
2020-01-28,-0.6172
2020-01-29,-0.6253
2020-01-30,-0.6484
2020-01-31,-0.6720
2020-02-03,-0.6820
2020-02-04,-0.6755
2020-02-05,-0.6474
2020-02-06,-0.6398
2020-02-07,-0.6516
2020-02-10,-0.6617
2020-02-11,-0.6544
2020-02-12,-0.6253
2020-02-13,-0.6229
2020-02-14,-0.6165
2020-02-18,-0.6120
2020-02-19,-0.5903
2020-02-20,-0.5823
2020-02-21,-0.6084
2020-02-24,-0.6448
2020-02-25,-0.6786
2020-02-26,-0.6960
2020-02-27,-0.7328
2020-02-28,-0.7914
2020-03-02,-0.7871
2020-03-03,-0.7952
2020-03-04,-0.7981
2020-03-05,-0.8299
2020-03-06,-0.9384
2020-03-09,-1.1247
2020-03-10,-1.0166
2020-03-11,-1.0247
2020-03-12,-1.0187
2020-03-13,-0.9735
2020-03-16,-1.0556
2020-03-17,-1.0133
2020-03-18,-1.0345
2020-03-19,-0.9472
2020-03-20,-1.0043
2020-03-23,-1.0193
2020-03-24,-1.0224
2020-03-25,-1.0275
2020-03-26,-1.0973
2020-03-27,-1.1442
2020-03-30,-1.1531
2020-03-31,-1.1478
2020-04-01,-1.1425
2020-04-02,-1.0632
2020-04-03,-1.0173
2020-04-06,-1.0352
2020-04-07,-1.0785
2020-04-08,-1.0522
2020-04-09,-1.1021
2020-04-13,-1.1086
2020-04-14,-1.1505
2020-04-15,-1.1531
2020-04-16,-1.1428
2020-04-17,-1.1654
2020-04-20,-1.9229
2020-04-21,-1.2755
2020-04-22,-1.2158
2020-04-23,-1.1786
2020-04-24,-1.1757
2020-04-27,-1.2335
2020-04-28,-1.2487
2020-04-29,-1.2170
2020-04-30,-1.1794
2020-05-01,-1.1696
2020-05-04,-1.1457
2020-05-05,-1.0813
2020-05-06,-1.0739
2020-05-07,-1.0937
2020-05-08,-1.0756
2020-05-11,-1.0666
2020-05-12,-1.0571
2020-05-13,-1.0597
2020-05-14,-1.0268
2020-05-15,-1.0007
2020-05-18,-0.9739
2020-05-19,-0.9755
2020-05-20,-0.9716
2020-05-21,-0.9601
2020-05-22,-0.9598
2020-05-26,-0.9629
2020-05-27,-0.9822
2020-05-28,-0.9834
2020-05-29,-0.9666
2020-06-01,-0.9779
2020-06-02,-0.9610
2020-06-03,-0.9546
2020-06-04,-0.9606
2020-06-05,-0.9158
2020-06-08,-0.9441
2020-06-09,-0.9473
2020-06-10,-0.9562
2020-06-11,-0.9929
2020-06-12,-0.9747
2020-06-15,-0.9779
2020-06-16,-0.9480
2020-06-17,-0.9515
2020-06-18,-0.9378
2020-06-19,-0.9204
2020-06-22,-0.9238
2020-06-23,-0.9328
2020-06-24,-0.9567
2020-06-25,-0.9415
2020-06-26,-0.9473
2020-06-29,-0.9299
2020-06-30,-0.9374
2020-07-01,-0.9311
2020-07-02,-0.9185
2020-07-06,-0.9297
2020-07-07,-0.9315
2020-07-08,-0.9381
2020-07-09,-0.9545
2020-07-10,-0.9399
2020-07-13,-0.9497
2020-07-14,-0.9548
2020-07-15,-0.9450
2020-07-16,-0.9467
2020-07-17,-0.9568
2020-07-20,-0.9574
2020-07-21,-0.9602
2020-07-22,-0.9659
2020-07-23,-0.9853
2020-07-24,-0.9875
2020-07-27,-0.9993
2020-07-28,-1.0080
2020-07-29,-1.0170
2020-07-30,-1.0453
2020-07-31,-1.0300
2020-08-03,-1.0166
2020-08-04,-1.0156
2020-08-05,-1.0188
2020-08-06,-1.0238
2020-08-07,-1.0153
2020-08-10,-1.0008
2020-08-11,-0.9946
2020-08-12,-0.9834
2020-08-13,-0.9863
2020-08-14,-0.9960
2020-08-17,-0.9929
2020-08-18,-1.0083
2020-08-19,-0.9924
2020-08-20,-1.0030
2020-08-21,-0.9958
2020-08-24,-0.9901
2020-08-25,-0.9828
2020-08-26,-0.9819
2020-08-27,-0.9799
2020-08-28,-0.9981
2020-08-31,-1.0125
2020-09-01,-1.0081
2020-09-02,-1.0153
2020-09-03,-1.0231
2020-09-04,-1.0341
2020-09-08,-1.0610
2020-09-09,-1.0466
2020-09-10,-1.0569
2020-09-11,-1.0586
2020-09-14,-1.0655
2020-09-15,-1.0512
2020-09-16,-1.0210
2020-09-17,-1.0160
2020-09-18,-1.0139
2020-09-21,-1.0265
2020-09-22,-1.0126
2020-09-23,-0.9972
2020-09-24,-0.9942
2020-09-25,-0.9903
2020-09-28,-0.9927
2020-09-29,-1.0214
2020-09-30,-1.0051
2020-10-01,-1.0297
2020-10-02,-1.0472
2020-10-05,-1.0181
2020-10-06,-0.9930
2020-10-07,-1.0027
2020-10-08,-0.9886
2020-10-09,-1.0086
2020-10-12,-1.0240
2020-10-13,-1.0083
2020-10-14,-1.0010
2020-10-15,-0.9896
2020-10-16,-0.9935
2020-10-19,-0.9982
2020-10-20,-0.9942
2020-10-21,-1.0224
2020-10-22,-1.0023
2020-10-23,-1.0182
2020-10-26,-1.0335
2020-10-27,-1.0251
2020-10-28,-1.0431
2020-10-29,-1.0404
2020-10-30,-1.0409
2020-11-02,-1.0280
2020-11-03,-1.0246
2020-11-04,-1.0207
2020-11-05,-1.0456
2020-11-06,-1.0702
2020-11-09,-0.9998
2020-11-10,-0.9832
2020-11-11,-0.9767
2020-11-12,-0.9914
2020-11-13,-1.0087
2020-11-16,-0.9953
2020-11-17,-1.0015
2020-11-18,-0.9975
2020-11-19,-1.0025
2020-11-20,-0.9973
2020-11-23,-0.9790
2020-11-24,-0.9577
2020-11-25,-0.9530
2020-11-27,-0.9643
2020-11-30,-0.9647
2020-12-01,-0.9786
2020-12-02,-0.9716
2020-12-03,-0.9796
2020-12-04,-0.9659
2020-12-07,-0.9752
2020-12-08,-0.9748
2020-12-09,-0.9698
2020-12-10,-0.9636
2020-12-11,-0.9637
2020-12-14,-0.9645
2020-12-15,-0.9581
2020-12-16,-0.9562
2020-12-17,-0.9628
2020-12-18,-0.9459
2020-12-21,-0.9647
2020-12-22,-0.9626
2020-12-23,-0.9491
2020-12-24,-0.9526
2020-12-28,-0.9601
2020-12-29,-0.9626
2020-12-30,-0.9672
2020-12-31,-0.9592
2021-01-04,-0.9729
2021-01-05,-0.9477
2021-01-06,-0.9261
2021-01-07,-0.9130
2021-01-08,-0.8836
2021-01-11,-0.8699
2021-01-12,-0.8678
2021-01-13,-0.8712
2021-01-14,-0.8595
2021-01-15,-0.8667
2021-01-19,-0.8655
2021-01-20,-0.8629
2021-01-21,-0.8703
2021-01-22,-0.8814
2021-01-25,-0.8769
2021-01-26,-0.8843
2021-01-27,-0.8725
2021-01-28,-0.8791
2021-01-29,-0.8740
2021-02-01,-0.8471
2021-02-02,-0.8232
2021-02-03,-0.8095
2021-02-04,-0.7915
2021-02-05,-0.7912
2021-02-08,-0.7798
2021-02-09,-0.7865
2021-02-10,-0.7866
2021-02-11,-0.7885
2021-02-12,-0.7656
2021-02-16,-0.7458
2021-02-17,-0.7203
2021-02-18,-0.7388
2021-02-19,-0.7551
2021-02-22,-0.7300
2021-02-23,-0.7247
2021-02-24,-0.7004
2021-02-25,-0.6827
2021-02-26,-0.6978
2021-03-01,-0.7084
2021-03-02,-0.7300
2021-03-03,-0.6992
2021-03-04,-0.6393
2021-03-05,-0.5998
2021-03-08,-0.6013
2021-03-09,-0.6294
2021-03-10,-0.6306
2021-03-11,-0.6172
2021-03-12,-0.6043
2021-03-15,-0.6068
2021-03-16,-0.6123
2021-03-17,-0.6239
2021-03-18,-0.6655
2021-03-19,-0.6444
2021-03-22,-0.6509
2021-03-23,-0.6947
2021-03-24,-0.6465
2021-03-25,-0.6737
2021-03-26,-0.6384
2021-03-29,-0.6194
2021-03-30,-0.6240
2021-03-31,-0.6423
2021-04-01,-0.6259
2021-04-05,-0.6671
2021-04-06,-0.6714
2021-04-07,-0.6629
2021-04-08,-0.6771
2021-04-09,-0.6747
2021-04-12,-0.6690
2021-04-13,-0.6753
2021-04-14,-0.6371
2021-04-15,-0.6456
2021-04-16,-0.6478
2021-04-19,-0.6529
2021-04-20,-0.6660
2021-04-21,-0.6825
2021-04-22,-0.6785
2021-04-23,-0.6786
2021-04-26,-0.6826
2021-04-27,-0.6603
2021-04-28,-0.6552
2021-04-29,-0.6373
2021-04-30,-0.6418
2021-05-03,-0.6400
2021-05-04,-0.6173
2021-05-05,-0.6186
2021-05-06,-0.6423
2021-05-07,-0.6550
2021-05-10,-0.6524
2021-05-11,-0.6466
2021-05-12,-0.6141
2021-05-13,-0.6469
2021-05-14,-0.6399
2021-05-17,-0.6295
2021-05-18,-0.6510
2021-05-19,-0.6648
2021-05-20,-0.6972
2021-05-21,-0.6717
2021-05-24,-0.6454
2021-05-25,-0.6547
2021-05-26,-0.6421
2021-05-27,-0.6310
2021-05-28,-0.6400
2021-06-01,-0.6219
2021-06-02,-0.6079
2021-06-03,-0.5901
2021-06-04,-0.5950
2021-06-07,-0.6038
2021-06-08,-0.5942
2021-06-09,-0.5990
2021-06-10,-0.5988
2021-06-11,-0.5787
2021-06-14,-0.5756
2021-06-15,-0.5585
2021-06-16,-0.5361
2021-06-17,-0.5396
2021-06-18,-0.5303
2021-06-21,-0.5079
2021-06-22,-0.5205
2021-06-23,-0.5168
2021-06-24,-0.5134
2021-06-25,-0.4979
2021-06-28,-0.5183
2021-06-29,-0.5130
2021-06-30,-0.5013
2021-07-01,-0.4694
2021-07-02,-0.4847
2021-07-06,-0.5083
2021-07-07,-0.5276
2021-07-08,-0.5280
2021-07-09,-0.5038
2021-07-12,-0.5068
2021-07-13,-0.4729
2021-07-14,-0.5165
2021-07-15,-0.5383
2021-07-16,-0.5341
2021-07-19,-0.6160
2021-07-20,-0.5974
2021-07-21,-0.5555
2021-07-22,-0.5337
2021-07-23,-0.5270
2021-07-26,-0.5365
2021-07-27,-0.5500
2021-07-28,-0.5395
2021-07-29,-0.5329
2021-07-30,-0.5244
2021-08-02,-0.5712
2021-08-03,-0.5797
2021-08-04,-0.6070
2021-08-05,-0.5912
2021-08-06,-0.5806
2021-08-09,-0.5983
2021-08-10,-0.5683
2021-08-11,-0.5603
2021-08-12,-0.5551
2021-08-13,-0.5843
2021-08-16,-0.6018
2021-08-17,-0.5993
2021-08-18,-0.6127
2021-08-19,-0.6300
2021-08-20,-0.6482
2021-08-23,-0.6166
2021-08-24,-0.5885
2021-08-25,-0.5728
2021-08-26,-0.5801
2021-08-27,-0.5744
2021-08-30,-0.5721
2021-08-31,-0.5800
2021-09-01,-0.5833
2021-09-02,-0.5705
2021-09-03,-0.5813
2021-09-07,-0.5772
2021-09-08,-0.5653
2021-09-09,-0.5891
2021-09-10,-0.5605
2021-09-13,-0.5515
2021-09-14,-0.5560
2021-09-15,-0.5276
2021-09-16,-0.5157
2021-09-17,-0.5119
2021-09-20,-0.5406
2021-09-21,-0.5362
2021-09-22,-0.5060
2021-09-23,-0.4916
2021-09-24,-0.4713
2021-09-27,-0.4474
2021-09-28,-0.4346
2021-09-29,-0.4265
2021-09-30,-0.4273
2021-10-01,-0.4264
2021-10-04,-0.4080
2021-10-05,-0.3808
2021-10-06,-0.3948
2021-10-07,-0.3788
2021-10-08,-0.3643
2021-10-11,-0.3414
2021-10-12,-0.3389
2021-10-13,-0.3556
2021-10-14,-0.3501
2021-10-15,-0.3309
2021-10-18,-0.3276
2021-10-19,-0.3185
2021-10-20,-0.3116
2021-10-21,-0.3206
2021-10-22,-0.3097
2021-10-25,-0.3072
2021-10-26,-0.2936
2021-10-27,-0.3330
2021-10-28,-0.3387
2021-10-29,-0.3113
2021-11-01,-0.3084
2021-11-02,-0.3083
2021-11-03,-0.3517
2021-11-04,-0.3741
2021-11-05,-0.3495
2021-11-08,-0.3420
2021-11-09,-0.3214
2021-11-10,-0.3238
2021-11-11,-0.3126
2021-11-12,-0.3221
2021-11-15,-0.3096
2021-11-16,-0.2978
2021-11-17,-0.3359
2021-11-18,-0.3357
2021-11-19,-0.3686
2021-11-22,-0.3394
2021-11-23,-0.3111
2021-11-24,-0.3068
2021-11-26,-0.4822
2021-11-29,-0.4463
2021-11-30,-0.5157
2021-12-01,-0.5236
2021-12-02,-0.5075
2021-12-03,-0.5229
2021-12-06,-0.4647
2021-12-07,-0.4228
2021-12-08,-0.4267
2021-12-09,-0.4394
2021-12-10,-0.4345
2021-12-13,-0.4407
2021-12-14,-0.4407
2021-12-15,-0.4374
2021-12-16,-0.4328
2021-12-17,-0.4430
2021-12-20,-0.4773
2021-12-21,-0.4318
2021-12-22,-0.4227
2021-12-23,-0.4060
2021-12-27,-0.3816
2021-12-28,-0.3734
2021-12-29,-0.3649
2021-12-30,-0.3613
2021-12-31,-0.3929
2022-01-03,-0.3544
2022-01-04,-0.3363
2022-01-05,-0.3228
2022-01-06,-0.2963
2022-01-07,-0.3118
2022-01-10,-0.3139
2022-01-11,-0.2860
2022-01-12,-0.2838
2022-01-13,-0.2975
2022-01-14,-0.2584
2022-01-18,-0.2127
2022-01-19,-0.2015
2022-01-20,-0.1961
2022-01-21,-0.2322
2022-01-24,-0.2517
2022-01-25,-0.2145
2022-01-26,-0.1705
2022-01-27,-0.1668
2022-01-28,-0.1666
2022-01-31,-0.1659
2022-02-01,-0.1668
2022-02-02,-0.1805
2022-02-03,-0.1596
2022-02-04,-0.1179
2022-02-07,-0.1348
2022-02-08,-0.1514
2022-02-09,-0.1537
2022-02-10,-0.1377
2022-02-11,-0.0900
2022-02-14,-0.0464
2022-02-15,-0.0959
2022-02-16,-0.0810
2022-02-17,-0.1129
2022-02-18,-0.1211
2022-02-22,-0.1022
2022-02-23,-0.0985
2022-02-24,-0.0671
2022-02-25,-0.0941
2022-02-28,-0.0527
2022-03-01,0.0534
2022-03-02,0.1684
2022-03-03,0.1358
2022-03-04,0.2514
2022-03-07,0.3202
2022-03-08,0.3868
2022-03-09,0.1659
2022-03-10,0.1495
2022-03-11,0.2082
2022-03-14,0.1365
2022-03-15,0.0498
2022-03-16,0.0175
2022-03-17,0.1170
2022-03-18,0.1405
2022-03-21,0.2666
2022-03-22,0.2681
2022-03-23,0.3083
2022-03-24,0.2795
2022-03-25,0.3183
2022-03-28,0.2155
2022-03-29,0.1670
2022-03-30,0.1963
2022-03-31,0.1028
2022-04-01,0.1024
2022-04-04,0.1694
2022-04-05,0.1792
2022-04-06,0.1106
2022-04-07,0.1163
2022-04-08,0.1547
2022-04-11,0.1116
2022-04-12,0.1995
2022-04-13,0.2350
2022-04-14,0.2981
2022-04-18,0.3300
2022-04-19,0.2634
2022-04-20,0.2441
2022-04-21,0.2715
2022-04-22,0.2622
2022-04-25,0.2178
2022-04-26,0.2676
2022-04-27,0.2927
2022-04-28,0.3591
2022-04-29,0.3370
2022-05-02,0.3745
2022-05-03,0.3265
2022-05-04,0.3740
2022-05-05,0.4246
2022-05-06,0.4494
2022-05-09,0.3535
2022-05-10,0.3050
2022-05-11,0.3759
2022-05-12,0.3936
2022-05-13,0.4593
2022-05-16,0.4942
2022-05-17,0.4604
2022-05-18,0.4236
2022-05-19,0.4297
2022-05-20,0.4461
2022-05-23,0.3889
2022-05-24,0.3653
2022-05-25,0.3764
2022-05-26,0.4228
2022-05-27,0.4308
2022-05-31,0.4388
2022-06-01,0.4757
2022-06-02,0.4769
2022-06-03,0.5179
2022-06-06,0.5292
2022-06-07,0.5312
2022-06-08,0.5796
2022-06-09,0.5893
2022-06-10,0.6128
2022-06-13,0.6623
2022-06-14,0.6590
2022-06-15,0.5913
2022-06-16,0.5758
2022-06-17,0.4845
2022-06-21,0.5009
2022-06-22,0.4175
2022-06-23,0.3869
2022-06-24,0.4331
2022-06-27,0.4615
2022-06-28,0.5061
2022-06-29,0.4807
2022-06-30,0.4024
2022-07-01,0.4399
2022-07-05,0.3420
2022-07-06,0.3549
2022-07-07,0.4235
2022-07-08,0.4591
2022-07-11,0.4612
2022-07-12,0.3466
2022-07-13,0.3441
2022-07-14,0.3572
2022-07-15,0.3670
2022-07-18,0.4219
2022-07-19,0.4342
2022-07-20,0.4191
2022-07-21,0.3205
2022-07-22,0.2794
2022-07-25,0.3048
2022-07-26,0.2946
2022-07-27,0.3019
2022-07-28,0.2821
2022-07-29,0.2968
2022-08-01,0.2178
2022-08-02,0.2591
2022-08-03,0.2153
2022-08-04,0.1588
2022-08-05,0.2060
2022-08-08,0.2170
2022-08-09,0.2154
2022-08-10,0.2057
2022-08-11,0.2474
2022-08-12,0.2253
2022-08-15,0.2042
2022-08-16,0.1677
2022-08-17,0.1986
2022-08-18,0.2513
2022-08-19,0.2837
2022-08-22,0.3028
2022-08-23,0.3421
2022-08-24,0.3651
2022-08-25,0.3188
2022-08-26,0.3350
2022-08-29,0.3981
2022-08-30,0.3236
2022-08-31,0.2962
2022-09-01,0.2948
2022-09-02,0.2864
2022-09-06,0.3194
2022-09-07,0.2350
2022-09-08,0.2567
2022-09-09,0.2872
2022-09-12,0.2894
2022-09-13,0.3253
2022-09-14,0.3362
2022-09-15,0.2976
2022-09-16,0.2969
2022-09-19,0.3097
2022-09-20,0.3129
2022-09-21,0.2955
2022-09-22,0.3424
2022-09-23,0.3205
2022-09-26,0.3352
2022-09-27,0.3695
2022-09-28,0.3536
2022-09-29,0.3376
2022-09-30,0.3173
2022-10-03,0.3473
2022-10-04,0.3427
2022-10-05,0.3995
2022-10-06,0.4448
2022-10-07,0.5210
2022-10-10,0.5091
2022-10-11,0.4927
2022-10-12,0.4626
2022-10-13,0.4704
2022-10-14,0.4521
2022-10-17,0.4204
2022-10-18,0.3848
2022-10-19,0.4568
2022-10-20,0.4715
2022-10-21,0.4367
2022-10-24,0.4322
2022-10-25,0.4031
2022-10-26,0.3980
2022-10-27,0.4262
2022-10-28,0.4204
2022-10-31,0.4299
2022-11-01,0.4508
2022-11-02,0.4706
2022-11-03,0.4908
2022-11-04,0.5059
2022-11-07,0.4832
2022-11-08,0.4222
2022-11-09,0.4054
2022-11-10,0.3218
2022-11-11,0.3081
2022-11-14,0.2808
2022-11-15,0.2814
2022-11-16,0.2483
2022-11-17,0.2139
2022-11-18,0.2034
2022-11-21,0.2211
2022-11-22,0.2152
2022-11-23,0.1413
2022-11-25,0.1142
2022-11-28,0.1458
2022-11-29,0.1673
2022-11-30,0.1733
2022-12-01,0.1336
2022-12-02,0.1099
2022-12-05,0.0967
2022-12-06,0.0574
2022-12-07,0.0037
2022-12-08,-0.0022
2022-12-09,0.0014
2022-12-12,0.0432
2022-12-13,0.0334
2022-12-14,0.0543
2022-12-15,0.0512
2022-12-16,0.0335
2022-12-19,0.0574
2022-12-20,0.0635
2022-12-21,0.0979
2022-12-22,0.0917
2022-12-23,0.1263
2022-12-27,0.1352
2022-12-28,0.1372
2022-12-29,0.1089
2022-12-30,0.1315
2023-01-03,0.1004
2023-01-04,0.0289
2023-01-05,0.0602
2023-01-06,0.0168
2023-01-09,0.0016
2023-01-10,0.0258
2023-01-11,0.0481
2023-01-12,0.0270
2023-01-13,0.0528
2023-01-17,0.0644
2023-01-18,0.0360
2023-01-19,0.0429
2023-01-20,0.0649
2023-01-23,0.0769
2023-01-24,0.0451
2023-01-25,0.0379
2023-01-26,0.0578
2023-01-27,0.0448
2023-01-30,0.0327
2023-01-31,0.0391
2023-02-01,-0.0303
2023-02-02,-0.0250
2023-02-03,-0.0154
2023-02-06,0.0226
2023-02-07,0.0637
2023-02-08,0.0789
2023-02-09,0.0723
2023-02-10,0.1115
2023-02-13,0.1074
2023-02-14,0.0949
2023-02-15,0.1104
2023-02-16,0.1115
2023-02-17,0.0806
2023-02-21,0.1002
2023-02-22,0.0764
2023-02-23,0.0912
2023-02-24,0.1263
2023-02-27,0.1016
2023-02-28,0.1243
2023-03-01,0.1326
2023-03-02,0.1610
2023-03-03,0.1571
2023-03-06,0.1658
2023-03-07,0.1561
2023-03-08,0.1447
2023-03-09,0.1178
2023-03-10,0.0873
2023-03-13,0.0180
2023-03-14,-0.0152
2023-03-15,-0.0572
2023-03-16,-0.0421
2023-03-17,-0.1024
2023-03-20,-0.0907
2023-03-21,-0.0540
2023-03-22,-0.0664
2023-03-23,-0.0856
2023-03-24,-0.0840
2023-03-27,-0.0252
2023-03-28,-0.0260
2023-03-29,-0.0239
2023-03-30,-0.0185
2023-03-31,0.0014
2023-04-03,0.0486
2023-04-04,0.0301
2023-04-05,0.0292
2023-04-06,0.0299
2023-04-10,0.0494
2023-04-11,0.0668
2023-04-12,0.0721
2023-04-13,0.0490
2023-04-14,0.0747
2023-04-17,0.0727
2023-04-18,0.0626
2023-04-19,0.0482
2023-04-20,0.0133
2023-04-21,0.0235
2023-04-24,0.0181
2023-04-25,-0.0062
2023-04-26,-0.0490
2023-04-27,-0.0311
2023-04-28,-0.0083
2023-05-01,0.0018
2023-05-02,-0.0723
2023-05-03,-0.1327
2023-05-04,-0.1377
2023-05-05,-0.0937
2023-05-08,-0.0567
2023-05-09,-0.0428
2023-05-10,-0.0716
2023-05-11,-0.0855
2023-05-12,-0.0745
2023-05-15,-0.0608
2023-05-16,-0.0564
2023-05-17,-0.0184
2023-05-18,-0.0073
2023-05-19,-0.0156
2023-05-22,-0.0065
2023-05-23,0.0105
2023-05-24,0.0418
2023-05-25,0.0262
2023-05-26,0.0371
2023-05-30,-0.0199
2023-05-31,-0.0421
2023-06-01,-0.0362
2023-06-02,0.0064
2023-06-05,0.0118
2023-06-06,0.0100
2023-06-07,0.0296
2023-06-08,-0.0132
2023-06-09,-0.0197
2023-06-12,-0.0571
2023-06-13,-0.0244
2023-06-14,-0.0528
2023-06-15,-0.0498
2023-06-16,-0.0251
2023-06-20,-0.0413
2023-06-21,-0.0256
2023-06-22,-0.0504
2023-06-23,-0.0498
2023-06-26,-0.0542
2023-06-27,-0.0761
2023-06-28,-0.0474
2023-06-29,-0.0167
2023-06-30,-0.0204
2023-07-03,-0.0256
2023-07-05,0.0205
2023-07-06,0.0268
2023-07-07,0.0343
2023-07-10,0.0104
2023-07-11,0.0267
2023-07-12,-0.0032
2023-07-13,-0.0169
2023-07-14,-0.0269
2023-07-17,-0.0483
2023-07-18,-0.0251
2023-07-19,-0.0278
2023-07-20,0.0030
2023-07-21,0.0251
2023-07-24,0.0567
2023-07-25,0.0751
2023-07-26,0.0456
2023-07-27,0.1027
2023-07-28,0.1009
2023-07-31,0.1220
2023-08-01,0.1371
2023-08-02,0.1216
2023-08-03,0.1609
2023-08-04,0.1511
2023-08-07,0.1419
2023-08-08,0.1608
2023-08-09,0.1783
2023-08-10,0.1653
2023-08-11,0.1880
2023-08-14,0.1889
2023-08-15,0.1729
2023-08-16,0.1603
2023-08-17,0.1801
2023-08-18,0.1839
2023-08-21,0.1859
2023-08-22,0.1847
2023-08-23,0.1454
2023-08-24,0.1665
2023-08-25,0.1799
2023-08-28,0.1801
2023-08-29,0.1721
2023-08-30,0.1687
2023-08-31,0.2040
2023-09-01,0.2539
2023-09-05,0.2937
2023-09-06,0.3090
2023-09-07,0.3012
2023-09-08,0.3104
2023-09-11,0.2984
2023-09-12,0.3201
2023-09-13,0.3155
2023-09-14,0.3574
2023-09-15,0.3674
2023-09-18,0.3738
2023-09-19,0.3752
2023-09-20,0.3600
2023-09-21,0.3708
2023-09-22,0.3767
2023-09-25,0.3938
2023-09-26,0.4107
2023-09-27,0.4736
2023-09-28,0.4328
2023-09-29,0.4164
2023-10-02,0.4196
2023-10-03,0.4410
2023-10-04,0.3607
2023-10-05,0.3215
2023-10-06,0.3287
2023-10-09,0.3799
2023-10-10,0.3522
2023-10-11,0.3115
2023-10-12,0.3348
2023-10-13,0.3921
2023-10-16,0.3778
2023-10-17,0.3934
2023-10-18,0.4300
2023-10-19,0.4462
2023-10-20,0.4284
2023-10-23,0.3596
2023-10-24,0.3535
2023-10-25,0.3949
2023-10-26,0.3547
2023-10-27,0.3854
2023-10-30,0.3345
2023-10-31,0.3298
2023-11-01,0.3174
2023-11-02,0.3131
2023-11-03,0.2478
2023-11-06,0.2686
2023-11-07,0.2191
2023-11-08,0.1871
2023-11-09,0.2124
2023-11-10,0.2304
2023-11-13,0.2409
2023-11-14,0.1823
2023-11-15,0.1779
2023-11-16,0.1162
2023-11-17,0.1432
2023-11-20,0.1560
2023-11-21,0.1607
2023-11-22,0.1592
2023-11-24,0.1320
2023-11-27,0.1086
2023-11-28,0.1129
2023-11-29,0.1257
2023-11-30,0.1265
2023-12-01,0.0810
2023-12-04,0.0829
2023-12-05,0.0696
2023-12-06,0.0264
2023-12-07,0.0122
2023-12-08,0.0622
2023-12-11,0.0649
2023-12-12,0.0189
2023-12-13,-0.0129
2023-12-14,-0.0176
2023-12-15,-0.0058
2023-12-18,0.0103
2023-12-19,0.0117
2023-12-20,0.0229
2023-12-21,0.0068
2023-12-22,-0.0002
2023-12-26,0.0199
2023-12-27,-0.0224
2023-12-28,-0.0415
2023-12-29,-0.0389
2024-01-02,-0.0264
2024-01-03,0.0069
2024-01-04,0.0085
2024-01-05,0.0361
2024-01-08,-0.0145
2024-01-09,0.0160
2024-01-10,0.0004
2024-01-11,0.0016
2024-01-12,0.0101
2024-01-16,0.0423
2024-01-17,0.0512
2024-01-18,0.0783
2024-01-19,0.0634
2024-01-22,0.0826
2024-01-23,0.0839
2024-01-24,0.0887
2024-01-25,0.1221
2024-01-26,0.1317
2024-01-29,0.1105
2024-01-30,0.1160
2024-01-31,0.0757
2024-02-01,0.0311
2024-02-02,0.0503
2024-02-05,0.0846
2024-02-06,0.0769
2024-02-07,0.0833
2024-02-08,0.1248
2024-02-09,0.1335
2024-02-12,0.1350
2024-02-13,0.1830
2024-02-14,0.1551
2024-02-15,0.1609
2024-02-16,0.1824
2024-02-20,0.1616
2024-02-21,0.1620
2024-02-22,0.1705
2024-02-23,0.1337
2024-02-26,0.1503
2024-02-27,0.1696
2024-02-28,0.1640
2024-02-29,0.1620
2024-03-01,0.1699
2024-03-04,0.1569
2024-03-05,0.1389
2024-03-06,0.1382
2024-03-07,0.1210
2024-03-08,0.1063
2024-03-11,0.1100
2024-03-12,0.1129
2024-03-13,0.1424
2024-03-14,0.1889
2024-03-15,0.1883
2024-03-18,0.2187
2024-03-19,0.2295
2024-03-20,0.1930
2024-03-21,0.1985
2024-03-22,0.1968
2024-03-25,0.2139
2024-03-26,0.2087
2024-03-27,0.2021
2024-03-28,0.2327
2024-04-01,0.2652
2024-04-02,0.2841
2024-04-03,0.2732
2024-04-04,0.2806
2024-04-05,0.2971
2024-04-08,0.2920
2024-04-09,0.2693
2024-04-10,0.3309
2024-04-11,0.3173
2024-04-12,0.3353
2024-04-15,0.3506
2024-04-16,0.3546
2024-04-17,0.3026
2024-04-18,0.3150
2024-04-19,0.3169
2024-04-22,0.3122
2024-04-23,0.3070
2024-04-24,0.3097
2024-04-25,0.3200
2024-04-26,0.3277
2024-04-29,0.2963
2024-04-30,0.3102
2024-05-01,0.2491
2024-05-02,0.2348
2024-05-03,0.2089
2024-05-06,0.2131
2024-05-07,0.2174
2024-05-08,0.2323
2024-05-09,0.2235
2024-05-10,0.2180
2024-05-13,0.2250
2024-05-14,0.2009
2024-05-15,0.1834
2024-05-16,0.1965
2024-05-17,0.2124
2024-05-20,0.2137
2024-05-21,0.2059
2024-05-22,0.1919
2024-05-23,0.1911
2024-05-24,0.1925
2024-05-28,0.2270
2024-05-29,0.2398
2024-05-30,0.2049
2024-05-31,0.1867
2024-06-03,0.1238
2024-06-04,0.1024
2024-06-05,0.1120
2024-06-06,0.1271
2024-06-07,0.1626
2024-06-10,0.2032
2024-06-11,0.1999
2024-06-12,0.1818
2024-06-13,0.1901
2024-06-14,0.1933
2024-06-17,0.2208
2024-06-18,0.2292
2024-06-20,0.2494
2024-06-21,0.2352
2024-06-24,0.2385
2024-06-25,0.2298
2024-06-26,0.2501
2024-06-27,0.2550
2024-06-28,0.2576
2024-07-01,0.2987
2024-07-02,0.2818
2024-07-03,0.2795
2024-07-05,0.2479
2024-07-08,0.2394
2024-07-09,0.2331
2024-07-10,0.2385
2024-07-11,0.2212
2024-07-12,0.2068
2024-07-15,0.2097
2024-07-16,0.1889
2024-07-17,0.2025
2024-07-18,0.2170
2024-07-19,0.1916
2024-07-22,0.1871
2024-07-23,0.1498
2024-07-24,0.1623
2024-07-25,0.1675
2024-07-26,0.1450
2024-07-29,0.1299
2024-07-30,0.1110
2024-07-31,0.1396
2024-08-01,0.1104
2024-08-02,0.0228
2024-08-05,0.0017
2024-08-06,0.0236
2024-08-07,0.0658
2024-08-08,0.0823
2024-08-09,0.0832
2024-08-12,0.1232
2024-08-13,0.0797
2024-08-14,0.0577
2024-08-15,0.0955
2024-08-16,0.0588
2024-08-19,0.0114
2024-08-20,-0.0093
2024-08-21,-0.0521
2024-08-22,-0.0167
2024-08-23,-0.0170
2024-08-26,0.0225
2024-08-27,-0.0086
2024-08-28,-0.0085
2024-08-29,0.0192
2024-08-30,0.0008
2024-09-03,-0.0473
2024-09-04,-0.0826
2024-09-05,-0.0935
2024-09-06,-0.1143
2024-09-09,-0.0928
2024-09-10,-0.1369
2024-09-11,-0.1137
2024-09-12,-0.0955
2024-09-13,-0.1094
2024-09-16,-0.1015
2024-09-17,-0.0811
2024-09-18,-0.0869
2024-09-19,-0.0663
2024-09-20,-0.0655
2024-09-23,-0.0805
2024-09-24,-0.0778
2024-09-25,-0.0850
2024-09-26,-0.1198
2024-09-27,-0.1210
2024-09-30,-0.1065
2024-10-01,-0.0810
2024-10-02,-0.0609
2024-10-03,0.0029
2024-10-04,0.0395
2024-10-07,0.0826
2024-10-08,0.0351
2024-10-09,0.0436
2024-10-10,0.0837
2024-10-11,0.0748
2024-10-14,0.0639
2024-10-15,0.0120
2024-10-16,0.0148
2024-10-17,0.0334
2024-10-18,0.0030
2024-10-21,0.0460
2024-10-22,0.0709
2024-10-23,0.0657
2024-10-24,0.0442
2024-10-25,0.0742
2024-10-28,0.0211
2024-10-29,0.0174
2024-10-30,0.0286
2024-10-31,0.0392
2024-11-01,0.0582
2024-11-04,0.0699
2024-11-05,0.0635
2024-11-06,0.1148
2024-11-07,0.1004
2024-11-08,0.0812
2024-11-11,0.0625
2024-11-12,0.0891
2024-11-13,0.1065
2024-11-14,0.1109
2024-11-15,0.0897
2024-11-18,0.1074
2024-11-19,0.1049
2024-11-20,0.1121
2024-11-21,0.1386
2024-11-22,0.1640
2024-11-25,0.1003
2024-11-26,0.1068
2024-11-27,0.0771
2024-11-29,0.0520
2024-12-02,0.0723
2024-12-03,0.0984
2024-12-04,0.0738
2024-12-05,0.0556
2024-12-06,0.0435
2024-12-09,0.0692
2024-12-10,0.0806
2024-12-11,0.1167
2024-12-12,0.1250
2024-12-13,0.1518
2024-12-16,0.1403
2024-12-17,0.1328
2024-12-18,0.1774
2024-12-19,0.1860
2024-12-20,0.1559
2024-12-23,0.1714
2024-12-24,0.1874
2024-12-26,0.1765
2024-12-27,0.1912
2024-12-30,0.1912
2024-12-31,0.2128
2025-01-02,0.2536
2025-01-03,0.2568
2025-01-06,0.2375
2025-01-07,0.2609
2025-01-08,0.2625
2025-01-10,0.3294
2025-01-13,0.3703
2025-01-14,0.3343
2025-01-15,0.3491
2025-01-16,0.3222
2025-01-17,0.3210
2025-01-21,0.2593
2025-01-22,0.2587
2025-01-23,0.2491
2025-01-24,0.2338
2025-01-27,0.2000
2025-01-28,0.2234
2025-01-29,0.2113
2025-01-30,0.2032
2025-01-31,0.2205
2025-02-03,0.2409
2025-02-04,0.2067
2025-02-05,0.1646
2025-02-06,0.1636
2025-02-07,0.1826
2025-02-10,0.2078
2025-02-11,0.2178
2025-02-12,0.2023
2025-02-13,0.1735
2025-02-14,0.1423
2025-02-18,0.1770
2025-02-19,0.1843
2025-02-20,0.1649
2025-02-21,0.1328
2025-02-24,0.1335
2025-02-25,0.0918
2025-02-26,0.0847
2025-02-27,0.1318
2025-02-28,0.1264
2025-03-03,0.0813
2025-03-04,0.0591
2025-03-05,0.0389
2025-03-06,0.0020
2025-03-07,0.0095
2025-03-10,-0.0143
2025-03-11,-0.0140
2025-03-12,0.0128
2025-03-13,-0.0023
2025-03-14,0.0075
2025-03-17,0.0044
2025-03-18,-0.0108
2025-03-19,-0.0056
2025-03-20,0.0168
2025-03-21,0.0249
2025-03-24,0.0492
2025-03-25,0.0431
2025-03-26,0.0642
2025-03-27,0.0600
2025-03-28,0.0387
2025-03-31,0.0705
2025-04-01,0.0577
2025-04-02,0.0584
2025-04-03,-0.0636
2025-04-04,-0.1163
2025-04-07,-0.1088
2025-04-08,-0.1189
2025-04-09,-0.0671
2025-04-10,-0.1470
2025-04-11,-0.1423
2025-04-14,-0.1599
2025-04-15,-0.1535
2025-04-16,-0.1630
2025-04-17,-0.1269
2025-04-21,-0.1666
2025-04-22,-0.1365
2025-04-23,-0.1425
2025-04-24,-0.1579
2025-04-25,-0.1549
2025-04-28,-0.1847
2025-04-29,-0.2062
2025-04-30,-0.2303
2025-05-01,-0.1916
2025-05-02,-0.2001
2025-05-05,-0.2175
2025-05-06,-0.2089
2025-05-07,-0.2177
2025-05-08,-0.1571
2025-05-09,-0.1489
2025-05-12,-0.0925
2025-05-13,-0.0832
2025-05-14,-0.0860
2025-05-15,-0.1188
2025-05-16,-0.1036
2025-05-19,-0.1128
2025-05-20,-0.1212
2025-05-21,-0.1349
2025-05-22,-0.1353
2025-05-23,-0.1561
2025-05-27,-0.1635
2025-05-28,-0.1372
2025-05-29,-0.1697
2025-05-30,-0.1714
2025-06-02,-0.1577
2025-06-03,-0.1328
2025-06-04,-0.1621
2025-06-05,-0.1530
2025-06-06,-0.1127
2025-06-09,-0.1122
2025-06-10,-0.1147
2025-06-11,-0.0887
2025-06-12,-0.1133
2025-06-13,-0.0325
2025-06-16,-0.0500
2025-06-17,0.0045
2025-06-18,0.0112
2025-06-20,0.0010
2025-06-23,-0.0992
2025-06-24,-0.1718
2025-06-25,-0.1687
2025-06-26,-0.1815
2025-06-27,-0.1683
2025-06-30,-0.1923
2025-07-01,-0.1867
2025-07-02,-0.1558
2025-07-03,-0.1461
2025-07-07,-0.1210
2025-07-08,-0.1126
2025-07-09,-0.1211
2025-07-10,-0.1410
2025-07-11,-0.1019
2025-07-14,-0.1159
2025-07-15,-0.1023
2025-07-16,-0.1135
2025-07-17,-0.0888
2025-07-18,-0.1010
2025-07-21,-0.1247
2025-07-22,-0.1532
2025-07-23,-0.1646
2025-07-24,-0.1477
2025-07-25,-0.1555
2025-07-28,-0.1066
2025-07-29,-0.0769
2025-07-30,-0.0365
2025-07-31,-0.0462
2025-08-01,-0.1202
2025-08-04,-0.1344
2025-08-05,-0.1502
2025-08-06,-0.1728
2025-08-07,-0.1712
2025-08-08,-0.1718
2025-08-11,-0.1640
2025-08-12,-0.1824
2025-08-13,-0.2019
2025-08-14,-0.1681
2025-08-15,-0.1894
2025-08-18,-0.1719
2025-08-19,-0.1885
2025-08-20,-0.1787
2025-08-21,-0.1611
2025-08-22,-0.1886
2025-08-25,-0.1545
2025-08-26,-0.1822
2025-08-27,-0.1723
2025-08-28,-0.1797
2025-08-29,-0.1864
2025-09-02,-0.1442
2025-09-03,-0.1799
2025-09-04,-0.1855
2025-09-05,-0.2314
2025-09-08,-0.2383
2025-09-09,-0.2220
2025-09-10,-0.2129
2025-09-11,-0.2387
2025-09-12,-0.2284
2025-09-15,-0.2291
2025-09-16,-0.2294
2025-09-17,-0.2244
2025-09-18,-0.2163
2025-09-19,-0.2175
2025-09-22,-0.2250
2025-09-23,-0.2188
2025-09-24,-0.1798
2025-09-25,-0.1609
2025-09-26,-0.1587
2025-09-29,-0.2004
2025-09-30,-0.2176
2025-10-01,-0.2318
2025-10-02,-0.2482
2025-10-03,-0.2423
2025-10-06,-0.2171
2025-10-07,-0.2094
2025-10-08,-0.1916
2025-10-09,-0.1871
2025-10-10,-0.2469
2025-10-13,-0.2320
2025-10-14,-0.2513
2025-10-15,-0.2606
2025-10-16,-0.2890
2025-10-17,-0.2835
2025-10-20,-0.2823
2025-10-21,-0.2728
2025-10-22,-0.2654
2025-10-23,-0.2155
2025-10-24,-0.2185
2025-10-27,-0.2251
2025-10-28,-0.2446
2025-10-29,-0.2190
2025-10-30,-0.2064
2025-10-31,-0.1935
2025-11-03,-0.1903
2025-11-04,-0.1905
2025-11-05,-0.1963
2025-11-06,-0.2171
2025-11-07,-0.2158
2025-11-10,-0.2083
2025-11-11,-0.1986
2025-11-12,-0.2390
2025-11-13,-0.2381
2025-11-14,-0.2128
2025-11-17,-0.2094
2025-11-18,-0.2002
2025-11-19,-0.2005
2025-11-20,-0.2093
2025-11-21,-0.2284
2025-11-24,-0.2216
2025-11-25,-0.2492
2025-11-26,-0.2416
2025-11-28,-0.2441
2025-12-01,-0.2259
2025-12-02,-0.2374
2025-12-03,-0.2486
2025-12-04,-0.2297
2025-12-05,-0.2207
2025-12-08,-0.2308
2025-12-09,-0.2347
2025-12-10,-0.2446
2025-12-11,-0.2693
2025-12-12,-0.2643
2025-12-15,-0.2800
2025-12-16,-0.3048
2025-12-17,-0.2902
2025-12-18,-0.2899
2025-12-19,-0.2750
2025-12-22,-0.2620
2025-12-23,-0.2653
2025-12-24,-0.2685
2025-12-26,-0.2894
2025-12-29,-0.2730
2025-12-30,-0.2684
2025-12-31,-0.2709
2026-01-02,-0.2662
2026-01-05,-0.2587
2026-01-06,-0.2659
2026-01-07,-0.2837
2026-01-08,-0.2486
2026-01-09,-0.2267
2026-01-12,-0.2262
2026-01-13,-0.1992
2026-01-14,-0.1909
2026-01-15,-0.2225
2026-01-16,-0.2094
2026-01-20,-0.2077
2026-01-21,-0.2058
2026-01-22,-0.2329
2026-01-23,-0.2290
2026-01-26,-0.2512
2026-01-27,-0.2457
2026-01-28,-0.2259
2026-01-29,-0.2027
2026-01-30,-0.1871
2026-02-02,-0.2101
2026-02-03,-0.1997
2026-02-04,-0.1691
2026-02-05,-0.1969
2026-02-06,-0.1983
2026-02-09,-0.2075
2026-02-10,-0.2192
2026-02-11,-0.2066
2026-02-12,-0.2362
2026-02-13,-0.2422
2026-02-17,-0.2436
2026-02-18,-0.1888
2026-02-19,-0.1670
2026-02-20,-0.1694
2026-02-23,-0.1793
2026-02-24,-0.1838
2026-02-25,-0.1892
2026-02-26,-0.1935
2026-02-27,-0.1794
2026-03-02,-0.0942
2026-03-03,-0.0321
2026-03-04,-0.0347
2026-03-05,0.0721
2026-03-06,0.1969
2026-03-09,0.2543
2026-03-10,0.0924
2026-03-11,0.1616
2026-03-12,0.2963
2026-03-13,0.3528
2026-03-16,0.2593
2026-03-17,0.2909
2026-03-18,0.3110
2026-03-19,0.2906
2026-03-20,0.3427
2026-03-23,0.1812
2026-03-24,0.2565
2026-03-25,0.2258
2026-03-26,0.2994
2026-03-27,0.3781
2026-03-30,0.4195
2026-03-31,0.3825
2026-04-01,0.3589
2026-04-02,0.5223
2026-04-06,0.5354
2026-04-07,0.5355
2026-04-08,0.2659
2026-04-09,0.3057
2026-04-10,0.2867
2026-04-13,0.3118
2026-04-14,0.1954
2026-04-15,0.1970
2026-04-16,0.2500
2026-04-17,0.0929
2026-04-20,0.1704
2026-04-21,0.2179
2026-04-22,0.2337
2026-04-23,0.2812
2026-04-24,0.2531
2026-04-27,0.2821
2026-04-28,0.3358
2026-04-29,0.4445
2026-04-30,0.3968
2026-05-01,0.3560
2026-05-04,0.4308
2026-05-05,0.3713
2026-05-06,0.2559
2026-05-07,0.2618
2026-05-08,0.2572
2026-05-11,0.3007
2026-05-12,0.3709
2026-05-13,0.3617
2026-05-14,0.3710
2026-05-15,0.4532
2026-05-18,0.4932
2026-05-19,0.4940
2026-05-20,0.3496
2026-05-21,0.3272
2026-05-22,0.3305
2026-05-26,0.2827
2026-05-27,0.2116
2026-05-28,0.2071
2026-05-29,0.1834
2026-06-01,0.2579
2026-06-02,0.2778
2026-06-03,0.3200
2026-06-04,0.2751
2026-06-05,0.2636
2026-06-08,0.2752
2026-06-09,0.2271
2026-06-10,0.2545
2026-06-11,0.2119
2026-06-12,0.1736
2026-06-15,0.1126
2026-06-16,0.0420
2026-06-17,0.0691
2026-06-18,0.0833
2026-06-22,0.0698
2026-06-23,0.0554
2026-06-24,0.0109
2026-06-25,0.0269
2026-06-26,-0.0136
2026-06-29,0.0013
2026-06-30,-0.0087
2026-07-01,-0.0100
2026-07-02,-0.0200
2026-07-06,-0.0228
2026-07-07,0.0155
2026-07-08,0.0597
2026-07-09,0.0341
2026-07-10,0.0291
2026-07-13,0.1324
2026-07-14,0.1379
2026-07-15,0.1264
2026-07-16,0.1257
2026-07-17,0.1711
2026-07-20,0.1933
2026-07-21,0.2241
2026-07-22,0.2525
2026-07-23,0.3373
2026-07-24,0.2965
2026-07-27,0.2022
2026-07-28,0.1494
2026-07-29,0.2082
2026-07-30,0.1823
2026-07-31,0.2012
2026-08-03,0.1396
2026-08-04,0.0692
2026-08-05,0.0558
2026-08-06,0.0966
2026-08-07,0.0987
2026-08-10,0.1618
2026-08-11,0.1748
2026-08-12,0.1801
2026-08-13,0.1468
2026-08-14,0.1618
2026-08-17,0.1927
2026-08-18,0.1969
2026-08-19,0.1834
2026-08-20,0.2171
2026-08-21,0.2091
2026-08-24,0.1821
2026-08-25,0.1369
2026-08-26,0.1439
2026-08-27,0.1622
2026-08-28,0.1788
2026-08-31,0.2087
2026-09-01,0.2793
2026-09-02,0.2874
2026-09-03,0.2741
2026-09-04,0.2829
2026-09-08,0.2988
2026-09-09,0.3416
2026-09-10,0.4487
2026-09-11,0.4199
2026-09-14,0.4446
2026-09-15,0.5134
2026-09-16,0.4841
2026-09-17,0.4682
2026-09-18,0.4521
2026-09-21,0.3918
2026-09-22,0.3803
2026-09-23,0.3758
2026-09-24,0.4190
2026-09-25,0.3840
2026-09-28,0.3985
2026-09-29,0.3605
2026-09-30,0.3808
2026-10-01,0.4232
2026-10-02,0.3998
2026-10-05,0.3866
2026-10-06,0.3838
