date,close
2002-11-12,120.2100
2002-11-13,122.8800
2002-11-14,130.2900
2002-11-15,132.3500
2002-11-18,129.1400
2002-11-19,126.4900
2002-11-20,125.8700
2002-11-21,127.0200
2002-11-22,126.2700
2002-11-25,120.8400
2002-11-26,120.8100
2002-11-27,128.3100
2002-11-29,127.5200
2002-12-02,127.5200
2002-12-03,130.6400
2002-12-04,131.0600
2002-12-05,130.4400
2002-12-06,128.4600
2002-12-09,122.9600
2002-12-10,115.5900
2002-12-11,118.3300
2002-12-12,117.1600
2002-12-13,116.2100
2002-12-16,120.3300
2002-12-17,119.8300
2002-12-18,118.6300
2002-12-19,124.0700
2002-12-20,125.2500
2002-12-23,124.7800
2002-12-24,121.2500
2002-12-26,118.6100
2002-12-27,123.8700
2002-12-30,123.7200
2002-12-31,123.8900
2003-01-02,130.8700
2003-01-06,124.8300
2003-01-07,117.5300
2003-01-08,119.4200
2003-01-09,125.0800
2003-01-10,120.0200
2003-01-13,119.7900
2003-01-14,114.1600
2003-01-15,115.3500
2003-01-16,115.1500
2003-01-17,116.0200
2003-01-21,114.8000
2003-01-22,109.9400
2003-01-23,107.7300
2003-01-24,109.4100
2003-01-27,117.7300
2003-01-28,116.8900
2003-01-29,114.4900
2003-01-30,115.6200
2003-01-31,110.8900
2003-02-03,109.1200
2003-02-04,112.0600
2003-02-05,122.1300
2003-02-06,117.2200
2003-02-07,115.4900
2003-02-10,114.0700
2003-02-11,112.3200
2003-02-12,113.1400
2003-02-13,116.3400
2003-02-18,115.7800
2003-02-19,107.1300
2003-02-20,109.1700
2003-02-21,104.8500
2003-02-24,104.0500
2003-02-25,103.1000
2003-02-26,114.1600
2003-02-27,103.8000
2003-02-28,105.3600
2003-03-03,101.7600
2003-03-04,100.9400
2003-03-05,103.1500
2003-03-06,102.8400
2003-03-07,104.6000
2003-03-10,105.9800
2003-03-11,104.2800
2003-03-12,104.3300
2003-03-13,110.9900
2003-03-14,110.3500
2003-03-17,118.3700
2003-03-18,124.8800
2003-03-19,130.2800
2003-03-20,125.8300
2003-03-21,124.1800
2003-03-24,119.9700
2003-03-25,116.4500
2003-03-26,116.3000
2003-03-27,115.0600
2003-03-28,114.5000
2003-03-31,112.0900
2003-04-01,109.6600
2003-04-02,116.7900
2003-04-03,115.9400
2003-04-04,114.3700
2003-04-07,113.4800
2003-04-08,110.0800
2003-04-09,105.8800
2003-04-10,103.5700
2003-04-11,103.6600
2003-04-14,102.7200
2003-04-15,98.5700
2003-04-16,96.0300
2003-04-17,96.2000
2003-04-21,95.8000
2003-04-22,98.5700
2003-04-23,95.7900
2003-04-24,92.4300
2003-04-25,91.6600
2003-04-28,91.0600
2003-04-29,90.6400
2003-04-30,89.2700
2003-05-01,89.6700
2003-05-02,90.6700
2003-05-05,88.0700
2003-05-06,84.7300
2003-05-07,86.3700
2003-05-08,85.2900
2003-05-09,82.5600
2003-05-12,83.2100
2003-05-13,84.9700
2003-05-14,88.9200
2003-05-15,94.3900
2003-05-16,94.6400
2003-05-19,97.8800
2003-05-20,104.3900
2003-05-21,108.5400
2003-05-22,102.7800
2003-05-23,99.5300
2003-05-27,99.6100
2003-05-28,100.3500
2003-05-29,99.4300
2003-05-30,99.8100
2003-06-02,101.6500
2003-06-04,105.1800
2003-06-05,108.3800
2003-06-06,103.3500
2003-06-09,103.0700
2003-06-11,104.7000
2003-06-12,101.5800
2003-06-13,103.1800
2003-06-16,101.6000
2003-06-17,105.3500
2003-06-18,111.4600
2003-06-19,113.3900
2003-06-23,108.4500
2003-06-24,105.6600
2003-06-25,106.0900
2003-06-26,106.6000
2003-06-27,108.1900
2003-06-30,103.6000
2003-07-01,100.5600
2003-07-02,106.1000
2003-07-03,107.5100
2003-07-07,104.8800
2003-07-09,101.9800
2003-07-10,103.0900
2003-07-11,98.8700
2003-07-14,99.3000
2003-07-15,106.4200
2003-07-16,109.8900
2003-07-17,110.0600
2003-07-18,104.9200
2003-07-21,114.7400
2003-07-22,120.5000
2003-07-23,117.2000
2003-07-24,115.1200
2003-07-25,115.9300
2003-07-28,126.3600
2003-07-29,141.4400
2003-07-30,146.9900
2003-07-31,160.8600
2003-08-01,157.2200
2003-08-04,145.7100
2003-08-05,144.5000
2003-08-06,144.3800
2003-08-07,129.1500
2003-08-08,130.9600
2003-08-11,139.8300
2003-08-12,131.6700
2003-08-13,144.7500
2003-08-14,147.3900
2003-08-15,140.5900
2003-08-18,132.0100
2003-08-19,124.1200
2003-08-20,128.3200
2003-08-22,135.0900
2003-08-25,132.7900
2003-08-26,130.8000
2003-08-27,127.7200
2003-08-28,128.7300
2003-08-29,126.5500
2003-09-02,135.6000
2003-09-03,134.0900
2003-09-04,127.7800
2003-09-05,124.7300
2003-09-08,120.0900
2003-09-09,125.5600
2003-09-10,118.7600
2003-09-11,120.4100
2003-09-12,120.8700
2003-09-15,119.2800
2003-09-16,118.7000
2003-09-17,117.8200
2003-09-18,116.8900
2003-09-19,112.4000
2003-09-22,115.5000
2003-09-23,115.2000
2003-09-24,115.0000
2003-09-25,112.7000
2003-09-26,113.5000
2003-09-29,115.4300
2003-09-30,116.6900
2003-10-01,118.2400
2003-10-02,122.6600
2003-10-03,124.8000
2003-10-06,121.6000
2003-10-07,119.1600
2003-10-08,121.7000
2003-10-09,120.1600
2003-10-10,118.2700
2003-10-13,118.2700
2003-10-14,118.1500
2003-10-15,122.2900
2003-10-16,127.3800
2003-10-17,125.5500
2003-10-20,124.4100
2003-10-21,117.6600
2003-10-22,118.1700
2003-10-23,120.1000
2003-10-24,119.5600
2003-10-27,118.2000
2003-10-28,116.5200
2003-10-29,111.8400
2003-10-30,119.0200
2003-10-31,118.7600
2003-11-04,116.2300
2003-11-05,119.4600
2003-11-06,123.8800
2003-11-07,120.5700
2003-11-10,117.8200
2003-11-12,115.8100
2003-11-13,113.6800
2003-11-14,114.2500
2003-11-17,113.9800
2003-11-18,114.1000
2003-11-19,114.8500
2003-11-20,114.8500
2003-11-21,114.4400
2003-11-24,109.9700
2003-11-25,106.7300
2003-11-26,104.8500
2003-11-28,104.9100
2003-12-01,113.1400
2003-12-02,116.5300
2003-12-03,117.8800
2003-12-04,120.1800
2003-12-05,116.4200
2003-12-08,113.7600
2003-12-09,115.2800
2003-12-10,112.9100
2003-12-11,109.2000
2003-12-12,111.0500
2003-12-15,111.0100
2003-12-16,110.0500
2003-12-17,109.5800
2003-12-18,107.1100
2003-12-19,109.2300
2003-12-22,114.0900
2003-12-23,115.2800
2003-12-24,116.2300
2003-12-26,116.2300
2003-12-29,116.4700
2003-12-30,116.5400
2003-12-31,117.9100
2004-01-02,118.0100
2004-01-05,113.8400
2004-01-06,108.7700
2004-01-07,110.9100
2004-01-08,109.7100
2004-01-09,102.8200
2004-01-12,100.2100
2004-01-13,97.5400
2004-01-14,100.8300
2004-01-15,103.6400
2004-01-16,104.5300
2004-01-20,102.7300
2004-01-21,103.4300
2004-01-22,105.7300
2004-01-23,112.2200
2004-01-26,114.4400
2004-01-27,111.6000
2004-01-28,116.5300
2004-01-29,124.9300
2004-01-30,116.7500
2004-02-02,116.2100
2004-02-03,116.4000
2004-02-04,120.7100
2004-02-05,125.7300
2004-02-06,115.1100
2004-02-09,107.4300
2004-02-10,107.4200
2004-02-11,95.6200
2004-02-12,96.3400
2004-02-13,96.3300
2004-02-17,93.6100
2004-02-18,92.6300
2004-02-19,91.6500
2004-02-20,92.8300
2004-02-23,91.0400
2004-02-24,90.9400
2004-02-25,92.3600
2004-02-26,93.2000
2004-02-27,90.1400
2004-03-01,90.1400
2004-03-02,96.0800
2004-03-03,104.3700
2004-03-04,100.2300
2004-03-05,92.3000
2004-03-08,91.5800
2004-03-09,93.3000
2004-03-10,95.4900
2004-03-11,99.8500
2004-03-12,97.7500
2004-03-15,96.4100
2004-03-16,95.0200
2004-03-17,96.3200
2004-03-18,97.6000
2004-03-19,97.6000
2004-03-22,97.6000
2004-03-23,96.7000
2004-03-24,96.7000
2004-03-25,97.4000
2004-03-26,105.3000
2004-03-29,101.7400
2004-03-30,102.0000
2004-03-31,105.9200
2004-04-01,112.4000
2004-04-02,112.1600
2004-04-05,115.9600
2004-04-06,103.0800
2004-04-07,117.3400
2004-04-08,115.5000
2004-04-12,112.1400
2004-04-13,113.1200
2004-04-14,115.3000
2004-04-15,117.5700
2004-04-16,117.4600
2004-04-19,115.0900
2004-04-20,118.3500
2004-04-21,117.7900
2004-04-22,113.1400
2004-04-23,114.6800
2004-04-26,114.2100
2004-04-27,119.9700
2004-04-28,120.2400
2004-04-29,121.5500
2004-04-30,122.9300
2004-05-03,123.0600
2004-05-04,119.9800
2004-05-05,132.9900
2004-05-06,137.8100
2004-05-07,122.8900
2004-05-10,109.7500
2004-05-11,106.3300
2004-05-12,108.8000
2004-05-13,114.5300
2004-05-14,114.5300
2004-05-17,112.4300
2004-05-18,109.9600
2004-05-19,109.4900
2004-05-20,108.2900
2004-05-21,107.7700
2004-05-24,103.1000
2004-05-25,103.5900
2004-05-26,107.1800
2004-05-27,104.7800
2004-05-28,106.1200
2004-06-01,108.7100
2004-06-02,121.5000
2004-06-03,116.6600
2004-06-04,102.3300
2004-06-07,96.0200
2004-06-08,97.1200
2004-06-09,97.6800
2004-06-10,98.7100
2004-06-14,103.8600
2004-06-15,101.1000
2004-06-16,101.7900
2004-06-17,101.3300
2004-06-18,99.1200
2004-06-21,97.3600
2004-06-22,100.3600
2004-06-23,101.3600
2004-06-24,103.7700
2004-06-25,100.9500
2004-06-28,102.0300
2004-06-29,99.9600
2004-06-30,93.9100
2004-07-01,99.7200
2004-07-02,94.7100
2004-07-06,91.1300
2004-07-07,95.0400
2004-07-08,94.4300
2004-07-09,97.0700
2004-07-12,97.5300
2004-07-13,103.8400
2004-07-14,102.1900
2004-07-15,99.6300
2004-07-16,99.7100
2004-07-19,95.3200
2004-07-20,97.1800
2004-07-21,93.7100
2004-07-22,91.8600
2004-07-23,90.5300
2004-07-26,90.2300
2004-07-27,94.7900
2004-07-28,98.0900
2004-07-29,97.1300
2004-07-30,97.2100
2004-08-02,99.3100
2004-08-03,98.9000
2004-08-04,106.4600
2004-08-05,106.8300
2004-08-06,103.1100
2004-08-09,98.8500
2004-08-10,96.5300
2004-08-11,89.7200
2004-08-12,93.3400
2004-08-13,96.1300
2004-08-16,94.4600
2004-08-17,102.4200
2004-08-18,106.7100
2004-08-19,100.6800
2004-08-20,100.8800
2004-08-23,104.4200
2004-08-24,103.4500
2004-08-25,102.9400
2004-08-26,102.5300
2004-08-27,102.0000
2004-08-30,100.0300
2004-08-31,102.6600
2004-09-01,105.4400
2004-09-02,106.8600
2004-09-03,89.2900
2004-09-07,84.9500
2004-09-08,100.5100
2004-09-09,98.7300
2004-09-10,96.5800
2004-09-13,91.7300
2004-09-14,92.2200
2004-09-15,91.9800
2004-09-16,91.0800
2004-09-17,93.6600
2004-09-20,92.2300
2004-09-21,88.2400
2004-09-22,91.6000
2004-09-23,98.1900
2004-09-24,95.6300
2004-09-27,93.3900
2004-09-28,92.3400
2004-09-29,92.5600
2004-09-30,92.8900
2004-10-01,93.0800
2004-10-04,90.7600
2004-10-05,87.4200
2004-10-06,96.2900
2004-10-07,100.6000
2004-10-08,91.3800
2004-10-12,92.5400
2004-10-13,91.8300
2004-10-14,91.2200
2004-10-15,90.5900
2004-10-18,86.8800
2004-10-19,85.8500
2004-10-20,92.1000
2004-10-21,86.5400
2004-10-22,85.8400
2004-10-25,88.4200
2004-10-26,91.9100
2004-10-27,95.4200
2004-10-28,97.2700
2004-10-29,96.4500
2004-11-01,96.7900
2004-11-02,98.5200
2004-11-03,105.3800
2004-11-04,102.8100
2004-11-05,92.6800
2004-11-08,91.2000
2004-11-09,89.0400
2004-11-10,86.7700
2004-11-12,85.9300
2004-11-15,86.7200
2004-11-16,86.8300
2004-11-17,86.2100
2004-11-18,86.0000
2004-11-19,87.6000
2004-11-22,86.0400
2004-11-23,85.6800
2004-11-24,83.2000
2004-11-26,84.9000
2004-11-29,90.6500
2004-11-30,89.5600
2004-12-01,88.2300
2004-12-02,91.2300
2004-12-03,78.1200
2004-12-06,72.3300
2004-12-07,66.7600
2004-12-08,82.0200
2004-12-09,83.0200
2004-12-10,82.9800
2004-12-13,82.2200
2004-12-14,80.2300
2004-12-15,82.3000
2004-12-16,86.3000
2004-12-17,86.4300
2004-12-20,81.6400
2004-12-21,80.5500
2004-12-22,81.0800
2004-12-23,80.6700
2004-12-27,82.6300
2004-12-28,85.8000
2004-12-29,85.1000
2004-12-30,86.6000
2004-12-31,86.6000
2005-01-03,83.9000
2005-01-04,83.3000
2005-01-05,93.2000
2005-01-06,92.4000
2005-01-07,92.3800
2005-01-10,79.0100
2005-01-11,77.8500
2005-01-12,76.9500
2005-01-13,75.7700
2005-01-14,76.6100
2005-01-18,76.5300
2005-01-19,75.9600
2005-01-20,74.4600
2005-01-21,76.3000
2005-01-24,76.9500
2005-01-25,77.3200
2005-01-26,78.1900
2005-01-27,80.2100
2005-01-28,78.6200
2005-01-31,79.2900
2005-02-01,75.9600
2005-02-02,83.9000
2005-02-03,83.7800
2005-02-04,75.5100
2005-02-07,72.2400
2005-02-08,72.8400
2005-02-09,77.1000
2005-02-10,80.4000
2005-02-11,81.9500
2005-02-14,84.6600
2005-02-15,84.1200
2005-02-16,84.1000
2005-02-17,74.2400
2005-02-18,78.4600
2005-02-22,83.9900
2005-02-23,81.6900
2005-02-24,82.9400
2005-02-25,80.7000
2005-02-28,90.0500
2005-03-01,89.2300
2005-03-02,101.4100
2005-03-03,99.4400
2005-03-04,83.0000
2005-03-07,76.3000
2005-03-08,81.9300
2005-03-09,92.1000
2005-03-10,91.1400
2005-03-11,93.7000
2005-03-14,93.2000
2005-03-15,92.0000
2005-03-16,90.7700
2005-03-17,92.1200
2005-03-18,90.1000
2005-03-21,91.3000
2005-03-22,90.7000
2005-03-23,89.0000
2005-03-24,88.3700
2005-03-28,88.9100
2005-03-29,89.5900
2005-03-30,91.0000
2005-03-31,87.7000
2005-04-01,75.1600
2005-04-04,75.1100
2005-04-05,73.6400
2005-04-06,81.1500
2005-04-07,79.2800
2005-04-08,81.4000
2005-04-11,78.2000
2005-04-12,75.9400
2005-04-13,75.5900
2005-04-14,74.4200
2005-04-15,83.8400
2005-04-18,83.8400
2005-04-19,84.1100
2005-04-20,84.0000
2005-04-21,85.8100
2005-04-22,84.1800
2005-04-25,78.5500
2005-04-26,79.2000
2005-04-27,79.1200
2005-04-28,78.2500
2005-04-29,82.5300
2005-05-02,82.3000
2005-05-03,81.5000
2005-05-04,86.9000
2005-05-05,82.9800
2005-05-06,78.4000
2005-05-09,78.7000
2005-05-10,78.9000
2005-05-11,83.0000
2005-05-12,82.1700
2005-05-13,87.1000
2005-05-16,88.5000
2005-05-17,84.7000
2005-05-18,81.2200
2005-05-19,77.1900
2005-05-20,76.6000
2005-05-23,73.8600
2005-05-24,73.8200
2005-05-25,74.0600
2005-05-26,72.6000
2005-05-27,73.7500
2005-05-31,75.0000
2005-06-01,79.1300
2005-06-02,80.7600
2005-06-03,78.9000
2005-06-06,78.4400
2005-06-07,77.8600
2005-06-08,82.9600
2005-06-09,80.8600
2005-06-10,82.5300
2005-06-13,80.5300
2005-06-14,80.1700
2005-06-15,75.2400
2005-06-16,73.4000
2005-06-17,72.4000
2005-06-20,72.2000
2005-06-21,73.5000
2005-06-22,77.1800
2005-06-23,76.5100
2005-06-24,76.0000
2005-06-27,74.5000
2005-06-28,75.7000
2005-06-29,76.7900
2005-06-30,75.6000
2005-07-01,78.8500
2005-07-05,78.3500
2005-07-06,86.2900
2005-07-07,87.8500
2005-07-08,80.1200
2005-07-11,82.9300
2005-07-12,81.0800
2005-07-13,81.4900
2005-07-14,76.4700
2005-07-15,77.5000
2005-07-18,76.6200
2005-07-19,77.4200
2005-07-20,74.1600
2005-07-21,78.5000
2005-07-22,75.5400
2005-07-25,75.7700
2005-07-26,74.0700
2005-07-27,73.7800
2005-07-28,72.5100
2005-07-29,74.8000
2005-08-01,76.5200
2005-08-02,76.8000
2005-08-03,78.1900
2005-08-04,77.6000
2005-08-05,75.9700
2005-08-08,75.1900
2005-08-09,72.6300
2005-08-10,72.9700
2005-08-11,72.2500
2005-08-12,74.0100
2005-08-15,73.5300
2005-08-16,73.8500
2005-08-17,73.3000
2005-08-18,72.4200
2005-08-19,73.3000
2005-08-22,71.7000
2005-08-23,71.3600
2005-08-24,71.5000
2005-08-25,72.1600
2005-08-26,73.6300
2005-08-29,72.2200
2005-08-30,75.0000
2005-08-31,78.2000
2005-09-01,85.0700
2005-09-02,80.6600
2005-09-06,76.5800
2005-09-07,80.3000
2005-09-08,80.3300
2005-09-09,79.9100
2005-09-12,78.2100
2005-09-13,78.8900
2005-09-14,77.9400
2005-09-15,79.5000
2005-09-16,82.5000
2005-09-19,82.4000
2005-09-20,77.5300
2005-09-21,77.3000
2005-09-22,77.9200
2005-09-23,78.1700
2005-09-26,78.1400
2005-09-27,75.9000
2005-09-28,75.4600
2005-09-29,75.9600
2005-09-30,76.7100
2005-10-03,80.3000
2005-10-04,77.8700
2005-10-05,81.6500
2005-10-06,80.2800
2005-10-07,77.4800
2005-10-11,77.5400
2005-10-12,77.6000
2005-10-13,80.0000
2005-10-14,80.7000
2005-10-17,81.1000
2005-10-18,80.1000
2005-10-19,80.0900
2005-10-20,79.1000
2005-10-21,78.4000
2005-10-24,78.0000
2005-10-25,77.0200
2005-10-26,82.1000
2005-10-27,80.7000
2005-10-28,80.2000
2005-10-31,80.0800
2005-11-01,77.9600
2005-11-02,82.5000
2005-11-03,83.4000
2005-11-04,76.5000
2005-11-07,76.5000
2005-11-08,78.2000
2005-11-09,80.5000
2005-11-10,79.8800
2005-11-14,80.9000
2005-11-15,80.3000
2005-11-16,79.0900
2005-11-17,78.8300
2005-11-18,76.5100
2005-11-21,73.1000
2005-11-22,73.1000
2005-11-23,73.3100
2005-11-25,72.0600
2005-11-28,72.1300
2005-11-29,73.9900
2005-11-30,73.5000
2005-12-01,73.5000
2005-12-02,69.3900
2005-12-05,67.7000
2005-12-06,67.3000
2005-12-07,71.4400
2005-12-08,70.6000
2005-12-09,71.8900
2005-12-12,72.2000
2005-12-13,68.3600
2005-12-14,70.9200
2005-12-15,71.2000
2005-12-16,70.2700
2005-12-19,67.7000
2005-12-20,66.3100
2005-12-21,66.4000
2005-12-22,66.5000
2005-12-23,67.8900
2005-12-27,68.4300
2005-12-28,70.2600
2005-12-29,71.2300
2005-12-30,72.0900
2006-01-03,73.2900
2006-01-04,74.6900
2006-01-05,72.8600
2006-01-06,69.1200
2006-01-09,64.9000
2006-01-10,65.5100
2006-01-11,64.5000
2006-01-12,64.9000
2006-01-13,64.9000
2006-01-17,63.5000
2006-01-18,66.5500
2006-01-19,66.2400
2006-01-20,66.2000
2006-01-23,67.7200
2006-01-24,67.5000
2006-01-25,72.2000
2006-01-26,74.9100
2006-01-27,73.7000
2006-01-30,75.6500
2006-01-31,73.7000
2006-02-01,72.8000
2006-02-02,72.1400
2006-02-03,68.7400
2006-02-06,67.3000
2006-02-07,68.0400
2006-02-08,70.0000
2006-02-09,71.4000
2006-02-10,72.4000
2006-02-13,71.1400
2006-02-14,71.4000
2006-02-15,67.0000
2006-02-16,62.5000
2006-02-17,62.5300
2006-02-21,60.4000
2006-02-22,57.5000
2006-02-23,57.8000
2006-02-24,55.2400
2006-02-27,56.2200
2006-02-28,56.8600
2006-03-01,58.3100
2006-03-02,62.6600
2006-03-03,63.1100
2006-03-06,66.3100
2006-03-07,68.5000
2006-03-08,69.5000
2006-03-09,66.6000
2006-03-10,62.5000
2006-03-13,63.2000
2006-03-14,64.4000
2006-03-15,63.3600
2006-03-16,65.4300
2006-03-17,64.5100
2006-03-20,63.2000
2006-03-21,64.6000
2006-03-22,63.2000
2006-03-23,64.2100
2006-03-24,65.7000
2006-03-27,64.0000
2006-03-28,62.5000
2006-03-29,65.9700
2006-03-30,69.9000
2006-03-31,68.6000
2006-04-03,68.6000
2006-04-04,67.0000
2006-04-05,68.3000
2006-04-06,68.6000
2006-04-07,70.8000
2006-04-10,67.7700
2006-04-11,69.8000
2006-04-12,69.4000
2006-04-13,71.7000
2006-04-17,69.7000
2006-04-18,68.8300
2006-04-19,67.9500
2006-04-20,66.5000
2006-04-21,66.0000
2006-04-24,64.4000
2006-04-25,67.1000
2006-04-26,66.8000
2006-04-27,65.1000
2006-04-28,63.0000
2006-05-01,63.9000
2006-05-02,66.1000
2006-05-03,70.6000
2006-05-04,69.1000
2006-05-05,65.6000
2006-05-08,64.5000
2006-05-09,65.1000
2006-05-10,63.2000
2006-05-11,63.8000
2006-05-12,65.8000
2006-05-15,65.8000
2006-05-16,64.4000
2006-05-17,65.2000
2006-05-18,65.2000
2006-05-19,68.8000
2006-05-22,71.1000
2006-05-23,68.3000
2006-05-24,71.9000
2006-05-25,68.7000
2006-05-26,67.1000
2006-05-30,66.0000
2006-05-31,67.1000
2006-06-01,66.5000
2006-06-02,65.5000
2006-06-05,64.3000
2006-06-06,64.0000
2006-06-07,66.4000
2006-06-08,67.1000
2006-06-09,66.1000
2006-06-12,64.3000
2006-06-13,64.6000
2006-06-14,64.3000
2006-06-15,64.2000
2006-06-16,65.4000
2006-06-19,66.3000
2006-06-20,66.8000
2006-06-21,67.0000
2006-06-22,69.3000
2006-06-23,70.7000
2006-06-26,69.0000
2006-06-27,67.5000
2006-06-28,67.2000
2006-06-29,65.1000
2006-06-30,65.5000
2006-07-03,65.5000
2006-07-05,67.6000
2006-07-06,66.9000
2006-07-07,64.0000
2006-07-10,65.0000
2006-07-11,64.3000
2006-07-12,64.9000
2006-07-13,68.0000
2006-07-14,68.9000
2006-07-17,69.5000
2006-07-18,69.8000
2006-07-19,66.1000
2006-07-20,66.4000
2006-07-21,66.1000
2006-07-24,64.9000
2006-07-25,63.7000
2006-07-26,63.7000
2006-07-27,63.6000
2006-07-28,63.7000
2006-07-31,63.4000
2006-08-01,61.8000
2006-08-02,66.2000
2006-08-03,66.1000
2006-08-04,62.5000
2006-08-07,61.6000
2006-08-08,59.2000
2006-08-09,58.4000
2006-08-10,60.7000
2006-08-11,58.8000
2006-08-14,58.0000
2006-08-15,59.4000
2006-08-16,59.9000
2006-08-17,59.9000
2006-08-18,59.3000
2006-08-21,58.0000
2006-08-22,59.6000
2006-08-23,59.4000
2006-08-24,58.7000
2006-08-25,58.3000
2006-08-28,57.1000
2006-08-29,57.7000
2006-08-30,58.1000
2006-08-31,59.8000
2006-09-01,56.7000
2006-09-05,55.1000
2006-09-06,57.4000
2006-09-07,55.8000
2006-09-08,56.4000
2006-09-11,56.3000
2006-09-12,56.9000
2006-09-13,57.5000
2006-09-14,57.5000
2006-09-15,55.9000
2006-09-18,56.2000
2006-09-19,56.2000
2006-09-20,55.0000
2006-09-21,59.5000
2006-09-22,69.5000
2006-09-25,70.2000
2006-09-26,66.7000
2006-09-27,65.8000
2006-09-28,63.5000
2006-09-29,63.1000
2006-10-02,62.6000
2006-10-03,61.0000
2006-10-04,66.3000
2006-10-05,66.0000
2006-10-06,63.7000
2006-10-10,63.1000
2006-10-11,62.0000
2006-10-12,60.7000
2006-10-13,60.3000
2006-10-16,59.1000
2006-10-17,61.1000
2006-10-18,59.1000
2006-10-19,58.4000
2006-10-20,56.6000
2006-10-23,58.6000
2006-10-24,57.7000
2006-10-25,57.1000
2006-10-26,58.3000
2006-10-27,59.5000
2006-10-30,58.5000
2006-10-31,60.9000
2006-11-01,63.8000
2006-11-02,63.5000
2006-11-03,60.9000
2006-11-06,58.9000
2006-11-07,60.9000
2006-11-08,63.5000
2006-11-09,62.0000
2006-11-10,63.5000
2006-11-13,65.1000
2006-11-14,66.3000
2006-11-15,66.2000
2006-11-16,64.5000
2006-11-17,65.0000
2006-11-20,63.6000
2006-11-21,62.7000
2006-11-22,62.9000
2006-11-24,63.0000
2006-11-27,65.1000
2006-11-28,67.1000
2006-11-29,66.9000
2006-11-30,68.5000
2006-12-01,72.2500
2006-12-04,70.1000
2006-12-05,71.6000
2006-12-06,75.0000
2006-12-07,75.6000
2006-12-08,71.1000
2006-12-11,68.3000
2006-12-12,64.7000
2006-12-13,65.2000
2006-12-14,64.5000
2006-12-15,64.2500
2006-12-18,62.7000
2006-12-19,63.4000
2006-12-20,61.5000
2006-12-21,61.8000
2006-12-22,65.3000
2006-12-26,64.6000
2006-12-27,65.1000
2006-12-28,65.9000
2006-12-29,66.8000
2007-01-03,70.9000
2007-01-04,72.0000
2007-01-05,67.4000
2007-01-08,64.3000
2007-01-09,61.8000
2007-01-10,62.2000
2007-01-11,63.0000
2007-01-12,61.2000
2007-01-16,60.9000
2007-01-17,60.1000
2007-01-18,58.0000
2007-01-19,57.2000
2007-01-22,57.2000
2007-01-23,57.2000
2007-01-24,57.5000
2007-01-25,60.7500
2007-01-26,60.3000
2007-01-29,60.0000
2007-01-30,61.9000
2007-01-31,61.6000
2007-02-01,61.3000
2007-02-02,56.1000
2007-02-05,54.9000
2007-02-06,56.3000
2007-02-07,60.5000
2007-02-08,58.9000
2007-02-09,60.1000
2007-02-12,60.0000
2007-02-13,59.8000
2007-02-14,59.8000
2007-02-15,61.1000
2007-02-16,60.7000
2007-02-20,60.9000
2007-02-21,57.8000
2007-02-22,57.5000
2007-02-23,57.8000
2007-02-26,61.6000
2007-02-27,70.3000
2007-02-28,69.8000
2007-03-01,72.9000
2007-03-02,76.7000
2007-03-05,74.5000
2007-03-06,67.1000
2007-03-07,71.3000
2007-03-08,69.8000
2007-03-09,63.6000
2007-03-12,65.3000
2007-03-13,72.2000
2007-03-14,69.7000
2007-03-15,67.9000
2007-03-16,67.0000
2007-03-19,66.0000
2007-03-20,66.0000
2007-03-21,66.2000
2007-03-22,67.2000
2007-03-23,68.7000
2007-03-26,68.2000
2007-03-27,69.7000
2007-03-28,69.9000
2007-03-29,65.9000
2007-03-30,67.9000
2007-04-02,65.9000
2007-04-03,63.8000
2007-04-04,66.1000
2007-04-05,64.0000
2007-04-09,58.3000
2007-04-10,60.2000
2007-04-11,58.7000
2007-04-12,57.9000
2007-04-13,57.8000
2007-04-16,58.7000
2007-04-17,59.3000
2007-04-18,59.2000
2007-04-19,59.4000
2007-04-20,59.1000
2007-04-23,57.8000
2007-04-24,58.8000
2007-04-25,57.8000
2007-04-26,58.7000
2007-04-27,57.8000
2007-04-30,59.8000
2007-05-01,58.9000
2007-05-02,61.1000
2007-05-03,60.8000
2007-05-04,57.1000
2007-05-07,54.5000
2007-05-08,54.3000
2007-05-09,53.3000
2007-05-10,52.8000
2007-05-11,52.4000
2007-05-14,52.5000
2007-05-15,51.2000
2007-05-16,51.6000
2007-05-17,52.7000
2007-05-18,56.7000
2007-05-21,55.4000
2007-05-22,54.6000
2007-05-23,56.0000
2007-05-24,56.5000
2007-05-25,56.9000
2007-05-29,56.5000
2007-05-30,57.6000
2007-05-31,58.9000
2007-06-01,58.0000
2007-06-04,54.7000
2007-06-05,55.3000
2007-06-06,58.9000
2007-06-07,70.8000
2007-06-08,79.1000
2007-06-11,69.5000
2007-06-12,85.2000
2007-06-13,84.6000
2007-06-14,78.3000
2007-06-15,70.6000
2007-06-18,68.1000
2007-06-19,68.4000
2007-06-20,71.4000
2007-06-21,76.3000
2007-06-22,76.3000
2007-06-25,79.0000
2007-06-26,77.2000
2007-06-27,79.4000
2007-06-28,75.5000
2007-06-29,77.5000
2007-07-02,76.0000
2007-07-03,73.5000
2007-07-05,76.5000
2007-07-06,74.4000
2007-07-09,74.4000
2007-07-10,78.1000
2007-07-11,77.0000
2007-07-12,75.5000
2007-07-13,73.1000
2007-07-16,71.1000
2007-07-17,69.8000
2007-07-18,71.4000
2007-07-19,68.9000
2007-07-20,72.2000
2007-07-23,75.3000
2007-07-24,76.7000
2007-07-25,78.4000
2007-07-26,93.5000
2007-07-27,92.6000
2007-07-30,97.9000
2007-07-31,96.4000
2007-08-01,94.3000
2007-08-02,92.0000
2007-08-03,95.4000
2007-08-06,97.5000
2007-08-07,86.9000
2007-08-08,92.9000
2007-08-09,118.5000
2007-08-10,116.4000
2007-08-13,111.7000
2007-08-14,106.8000
2007-08-15,102.7000
2007-08-16,109.8000
2007-08-17,106.9000
2007-08-20,109.5000
2007-08-21,114.4000
2007-08-22,112.6000
2007-08-23,111.4000
2007-08-24,104.4000
2007-08-27,103.9000
2007-08-28,106.6000
2007-08-29,107.5000
2007-08-30,110.3000
2007-08-31,111.0000
2007-09-04,110.2400
2007-09-05,113.5000
2007-09-06,110.5000
2007-09-07,116.9000
2007-09-10,120.4000
2007-09-11,123.5000
2007-09-12,124.5000
2007-09-13,122.1000
2007-09-14,123.4000
2007-09-17,121.6000
2007-09-18,114.4000
2007-09-19,106.2500
2007-09-20,118.8000
2007-09-21,103.2000
2007-09-24,102.8000
2007-09-25,106.5000
2007-09-26,104.9000
2007-09-27,103.3000
2007-09-28,103.7000
2007-10-01,104.9000
2007-10-02,103.6000
2007-10-03,101.8000
2007-10-04,102.0000
2007-10-05,98.1000
2007-10-09,91.4000
2007-10-10,86.6000
2007-10-11,82.4000
2007-10-12,79.6000
2007-10-15,79.3000
2007-10-16,82.8000
2007-10-17,93.5000
2007-10-18,92.3000
2007-10-19,95.8000
2007-10-22,97.4000
2007-10-23,96.3000
2007-10-24,104.9000
2007-10-25,103.8000
2007-10-26,102.0400
2007-10-29,99.1000
2007-10-30,96.3400
2007-10-31,90.1800
2007-11-01,100.2500
2007-11-02,103.6400
2007-11-05,102.5600
2007-11-06,98.4000
2007-11-07,107.9800
2007-11-08,112.0800
2007-11-09,112.0800
2007-11-13,102.5000
2007-11-14,95.3600
2007-11-15,102.2200
2007-11-16,99.1400
2007-11-19,101.0400
2007-11-20,109.2000
2007-11-21,112.2000
2007-11-23,112.1000
2007-11-26,126.9000
2007-11-27,133.4000
2007-11-28,127.4000
2007-11-29,133.6000
2007-11-30,131.5000
2007-12-03,136.1100
2007-12-04,141.7000
2007-12-05,140.4000
2007-12-06,138.5000
2007-12-07,139.9600
2007-12-10,126.8900
2007-12-11,140.6000
2007-12-12,142.8000
2007-12-13,139.2000
2007-12-14,139.3800
2007-12-17,138.7300
2007-12-18,141.5000
2007-12-19,147.8300
2007-12-20,154.7000
2007-12-21,145.5000
2007-12-24,144.0000
2007-12-26,141.3000
2007-12-27,140.9000
2007-12-28,144.0000
2007-12-31,145.4000
2008-01-02,148.7000
2008-01-03,145.6000
2008-01-04,138.1000
2008-01-07,130.9000
2008-01-08,124.0000
2008-01-09,128.0000
2008-01-10,125.3000
2008-01-11,130.9000
2008-01-14,130.5600
2008-01-15,131.9000
2008-01-16,133.0000
2008-01-17,135.1000
2008-01-18,137.1000
2008-01-22,147.3000
2008-01-23,165.1000
2008-01-24,171.7000
2008-01-25,178.8000
2008-01-28,170.2000
2008-01-29,161.8000
2008-01-30,146.7100
2008-01-31,153.7000
2008-02-01,144.7000
2008-02-04,142.0000
2008-02-05,145.9000
2008-02-06,146.2000
2008-02-07,150.4000
2008-02-08,153.0000
2008-02-11,149.8000
2008-02-12,148.5000
2008-02-13,146.1000
2008-02-14,144.2000
2008-02-15,146.6000
2008-02-19,147.5000
2008-02-20,154.3000
2008-02-21,160.6000
2008-02-22,161.5000
2008-02-25,158.1000
2008-02-26,149.2000
2008-02-27,142.9100
2008-02-28,145.2000
2008-02-29,155.2000
2008-03-03,152.2000
2008-03-04,155.7000
2008-03-05,164.9000
2008-03-06,171.4000
2008-03-07,172.6000
2008-03-10,169.6000
2008-03-11,155.3000
2008-03-12,154.3000
2008-03-13,162.7000
2008-03-14,167.2000
2008-03-17,168.8000
2008-03-18,159.2000
2008-03-19,159.9000
2008-03-20,158.6000
2008-03-24,161.0000
2008-03-25,160.7000
2008-03-26,157.7000
2008-03-27,152.4000
2008-03-28,145.9000
2008-03-31,145.5000
2008-04-01,141.9000
2008-04-02,146.2000
2008-04-03,139.7000
2008-04-04,140.2000
2008-04-07,132.9000
2008-04-08,128.2000
2008-04-09,128.7000
2008-04-10,127.8000
2008-04-11,129.4000
2008-04-14,127.4000
2008-04-15,129.9000
2008-04-16,144.0000
2008-04-17,149.7000
2008-04-18,144.1000
2008-04-21,135.2000
2008-04-22,129.1000
2008-04-23,125.6000
2008-04-24,129.2000
2008-04-25,131.0000
2008-04-28,130.1000
2008-04-29,126.5000
2008-04-30,119.1000
2008-05-01,115.2000
2008-05-02,111.8000
2008-05-05,108.9000
2008-05-06,110.4000
2008-05-07,116.1000
2008-05-08,119.7000
2008-05-09,121.1000
2008-05-12,118.3000
2008-05-13,120.9000
2008-05-14,127.2000
2008-05-15,125.3000
2008-05-16,122.5000
2008-05-19,117.5000
2008-05-20,116.6000
2008-05-21,115.9000
2008-05-22,120.9000
2008-05-23,120.4000
2008-05-27,121.1000
2008-05-28,126.6000
2008-05-29,131.6000
2008-05-30,130.2000
2008-06-02,130.5000
2008-06-03,132.7000
2008-06-04,131.9000
2008-06-05,133.8000
2008-06-06,139.6000
2008-06-09,151.0000
2008-06-10,149.6000
2008-06-11,144.6000
2008-06-12,148.9000
2008-06-13,153.7000
2008-06-16,143.5000
2008-06-17,142.2000
2008-06-18,140.4000
2008-06-19,136.8000
2008-06-20,137.8000
2008-06-23,136.7000
2008-06-24,134.8000
2008-06-25,129.8000
2008-06-26,133.7000
2008-06-27,132.5000
2008-06-30,126.0000
2008-07-01,128.5000
2008-07-02,133.1000
2008-07-03,125.1000
2008-07-07,123.0000
2008-07-08,118.9000
2008-07-09,116.1000
2008-07-10,118.7000
2008-07-11,129.2000
2008-07-14,126.0000
2008-07-15,126.0000
2008-07-16,123.4000
2008-07-17,129.4000
2008-07-18,131.0000
2008-07-21,131.1000
2008-07-22,124.9000
2008-07-23,123.7000
2008-07-24,123.8000
2008-07-25,123.4000
2008-07-28,122.7000
2008-07-29,121.3000
2008-07-30,133.8000
2008-07-31,131.7000
2008-08-01,118.3000
2008-08-04,117.2000
2008-08-05,110.3000
2008-08-06,112.3000
2008-08-07,118.8000
2008-08-08,109.1000
2008-08-11,107.4000
2008-08-12,110.9000
2008-08-13,112.3000
2008-08-14,111.8000
2008-08-15,112.1000
2008-08-18,112.8000
2008-08-19,110.1000
2008-08-20,110.7000
2008-08-21,109.4000
2008-08-22,109.8000
2008-08-25,109.6000
2008-08-26,108.2000
2008-08-27,104.1000
2008-08-28,103.0000
2008-08-29,103.0000
2008-09-02,102.4000
2008-09-03,105.9000
2008-09-04,115.2000
2008-09-05,111.8000
2008-09-08,116.3000
2008-09-09,123.8000
2008-09-10,123.7000
2008-09-11,126.1000
2008-09-12,125.4000
2008-09-15,160.3000
2008-09-16,168.4000
2008-09-17,162.0000
2008-09-18,163.5000
2008-09-19,162.3000
2008-09-22,158.1000
2008-09-23,159.5000
2008-09-24,163.8000
2008-09-25,176.3000
2008-09-26,183.6000
2008-09-29,201.0000
2008-09-30,208.5000
2008-10-01,200.5000
2008-10-02,206.7000
2008-10-03,204.8000
2008-10-06,217.3000
2008-10-07,221.1000
2008-10-08,239.8000
2008-10-09,250.1000
2008-10-10,264.6000
2008-10-14,230.4000
2008-10-15,220.5000
2008-10-16,218.9000
2008-10-17,207.3000
2008-10-20,191.6000
2008-10-21,192.9000
2008-10-22,203.8000
2008-10-23,229.7000
2008-10-24,239.4000
2008-10-27,237.0000
2008-10-28,229.9000
2008-10-29,217.2000
2008-10-30,209.4000
2008-10-31,207.2000
2008-11-03,204.6000
2008-11-04,203.0000
2008-11-05,217.5000
2008-11-06,189.0000
2008-11-07,178.1000
2008-11-10,173.2000
2008-11-11,173.2000
2008-11-12,173.2000
2008-11-13,181.4000
2008-11-14,189.5000
2008-11-17,188.4000
2008-11-18,191.6000
2008-11-19,192.0000
2008-11-20,211.6000
2008-11-21,212.9000
2008-11-24,189.0000
2008-11-25,206.2000
2008-11-26,213.9000
2008-11-28,214.0000
2008-12-01,213.3000
2008-12-02,216.6000
2008-12-03,214.7000
2008-12-04,216.9000
2008-12-05,216.4000
2008-12-08,213.4000
2008-12-09,214.7000
2008-12-10,218.9000
2008-12-11,223.4000
2008-12-12,222.7000
2008-12-15,214.5000
2008-12-16,194.9000
2008-12-17,182.1000
2008-12-18,194.6000
2008-12-19,195.8000
2008-12-22,194.6000
2008-12-23,193.8000
2008-12-24,193.8000
2008-12-26,193.5000
2008-12-29,192.1000
2008-12-30,192.6000
2008-12-31,190.0000
2009-01-02,183.1000
2009-01-05,171.0000
2009-01-06,160.4000
2009-01-07,151.7000
2009-01-08,149.9000
2009-01-09,138.0000
2009-01-12,134.8000
2009-01-13,119.5000
2009-01-14,119.4000
2009-01-15,129.5000
2009-01-16,126.9000
2009-01-20,136.5000
2009-01-21,151.0000
2009-01-22,153.1000
2009-01-23,155.3000
2009-01-26,145.3000
2009-01-27,141.2000
2009-01-28,136.7000
2009-01-29,147.8000
2009-01-30,162.9000
2009-02-02,163.4000
2009-02-03,161.2000
2009-02-04,172.5000
2009-02-05,173.7000
2009-02-06,182.1000
2009-02-09,170.2000
2009-02-10,172.3000
2009-02-11,157.0000
2009-02-12,151.0000
2009-02-13,158.7000
2009-02-17,163.2000
2009-02-18,159.2000
2009-02-19,161.9000
2009-02-20,165.5000
2009-02-23,157.4000
2009-02-24,154.4000
2009-02-25,164.3000
2009-02-26,163.0000
2009-02-27,166.6000
2009-03-02,164.0000
2009-03-03,164.9000
2009-03-04,166.3000
2009-03-05,162.2000
2009-03-06,159.2000
2009-03-09,160.5000
2009-03-10,153.4000
2009-03-11,147.0000
2009-03-12,146.3000
2009-03-13,143.8000
2009-03-16,140.9000
2009-03-17,142.7000
2009-03-18,142.9000
2009-03-19,125.6000
2009-03-20,124.0000
2009-03-23,119.0000
2009-03-24,119.3000
2009-03-25,118.3000
2009-03-26,120.5000
2009-03-27,117.9000
2009-03-30,116.9000
2009-03-31,117.3000
2009-04-01,112.6000
2009-04-02,111.7000
2009-04-03,119.7000
2009-04-06,122.9000
2009-04-07,118.5000
2009-04-08,119.7000
2009-04-09,119.7000
2009-04-13,116.4000
2009-04-14,107.7000
2009-04-15,105.6000
2009-04-16,109.0000
2009-04-17,115.8000
2009-04-20,115.1000
2009-04-21,115.8000
2009-04-22,120.2000
2009-04-23,120.2000
2009-04-24,125.8000
2009-04-27,125.8000
2009-04-28,122.6000
2009-04-29,120.7000
2009-04-30,124.2000
2009-05-01,129.2000
2009-05-04,127.8000
2009-05-05,125.4000
2009-05-06,125.2000
2009-05-07,129.1000
2009-05-08,130.5000
2009-05-11,124.7000
2009-05-12,126.3000
2009-05-13,126.2000
2009-05-14,123.5000
2009-05-15,122.3000
2009-05-18,122.1000
2009-05-19,122.7000
2009-05-20,122.6000
2009-05-21,129.8000
2009-05-22,147.2000
2009-05-26,146.1000
2009-05-27,163.8000
2009-05-28,167.5000
2009-05-29,165.4000
2009-06-01,190.3000
2009-06-02,183.9000
2009-06-03,162.9000
2009-06-04,169.0000
2009-06-05,183.4000
2009-06-08,183.0000
2009-06-09,175.3000
2009-06-10,178.4000
2009-06-11,171.7000
2009-06-12,171.8000
2009-06-15,166.5000
2009-06-16,167.2000
2009-06-17,170.1000
2009-06-18,187.3000
2009-06-19,182.3000
2009-06-22,173.2000
2009-06-23,173.1000
2009-06-24,164.9000
2009-06-25,161.0000
2009-06-26,159.0000
2009-06-29,158.4000
2009-06-30,162.5000
2009-07-01,161.6000
2009-07-02,149.1000
2009-07-06,148.1000
2009-07-07,138.6000
2009-07-08,136.5000
2009-07-09,136.5000
2009-07-10,135.9000
2009-07-13,137.8000
2009-07-14,145.0000
2009-07-15,151.8000
2009-07-16,148.9000
2009-07-17,156.3000
2009-07-20,149.7000
2009-07-21,143.9000
2009-07-22,144.4000
2009-07-23,147.3000
2009-07-24,143.6000
2009-07-27,143.1000
2009-07-28,140.2000
2009-07-29,139.6000
2009-07-30,139.1000
2009-07-31,138.5000
2009-08-03,141.1000
2009-08-04,141.0000
2009-08-05,145.4000
2009-08-06,147.7000
2009-08-07,153.4000
2009-08-10,149.1000
2009-08-11,149.9000
2009-08-12,147.5000
2009-08-13,145.8000
2009-08-14,144.7000
2009-08-17,144.2000
2009-08-18,136.7000
2009-08-19,136.0000
2009-08-20,131.9000
2009-08-21,132.3000
2009-08-24,131.1000
2009-08-25,130.1000
2009-08-26,125.5000
2009-08-27,125.4000
2009-08-28,129.1000
2009-08-31,130.7000
2009-09-01,135.0000
2009-09-02,137.6000
2009-09-03,134.1000
2009-09-04,127.6000
2009-09-08,123.2000
2009-09-09,114.6000
2009-09-10,117.4000
2009-09-11,114.7000
2009-09-14,116.5000
2009-09-15,119.6000
2009-09-16,123.7000
2009-09-17,121.8000
2009-09-18,121.4000
2009-09-21,118.4000
2009-09-22,118.0000
2009-09-23,111.9000
2009-09-24,109.8000
2009-09-25,110.7000
2009-09-28,109.9000
2009-09-29,115.2000
2009-09-30,113.8000
2009-10-01,112.6000
2009-10-02,107.8000
2009-10-05,105.7000
2009-10-06,107.2000
2009-10-07,105.1000
2009-10-08,101.8000
2009-10-09,114.7000
2009-10-13,111.1000
2009-10-14,115.4000
2009-10-15,117.8000
2009-10-16,117.4000
2009-10-19,114.7000
2009-10-20,108.9000
2009-10-21,111.9000
2009-10-22,111.2000
2009-10-23,113.4000
2009-10-26,118.5000
2009-10-27,114.1000
2009-10-28,113.3000
2009-10-29,116.6000
2009-10-30,113.5000
2009-11-02,113.7000
2009-11-03,114.0000
2009-11-04,116.2000
2009-11-05,112.7000
2009-11-06,105.0000
2009-11-09,99.9000
2009-11-10,95.7000
2009-11-12,102.2000
2009-11-13,97.2000
2009-11-16,92.5000
2009-11-17,91.2000
2009-11-18,89.1000
2009-11-19,86.9000
2009-11-20,87.3000
2009-11-23,87.7000
2009-11-24,83.7000
2009-11-25,82.8000
2009-11-27,88.9000
2009-11-30,86.1000
2009-12-01,87.5000
2009-12-02,88.1000
2009-12-03,93.1000
2009-12-04,95.3000
2009-12-07,89.8000
2009-12-08,86.1000
2009-12-09,90.0000
2009-12-10,90.9000
2009-12-11,94.0000
2009-12-14,93.3000
2009-12-15,96.8000
2009-12-16,94.4000
2009-12-17,92.6000
2009-12-18,93.8000
2009-12-21,102.6000
2009-12-22,107.7000
2009-12-23,102.4000
2009-12-24,105.0000
2009-12-28,108.2000
2009-12-29,108.9000
2009-12-30,104.4000
2009-12-31,107.5000
2010-01-04,106.4000
2010-01-05,102.5000
2010-01-06,106.9000
2010-01-07,104.4000
2010-01-08,96.3000
2010-01-11,93.0000
2010-01-12,92.7000
2010-01-13,95.5000
2010-01-14,91.1000
2010-01-15,89.8000
2010-01-19,87.9000
2010-01-20,88.3000
2010-01-21,87.5000
2010-01-22,88.3000
2010-01-25,88.1000
2010-01-26,88.8000
2010-01-27,86.3000
2010-01-28,87.9000
2010-01-29,86.3000
2010-02-01,85.3000
2010-02-02,83.7000
2010-02-03,90.0000
2010-02-04,90.9000
2010-02-05,89.1000
2010-02-08,88.0000
2010-02-09,88.1000
2010-02-10,90.2000
2010-02-11,89.2000
2010-02-12,87.0000
2010-02-16,85.5000
2010-02-17,85.9000
2010-02-18,87.2000
2010-02-19,84.9000
2010-02-22,81.4000
2010-02-23,83.9000
2010-02-24,83.2000
2010-02-25,82.2000
2010-02-26,81.2000
2010-03-01,79.4000
2010-03-02,78.4000
2010-03-03,78.9000
2010-03-04,76.1000
2010-03-05,78.9000
2010-03-08,77.6000
2010-03-09,76.3000
2010-03-10,75.9000
2010-03-11,75.6000
2010-03-12,76.4000
2010-03-15,77.3000
2010-03-16,76.9000
2010-03-17,74.1000
2010-03-18,75.9000
2010-03-19,79.4000
2010-03-22,78.5000
2010-03-23,78.6000
2010-03-24,90.1000
2010-03-25,89.5000
2010-03-26,87.4000
2010-03-29,87.1000
2010-03-30,86.2000
2010-03-31,85.3000
2010-04-01,89.8000
2010-04-05,90.1000
2010-04-06,88.6000
2010-04-07,92.2000
2010-04-08,90.3000
2010-04-09,89.8000
2010-04-12,88.2000
2010-04-13,86.7000
2010-04-14,85.3000
2010-04-15,83.9000
2010-04-16,82.9000
2010-04-19,82.3000
2010-04-20,78.3000
2010-04-21,79.9000
2010-04-22,80.1000
2010-04-23,85.2000
2010-04-26,83.0000
2010-04-27,88.9000
2010-04-28,87.2000
2010-04-29,83.3000
2010-04-30,85.5000
2010-05-03,83.6000
2010-05-04,88.7000
2010-05-05,95.8000
2010-05-06,116.7000
2010-05-07,112.6000
2010-05-10,104.4000
2010-05-11,96.8000
2010-05-12,93.2000
2010-05-13,89.5000
2010-05-14,99.8000
2010-05-17,96.6000
2010-05-18,97.2000
2010-05-19,98.1000
2010-05-20,110.9000
2010-05-21,108.7000
2010-05-24,107.1000
2010-05-25,112.7000
2010-05-26,109.9000
2010-05-27,111.5000
2010-05-28,112.1000
2010-06-01,110.3000
2010-06-02,105.2000
2010-06-03,104.3000
2010-06-04,106.4000
2010-06-07,106.1000
2010-06-08,108.7000
2010-06-09,106.6000
2010-06-10,103.3000
2010-06-11,105.9000
2010-06-14,102.9000
2010-06-15,99.6000
2010-06-16,96.0000
2010-06-17,95.2000
2010-06-18,94.4000
2010-06-21,87.8000
2010-06-22,85.9000
2010-06-23,85.2000
2010-06-24,85.4000
2010-06-25,84.7000
2010-06-28,84.2000
2010-06-29,89.8000
2010-06-30,89.7000
2010-07-01,93.8000
2010-07-02,88.2000
2010-07-06,82.6000
2010-07-07,86.3000
2010-07-08,85.5000
2010-07-09,85.1000
2010-07-12,82.2000
2010-07-13,80.3000
2010-07-14,79.0000
2010-07-15,78.1000
2010-07-16,81.2000
2010-07-19,79.4000
2010-07-20,78.7000
2010-07-21,78.4000
2010-07-22,78.8000
2010-07-23,78.9000
2010-07-26,77.3000
2010-07-27,77.1000
2010-07-28,76.3000
2010-07-29,75.9000
2010-07-30,78.2000
2010-08-02,77.6000
2010-08-03,81.1000
2010-08-04,85.9000
2010-08-05,84.0000
2010-08-06,80.4000
2010-08-09,79.8000
2010-08-10,76.6000
2010-08-11,76.2000
2010-08-12,81.4000
2010-08-13,84.3000
2010-08-16,92.8000
2010-08-17,90.9000
2010-08-18,87.5000
2010-08-19,91.0000
2010-08-20,93.2000
2010-08-23,95.5000
2010-08-24,97.6000
2010-08-25,100.7000
2010-08-26,104.4000
2010-08-27,109.2000
2010-08-30,109.7000
2010-08-31,103.7000
2010-09-01,110.1000
2010-09-02,103.2000
2010-09-03,95.3000
2010-09-07,98.2000
2010-09-08,100.9000
2010-09-09,104.9000
2010-09-10,107.3000
2010-09-13,105.5000
2010-09-14,102.4000
2010-09-15,102.7000
2010-09-16,103.8000
2010-09-17,103.6000
2010-09-20,103.6000
2010-09-21,96.6000
2010-09-22,89.8000
2010-09-23,88.7000
2010-09-24,83.7000
2010-09-27,85.7000
2010-09-28,84.6000
2010-09-29,85.6000
2010-09-30,85.1000
2010-10-01,86.5000
2010-10-04,96.7000
2010-10-05,89.2000
2010-10-06,90.4000
2010-10-07,87.8000
2010-10-08,80.1000
2010-10-12,78.3000
2010-10-13,81.3000
2010-10-14,84.6000
2010-10-15,88.1000
2010-10-18,89.5000
2010-10-19,88.6000
2010-10-20,87.1000
2010-10-21,89.6000
2010-10-22,92.4000
2010-10-25,90.3000
2010-10-26,97.4000
2010-10-27,99.9000
2010-10-28,98.7000
2010-10-29,99.8000
2010-11-01,98.7000
2010-11-02,98.3000
2010-11-03,83.1000
2010-11-04,82.1000
2010-11-05,81.7000
2010-11-08,82.5000
2010-11-09,90.4000
2010-11-10,91.6000
2010-11-12,97.7000
2010-11-15,103.9000
2010-11-16,100.8000
2010-11-17,95.1000
2010-11-18,98.6000
2010-11-19,94.5000
2010-11-22,90.6000
2010-11-23,90.8000
2010-11-24,101.0000
2010-11-26,100.8000
2010-11-29,100.4000
2010-11-30,101.9000
2010-12-01,110.1000
2010-12-02,109.3000
2010-12-03,102.7000
2010-12-06,98.2000
2010-12-07,110.4000
2010-12-08,112.1000
2010-12-09,109.0000
2010-12-10,110.8000
2010-12-13,110.4000
2010-12-14,118.4000
2010-12-15,125.2000
2010-12-16,122.7000
2010-12-17,119.1000
2010-12-20,112.7000
2010-12-21,104.2000
2010-12-22,106.4000
2010-12-23,106.8000
2010-12-27,106.1000
2010-12-28,110.2000
2010-12-29,111.3000
2010-12-30,111.3000
2010-12-31,110.4000
2011-01-03,105.9000
2011-01-04,102.8000
2011-01-05,116.2000
2011-01-06,112.9000
2011-01-07,107.5000
2011-01-10,102.5000
2011-01-11,100.3000
2011-01-12,98.3000
2011-01-13,96.4000
2011-01-14,96.4000
2011-01-18,97.6000
2011-01-19,93.4000
2011-01-20,97.8000
2011-01-21,95.3000
2011-01-24,93.7000
2011-01-25,93.5000
2011-01-26,93.3000
2011-01-27,93.2000
2011-01-28,90.3000
2011-01-31,96.2000
2011-02-01,97.2000
2011-02-02,102.5000
2011-02-03,102.3000
2011-02-04,105.1000
2011-02-07,101.4000
2011-02-08,101.2000
2011-02-09,99.3000
2011-02-10,100.5000
2011-02-11,97.2000
2011-02-14,95.6000
2011-02-15,94.7000
2011-02-16,95.5000
2011-02-17,94.4000
2011-02-18,94.3000
2011-02-22,97.3000
2011-02-23,96.7000
2011-02-24,96.9000
2011-02-25,93.1000
2011-02-28,90.5000
2011-03-01,97.5000
2011-03-02,96.6000
2011-03-03,100.4000
2011-03-04,94.6000
2011-03-07,94.6000
2011-03-08,91.2000
2011-03-09,90.9000
2011-03-10,94.2000
2011-03-11,91.7000
2011-03-14,90.8000
2011-03-15,94.6000
2011-03-16,103.6000
2011-03-17,103.7000
2011-03-18,100.3000
2011-03-21,95.6000
2011-03-22,91.9000
2011-03-23,91.7000
2011-03-24,90.1000
2011-03-25,93.5000
2011-03-28,93.8000
2011-03-29,91.8000
2011-03-30,89.6000
2011-03-31,90.9000
2011-04-01,87.5000
2011-04-04,85.4000
2011-04-05,85.1000
2011-04-06,89.7000
2011-04-07,88.8000
2011-04-08,88.5000
2011-04-11,85.8000
2011-04-12,85.2000
2011-04-13,83.9000
2011-04-14,82.2000
2011-04-15,81.5000
2011-04-18,82.8000
2011-04-19,80.2000
2011-04-20,77.4000
2011-04-21,76.6000
2011-04-25,74.8000
2011-04-26,81.3000
2011-04-27,79.2000
2011-04-28,76.8000
2011-04-29,76.8000
2011-05-02,76.3000
2011-05-03,80.1000
2011-05-04,80.2000
2011-05-05,83.4000
2011-05-06,84.1000
2011-05-09,82.4000
2011-05-10,80.1000
2011-05-11,83.2000
2011-05-12,81.9000
2011-05-13,82.1000
2011-05-16,80.3000
2011-05-17,78.1000
2011-05-18,77.9000
2011-05-19,79.8000
2011-05-20,79.8000
2011-05-23,78.0000
2011-05-24,76.7000
2011-05-25,75.8000
2011-05-26,74.3000
2011-05-27,73.9000
2011-05-31,71.5000
2011-06-01,72.9000
2011-06-02,76.6000
2011-06-03,75.9000
2011-06-06,75.8000
2011-06-07,73.5000
2011-06-08,77.5000
2011-06-09,77.3000
2011-06-10,78.1000
2011-06-13,76.4000
2011-06-14,82.5000
2011-06-15,85.9000
2011-06-16,87.9000
2011-06-17,85.3000
2011-06-20,82.5000
2011-06-21,80.9000
2011-06-22,79.0000
2011-06-23,83.6000
2011-06-24,84.8000
2011-06-27,83.8000
2011-06-28,89.4000
2011-06-29,87.2000
2011-06-30,88.9000
2011-07-01,90.5000
2011-07-05,90.7000
2011-07-06,89.0000
2011-07-07,90.4000
2011-07-08,85.8000
2011-07-11,88.4000
2011-07-12,90.3000
2011-07-13,88.1000
2011-07-14,89.1000
2011-07-15,90.4000
2011-07-18,89.6000
2011-07-19,88.8000
2011-07-20,85.1000
2011-07-21,89.0000
2011-07-22,84.3000
2011-07-25,86.8000
2011-07-26,84.8000
2011-07-27,89.1000
2011-07-28,86.5000
2011-07-29,88.0000
2011-08-01,84.1000
2011-08-02,87.1000
2011-08-03,85.5000
2011-08-04,91.0000
2011-08-05,100.7000
2011-08-08,117.8000
2011-08-09,107.7000
2011-08-10,98.9000
2011-08-11,107.9000
2011-08-12,109.1000
2011-08-15,99.8000
2011-08-16,92.0000
2011-08-17,87.8000
2011-08-18,95.0000
2011-08-19,100.3000
2011-08-22,104.2000
2011-08-23,105.5000
2011-08-24,105.8000
2011-08-25,107.7000
2011-08-26,101.5000
2011-08-29,98.0000
2011-08-30,99.2000
2011-08-31,97.9000
2011-09-01,98.8000
2011-09-02,99.4000
2011-09-06,103.1000
2011-09-07,100.6000
2011-09-08,99.4000
2011-09-09,100.7000
2011-09-12,99.2000
2011-09-13,97.5000
2011-09-14,96.6000
2011-09-15,97.3000
2011-09-16,97.6000
2011-09-19,99.6000
2011-09-20,99.9000
2011-09-21,93.3000
2011-09-22,103.4000
2011-09-23,104.5000
2011-09-26,107.4000
2011-09-27,107.3000
2011-09-28,103.1000
2011-09-29,100.4000
2011-09-30,100.6000
2011-10-03,105.7000
2011-10-04,109.0000
2011-10-05,108.9000
2011-10-06,108.7000
2011-10-07,106.4000
2011-10-11,106.8000
2011-10-12,108.3000
2011-10-13,106.8000
2011-10-14,109.2000
2011-10-17,108.4000
2011-10-18,107.5000
2011-10-19,105.0000
2011-10-20,105.9000
2011-10-21,107.5000
2011-10-24,103.6000
2011-10-25,102.1000
2011-10-26,105.2000
2011-10-27,108.1000
2011-10-28,107.4000
2011-10-31,107.2000
2011-11-01,116.0000
2011-11-02,111.9000
2011-11-03,109.2000
2011-11-04,106.6000
2011-11-07,106.3000
2011-11-08,105.6000
2011-11-09,111.8000
2011-11-10,113.7000
2011-11-14,113.1000
2011-11-15,108.6000
2011-11-16,106.1000
2011-11-17,111.7000
2011-11-18,109.8000
2011-11-21,107.5000
2011-11-22,103.6000
2011-11-23,104.7000
2011-11-25,102.3000
2011-11-28,102.8000
2011-11-29,103.1000
2011-11-30,99.7000
2011-12-01,100.8000
2011-12-02,98.6000
2011-12-05,94.0000
2011-12-06,93.0000
2011-12-07,94.3000
2011-12-08,95.0000
2011-12-09,99.9000
2011-12-12,95.8000
2011-12-13,90.3000
2011-12-14,91.7000
2011-12-15,87.2000
2011-12-16,89.4000
2011-12-19,87.6000
2011-12-20,92.3000
2011-12-21,91.8000
2011-12-22,90.2000
2011-12-23,94.2000
2011-12-27,94.8000
2011-12-28,95.1000
2011-12-29,94.1000
2011-12-30,91.1000
2012-01-03,90.7000
2012-01-04,88.9000
2012-01-05,87.9000
2012-01-06,81.7000
2012-01-09,78.6000
2012-01-10,80.2000
2012-01-11,78.2000
2012-01-12,77.1000
2012-01-13,79.2000
2012-01-17,75.6000
2012-01-18,75.0000
2012-01-19,80.0000
2012-01-20,84.6000
2012-01-23,85.8000
2012-01-24,81.6000
2012-01-25,76.7000
2012-01-26,75.9000
2012-01-27,75.4000
2012-01-30,72.4000
2012-01-31,72.1000
2012-02-01,72.7000
2012-02-02,70.2000
2012-02-03,76.7000
2012-02-06,72.3000
2012-02-07,79.3000
2012-02-08,79.0000
2012-02-09,83.2000
2012-02-10,80.7000
2012-02-13,78.8000
2012-02-14,79.0000
2012-02-15,76.6000
2012-02-16,80.1000
2012-02-17,81.5000
2012-02-21,79.3000
2012-02-22,79.6000
2012-02-23,79.0000
2012-02-24,77.1000
2012-02-27,74.8000
2012-02-28,73.9000
2012-02-29,75.9000
2012-03-01,77.4000
2012-03-02,76.0000
2012-03-05,75.0000
2012-03-06,75.8000
2012-03-07,75.1000
2012-03-08,76.6000
2012-03-09,73.2000
2012-03-12,69.9000
2012-03-13,73.8000
2012-03-14,89.7000
2012-03-15,83.4000
2012-03-16,84.9000
2012-03-19,92.3000
2012-03-20,93.3000
2012-03-21,89.5000
2012-03-22,87.1000
2012-03-23,86.2000
2012-03-26,85.6000
2012-03-27,80.7000
2012-03-28,77.4000
2012-03-29,75.2000
2012-03-30,78.6000
2012-04-02,75.6000
2012-04-03,84.3000
2012-04-04,84.6000
2012-04-05,83.7000
2012-04-09,76.2000
2012-04-10,75.1000
2012-04-11,76.3000
2012-04-12,73.5000
2012-04-13,72.6000
2012-04-16,72.9000
2012-04-17,73.9000
2012-04-18,72.5000
2012-04-19,72.2000
2012-04-20,71.4000
2012-04-23,70.9000
2012-04-24,71.9000
2012-04-25,70.6000
2012-04-26,65.2000
2012-04-27,64.1000
2012-04-30,62.9000
2012-05-01,67.0000
2012-05-02,65.1000
2012-05-03,63.3000
2012-05-04,57.8000
2012-05-07,56.7000
2012-05-08,57.7000
2012-05-09,58.7000
2012-05-10,57.6000
2012-05-11,61.5000
2012-05-14,70.3000
2012-05-15,67.7000
2012-05-16,67.0000
2012-05-17,70.6000
2012-05-18,70.6000
2012-05-21,69.1000
2012-05-22,70.8000
2012-05-23,73.7000
2012-05-24,73.1000
2012-05-25,71.2000
2012-05-29,68.9000
2012-05-30,73.0000
2012-05-31,74.4000
2012-06-01,80.6000
2012-06-04,86.5000
2012-06-05,84.6000
2012-06-06,87.7000
2012-06-07,82.1000
2012-06-08,86.0000
2012-06-11,86.5000
2012-06-12,88.5000
2012-06-13,89.3000
2012-06-14,91.5000
2012-06-15,95.4000
2012-06-18,85.7000
2012-06-19,84.7000
2012-06-20,77.7000
2012-06-21,76.2000
2012-06-22,75.1000
2012-06-25,72.8000
2012-06-26,71.1000
2012-06-27,70.2000
2012-06-28,70.2000
2012-06-29,73.2000
2012-07-02,71.6000
2012-07-03,72.4000
2012-07-05,71.3000
2012-07-06,66.8000
2012-07-09,63.4000
2012-07-10,63.3000
2012-07-11,63.8000
2012-07-12,63.4000
2012-07-13,63.3000
2012-07-16,62.8000
2012-07-17,64.2000
2012-07-18,61.9000
2012-07-19,61.2000
2012-07-20,61.3000
2012-07-23,61.6000
2012-07-24,62.9000
2012-07-25,63.1000
2012-07-26,62.6000
2012-07-27,69.7000
2012-07-30,68.4000
2012-07-31,69.8000
2012-08-01,74.1000
2012-08-02,69.4000
2012-08-03,71.9000
2012-08-06,69.7000
2012-08-07,73.9000
2012-08-08,75.2000
2012-08-09,73.7000
2012-08-10,70.1000
2012-08-13,67.2000
2012-08-14,67.9000
2012-08-15,73.0000
2012-08-16,77.1000
2012-08-17,74.0000
2012-08-20,70.2000
2012-08-21,70.0000
2012-08-22,66.8000
2012-08-23,65.5000
2012-08-24,66.4000
2012-08-27,66.3000
2012-08-28,64.3000
2012-08-29,64.9000
2012-08-30,68.0000
2012-08-31,68.7000
2012-09-04,67.1000
2012-09-05,68.5000
2012-09-06,71.0000
2012-09-07,68.4000
2012-09-10,68.2000
2012-09-11,67.9000
2012-09-12,69.9000
2012-09-13,65.4000
2012-09-14,68.3000
2012-09-17,64.4000
2012-09-18,59.8000
2012-09-19,57.5000
2012-09-20,59.7000
2012-09-21,59.6000
2012-09-24,57.5000
2012-09-25,57.6000
2012-09-26,58.5000
2012-09-27,61.0800
2012-09-28,60.4700
2012-10-01,59.4000
2012-10-02,60.4000
2012-10-03,59.2000
2012-10-04,59.8000
2012-10-05,60.4000
2012-10-09,59.3000
2012-10-10,59.6000
2012-10-11,61.4000
2012-10-12,61.4000
2012-10-15,63.0000
2012-10-16,64.8000
2012-10-17,68.7000
2012-10-18,69.0000
2012-10-19,68.5000
2012-10-22,69.8000
2012-10-23,68.9000
2012-10-24,67.1000
2012-10-25,73.1000
2012-10-26,73.0000
2012-10-31,71.4300
2012-11-01,72.0000
2012-11-02,72.3000
2012-11-05,68.6100
2012-11-06,69.3000
2012-11-07,60.9000
2012-11-08,59.1000
2012-11-09,59.1000
2012-11-13,57.3000
2012-11-14,56.8400
2012-11-15,55.6000
2012-11-16,54.9800
2012-11-19,54.7000
2012-11-20,53.7000
2012-11-21,53.9000
2012-11-27,51.7000
2012-11-28,52.3000
2012-11-29,51.7000
2012-11-30,51.8000
2012-12-03,51.0200
2012-12-04,51.7000
2012-12-05,52.3000
2012-12-06,53.3000
2012-12-10,52.2500
2012-12-11,51.6000
2012-12-12,53.6000
2012-12-14,52.8000
2012-12-17,57.1000
2012-12-18,63.0000
2012-12-19,57.8000
2012-12-20,54.4000
2012-12-21,55.3000
2012-12-24,54.9000
2012-12-26,54.5000
2012-12-27,55.0000
2012-12-28,56.7000
2012-12-31,59.4000
2013-01-02,61.1000
2013-01-03,63.5000
2013-01-04,62.0000
2013-01-07,59.9000
2013-01-08,58.6000
2013-01-09,56.3000
2013-01-10,58.2000
2013-01-11,59.2000
2013-01-14,55.8000
2013-01-15,53.1000
2013-01-16,53.2000
2013-01-17,56.9000
2013-01-18,55.8500
2013-01-22,61.8900
2013-01-23,53.6000
2013-01-24,55.3000
2013-01-25,66.2000
2013-01-28,63.7000
2013-01-29,62.4000
2013-01-30,66.4000
2013-01-31,65.6000
2013-02-01,65.0000
2013-02-04,63.1000
2013-02-05,64.8000
2013-02-06,62.8000
2013-02-07,59.9000
2013-02-08,61.5000
2013-02-11,60.0000
2013-02-12,59.8000
2013-02-13,61.7000
2013-02-14,59.1000
2013-02-15,59.1000
2013-02-19,58.4000
2013-02-20,57.9000
2013-02-21,59.7000
2013-02-22,58.6000
2013-02-25,60.0000
2013-02-26,58.0000
2013-02-27,58.4100
2013-02-28,55.8800
2013-03-01,55.0000
2013-03-04,53.9000
2013-03-05,56.5000
2013-03-07,60.5000
2013-03-08,58.1000
2013-03-11,55.0700
2013-03-12,53.7000
2013-03-13,54.6000
2013-03-14,56.0000
2013-03-15,55.8000
2013-03-25,57.6700
2013-03-26,56.1000
2013-03-28,57.3000
2013-04-01,56.2000
2013-04-02,56.0000
2013-04-03,57.9000
2013-04-04,56.9000
2013-04-05,54.8000
2013-04-08,54.9000
2013-04-09,52.7000
2013-04-10,53.9000
2013-04-11,52.6000
2013-04-12,53.1000
2013-04-15,52.3000
2013-04-16,51.9000
2013-04-17,52.0000
2013-04-18,51.3000
2013-04-19,51.3000
2013-04-22,50.6000
2013-04-23,50.0000
2013-04-24,49.8000
2013-04-25,49.4000
2013-04-26,50.2000
2013-04-29,49.6000
2013-04-30,49.2000
2013-05-01,49.0000
2013-05-02,49.0000
2013-05-06,49.4900
2013-05-07,49.4900
2013-05-08,49.4900
2013-05-09,48.8700
2013-05-10,55.3200
2013-05-13,56.5100
2013-05-14,57.7400
2013-05-17,61.3000
2013-05-20,60.5000
2013-05-21,59.8000
2013-05-22,65.4000
2013-05-23,68.2000
2013-05-24,65.1000
2013-05-28,75.5000
2013-05-29,81.2000
2013-05-30,77.4000
2013-05-31,80.0000
2013-06-03,79.2000
2013-06-04,82.8000
2013-06-05,83.6000
2013-06-06,84.7000
2013-06-07,81.5000
2013-06-10,84.7000
2013-06-11,82.3000
2013-06-12,81.9000
2013-06-13,82.4000
2013-06-14,78.5000
2013-06-17,78.5000
2013-06-18,81.0000
2013-06-19,86.9000
2013-06-20,96.0000
2013-06-21,103.7000
2013-06-24,111.0000
2013-06-25,108.4000
2013-06-26,103.5000
2013-06-27,97.1000
2013-06-28,99.8000
2013-07-01,101.3000
2013-07-03,109.3000
2013-07-05,117.9000
2013-07-08,107.8000
2013-07-09,99.5000
2013-07-10,99.0000
2013-07-11,93.5000
2013-07-12,94.5000
2013-07-15,89.4000
2013-07-16,88.0000
2013-07-17,81.9000
2013-07-18,77.4000
2013-07-19,75.9000
2013-07-22,72.6000
2013-07-23,74.1000
2013-07-24,80.2000
2013-07-25,82.6000
2013-07-26,81.6000
2013-07-29,83.2000
2013-07-30,83.3000
2013-07-31,82.6000
2013-08-01,91.4000
2013-08-02,73.2000
2013-08-05,72.7000
2013-08-06,78.2000
2013-08-07,75.4000
2013-08-08,75.4000
2013-08-09,75.4000
2013-08-12,74.1000
2013-08-13,81.7000
2013-08-14,80.9000
2013-08-15,86.7000
2013-08-16,94.7000
2013-08-19,99.5000
2013-08-20,95.7000
2013-08-21,98.8000
2013-08-22,98.3000
2013-08-23,99.8000
2013-08-26,95.8000
2013-08-27,94.9000
2013-08-29,98.8000
2013-08-30,103.5000
2013-09-03,105.8000
2013-09-05,111.4000
2013-09-06,105.5000
2013-09-09,100.7000
2013-09-10,101.8000
2013-09-11,98.0000
2013-09-12,96.4000
2013-09-13,96.2000
2013-09-16,94.5000
2013-09-17,90.8000
2013-09-18,82.7000
2013-09-19,80.3000
2013-09-20,77.7000
2013-09-23,75.3000
2013-09-24,74.8000
2013-09-25,75.3000
2013-09-26,77.6000
2013-09-27,78.0000
2013-09-30,80.2000
2013-10-01,87.4000
2013-10-02,82.2000
2013-10-03,80.3000
2013-10-04,82.5000
2013-10-07,80.3000
2013-10-08,81.1000
2013-10-09,80.8000
2013-10-10,80.1000
2013-10-11,77.1000
2013-10-15,75.8000
2013-10-16,73.2000
2013-10-17,70.1000
2013-10-18,72.5000
2013-10-21,71.5000
2013-10-22,63.1000
2013-10-23,62.0000
2013-10-24,63.1000
2013-10-25,61.1400
2013-10-28,58.5000
2013-10-29,58.8000
2013-10-30,60.6000
2013-10-31,61.7000
2013-11-01,69.6000
2013-11-04,64.2100
2013-11-05,68.6000
2013-11-06,67.1000
2013-11-07,66.5000
2013-11-08,69.9000
2013-11-12,69.6000
2013-11-13,65.8000
2013-11-14,61.9000
2013-11-15,62.2000
2013-11-18,58.3000
2013-11-19,62.3000
2013-11-20,66.5000
2013-11-21,68.4000
2013-11-22,66.8000
2013-11-25,65.1000
2013-11-26,65.3000
2013-11-27,67.8000
2013-11-29,68.0000
2013-12-02,73.1000
2013-12-03,72.1000
2013-12-04,75.8000
2013-12-05,76.1000
2013-12-06,69.2000
2013-12-09,67.8000
2013-12-10,70.5000
2013-12-12,72.8000
2013-12-13,72.6000
2013-12-16,69.9000
2013-12-17,68.5000
2013-12-18,65.0000
2013-12-19,67.7000
2013-12-20,67.3000
2013-12-23,66.2000
2013-12-24,67.8000
2013-12-26,66.8000
2013-12-27,65.8000
2013-12-30,69.1000
2013-12-31,73.5000
2014-01-02,73.4000
2014-01-03,72.7000
2014-01-06,69.9000
2014-01-07,73.8000
2014-01-08,75.3000
2014-01-09,73.7000
2014-01-10,61.2000
2014-01-13,58.9000
2014-01-14,61.6000
2014-01-15,60.8000
2014-01-16,60.8000
2014-01-17,60.3000
2014-01-21,59.5000
2014-01-22,60.5000
2014-01-23,62.2000
2014-01-24,63.5000
2014-01-27,64.2000
2014-01-28,64.5000
2014-01-29,64.5000
2014-01-31,64.7000
2014-02-04,66.8000
2014-02-06,67.2000
2014-02-07,64.7000
2014-02-10,62.3000
2014-02-11,61.5000
2014-02-12,61.0000
2014-02-13,58.1000
2014-02-14,57.3000
2014-02-18,56.0000
2014-02-19,57.3000
2014-02-20,58.7000
2014-02-21,58.4000
2014-02-24,57.4000
2014-02-25,56.8000
2014-02-26,57.8000
2014-02-27,58.1000
2014-02-28,57.7000
2014-03-03,57.8000
2014-03-04,63.2000
2014-03-05,60.8000
2014-03-06,61.0000
2014-03-07,58.2000
2014-03-10,55.7000
2014-03-11,55.5100
2014-03-12,55.1000
2014-03-13,57.4800
2014-03-14,62.8400
2014-03-17,61.8000
2014-03-18,59.2100
2014-03-19,65.6000
2014-03-20,60.8000
2014-03-21,60.8000
2014-03-24,58.7000
2014-03-25,58.3400
2014-03-26,57.8000
2014-03-27,59.4000
2014-03-28,61.9000
2014-03-31,61.8000
2014-04-01,61.5000
2014-04-02,66.3000
2014-04-03,65.2000
2014-04-04,58.8000
2014-04-07,58.8000
2014-04-08,55.9000
2014-04-09,54.7000
2014-04-10,55.4000
2014-04-11,58.6000
2014-04-14,59.2000
2014-04-15,59.2000
2014-04-16,58.0000
2014-04-17,59.5000
2014-04-21,56.8000
2014-04-22,57.1000
2014-04-23,56.6000
2014-04-24,57.8000
2014-04-28,59.1000
2014-04-29,59.9000
2014-04-30,58.9000
2014-05-01,58.8400
2014-05-02,55.3000
2014-05-05,55.3000
2014-05-06,58.7000
2014-05-07,57.3000
2014-05-09,56.1000
2014-05-12,56.2000
2014-05-13,56.1000
2014-05-15,55.7000
2014-05-16,58.7000
2014-05-19,58.2000
2014-05-20,60.0000
2014-05-21,59.1000
2014-05-22,58.2000
2014-05-23,58.2000
2014-05-27,56.8000
2014-05-28,55.2000
2014-05-29,56.4000
2014-05-30,58.3000
2014-06-02,59.7000
2014-06-03,60.9000
2014-06-04,64.9000
2014-06-05,65.1000
2014-06-06,59.3000
2014-06-09,57.3000
2014-06-10,56.9000
2014-06-11,55.4000
2014-06-13,58.4000
2014-06-17,58.4000
2014-06-18,59.4000
2014-06-19,55.5000
2014-06-20,54.9000
2014-06-23,54.6000
2014-06-24,53.9000
2014-06-25,54.1000
2014-06-26,53.2500
2014-06-27,53.3000
2014-06-30,52.7000
2014-07-01,53.2500
2014-07-02,59.6000
2014-07-03,56.9000
2014-07-07,55.0500
2014-07-08,54.9700
2014-07-09,55.1700
2014-07-10,55.6000
2014-07-11,54.8000
2014-07-14,54.4000
2014-07-15,54.0000
2014-07-16,52.9000
2014-07-17,54.5000
2014-07-18,54.4000
2014-07-21,53.8500
2014-07-22,53.8000
2014-07-23,53.4000
2014-07-24,54.2600
2014-07-25,54.4300
2014-07-28,54.0800
2014-07-29,53.8000
2014-07-30,55.8900
2014-07-31,56.4600
2014-08-01,52.2600
2014-08-04,52.3000
2014-08-05,56.7000
2014-08-06,56.9200
2014-08-07,59.5000
2014-08-08,62.4700
2014-08-11,60.3000
2014-08-12,59.3700
2014-08-13,58.8000
2014-08-14,58.5000
2014-08-15,60.4000
2014-08-18,61.6900
2014-08-19,62.0000
2014-08-20,62.8000
2014-08-21,60.2000
2014-08-22,59.8400
2014-08-25,57.2000
2014-08-26,56.4500
2014-08-27,56.9000
2014-08-28,59.8000
2014-08-29,60.4900
2014-09-02,61.3500
2014-09-03,64.9000
2014-09-04,64.9000
2014-09-05,60.3000
2014-09-08,60.0000
2014-09-09,61.5000
2014-09-10,63.2000
2014-09-11,62.8000
2014-09-12,65.6000
2014-09-15,66.1000
2014-09-16,67.1000
2014-09-17,62.3000
2014-09-18,62.0000
2014-09-19,59.8000
2014-09-22,58.0000
2014-09-23,57.4000
2014-09-24,58.3000
2014-09-25,59.1000
2014-09-26,64.5000
2014-09-29,62.3000
2014-09-30,64.2000
2014-10-01,64.3000
2014-10-02,66.2000
2014-10-03,62.5000
2014-10-06,60.4000
2014-10-07,65.3000
2014-10-08,65.0000
2014-10-09,66.5000
2014-10-10,68.7000
2014-10-14,74.6000
2014-10-15,101.3000
2014-10-16,90.1000
2014-10-17,82.9000
2014-10-20,79.2000
2014-10-21,78.9000
2014-10-22,77.2000
2014-10-23,80.4000
2014-10-24,81.6100
2014-10-27,77.6000
2014-10-28,74.7000
2014-10-29,73.0000
2014-10-30,69.5600
2014-10-31,68.7000
2014-11-03,67.4500
2014-11-04,68.6000
2014-11-05,72.9000
2014-11-06,69.1000
2014-11-07,66.6000
2014-11-10,66.5500
2014-11-12,66.8000
2014-11-13,67.0000
2014-11-14,67.0000
2014-11-17,66.9000
2014-11-18,69.2000
2014-11-19,70.0000
2014-11-20,69.2000
2014-11-21,67.0000
2014-11-24,64.4000
2014-11-25,64.6000
2014-11-26,64.7000
2014-11-28,66.6000
2014-12-01,67.3000
2014-12-03,65.8000
2014-12-04,64.6000
2014-12-05,64.8000
2014-12-08,62.8000
2014-12-09,66.5700
2014-12-10,68.2000
2014-12-15,77.6000
2014-12-16,80.7000
2014-12-17,72.4200
2014-12-18,71.1700
2014-12-19,70.7000
2014-12-22,70.0800
2014-12-23,68.8000
2014-12-24,68.9000
2014-12-26,55.4000
2014-12-29,69.2000
2014-12-30,69.0000
2014-12-31,68.9000
2015-01-02,70.0000
2015-01-05,71.5000
2015-01-06,84.9000
2015-01-07,85.2000
2015-01-08,85.2000
2015-01-09,80.6000
2015-01-12,81.9000
2015-01-13,83.0000
2015-01-14,85.3000
2015-01-15,85.3000
2015-01-16,92.6000
2015-01-20,90.6000
2015-01-21,88.3000
2015-01-22,85.1000
2015-01-23,89.9000
2015-01-26,85.3000
2015-01-27,86.2000
2015-01-28,86.4000
2015-01-29,86.6000
2015-02-02,88.1000
2015-02-03,92.7000
2015-02-04,92.3000
2015-02-05,93.0000
2015-02-06,93.7000
2015-02-09,95.1000
2015-02-10,95.3500
2015-02-11,94.2000
2015-02-12,91.6000
2015-02-13,91.4000
2015-02-17,91.8000
2015-02-18,91.4000
2015-02-19,98.5000
2015-02-20,98.3000
2015-02-23,97.7000
2015-02-24,94.1000
2015-02-25,91.5000
2015-02-26,90.5000
2015-02-27,91.4000
2015-03-02,90.2000
2015-03-03,91.8000
2015-03-04,90.7000
2015-03-05,89.3000
2015-03-06,86.6000
2015-03-09,84.0000
2015-03-10,84.4000
2015-03-11,85.0000
2015-03-12,85.6000
2015-03-13,86.1000
2015-03-16,84.8000
2015-03-17,86.3000
2015-03-18,85.7000
2015-03-19,87.8000
2015-03-20,86.5000
2015-03-23,84.9000
2015-03-24,83.7000
2015-03-25,84.2000
2015-03-26,86.2000
2015-03-27,86.2000
2015-03-30,86.4000
2015-03-31,86.1000
2015-04-01,85.6000
2015-04-02,84.3000
2015-04-06,79.0000
2015-04-07,77.8000
2015-04-08,80.0000
2015-04-09,78.8000
2015-04-10,77.8000
2015-04-13,75.8000
2015-04-14,74.8000
2015-04-15,73.0000
2015-04-16,72.4000
2015-04-17,74.4000
2015-04-20,73.5000
2015-04-21,72.9000
2015-04-22,72.9000
2015-04-23,73.2000
2015-04-24,71.6000
2015-04-27,71.0000
2015-04-28,72.9000
2015-04-29,73.9000
2015-04-30,75.3000
2015-05-01,78.9000
2015-05-04,81.1000
2015-05-05,87.7000
2015-05-06,91.0000
2015-05-07,89.6000
2015-05-08,80.9000
2015-05-11,84.1000
2015-05-12,87.4000
2015-05-13,85.6000
2015-05-14,83.2000
2015-05-15,83.2000
2015-05-18,88.2000
2015-05-19,87.6700
2015-05-20,87.6500
2015-05-21,86.1000
2015-05-22,87.6700
2015-05-26,85.3600
2015-05-27,84.0000
2015-05-28,82.7000
2015-05-29,82.7000
2015-06-01,83.5500
2015-06-02,87.5000
2015-06-03,91.8100
2015-06-04,92.2100
2015-06-05,88.9000
2015-06-08,87.6000
2015-06-09,87.2000
2015-06-10,89.8000
2015-06-11,87.8000
2015-06-12,87.7000
2015-06-15,86.0000
2015-06-16,85.7000
2015-06-17,82.4000
2015-06-18,82.6000
2015-06-19,84.7000
2015-06-22,84.4000
2015-06-23,84.2000
2015-06-24,82.7000
2015-06-25,83.3200
2015-06-26,84.3000
2015-06-29,89.8000
2015-06-30,92.3000
2015-07-01,90.3000
2015-07-02,88.0000
2015-07-06,86.1800
2015-07-07,90.5000
2015-07-08,89.4000
2015-07-09,89.3000
2015-07-10,90.2000
2015-07-13,84.7000
2015-07-14,80.8000
2015-07-15,79.1000
2015-07-16,76.0000
2015-07-17,74.2100
2015-07-20,72.8000
2015-07-21,72.4000
2015-07-22,72.1000
2015-07-23,72.6000
2015-07-24,73.0000
2015-07-27,72.2000
2015-07-28,71.9000
2015-07-29,69.7100
2015-07-30,71.2000
2015-07-31,75.8000
2015-08-03,74.7000
2015-08-04,80.4700
2015-08-05,80.7000
2015-08-06,80.3000
2015-08-07,76.2000
2015-08-10,75.3000
2015-08-11,78.1000
2015-08-12,81.5000
2015-08-13,80.0000
2015-08-14,77.1000
2015-08-17,76.1000
2015-08-18,82.7000
2015-08-19,81.5000
2015-08-20,84.6000
2015-08-21,88.5000
2015-08-24,94.5000
2015-08-25,91.1000
2015-08-26,92.0000
2015-08-27,91.4000
2015-08-28,91.1000
2015-08-31,87.7000
2015-09-01,88.7000
2015-09-02,93.1000
2015-09-03,91.4000
2015-09-04,86.8000
2015-09-08,85.2000
2015-09-09,85.1000
2015-09-10,83.6000
2015-09-11,83.8000
2015-09-14,82.7000
2015-09-15,85.0000
2015-09-16,84.9000
2015-09-17,77.7000
2015-09-18,75.8000
2015-09-21,74.5000
2015-09-22,75.6000
2015-09-23,69.2000
2015-09-24,76.4000
2015-09-25,75.9000
2015-09-28,76.9000
2015-09-29,83.3000
2015-09-30,81.6000
2015-10-01,81.5000
2015-10-02,78.9000
2015-10-05,77.5000
2015-10-06,80.3000
2015-10-07,80.0000
2015-10-08,79.5000
2015-10-09,78.2000
2015-10-13,76.3000
2015-10-14,74.8000
2015-10-15,74.6000
2015-10-16,74.7000
2015-10-19,71.0000
2015-10-20,71.1000
2015-10-21,69.7000
2015-10-22,70.0000
2015-10-23,70.8000
2015-10-26,69.7000
2015-10-27,69.8000
2015-10-28,70.3000
2015-10-29,73.1000
2015-10-30,73.1000
2015-11-02,73.2000
2015-11-03,73.3000
2015-11-04,77.6000
2015-11-05,76.7000
2015-11-06,74.3000
2015-11-10,70.5000
2015-11-13,68.3000
2015-11-16,67.7000
2015-11-17,72.3000
2015-11-18,71.7000
2015-11-19,70.5000
2015-11-20,70.5000
2015-11-23,70.8000
2015-11-24,70.9000
2015-11-25,70.0000
2015-11-27,69.6000
2015-11-30,69.9000
2015-12-01,71.0000
2015-12-02,72.3000
2015-12-03,74.6000
2015-12-04,71.3000
2015-12-07,70.5600
2015-12-08,72.7000
2015-12-09,72.4000
2015-12-10,72.3000
2015-12-11,75.0000
2015-12-14,78.2000
2015-12-15,79.6000
2015-12-16,70.2000
2015-12-17,67.7000
2015-12-18,67.8000
2015-12-21,66.4000
2015-12-22,66.9000
2015-12-23,66.0000
2015-12-24,65.5000
2015-12-28,67.2000
2015-12-29,67.2000
2015-12-30,67.3000
2015-12-31,67.8000
2016-01-04,68.8000
2016-01-05,71.4200
2016-01-06,71.6800
2016-01-07,74.2100
2016-01-08,71.0100
2016-01-11,71.0200
2016-01-13,74.4600
2016-01-14,73.6100
2016-01-15,78.0600
2016-01-19,77.3200
2016-01-20,81.8200
2016-01-21,80.7300
2016-01-22,77.3500
2016-01-25,75.4100
2016-01-26,75.1600
2016-01-27,71.9400
2016-01-28,70.9800
2016-01-29,74.0000
2016-02-01,73.4600
2016-02-02,77.4900
2016-02-03,79.6200
2016-02-04,83.7600
2016-02-05,81.6700
2016-02-08,89.2700
2016-02-09,91.6100
2016-02-10,86.3200
2016-02-11,96.3100
2016-02-12,93.7200
2016-02-16,86.8200
2016-02-17,84.7900
2016-02-18,86.1200
2016-02-19,90.1000
2016-02-22,85.1500
2016-02-23,83.9800
2016-02-24,85.0900
2016-02-25,84.4400
2016-02-26,82.5400
2016-02-29,83.3900
2016-03-01,84.2200
2016-03-02,83.6500
2016-03-03,81.7200
2016-03-04,78.0100
2016-03-07,77.8300
2016-03-08,80.7200
2016-03-09,80.3600
2016-03-10,80.8500
2016-03-11,81.4200
2016-03-14,79.1200
2016-03-15,78.4700
2016-03-16,74.1600
2016-03-17,72.4100
2016-03-18,71.2600
2016-03-21,70.8300
2016-03-22,71.1200
2016-03-23,71.0800
2016-03-24,72.6800
2016-03-28,74.6900
2016-03-29,72.6600
2016-03-30,70.5400
2016-03-31,68.8000
2016-04-01,67.0000
2016-04-04,65.3600
2016-04-05,68.3100
2016-04-06,69.7100
2016-04-07,71.0900
2016-04-08,70.8800
2016-04-11,69.7700
2016-04-12,68.7800
2016-04-13,67.4900
2016-04-14,67.5200
2016-04-15,66.4900
2016-04-18,66.3400
2016-04-19,66.4400
2016-04-20,67.7700
2016-04-21,68.6000
2016-04-22,67.7800
2016-04-25,67.8900
2016-04-26,67.1500
2016-04-27,64.7400
2016-04-28,64.6400
2016-04-29,64.9200
2016-05-02,64.6800
2016-05-03,68.4100
2016-05-04,68.1200
2016-05-05,68.6700
2016-05-06,65.1500
2016-05-09,64.1200
2016-05-10,63.9700
2016-05-11,63.8900
2016-05-12,63.9200
2016-05-13,64.0700
2016-05-16,66.9400
2016-05-17,67.1200
2016-05-18,69.8500
2016-05-19,70.5600
2016-05-20,68.5100
2016-05-23,67.7800
2016-05-24,69.4100
2016-05-25,67.5400
2016-05-26,66.1500
2016-05-27,66.7600
2016-05-31,67.9100
2016-06-01,68.7500
2016-06-02,69.5600
2016-06-03,67.5900
2016-06-06,66.2700
2016-06-08,67.9200
2016-06-10,75.1000
2016-06-13,79.5700
2016-06-14,79.1000
2016-06-15,78.6700
2016-06-16,83.5400
2016-06-17,82.5800
2016-06-20,77.3200
2016-06-21,76.9600
2016-06-22,79.5200
2016-06-23,74.0400
2016-06-24,77.9400
2016-06-27,81.5700
2016-06-28,78.6700
2016-06-29,71.8000
2016-06-30,72.6400
2016-07-01,74.3500
2016-07-05,78.1200
2016-07-06,76.0900
2016-07-07,76.7300
2016-07-08,72.3100
2016-07-11,69.7800
2016-07-12,71.4300
2016-07-13,71.6500
2016-07-14,73.5600
2016-07-15,74.7700
2016-07-18,72.9200
2016-07-19,70.5300
2016-07-20,70.6400
2016-07-21,71.8600
2016-07-22,69.9100
2016-07-25,68.7500
2016-07-26,68.7600
2016-07-27,66.6400
2016-07-28,66.6700
2016-07-29,64.1500
2016-08-01,63.6700
2016-08-02,67.8500
2016-08-03,67.7900
2016-08-04,67.1000
2016-08-05,66.5900
2016-08-08,65.5000
2016-08-09,64.3000
2016-08-10,63.3400
2016-08-11,65.2900
2016-08-12,64.3700
2016-08-15,63.7700
2016-08-16,63.6700
2016-08-17,63.5400
2016-08-18,63.6500
2016-08-19,64.8200
2016-08-22,67.8700
2016-08-23,66.6200
2016-08-24,66.5100
2016-08-25,69.3600
2016-08-26,71.2400
2016-08-29,68.6100
2016-08-30,69.1100
2016-08-31,69.0800
2016-09-01,70.2500
2016-09-02,66.4600
2016-09-06,63.4600
2016-09-07,64.0700
2016-09-08,65.9500
2016-09-09,69.1200
2016-09-12,68.9100
2016-09-13,70.6000
2016-09-14,69.2300
2016-09-15,69.1300
2016-09-16,69.2100
2016-09-19,69.2300
2016-09-20,69.2300
2016-09-21,63.7300
2016-09-22,61.1800
2016-09-23,59.7500
2016-09-26,58.8500
2016-09-27,59.2300
2016-09-28,57.6200
2016-09-29,58.8500
2016-09-30,60.5600
2016-10-03,60.4300
2016-10-04,62.0800
2016-10-05,62.5700
2016-10-06,64.2900
2016-10-07,62.8400
2016-10-12,63.9500
2016-10-14,64.9800
2016-10-17,64.4200
2016-10-18,63.1800
2016-10-19,61.6400
2016-10-20,59.6200
2016-10-21,57.0900
2016-10-25,57.4100
2016-10-26,59.5100
2016-10-28,64.3800
2016-10-31,65.4700
2016-11-01,67.7600
2016-11-02,69.2500
2016-11-03,72.5700
2016-11-04,74.6100
2016-11-08,68.4700
2016-11-09,76.3300
2016-11-10,82.5700
2016-11-14,89.2200
2016-11-15,84.1200
2016-11-16,80.1200
2016-11-17,77.5400
2016-11-18,81.6500
2016-11-21,80.5800
2016-11-22,76.4600
2016-11-23,78.6400
2016-11-25,79.6900
2016-11-28,78.7400
2016-11-29,77.3000
2016-11-30,80.9600
2016-12-01,86.6300
2016-12-02,82.0600
2016-12-05,79.8400
2016-12-06,76.5700
2016-12-07,73.4400
2016-12-08,73.1100
2016-12-09,75.5500
2016-12-12,76.3900
2016-12-13,75.3600
2016-12-14,75.8400
2016-12-15,78.6100
2016-12-16,78.2200
2016-12-19,75.2400
2016-12-20,75.4600
2016-12-21,73.9700
2016-12-22,74.0500
2016-12-23,72.5700
2016-12-27,70.6600
2016-12-28,70.7900
2016-12-29,71.2800
2016-12-30,71.6300
2017-01-03,76.7300
2017-01-04,76.4100
2017-01-05,76.5000
2017-01-06,75.2400
2017-01-09,74.8300
2017-01-10,73.2600
2017-01-11,72.8300
2017-01-12,73.7400
2017-01-13,74.5000
2017-01-17,73.9400
2017-01-18,73.9400
2017-01-19,78.3200
2017-01-20,76.7100
2017-01-23,75.5200
2017-01-24,75.5300
2017-01-25,77.0600
2017-01-26,74.6900
2017-01-27,72.1900
2017-01-30,72.3600
2017-01-31,72.5200
2017-02-01,70.8400
2017-02-02,69.9200
2017-02-03,67.3900
2017-02-06,67.5500
2017-02-07,68.0700
2017-02-08,68.7400
2017-02-09,68.9500
2017-02-10,69.6300
2017-02-13,68.8300
2017-02-14,67.2600
2017-02-15,65.5100
2017-02-16,68.2300
2017-02-17,69.7800
2017-02-21,68.7200
2017-02-22,69.2600
2017-02-23,68.6400
2017-02-24,69.8500
2017-02-27,70.8900
2017-03-02,69.5400
2017-03-03,65.7900
2017-03-06,65.4100
2017-03-07,66.0300
2017-03-08,66.6100
2017-03-09,69.1800
2017-03-10,67.7000
2017-03-13,65.6400
2017-03-14,65.1800
2017-03-15,61.6200
2017-03-16,60.4400
2017-03-17,60.7200
2017-03-20,59.8200
2017-03-21,62.1300
2017-03-23,65.2200
2017-03-24,64.4500
2017-03-27,62.6800
2017-03-28,61.9500
2017-03-29,61.0200
2017-03-30,60.9400
2017-03-31,60.7000
2017-04-03,61.2300
2017-04-04,64.7700
2017-04-05,63.7200
2017-04-06,68.2500
2017-04-07,68.6600
2017-04-10,68.5000
2017-04-11,70.5600
2017-04-12,73.4200
2017-04-13,74.4800
2017-04-17,70.9600
2017-04-18,72.8700
2017-04-19,73.1300
2017-04-20,73.8600
2017-04-21,77.1500
2017-04-24,63.2700
2017-04-25,62.3600
2017-04-26,60.9500
2017-04-27,59.8200
2017-04-28,60.1900
2017-05-01,59.4000
2017-05-02,60.3200
2017-05-03,59.3800
2017-05-04,60.0800
2017-05-05,58.7200
2017-05-08,55.4100
2017-05-09,55.2200
2017-05-10,55.0300
2017-05-11,54.4700
2017-05-12,55.7100
2017-05-15,56.7300
2017-05-16,55.5000
2017-05-17,62.5800
2017-05-18,58.9800
2017-05-19,57.8200
2017-05-22,55.4700
2017-05-24,54.4100
2017-05-25,54.3200
2017-05-26,54.0500
2017-05-31,53.9500
2017-06-01,54.0000
2017-06-02,53.7400
2017-06-05,53.0000
2017-06-06,53.2200
2017-06-07,54.8000
2017-06-08,53.7300
2017-06-09,52.5600
2017-06-12,52.3200
2017-06-13,51.6700
2017-06-14,52.2200
2017-06-15,51.5900
2017-06-16,51.4800
2017-06-19,51.6000
2017-06-20,51.6000
2017-06-21,51.6400
2017-06-22,51.1300
2017-06-23,51.1600
2017-06-26,50.0200
2017-06-27,52.1000
2017-06-28,52.5100
2017-06-29,54.6600
2017-06-30,55.2200
2017-07-03,55.2500
2017-07-05,56.4400
2017-07-06,56.9600
2017-07-07,55.7600
2017-07-10,53.1800
2017-07-11,53.2200
2017-07-12,52.4300
2017-07-13,52.2100
2017-07-14,51.0300
2017-07-17,50.0000
2017-07-18,49.5500
2017-07-19,48.2600
2017-07-20,47.0000
2017-07-21,47.4500
2017-07-24,47.0000
2017-07-25,49.5700
2017-07-26,47.2800
2017-07-27,48.4200
2017-07-28,48.5300
2017-07-31,48.1400
2017-08-01,49.9700
2017-08-02,48.7500
2017-08-03,47.9300
2017-08-04,47.2800
2017-08-07,46.9100
2017-08-08,47.3400
2017-08-09,49.6700
2017-08-10,52.0000
2017-08-11,52.0600
2017-08-14,49.3000
2017-08-15,48.6300
2017-08-16,48.4700
2017-08-17,48.8400
2017-08-18,50.1600
2017-08-21,52.0600
2017-08-22,51.3000
2017-08-23,52.0800
2017-08-24,52.4900
2017-08-25,50.5600
2017-08-28,48.8600
2017-08-29,51.4000
2017-08-30,51.5600
2017-08-31,51.1300
2017-09-01,49.4400
2017-09-05,53.3200
2017-09-06,52.9200
2017-09-07,54.0100
2017-09-11,51.8800
2017-09-12,51.6500
2017-09-13,51.3700
2017-09-14,50.7300
2017-09-15,50.6300
2017-09-18,50.1600
2017-09-19,49.8600
2017-09-20,49.1500
2017-09-21,48.3100
2017-09-22,50.5200
2017-09-25,51.1100
2017-09-26,50.6400
2017-09-27,52.0800
2017-09-28,51.8600
2017-09-29,52.8800
2017-10-02,54.4600
2017-10-03,54.6000
2017-10-04,54.4900
2017-10-05,55.5800
2017-10-06,54.9800
2017-10-10,53.8900
2017-10-11,52.6900
2017-10-12,51.8200
2017-10-13,50.8500
2017-10-17,49.0300
2017-10-18,50.2900
2017-10-19,51.4900
2017-10-20,53.9800
2017-10-23,54.1000
2017-10-24,55.9400
2017-10-25,57.3600
2017-10-26,57.3500
2017-10-27,54.6700
2017-10-30,51.6900
2017-10-31,51.1500
2017-11-01,49.9400
2017-11-02,48.7300
2017-11-03,45.8300
2017-11-06,45.0500
2017-11-07,44.2000
2017-11-08,43.9700
2017-11-09,44.9900
2017-11-10,47.2900
2017-11-13,46.3900
2017-11-14,47.7700
2017-11-15,48.0000
2017-11-16,47.7400
2017-11-17,49.0900
2017-11-20,48.1000
2017-11-21,48.0900
2017-11-22,46.8800
2017-11-24,46.1600
2017-11-27,45.2900
2017-11-28,44.9300
2017-11-29,45.5400
2017-11-30,46.8300
2017-12-01,50.1700
2017-12-04,48.7600
2017-12-05,49.2400
2017-12-06,49.3200
2017-12-07,49.2400
2017-12-08,47.4900
2017-12-11,46.5700
2017-12-12,46.7500
2017-12-13,45.0300
2017-12-14,44.8400
2017-12-15,46.4300
2017-12-18,46.7300
2017-12-19,48.9600
2017-12-20,49.9500
2017-12-21,51.6000
2017-12-22,50.3800
2017-12-26,48.8200
2017-12-27,47.7300
2017-12-28,46.1900
2017-12-29,46.6000
2018-01-02,49.1700
2018-01-03,47.6000
2018-01-04,47.3800
2018-01-05,46.0700
2018-01-08,45.9000
2018-01-09,47.2900
2018-01-10,49.1700
2018-01-11,48.1900
2018-01-12,47.6100
2018-01-16,45.9100
2018-01-17,45.8800
2018-01-18,48.5500
2018-01-22,52.6000
2018-01-23,52.5500
2018-01-24,54.1100
2018-01-25,53.3800
2018-01-26,55.6300
2018-01-29,55.9800
2018-01-30,57.2800
2018-01-31,57.2000
2018-02-01,57.8300
2018-02-02,60.3300
2018-02-05,60.4100
2018-02-07,66.0700
2018-02-08,67.8500
2018-02-12,69.8600
2018-02-13,68.9700
2018-02-14,69.5200
2018-02-15,66.6800
2018-02-16,63.0300
2018-02-20,60.2600
2018-02-21,61.1600
2018-02-22,61.1400
2018-02-23,64.6000
2018-02-26,63.7200
2018-02-27,63.9300
2018-02-28,62.9700
2018-03-01,63.6600
2018-03-02,65.3000
2018-03-05,64.7100
2018-03-06,63.5000
2018-03-07,63.3500
2018-03-08,61.5800
2018-03-09,58.9700
2018-03-12,58.2900
2018-03-13,55.0700
2018-03-14,57.8500
2018-03-15,57.7100
2018-03-16,59.0100
2018-03-19,59.9800
2018-03-20,57.8900
2018-03-21,55.7200
2018-03-22,55.9300
2018-03-23,56.1700
2018-03-26,54.5500
2018-03-27,56.2700
2018-03-28,58.3500
2018-03-29,58.5400
2018-04-02,58.6600
2018-04-03,56.0200
2018-04-04,55.3500
2018-04-05,53.7200
2018-04-06,56.0700
2018-04-09,52.5100
2018-04-10,51.4300
2018-04-11,50.5000
2018-04-12,51.4900
2018-04-13,51.1400
2018-04-16,49.7400
2018-04-17,48.3400
2018-04-18,50.0000
2018-04-19,51.1000
2018-04-20,52.7100
2018-04-23,52.7900
2018-04-24,53.0000
2018-04-25,55.2000
2018-04-26,53.1400
2018-04-27,51.2700
2018-04-30,50.3500
2018-05-01,51.7800
2018-05-02,49.0500
2018-05-03,49.4300
2018-05-07,48.0200
2018-05-08,48.8200
2018-05-09,49.3700
2018-05-10,47.8100
2018-05-11,47.0600
2018-05-14,48.3400
2018-05-15,52.6600
2018-05-16,55.1300
2018-05-17,54.1900
2018-05-18,53.2600
2018-05-21,53.0800
2018-05-22,52.5700
2018-05-23,53.2700
2018-05-24,52.1600
2018-05-25,54.1000
2018-05-29,63.0000
2018-05-30,61.8600
2018-05-31,60.5400
2018-06-01,56.9400
2018-06-04,54.3000
2018-06-05,54.4600
2018-06-06,56.4400
2018-06-07,56.5800
2018-06-08,59.5700
2018-06-11,57.8300
2018-06-12,55.9600
2018-06-13,53.7900
2018-06-14,52.5000
2018-06-15,53.0800
2018-06-18,52.3300
2018-06-19,52.4000
2018-06-20,51.9200
2018-06-21,53.0900
2018-06-22,53.0300
2018-06-25,53.0400
2018-06-26,51.3000
2018-06-27,53.0500
2018-06-28,52.1300
2018-06-29,51.1700
2018-07-02,50.2500
2018-07-03,51.2200
2018-07-05,51.4600
2018-07-06,50.1300
2018-07-09,49.6900
2018-07-10,49.8100
2018-07-11,50.4800
2018-07-12,48.5700
2018-07-13,48.2800
2018-07-16,47.7900
2018-07-17,46.6400
2018-07-18,45.2600
2018-07-19,47.1100
2018-07-20,49.0500
2018-07-23,51.5100
2018-07-24,50.3100
2018-07-25,48.2900
2018-07-26,49.2700
2018-07-27,48.8300
2018-07-30,49.4200
2018-07-31,46.5000
2018-08-01,48.3800
2018-08-02,48.0000
2018-08-03,47.6700
2018-08-06,46.8600
2018-08-07,47.1500
2018-08-08,46.8400
2018-08-09,47.3500
2018-08-10,50.6300
2018-08-13,50.7700
2018-08-14,49.8400
2018-08-15,51.5200
2018-08-16,50.6100
2018-08-17,50.6900
2018-08-20,50.9700
2018-08-21,50.3200
2018-08-22,49.6400
2018-08-23,49.2000
2018-08-24,49.1600
2018-08-27,49.3800
2018-08-28,49.9500
2018-08-29,49.1000
2018-08-30,50.4100
2018-08-31,50.7100
2018-09-04,49.5700
2018-09-05,48.4000
2018-09-06,48.6500
2018-09-07,49.4300
2018-09-10,47.6900
2018-09-11,47.9700
2018-09-12,46.7900
2018-09-13,46.0600
2018-09-14,47.4500
2018-09-17,46.8100
2018-09-18,47.9700
2018-09-19,48.7900
2018-09-20,49.3400
2018-09-21,48.8300
2018-09-24,48.3100
2018-09-25,49.3800
2018-09-26,47.4400
2018-09-27,45.7100
2018-09-28,46.1600
2018-10-01,44.2800
2018-10-02,45.3500
2018-10-03,50.2100
2018-10-04,55.0700
2018-10-05,55.1900
2018-10-09,53.4500
2018-10-10,55.7000
2018-10-11,56.0700
2018-10-12,54.3700
2018-10-15,51.2500
2018-10-16,50.1800
2018-10-17,48.9900
2018-10-18,52.6400
2018-10-19,52.0400
2018-10-22,51.8500
2018-10-23,55.0100
2018-10-24,57.6900
2018-10-25,56.7000
2018-10-26,62.7000
2018-10-29,59.7700
2018-10-30,61.7900
2018-10-31,60.1300
2018-11-01,58.5400
2018-11-02,61.4200
2018-11-05,59.9000
2018-11-06,59.0100
2018-11-08,51.5800
2018-11-09,53.5400
2018-11-13,52.2300
2018-11-14,53.9000
2018-11-15,56.2200
2018-11-16,60.4300
2018-11-19,59.4700
2018-11-20,59.4900
2018-11-21,57.6500
2018-11-23,57.3100
2018-11-26,51.5300
2018-11-27,51.2400
2018-11-28,50.7600
2018-11-29,50.9200
2018-11-30,52.4300
2018-12-03,50.3100
2018-12-04,53.8600
2018-12-07,60.7400
2018-12-10,60.2600
2018-12-11,58.7300
2018-12-12,58.2300
2018-12-13,55.7500
2018-12-14,56.1300
2018-12-17,55.4100
2018-12-18,59.4000
2018-12-19,59.0100
2018-12-20,58.7600
2018-12-21,61.6100
2018-12-24,66.0400
2018-12-26,63.8900
2018-12-27,68.3400
2018-12-28,66.6600
2018-12-31,66.5800
2019-01-02,62.8000
2019-01-03,65.7900
2019-01-04,65.8200
2019-01-07,60.8800
2019-01-08,59.0500
2019-01-09,57.0200
2019-01-10,56.6500
2019-01-11,55.9400
2019-01-14,55.3400
2019-01-15,53.0100
2019-01-16,51.9500
2019-01-17,53.4400
2019-01-18,53.7800
2019-01-22,54.6400
2019-01-23,54.1900
2019-01-24,54.1800
2019-01-25,52.5000
2019-01-28,50.9500
2019-01-29,49.8000
2019-01-30,48.3200
2019-01-31,49.8100
2019-02-01,48.7900
2019-02-04,48.8700
2019-02-05,48.6200
2019-02-06,47.4400
2019-02-07,48.9700
2019-02-08,49.6300
2019-02-11,48.3200
2019-02-12,49.0200
2019-02-13,48.1700
2019-02-14,47.1900
2019-02-15,45.7300
2019-02-19,45.0600
2019-02-20,44.5400
2019-02-21,46.5500
2019-02-22,47.2200
2019-02-25,46.1600
2019-02-26,46.2800
2019-02-28,47.2200
2019-03-01,47.9000
2019-03-04,46.7400
2019-03-05,45.8600
2019-03-06,45.6300
2019-03-07,45.8300
2019-03-08,45.8300
2019-03-11,44.8400
2019-03-12,44.8600
2019-03-13,44.5700
2019-03-14,45.2400
2019-03-15,46.0500
2019-03-18,44.9500
2019-03-19,43.6800
2019-03-20,42.5300
2019-03-21,44.5100
2019-03-22,52.2600
2019-03-25,57.1100
2019-03-26,56.5100
2019-03-27,60.9700
2019-03-28,59.9300
2019-03-29,58.5500
2019-04-01,52.6900
2019-04-02,54.2100
2019-04-03,53.8400
2019-04-04,51.7000
2019-04-05,49.2200
2019-04-08,47.8900
2019-04-09,48.8300
2019-04-10,48.6000
2019-04-11,46.9000
2019-04-12,48.8400
2019-04-15,47.6400
2019-04-16,48.3100
2019-04-17,48.6500
2019-04-18,49.2300
2019-04-22,48.7800
2019-04-23,49.7900
2019-04-24,50.5200
2019-04-25,49.7900
2019-04-26,49.4300
2019-04-29,48.0500
2019-04-30,49.4700
2019-05-01,46.7500
2019-05-02,46.7200
2019-05-03,45.7800
2019-05-06,47.8200
2019-05-07,52.3600
2019-05-08,51.3100
2019-05-09,54.7200
2019-05-10,53.4900
2019-05-13,57.8900
2019-05-14,55.3500
2019-05-15,57.4000
2019-05-16,56.9800
2019-05-17,56.9700
2019-05-20,56.5500
2019-05-21,55.3500
2019-05-22,54.9600
2019-05-23,61.0700
2019-05-24,60.5400
2019-05-28,61.7700
2019-05-29,63.1600
2019-05-30,61.7400
2019-05-31,72.6800
2019-06-03,73.5600
2019-06-04,75.2600
2019-06-05,77.6400
2019-06-06,73.4200
2019-06-07,68.6900
2019-06-10,65.6200
2019-06-11,64.9300
2019-06-12,68.4300
2019-06-13,75.7400
2019-06-14,80.8200
2019-06-17,76.8800
2019-06-18,76.7400
2019-06-19,71.3700
2019-06-20,72.3700
2019-06-21,74.6300
2019-06-24,73.7600
2019-06-25,74.2200
2019-06-26,73.7300
2019-06-27,69.9200
2019-06-28,70.4300
2019-07-01,66.5300
2019-07-02,68.6000
2019-07-03,68.3300
2019-07-05,65.2800
2019-07-08,63.2200
2019-07-09,62.9000
2019-07-10,62.3900
2019-07-11,62.9600
2019-07-12,62.7800
2019-07-15,61.9000
2019-07-16,61.2900
2019-07-17,62.2900
2019-07-18,63.1200
2019-07-19,63.8600
2019-07-22,60.9700
2019-07-23,61.2300
2019-07-24,60.7100
2019-07-25,60.9900
2019-07-26,58.9000
2019-07-29,58.5500
2019-07-30,57.8400
2019-07-31,55.2500
2019-08-01,64.6800
2019-08-02,66.1100
2019-08-05,77.2400
2019-08-06,73.9200
2019-08-07,79.0800
2019-08-08,78.5500
2019-08-09,78.9700
2019-08-12,81.5800
2019-08-13,77.7000
2019-08-14,87.2200
2019-08-15,90.6200
2019-08-16,89.5200
2019-08-19,86.4900
2019-08-20,86.8600
2019-08-21,84.5100
2019-08-22,83.1500
2019-08-23,91.8200
2019-08-26,87.9800
2019-08-27,88.6700
2019-08-28,89.8700
2019-08-29,86.9400
2019-08-30,86.8900
2019-09-03,85.2700
2019-09-04,81.6000
2019-09-05,79.9200
2019-09-06,78.8200
2019-09-09,76.4400
2019-09-10,76.7800
2019-09-11,76.7000
2019-09-12,77.5700
2019-09-13,85.5300
2019-09-16,85.9500
2019-09-17,84.7600
2019-09-18,79.6600
2019-09-19,78.1400
2019-09-20,80.0700
2019-09-23,81.0100
2019-09-24,83.0700
2019-09-25,80.2200
2019-09-26,79.8700
2019-09-27,79.9700
2019-09-30,77.2000
2019-10-01,85.6100
2019-10-02,89.3900
2019-10-03,87.9400
2019-10-04,83.1500
2019-10-07,81.8600
2019-10-08,80.4700
2019-10-09,79.3100
2019-10-10,80.1400
2019-10-11,79.8600
2019-10-15,80.0600
2019-10-16,77.9400
2019-10-17,77.6100
2019-10-18,78.3500
2019-10-21,80.2500
2019-10-22,78.7300
2019-10-23,73.0300
2019-10-24,68.9700
2019-10-25,67.0700
2019-10-28,67.4100
2019-10-29,67.6100
2019-10-30,63.3200
2019-10-31,65.8800
2019-11-01,57.2800
2019-11-04,60.1800
2019-11-05,61.4800
2019-11-06,61.7300
2019-11-07,67.0800
2019-11-08,64.4400
2019-11-11,64.4400
2019-11-12,69.8200
2019-11-13,66.1000
2019-11-14,64.1700
2019-11-15,61.7000
2019-11-18,64.1300
2019-11-19,62.6400
2019-11-20,65.5800
2019-11-21,61.8300
2019-11-22,62.1700
2019-11-25,61.5500
2019-11-26,60.3900
2019-11-27,57.6200
2019-11-29,56.5700
2019-12-02,59.4200
2019-12-03,64.6200
2019-12-04,63.0100
2019-12-05,63.7300
2019-12-06,64.0700
2019-12-09,67.2900
2019-12-10,67.0900
2019-12-11,61.3000
2019-12-12,61.6300
2019-12-13,56.4400
2019-12-16,56.1300
2019-12-17,55.3800
2019-12-18,53.4100
2019-12-19,53.7000
2019-12-20,54.1900
2019-12-23,55.3100
2019-12-24,58.3200
2019-12-26,56.4200
2019-12-27,55.3000
2019-12-30,59.6300
2019-12-31,58.2800
2020-01-02,57.2000
2020-01-03,60.1200
2020-01-06,62.7900
2020-01-07,62.6300
2020-01-08,60.4900
2020-01-09,57.6600
2020-01-10,53.3200
2020-01-13,53.2700
2020-01-14,52.3500
2020-01-15,50.5400
2020-01-16,50.3700
2020-01-17,49.6700
2020-01-21,53.4200
2020-01-22,51.3100
2020-01-23,55.3400
2020-01-24,59.9400
2020-01-27,66.7300
2020-01-28,65.6000
2020-01-29,66.1700
2020-01-30,71.0700
2020-01-31,72.9800
2020-02-03,72.8100
2020-02-04,68.1700
2020-02-05,64.0700
2020-02-06,61.2400
2020-02-07,65.5900
2020-02-10,68.1300
2020-02-11,64.8900
2020-02-12,63.5200
2020-02-13,63.5100
2020-02-14,62.3800
2020-02-18,67.6600
2020-02-19,68.0400
2020-02-20,69.6000
2020-02-21,74.5400
2020-02-24,86.9200
2020-02-25,87.3800
2020-02-26,87.0000
2020-02-27,92.5900
2020-02-28,109.6700
2020-03-02,104.8900
2020-03-03,102.9700
2020-03-04,89.5900
2020-03-05,96.9600
2020-03-06,125.2100
2020-03-09,163.7000
2020-03-10,123.7200
2020-03-11,127.8400
2020-03-12,152.6200
2020-03-13,138.4000
2020-03-16,124.5300
2020-03-17,109.8500
2020-03-18,124.1400
2020-03-19,141.1300
2020-03-20,133.3700
2020-03-23,135.3800
2020-03-24,111.0900
2020-03-25,87.1400
2020-03-26,88.4800
2020-03-27,88.3300
2020-03-30,90.7000
2020-03-31,83.8700
2020-04-01,83.1300
2020-04-02,71.9900
2020-04-03,65.0100
2020-04-06,66.2800
2020-04-07,72.2100
2020-04-08,75.7100
2020-04-09,74.3900
2020-04-13,75.8500
2020-04-14,69.5200
2020-04-15,70.5000
2020-04-16,69.9300
2020-04-17,69.8400
2020-04-20,70.6000
2020-04-21,73.8300
2020-04-22,72.2900
2020-04-23,67.2500
2020-04-24,66.0900
2020-04-27,62.7000
2020-04-28,58.8900
2020-04-29,57.1500
2020-04-30,53.5900
2020-05-01,48.1100
2020-05-04,49.2500
2020-05-05,49.6500
2020-05-06,51.3100
2020-05-07,54.9300
2020-05-08,57.4000
2020-05-11,61.6000
2020-05-12,61.2600
2020-05-13,57.5600
2020-05-14,59.0500
2020-05-15,56.5300
2020-05-18,58.7000
2020-05-19,60.0900
2020-05-20,58.8500
2020-05-21,55.6200
2020-05-22,51.6700
2020-05-26,52.2200
2020-05-27,52.9800
2020-05-28,50.5700
2020-05-29,51.5500
2020-06-01,55.0700
2020-06-02,55.3500
2020-06-03,61.2400
2020-06-04,61.1800
2020-06-05,61.9700
2020-06-08,62.7700
2020-06-09,62.9400
2020-06-10,60.0200
2020-06-11,56.4700
2020-06-12,55.8100
2020-06-15,58.0900
2020-06-16,60.4900
2020-06-17,58.1600
2020-06-18,55.1500
2020-06-19,53.4500
2020-06-22,53.9300
2020-06-23,54.0400
2020-06-24,54.8900
2020-06-25,51.5700
2020-06-26,51.2100
2020-06-29,52.9600
2020-06-30,54.1300
2020-07-01,53.2800
2020-07-02,50.9600
2020-07-06,52.0300
2020-07-07,50.9800
2020-07-08,49.8000
2020-07-09,50.0700
2020-07-10,49.1900
2020-07-13,49.5500
2020-07-14,50.8100
2020-07-15,47.0800
2020-07-16,46.4300
2020-07-17,45.6800
2020-07-20,46.8200
2020-07-21,46.4500
2020-07-22,45.3200
2020-07-23,43.9300
2020-07-24,42.4800
2020-07-27,42.6100
2020-07-28,41.2700
2020-07-29,41.6300
2020-07-30,40.6600
2020-07-31,41.9800
2020-08-03,43.1300
2020-08-04,44.1100
2020-08-05,41.7500
2020-08-06,42.6000
2020-08-07,41.4600
2020-08-10,42.2100
2020-08-11,45.2600
2020-08-12,44.2300
2020-08-13,45.0800
2020-08-14,43.0900
2020-08-17,45.8100
2020-08-18,46.0600
2020-08-19,44.6000
2020-08-20,44.5800
2020-08-21,45.1400
2020-08-24,46.3300
2020-08-25,47.8900
2020-08-26,47.9900
2020-08-27,49.2900
2020-08-28,48.1900
2020-08-31,47.0200
2020-09-01,44.3000
2020-09-02,44.8600
2020-09-03,45.7600
2020-09-04,47.0400
2020-09-08,50.6800
2020-09-09,48.8200
2020-09-10,45.2100
2020-09-11,43.1200
2020-09-14,44.2100
2020-09-15,43.0600
2020-09-16,42.4300
2020-09-17,38.4500
2020-09-18,37.2400
2020-09-21,38.6300
2020-09-22,39.3500
2020-09-23,38.6300
2020-09-24,37.2200
2020-09-25,36.9700
2020-09-28,37.4000
2020-09-29,36.6200
2020-09-30,39.2100
2020-10-01,38.6500
2020-10-02,39.9700
2020-10-05,39.8100
2020-10-06,57.7500
2020-10-07,56.9800
2020-10-08,57.3100
2020-10-09,57.5200
2020-10-13,55.5900
2020-10-14,53.5000
2020-10-15,55.6200
2020-10-16,57.2500
2020-10-19,61.1600
2020-10-20,60.4200
2020-10-21,59.0700
2020-10-22,59.7300
2020-10-23,58.4600
2020-10-26,58.9500
2020-10-27,57.8800
2020-10-28,57.1300
2020-10-29,61.3000
2020-10-30,61.9100
2020-11-02,63.5600
2020-11-03,64.3700
2020-11-04,47.7400
2020-11-05,43.7600
2020-11-06,39.8800
2020-11-09,44.9400
2020-11-10,46.1900
2020-11-12,44.1700
2020-11-13,42.9500
2020-11-16,42.4900
2020-11-17,43.0800
2020-11-18,43.6200
2020-11-19,43.5300
2020-11-20,42.3100
2020-11-23,43.0400
2020-11-24,42.3800
2020-11-25,39.6200
2020-11-27,39.6400
2020-11-30,40.8400
2020-12-01,41.5300
2020-12-02,43.9200
2020-12-03,42.5300
2020-12-04,43.8900
2020-12-07,49.6700
2020-12-08,49.1000
2020-12-09,48.4800
2020-12-10,47.1500
2020-12-11,47.5200
2020-12-14,49.2200
2020-12-15,48.1400
2020-12-16,46.9600
2020-12-17,44.1500
2020-12-18,44.6400
2020-12-21,46.6600
2020-12-22,43.5700
2020-12-23,42.7400
2020-12-24,42.1100
2020-12-28,45.2600
2020-12-29,46.1000
2020-12-30,47.1900
2020-12-31,48.9800
2021-01-04,49.5900
2021-01-05,48.9500
2021-01-06,44.6400
2021-01-07,45.2000
2021-01-08,44.8100
2021-01-11,47.7700
2021-01-12,50.1200
2021-01-13,45.6000
2021-01-14,46.2300
2021-01-15,45.1400
2021-01-19,45.2300
2021-01-20,42.5300
2021-01-21,43.0100
2021-01-22,43.0900
2021-01-25,43.0800
2021-01-26,43.1400
2021-01-27,44.1600
2021-01-28,45.5300
2021-01-29,47.4100
2021-02-01,46.2800
2021-02-02,45.9100
2021-02-03,46.9300
2021-02-04,47.2500
2021-02-05,47.2000
2021-02-08,48.4500
2021-02-09,46.7500
2021-02-10,46.2700
2021-02-11,45.9500
2021-02-12,47.0100
2021-02-16,56.7800
2021-02-17,55.9700
2021-02-18,56.1200
2021-02-19,60.4300
2021-02-22,62.4200
2021-02-23,61.7300
2021-02-24,61.9200
2021-02-25,74.1600
2021-02-26,75.6600
2021-03-01,68.7300
2021-03-02,57.7000
2021-03-03,65.8300
2021-03-04,68.1300
2021-03-05,69.3700
2021-03-08,71.6500
2021-03-09,67.4400
2021-03-10,63.1900
2021-03-11,63.9000
2021-03-12,70.8300
2021-03-15,70.7900
2021-03-16,70.8100
2021-03-17,66.7500
2021-03-18,70.4800
2021-03-19,68.8000
2021-03-22,67.6200
2021-03-23,60.7700
2021-03-24,60.7100
2021-03-25,59.5400
2021-03-26,61.4900
2021-03-29,65.9600
2021-03-30,67.4400
2021-03-31,71.2700
2021-04-01,64.9900
2021-04-05,61.7900
2021-04-06,60.2900
2021-04-07,62.5400
2021-04-08,60.0800
2021-04-09,61.2100
2021-04-12,63.5000
2021-04-13,61.2000
2021-04-14,60.0800
2021-04-15,59.0500
2021-04-16,62.5700
2021-04-19,63.9600
2021-04-20,64.3500
2021-04-21,62.2700
2021-04-22,59.6200
2021-04-23,59.9800
2021-04-26,60.9800
2021-04-27,60.1500
2021-04-28,60.3100
2021-04-29,59.0200
2021-04-30,58.1300
2021-05-03,57.3300
2021-05-04,58.5100
2021-05-05,56.9300
2021-05-06,57.7500
2021-05-07,54.1300
2021-05-10,55.4800
2021-05-11,58.0100
2021-05-12,58.4700
2021-05-13,56.5900
2021-05-14,54.9900
2021-05-17,58.5900
2021-05-18,57.1800
2021-05-19,57.3100
2021-05-20,55.0400
2021-05-21,54.5900
2021-05-24,54.9400
2021-05-25,53.7200
2021-05-26,52.8200
2021-05-27,53.4700
2021-05-28,52.0400
2021-06-01,54.9900
2021-06-02,55.2100
2021-06-03,53.9600
2021-06-04,49.7800
2021-06-07,49.5500
2021-06-08,49.9300
2021-06-09,52.8400
2021-06-10,48.2600
2021-06-11,50.8500
2021-06-14,54.0300
2021-06-15,52.9200
2021-06-16,54.2800
2021-06-17,54.9100
2021-06-18,60.4500
2021-06-21,61.8600
2021-06-22,58.6400
2021-06-23,55.6000
2021-06-24,54.8300
2021-06-25,55.5800
2021-06-28,56.3300
2021-06-29,56.8000
2021-06-30,57.2700
2021-07-01,57.5200
2021-07-02,52.4100
2021-07-06,56.5500
2021-07-07,60.6500
2021-07-08,61.6800
2021-07-09,59.9200
2021-07-12,60.7800
2021-07-13,60.8000
2021-07-14,57.3100
2021-07-15,56.9800
2021-07-16,58.2400
2021-07-19,67.5800
2021-07-20,69.3100
2021-07-21,65.2800
2021-07-22,64.9600
2021-07-23,65.2800
2021-07-26,69.0300
2021-07-27,70.0700
2021-07-28,62.4000
2021-07-29,62.0800
2021-07-30,61.1900
2021-08-02,64.2900
2021-08-03,65.4200
2021-08-04,62.6700
2021-08-05,63.5700
2021-08-06,62.6400
2021-08-09,65.7200
2021-08-10,66.5500
2021-08-11,60.6600
2021-08-12,57.3900
2021-08-13,55.4500
2021-08-16,59.4000
2021-08-17,60.2800
2021-08-18,58.0500
2021-08-19,59.3800
2021-08-20,59.9500
2021-08-23,62.2300
2021-08-24,63.0300
2021-08-25,64.5100
2021-08-26,63.4100
2021-08-27,57.9800
2021-08-30,60.1400
2021-08-31,59.5400
2021-09-01,58.0900
2021-09-02,55.8000
2021-09-03,53.2600
2021-09-07,57.0500
2021-09-08,57.0200
2021-09-09,52.6100
2021-09-10,51.7300
2021-09-13,53.1000
2021-09-14,51.7300
2021-09-15,53.9300
2021-09-16,53.7000
2021-09-17,56.0600
2021-09-20,59.5800
2021-09-21,59.2000
2021-09-22,55.9200
2021-09-23,56.7900
2021-09-24,58.4600
2021-09-27,60.5000
2021-09-28,62.7100
2021-09-29,61.2100
2021-09-30,61.0700
2021-10-01,57.3800
2021-10-04,60.6100
2021-10-05,62.8300
2021-10-06,60.6500
2021-10-07,60.9100
2021-10-08,59.6500
2021-10-12,62.9500
2021-10-13,60.8400
2021-10-14,59.3500
2021-10-15,62.7000
2021-10-18,70.7700
2021-10-19,68.2500
2021-10-20,65.4700
2021-10-21,69.4200
2021-10-22,72.0400
2021-10-25,68.9600
2021-10-26,66.7000
2021-10-27,70.0600
2021-10-28,71.9600
2021-10-29,75.4500
2021-11-01,78.3400
2021-11-02,71.0400
2021-11-03,71.2200
2021-11-04,64.6100
2021-11-05,66.9000
2021-11-08,70.9700
2021-11-09,73.0200
2021-11-10,78.3100
2021-11-12,78.6100
2021-11-15,81.5900
2021-11-16,81.5800
2021-11-17,81.5800
2021-11-18,74.5100
2021-11-19,73.3900
2021-11-22,79.2100
2021-11-23,80.5700
2021-11-24,83.1500
2021-11-26,89.4500
2021-11-29,89.4100
2021-11-30,84.0400
2021-12-01,82.9700
2021-12-02,82.5500
2021-12-03,79.1400
2021-12-06,87.8900
2021-12-07,88.1400
2021-12-08,80.2900
2021-12-09,79.5400
2021-12-10,74.3600
2021-12-13,76.4100
2021-12-14,78.9800
2021-12-15,74.0600
2021-12-16,69.1000
2021-12-17,72.4600
2021-12-20,77.0200
2021-12-21,79.5200
2021-12-22,76.8500
2021-12-23,77.2900
2021-12-27,80.1200
2021-12-28,77.5200
2021-12-29,78.0000
2021-12-30,77.6200
2021-12-31,77.1000
2022-01-03,84.0800
2022-01-04,83.1100
2022-01-05,78.6800
2022-01-06,77.7300
2022-01-07,74.6900
2022-01-10,78.1200
2022-01-11,77.8500
2022-01-12,74.5500
2022-01-13,72.5700
2022-01-14,76.5900
2022-01-18,84.6300
2022-01-19,80.1400
2022-01-20,80.9600
2022-01-21,81.0300
2022-01-24,83.7700
2022-01-25,84.5700
2022-01-26,85.7500
2022-01-27,85.6200
2022-01-28,85.2900
2022-01-31,85.1400
2022-02-01,85.2200
2022-02-02,84.8500
2022-02-03,85.7400
2022-02-04,87.6800
2022-02-07,87.4400
2022-02-08,82.7200
2022-02-09,81.7600
2022-02-10,88.5200
2022-02-11,94.0300
2022-02-14,102.2800
2022-02-15,94.0000
2022-02-16,92.7400
2022-02-17,96.1700
2022-02-18,94.3600
2022-02-22,95.5400
2022-02-23,95.1500
2022-02-24,100.7500
2022-02-25,93.3400
2022-02-28,100.4000
2022-03-01,118.2600
2022-03-02,110.2800
2022-03-03,115.1800
2022-03-04,131.8200
2022-03-07,140.0300
2022-03-08,133.3700
2022-03-09,110.9000
2022-03-10,105.3100
2022-03-11,99.0300
2022-03-14,105.0800
2022-03-15,101.0300
2022-03-16,100.5700
2022-03-17,91.7600
2022-03-18,91.7700
2022-03-21,101.9400
2022-03-22,105.3800
2022-03-23,105.7200
2022-03-24,113.1400
2022-03-25,125.2700
2022-03-28,129.2800
2022-03-29,117.9200
2022-03-30,112.9800
2022-03-31,106.8800
2022-04-01,108.3400
2022-04-04,108.3700
2022-04-05,116.3700
2022-04-06,123.9200
2022-04-07,122.6700
2022-04-08,124.8600
2022-04-11,129.8700
2022-04-12,117.7900
2022-04-13,116.3300
2022-04-14,119.6600
2022-04-18,122.3200
2022-04-19,122.7400
2022-04-20,125.1200
2022-04-21,130.6900
2022-04-22,128.1200
2022-04-25,131.6300
2022-04-26,129.2700
2022-04-27,130.1100
2022-04-28,128.7400
2022-04-29,128.4000
2022-05-02,135.1700
2022-05-03,126.4600
2022-05-04,121.9900
2022-05-05,122.7200
2022-05-06,121.4200
2022-05-09,125.2200
2022-05-10,126.7600
2022-05-11,118.0500
2022-05-12,118.7300
2022-05-13,114.6100
2022-05-16,117.9500
2022-05-17,119.4600
2022-05-18,114.8600
2022-05-19,115.0500
2022-05-20,111.1000
2022-05-23,110.1900
2022-05-24,111.1500
2022-05-25,105.6900
2022-05-26,102.4900
2022-05-27,98.4800
2022-05-31,107.1200
2022-06-01,109.3800
2022-06-02,99.2700
2022-06-03,97.7300
2022-06-06,102.2600
2022-06-07,102.6100
2022-06-08,105.2900
2022-06-09,105.2900
2022-06-10,114.2300
2022-06-13,139.2100
2022-06-14,144.0900
2022-06-15,135.9300
2022-06-16,138.1000
2022-06-17,133.7500
2022-06-21,138.9100
2022-06-22,129.9400
2022-06-23,125.9800
2022-06-24,127.0000
2022-06-27,133.2200
2022-06-28,135.2200
2022-06-29,130.4300
2022-06-30,135.5000
2022-07-01,144.1700
2022-07-05,156.1600
2022-07-06,151.1400
2022-07-07,149.7100
2022-07-08,145.2500
2022-07-11,147.7200
2022-07-12,148.1100
2022-07-13,136.1000
2022-07-14,137.7600
2022-07-15,129.8500
2022-07-18,127.6900
2022-07-19,124.7000
2022-07-20,122.9000
2022-07-21,121.1500
2022-07-22,123.7000
2022-07-25,128.2700
2022-07-26,128.5500
2022-07-27,117.2800
2022-07-28,119.9300
2022-07-29,116.3600
2022-08-01,120.5000
2022-08-02,129.2300
2022-08-03,122.0400
2022-08-04,120.5700
2022-08-05,122.5800
2022-08-08,124.1200
2022-08-09,125.1200
2022-08-10,115.2600
2022-08-11,111.1100
2022-08-12,106.2800
2022-08-15,113.8200
2022-08-16,116.8300
2022-08-17,117.7000
2022-08-18,120.2600
2022-08-19,123.8100
2022-08-22,135.8900
2022-08-23,133.8500
2022-08-24,133.1300
2022-08-25,126.3300
2022-08-26,122.9500
2022-08-29,130.1400
2022-08-30,127.6900
2022-08-31,124.8400
2022-09-01,126.5800
2022-09-02,120.7200
2022-09-06,133.5400
2022-09-07,133.1200
2022-09-08,124.1400
2022-09-09,121.5400
2022-09-12,123.0700
2022-09-13,128.8700
2022-09-14,125.3500
2022-09-15,124.0700
2022-09-16,124.9500
2022-09-19,133.7900
2022-09-20,134.6600
2022-09-21,130.5400
2022-09-22,131.9300
2022-09-23,137.2800
2022-09-26,153.6100
2022-09-27,158.1200
2022-09-28,158.9900
2022-09-29,148.1400
2022-09-30,141.8900
2022-10-03,152.9400
2022-10-04,151.2100
2022-10-05,152.0100
2022-10-06,153.2900
2022-10-07,148.4600
2022-10-11,155.5700
2022-10-12,160.7200
2022-10-13,155.0800
2022-10-14,152.8900
2022-10-17,150.4200
2022-10-18,145.7900
2022-10-19,147.7300
2022-10-20,155.6100
2022-10-21,156.9500
2022-10-24,154.0200
2022-10-25,147.7800
2022-10-26,140.2000
2022-10-27,142.7800
2022-10-28,144.6000
2022-10-31,147.9200
2022-11-01,148.4200
2022-11-02,141.1700
2022-11-03,136.2800
2022-11-04,128.4400
2022-11-07,128.3300
2022-11-08,126.3300
2022-11-09,124.4000
2022-11-10,111.6900
2022-11-14,119.9900
2022-11-15,128.6200
2022-11-16,130.8300
2022-11-17,132.1800
2022-11-18,129.3300
2022-11-21,132.1300
2022-11-22,133.5300
2022-11-23,136.2000
2022-11-25,129.6000
2022-11-28,131.7300
2022-11-29,131.2300
2022-11-30,127.2700
2022-12-01,119.7700
2022-12-02,118.6200
2022-12-05,126.5000
2022-12-06,129.0900
2022-12-07,131.1000
2022-12-08,129.5400
2022-12-09,132.7900
2022-12-12,141.9300
2022-12-13,135.0800
2022-12-14,120.2600
2022-12-15,111.2600
2022-12-16,113.6500
2022-12-19,118.3200
2022-12-20,119.9200
2022-12-21,115.0000
2022-12-22,112.0500
2022-12-23,113.1700
2022-12-27,124.8900
2022-12-28,120.0700
2022-12-29,120.2500
2022-12-30,121.6100
2023-01-03,129.9700
2023-01-04,125.7800
2023-01-05,119.5300
2023-01-06,113.8700
2023-01-09,116.6700
2023-01-10,119.5200
2023-01-11,115.1700
2023-01-12,112.3400
2023-01-13,113.5500
2023-01-17,122.2700
2023-01-18,112.6100
2023-01-19,114.5300
2023-01-20,114.7600
2023-01-23,114.6900
2023-01-24,112.7600
2023-01-25,107.7400
2023-01-26,104.2800
2023-01-27,100.7000
2023-01-30,103.7700
2023-01-31,99.5400
2023-02-01,97.3300
2023-02-02,97.7600
2023-02-03,98.9900
2023-02-06,105.6300
2023-02-07,103.1500
2023-02-08,100.7500
2023-02-09,102.4500
2023-02-10,109.6300
2023-02-13,110.6700
2023-02-14,110.5900
2023-02-15,108.6400
2023-02-16,111.0100
2023-02-17,110.1100
2023-02-21,119.6200
2023-02-22,118.2100
2023-02-23,117.4500
2023-02-24,122.8400
2023-02-27,120.0300
2023-02-28,123.6000
2023-03-01,121.0800
2023-03-02,124.1200
2023-03-03,122.5200
2023-03-06,128.1900
2023-03-07,133.3300
2023-03-08,129.7600
2023-03-09,129.2800
2023-03-10,140.0600
2023-03-13,173.5900
2023-03-14,169.6500
2023-03-15,169.6500
2023-03-16,167.9600
2023-03-17,180.1100
2023-03-20,182.6400
2023-03-21,162.3100
2023-03-22,142.8400
2023-03-23,151.4000
2023-03-24,173.6600
2023-03-27,161.6700
2023-03-28,155.9600
2023-03-29,150.5800
2023-03-30,141.2400
2023-03-31,135.9300
2023-04-03,138.1700
2023-04-04,147.7500
2023-04-05,153.9000
2023-04-06,147.7300
2023-04-10,143.0000
2023-04-11,139.7800
2023-04-12,129.6800
2023-04-13,119.9500
2023-04-14,118.8400
2023-04-17,122.6900
2023-04-18,122.7800
2023-04-19,124.0200
2023-04-20,120.6100
2023-04-21,120.8400
2023-04-24,126.2800
2023-04-25,137.1300
2023-04-26,130.3900
2023-04-27,122.4300
2023-04-28,122.4600
2023-05-01,128.1800
2023-05-02,137.5500
2023-05-03,134.5000
2023-05-04,140.7100
2023-05-05,130.2100
2023-05-08,135.0700
2023-05-09,133.9300
2023-05-10,125.6000
2023-05-11,128.2100
2023-05-12,120.5200
2023-05-15,127.8900
2023-05-16,130.3000
2023-05-17,120.7800
2023-05-18,122.5000
2023-05-19,127.5100
2023-05-22,132.2900
2023-05-23,131.7000
2023-05-24,132.2900
2023-05-25,139.5400
2023-05-26,145.3700
2023-05-30,141.3600
2023-05-31,136.0200
2023-06-01,124.6300
2023-06-02,120.9500
2023-06-05,119.0800
2023-06-06,114.4200
2023-06-07,120.5000
2023-06-08,115.1100
2023-06-09,115.7700
2023-06-12,119.8000
2023-06-13,118.8000
2023-06-14,114.3700
2023-06-15,107.3400
2023-06-16,104.4300
2023-06-20,104.4300
2023-06-21,110.8400
2023-06-22,107.7000
2023-06-23,105.7400
2023-06-26,109.0200
2023-06-27,110.8500
2023-06-28,108.3000
2023-06-29,113.4500
2023-06-30,110.6400
2023-07-03,110.7700
2023-07-05,110.5300
2023-07-06,134.6300
2023-07-07,130.4100
2023-07-10,131.7300
2023-07-11,127.0700
2023-07-12,114.0700
2023-07-13,111.7500
2023-07-14,112.4800
2023-07-17,113.5000
2023-07-18,112.4500
2023-07-19,107.1900
2023-07-20,112.8500
2023-07-21,106.6600
2023-07-24,109.9500
2023-07-25,113.0200
2023-07-26,104.8800
2023-07-27,111.1500
2023-07-28,109.7600
2023-07-31,112.0300
2023-08-01,116.3800
2023-08-02,115.1500
2023-08-03,124.6000
2023-08-04,115.9100
2023-08-07,120.9400
2023-08-08,118.7400
2023-08-09,112.5500
2023-08-10,108.6400
2023-08-11,112.1300
2023-08-14,119.9400
2023-08-15,121.8000
2023-08-16,117.2400
2023-08-17,121.1400
2023-08-18,120.5100
2023-08-21,130.6900
2023-08-22,126.6500
2023-08-23,118.4000
2023-08-24,117.5600
2023-08-25,110.3700
2023-08-28,110.4500
2023-08-29,110.6800
2023-08-30,109.8400
2023-08-31,107.9300
2023-09-01,102.9200
2023-09-05,109.6400
2023-09-06,111.3100
2023-09-07,105.2000
2023-09-08,104.3400
2023-09-11,107.2300
2023-09-12,105.1100
2023-09-13,101.8600
2023-09-14,97.1100
2023-09-15,96.6100
2023-09-18,99.3200
2023-09-19,101.3100
2023-09-20,97.0400
2023-09-21,106.0000
2023-09-22,101.1100
2023-09-25,117.3300
2023-09-26,117.7200
2023-09-27,122.0900
2023-09-28,115.2400
2023-09-29,113.5500
2023-10-02,127.5900
2023-10-03,141.6700
2023-10-04,128.2300
2023-10-05,130.1800
2023-10-06,126.6400
2023-10-10,136.1700
2023-10-11,127.1800
2023-10-12,126.3700
2023-10-13,128.3300
2023-10-16,130.1600
2023-10-17,130.1700
2023-10-18,129.1700
2023-10-19,134.6200
2023-10-20,135.4500
2023-10-23,131.8300
2023-10-24,128.1300
2023-10-25,131.2100
2023-10-26,130.9400
2023-10-27,129.1600
2023-10-30,131.9000
2023-10-31,126.8600
2023-11-01,120.5500
2023-11-02,118.6400
2023-11-03,118.7400
2023-11-06,121.7400
2023-11-07,120.0900
2023-11-08,117.1000
2023-11-09,117.0500
2023-11-10,116.7900
2023-11-13,124.4700
2023-11-14,124.1100
2023-11-15,122.1900
2023-11-16,116.0800
2023-11-17,113.1100
2023-11-20,115.0900
2023-11-21,112.7900
2023-11-22,111.5700
2023-11-24,107.4300
2023-11-27,109.3100
2023-11-28,110.0600
2023-11-29,114.5900
2023-11-30,115.3200
2023-12-01,111.5100
2023-12-04,118.2500
2023-12-05,127.2000
2023-12-06,124.9800
2023-12-07,129.7400
2023-12-08,121.6500
2023-12-11,126.6600
2023-12-12,118.6200
2023-12-13,113.7700
2023-12-14,118.0400
2023-12-15,115.7500
2023-12-18,118.4600
2023-12-19,115.0300
2023-12-20,111.8700
2023-12-21,111.9300
2023-12-22,111.3800
2023-12-26,116.0000
2023-12-27,114.5300
2023-12-28,113.7800
2023-12-29,114.6200
2024-01-02,127.0200
2024-01-03,124.5700
2024-01-04,121.1200
2024-01-05,116.1900
2024-01-08,117.7200
2024-01-09,114.9200
2024-01-10,109.6300
2024-01-11,103.4500
2024-01-12,106.5100
2024-01-16,113.4400
2024-01-17,105.8600
2024-01-18,107.2200
2024-01-19,104.9700
2024-01-22,106.8700
2024-01-23,107.7000
2024-01-24,105.7800
2024-01-25,105.8900
2024-01-26,100.2300
2024-01-29,106.3400
2024-01-30,104.2600
2024-01-31,107.2800
2024-02-01,113.9200
2024-02-02,106.7200
2024-02-05,108.6800
2024-02-06,110.6000
2024-02-07,107.8600
2024-02-08,108.6000
2024-02-09,106.2100
2024-02-12,109.7800
2024-02-13,113.2200
2024-02-14,111.9700
2024-02-15,112.0900
2024-02-16,109.2000
2024-02-20,111.0200
2024-02-21,114.2700
2024-02-22,115.5900
2024-02-23,108.3100
2024-02-26,110.7700
2024-02-27,110.8000
2024-02-28,108.7100
2024-02-29,109.1000
2024-03-01,106.4800
2024-03-04,109.5700
2024-03-05,110.3300
2024-03-06,105.3300
2024-03-07,105.4500
2024-03-08,100.8800
2024-03-11,106.6300
2024-03-12,101.3600
2024-03-13,97.0300
2024-03-14,98.6700
2024-03-15,97.8200
2024-03-18,102.8700
2024-03-19,99.9900
2024-03-20,92.7200
2024-03-21,90.8200
2024-03-22,91.0400
2024-03-25,92.2400
2024-03-26,90.6300
2024-03-27,86.2800
2024-03-28,86.3800
2024-04-01,94.2000
2024-04-02,96.5700
2024-04-03,97.8800
2024-04-04,96.1300
2024-04-05,94.3100
2024-04-08,99.3700
2024-04-09,98.7300
2024-04-10,109.5900
2024-04-11,108.8600
2024-04-12,112.8200
2024-04-15,121.1500
2024-04-16,119.5900
2024-04-17,113.2900
2024-04-18,108.6600
2024-04-19,111.2600
2024-04-22,108.5600
2024-04-23,106.8500
2024-04-24,110.2100
2024-04-25,108.5500
2024-04-26,104.4000
2024-04-29,105.4200
2024-04-30,107.4600
2024-05-01,100.6400
2024-05-02,100.7000
2024-05-03,95.9600
2024-05-06,94.5000
2024-05-07,98.0400
2024-05-08,95.5800
2024-05-09,93.8500
2024-05-10,94.2300
2024-05-13,105.3500
2024-05-14,106.5500
2024-05-15,93.7800
2024-05-16,91.8300
2024-05-17,89.3500
2024-05-20,88.1300
2024-05-21,85.3400
2024-05-22,82.4900
2024-05-23,86.1500
2024-05-24,83.5700
2024-05-28,89.6700
2024-05-29,93.4500
2024-05-30,91.0900
2024-05-31,91.1400
2024-06-03,93.9200
2024-06-04,100.1100
2024-06-05,102.4300
2024-06-06,100.9900
2024-06-07,91.8200
2024-06-10,94.1600
2024-06-11,97.2700
2024-06-12,91.7300
2024-06-13,91.9300
2024-06-14,100.1600
2024-06-17,99.0700
2024-06-18,97.9900
2024-06-20,94.1400
2024-06-21,94.0900
2024-06-24,95.2000
2024-06-25,96.9700
2024-06-26,97.9100
2024-06-27,95.6900
2024-06-28,98.5900
2024-07-01,106.2300
2024-07-02,107.5100
2024-07-03,102.8300
2024-07-05,98.7800
2024-07-08,97.9600
2024-07-09,95.6200
2024-07-10,92.9700
2024-07-11,89.6700
2024-07-12,86.7900
2024-07-15,94.5000
2024-07-16,93.8700
2024-07-17,91.0000
2024-07-18,91.9700
2024-07-19,94.2900
2024-07-22,94.4500
2024-07-23,95.0400
2024-07-24,94.8100
2024-07-25,99.0800
2024-07-26,97.7600
2024-07-29,98.6500
2024-07-30,100.4200
2024-07-31,99.4100
2024-08-01,101.8200
2024-08-02,112.2600
2024-08-05,121.2200
2024-08-06,119.2400
2024-08-07,112.6900
2024-08-08,110.4200
2024-08-09,108.2600
2024-08-12,118.2600
2024-08-13,118.4400
2024-08-14,106.3400
2024-08-15,103.7400
2024-08-16,102.8100
2024-08-19,110.1300
2024-08-20,111.5700
2024-08-21,111.3800
2024-08-22,108.5000
2024-08-23,105.6300
2024-08-26,106.6600
2024-08-27,109.2200
2024-08-28,108.7600
2024-08-29,106.7000
2024-08-30,107.7700
2024-09-03,114.2000
2024-09-04,119.1500
2024-09-05,114.8100
2024-09-06,107.2400
2024-09-09,104.6100
2024-09-10,108.3600
2024-09-11,103.7900
2024-09-12,98.0300
2024-09-13,100.6000
2024-09-16,101.2200
2024-09-17,101.5800
2024-09-18,98.6100
2024-09-19,92.6400
2024-09-20,91.0000
2024-09-23,93.8700
2024-09-24,93.3000
2024-09-25,91.6400
2024-09-26,90.1400
2024-09-27,92.5300
2024-09-30,94.6100
2024-10-01,104.1400
2024-10-02,102.1700
2024-10-03,101.1600
2024-10-04,100.1500
2024-10-07,124.2300
2024-10-08,123.7700
2024-10-09,122.3900
2024-10-10,116.5600
2024-10-11,118.4700
2024-10-15,127.2300
2024-10-16,121.8600
2024-10-17,122.1400
2024-10-18,123.1300
2024-10-21,128.9500
2024-10-22,129.2600
2024-10-23,129.0500
2024-10-24,127.4800
2024-10-25,128.4000
2024-10-28,130.9200
2024-10-29,131.8700
2024-10-30,130.8000
2024-10-31,135.1800
2024-11-01,132.5800
2024-11-04,136.2500
2024-11-05,130.4300
2024-11-06,117.6400
2024-11-07,104.0800
2024-11-08,99.8500
2024-11-12,108.5500
2024-11-13,102.0800
2024-11-14,99.4300
2024-11-15,102.4700
2024-11-18,102.0100
2024-11-19,105.1200
2024-11-20,106.6900
2024-11-21,101.9000
2024-11-22,99.1400
2024-11-25,99.9600
2024-11-26,99.1800
2024-11-27,97.7400
2024-11-29,95.2200
2024-12-02,97.8100
2024-12-03,95.6000
2024-12-04,92.2500
2024-12-05,91.4800
2024-12-06,83.2000
2024-12-09,85.6300
2024-12-10,90.1000
2024-12-11,82.4000
2024-12-12,82.6600
2024-12-13,85.6600
2024-12-16,90.8800
2024-12-17,90.4200
2024-12-18,87.2100
2024-12-19,90.4100
2024-12-20,91.7500
2024-12-23,95.8500
2024-12-24,96.9500
2024-12-26,95.2000
2024-12-27,94.8000
2024-12-30,99.0800
2024-12-31,98.8000
2025-01-02,96.6700
2025-01-03,93.3500
2025-01-06,97.8900
2025-01-07,102.7800
2025-01-08,100.7600
2025-01-10,96.5700
2025-01-13,103.5100
2025-01-14,101.9900
2025-01-15,93.1000
2025-01-16,92.7200
2025-01-17,95.6000
2025-01-21,96.7800
2025-01-22,89.9000
2025-01-23,88.5100
2025-01-24,86.7500
2025-01-27,95.0500
2025-01-28,92.8300
2025-01-29,90.7300
2025-01-30,90.5400
2025-01-31,91.7600
2025-02-03,94.1500
2025-02-04,90.2800
2025-02-05,94.6800
2025-02-06,93.9000
2025-02-07,93.1300
2025-02-10,87.6800
2025-02-11,85.5800
2025-02-12,86.5800
2025-02-13,84.5700
2025-02-14,84.6700
2025-02-18,84.5100
2025-02-19,83.8600
2025-02-20,86.2600
2025-02-21,91.8300
2025-02-24,88.4400
2025-02-25,96.6100
2025-02-26,97.5200
2025-02-27,96.2700
2025-02-28,104.4600
2025-03-03,105.6500
2025-03-04,108.8700
2025-03-05,104.3200
2025-03-06,108.9500
2025-03-07,104.4100
2025-03-10,112.5000
2025-03-11,114.6000
2025-03-12,104.1100
2025-03-13,106.1900
2025-03-14,101.0100
2025-03-17,99.7800
2025-03-18,96.6800
2025-03-19,91.4000
2025-03-20,95.7400
2025-03-21,94.5400
2025-03-24,95.2200
2025-03-25,93.5700
2025-03-26,91.4100
2025-03-27,91.0300
2025-03-28,96.8300
2025-03-31,101.3500
2025-04-01,104.7300
2025-04-02,106.3900
2025-04-03,112.0000
2025-04-04,125.7100
2025-04-07,137.3000
2025-04-08,139.8800
2025-04-09,128.8300
2025-04-10,128.3500
2025-04-11,137.2600
2025-04-14,132.4600
2025-04-15,122.5600
2025-04-16,119.4000
2025-04-17,114.6400
2025-04-21,128.5600
2025-04-22,118.3500
2025-04-23,116.6000
2025-04-24,108.2800
2025-04-25,105.7900
2025-04-28,110.0100
2025-04-29,112.2700
2025-04-30,112.4800
2025-05-01,107.3300
2025-05-02,101.4000
2025-05-05,104.4500
2025-05-06,106.1800
2025-05-07,99.8700
2025-05-08,98.6600
2025-05-09,100.4000
2025-05-12,102.9000
2025-05-13,100.1300
2025-05-14,100.7300
2025-05-15,98.6500
2025-05-16,96.7000
2025-05-19,103.8100
2025-05-20,101.3700
2025-05-21,102.1000
2025-05-22,99.4700
2025-05-23,100.9100
2025-05-27,97.9300
2025-05-28,93.2000
2025-05-29,92.6700
2025-05-30,92.1100
2025-06-02,95.7600
2025-06-03,100.0000
2025-06-04,96.9800
2025-06-05,94.6500
2025-06-06,89.6500
2025-06-09,92.6200
2025-06-10,91.2200
2025-06-11,89.3600
2025-06-12,88.9900
2025-06-13,95.3100
2025-06-16,93.4800
2025-06-17,97.1800
2025-06-18,93.6400
2025-06-20,90.1000
2025-06-23,95.0300
2025-06-24,92.6200
2025-06-25,91.2400
2025-06-26,89.4700
2025-06-27,87.9300
2025-06-30,90.2600
2025-07-01,93.4800
2025-07-02,91.3700
2025-07-03,86.0900
2025-07-07,88.5300
2025-07-08,88.0500
2025-07-09,84.3100
2025-07-10,81.5800
2025-07-11,85.4800
2025-07-14,90.7300
2025-07-15,88.9500
2025-07-16,89.5200
2025-07-17,85.5700
2025-07-18,83.2900
2025-07-21,86.6200
2025-07-22,89.8900
2025-07-23,85.9500
2025-07-24,82.7500
2025-07-25,82.0900
2025-07-28,83.7300
2025-07-29,85.0700
2025-07-30,81.8800
2025-07-31,79.8400
2025-08-01,83.8300
2025-08-04,87.9500
2025-08-05,89.2000
2025-08-06,83.8900
2025-08-07,80.1500
2025-08-08,79.2000
2025-08-11,81.7600
2025-08-12,77.4200
2025-08-13,77.3100
2025-08-14,76.7700
2025-08-15,76.6600
2025-08-18,81.8200
2025-08-19,82.1500
2025-08-20,80.7500
2025-08-21,80.5200
2025-08-22,78.1000
2025-08-25,77.5600
2025-08-26,79.3600
2025-08-27,77.6600
2025-08-28,77.5500
2025-08-29,79.3900
2025-09-02,85.2800
2025-09-03,89.6700
2025-09-04,88.2600
2025-09-05,85.2900
2025-09-08,84.0000
2025-09-09,82.2000
2025-09-10,79.5800
2025-09-11,75.0700
2025-09-12,73.3700
2025-09-15,76.8800
2025-09-16,77.0900
2025-09-17,75.9500
2025-09-18,71.9100
2025-09-19,72.5100
2025-09-22,75.8000
2025-09-23,75.6600
2025-09-24,75.1300
2025-09-25,75.4400
2025-09-26,74.3800
2025-09-29,75.5100
2025-09-30,77.9300
2025-10-01,73.5000
2025-10-02,71.2100
2025-10-03,69.5300
2025-10-06,72.9900
2025-10-07,75.4300
2025-10-08,74.8700
2025-10-09,74.1200
2025-10-10,81.6500
2025-10-14,79.9500
2025-10-15,75.1100
2025-10-16,81.2300
2025-10-17,78.6200
2025-10-20,77.2200
2025-10-21,77.1800
2025-10-22,75.4900
2025-10-23,74.0500
2025-10-24,68.9400
2025-10-27,66.8700
2025-10-28,67.3000
2025-10-29,65.7500
2025-10-30,66.8800
2025-10-31,66.6100
2025-11-03,67.2300
2025-11-04,68.0200
2025-11-05,72.4200
2025-11-06,72.4400
2025-11-07,74.4100
2025-11-10,78.8600
2025-11-12,81.1200
2025-11-13,79.1000
2025-11-14,79.7100
2025-11-17,82.5800
2025-11-18,83.1800
2025-11-19,84.3200
2025-11-20,77.8100
2025-11-21,78.8100
2025-11-24,76.8200
2025-11-25,72.8200
2025-11-26,71.9000
2025-11-28,68.9500
2025-12-01,71.3500
2025-12-02,69.9100
2025-12-03,66.4600
2025-12-04,65.6900
2025-12-05,67.2800
2025-12-08,72.3000
2025-12-09,75.3800
2025-12-10,68.6200
2025-12-11,69.2400
2025-12-12,69.2500
2025-12-15,73.3100
2025-12-16,67.1400
2025-12-17,62.7400
2025-12-18,60.0100
2025-12-19,59.4100
2025-12-22,61.7000
2025-12-23,61.1700
2025-12-24,59.4800
2025-12-26,58.5000
2025-12-29,59.2100
2025-12-30,63.9800
2025-12-31,63.9600
2026-01-02,62.3600
2026-01-05,64.7100
2026-01-06,65.8200
2026-01-07,66.1500
2026-01-08,66.9400
2026-01-09,61.5500
2026-01-12,62.9000
2026-01-13,60.7900
2026-01-14,58.1100
2026-01-15,56.1400
2026-01-16,58.0500
2026-01-20,66.6700
2026-01-21,59.5600
2026-01-22,56.5000
2026-01-23,56.2500
2026-01-26,55.7700
2026-01-27,56.1200
2026-01-28,57.4300
2026-01-29,60.7300
2026-01-30,59.2000
2026-02-02,59.3000
2026-02-03,57.5400
2026-02-04,57.5100
2026-02-05,62.1600
2026-02-06,63.6200
2026-02-09,62.7400
2026-02-10,64.5500
2026-02-11,61.3500
2026-02-12,68.5700
2026-02-13,70.1000
2026-02-17,68.8400
2026-02-18,64.1900
2026-02-19,68.0300
2026-02-20,64.2700
2026-02-23,68.0300
2026-02-24,65.2700
2026-02-25,62.4300
2026-02-26,63.9300
2026-02-27,73.3800
2026-03-02,73.2100
2026-03-03,77.7500
2026-03-04,70.0300
2026-03-05,74.5300
2026-03-06,81.2600
2026-03-09,79.7400
2026-03-10,76.3300
2026-03-11,78.5900
2026-03-12,95.3000
2026-03-13,91.1700
2026-03-16,85.2500
2026-03-17,79.2300
2026-03-18,81.2500
2026-03-19,84.8800
2026-03-20,108.8400
2026-03-23,98.1500
2026-03-24,103.0100
2026-03-25,97.5900
2026-03-26,115.0200
2026-03-27,111.9500
2026-03-30,108.3300
2026-03-31,96.0500
2026-04-01,90.1900
2026-04-02,84.4100
2026-04-06,81.6800
2026-04-07,83.1500
2026-04-08,78.7400
2026-04-09,74.0100
2026-04-10,72.1500
2026-04-13,74.4200
2026-04-14,74.3500
2026-04-15,67.9400
2026-04-16,65.8900
2026-04-17,65.7000
2026-04-20,67.9000
2026-04-21,70.7800
2026-04-22,69.8800
2026-04-23,67.7000
2026-04-24,66.9700
2026-04-27,68.4200
2026-04-28,68.6800
2026-04-29,74.3300
2026-04-30,72.0700
2026-05-01,70.4100
2026-05-04,77.8600
2026-05-05,76.7800
2026-05-06,70.6300
2026-05-07,72.2400
2026-05-08,67.2500
2026-05-11,70.7400
2026-05-12,71.6800
2026-05-13,70.2400
2026-05-14,69.6300
2026-05-15,79.8700
2026-05-18,86.0700
2026-05-19,85.3200
2026-05-20,81.5300
2026-05-21,79.7200
2026-05-22,78.4300
2026-05-26,74.9500
2026-05-27,70.9000
2026-05-28,69.7400
2026-05-29,70.2200
2026-06-01,73.3300
2026-06-02,73.4300
2026-06-03,73.5800
2026-06-04,71.1600
2026-06-05,75.2000
2026-06-08,76.9800
2026-06-09,77.0300
2026-06-10,73.9500
2026-06-11,69.4500
2026-06-12,69.3600
2026-06-15,69.3800
2026-06-16,67.2800
2026-06-17,70.6600
2026-06-18,65.3900
2026-06-22,70.0200
2026-06-23,68.7800
2026-06-24,69.0600
2026-06-25,67.1000
2026-06-26,66.7900
2026-06-29,68.1400
2026-06-30,71.9600
2026-07-01,68.5600
2026-07-02,65.4000
2026-07-06,65.7600
2026-07-07,70.2500
2026-07-08,72.4100
2026-07-09,68.8900
2026-07-10,69.5500
2026-07-13,77.7700
2026-07-14,75.0300
2026-07-15,68.4800
2026-07-16,68.1600
2026-07-17,70.8800
2026-07-29,74.1810
2026-07-30,77.0933
2026-07-31,83.0244
2026-08-03,80.4839
2026-08-04,77.5565
2026-08-05,73.5809
2026-08-06,76.1169
2026-08-07,72.0302
2026-08-10,75.4556
2026-08-11,77.9153
2026-08-12,72.0887
2026-08-13,69.2283
