date,close
2006-07-31,2091.4700
2006-08-01,2061.9900
2006-08-02,2078.8101
2006-08-03,2092.3401
2006-08-04,2085.0500
2006-08-07,2072.5000
2006-08-08,2060.8501
2006-08-09,2060.2800
2006-08-10,2071.7400
2006-08-11,2057.7100
2006-08-14,2069.0400
2006-08-15,2115.0100
2006-08-16,2149.5400
2006-08-17,2157.6101
2006-08-18,2163.9500
2006-08-21,2147.7500
2006-08-22,2150.0200
2006-08-23,2134.6599
2006-08-24,2137.1101
2006-08-25,2140.2900
2006-08-28,2160.7000
2006-08-29,2172.3000
2006-08-30,2185.7300
2006-08-31,2183.7500
2006-09-01,2193.1599
2006-09-05,2205.7000
2006-09-06,2167.8401
2006-09-07,2155.2900
2006-09-08,2165.7900
2006-09-11,2173.2500
2006-09-12,2215.8201
2006-09-13,2227.6699
2006-09-14,2228.7300
2006-09-15,2235.5901
2006-09-18,2235.7500
2006-09-19,2222.3701
2006-09-20,2252.8899
2006-09-21,2237.7500
2006-09-22,2218.9299
2006-09-25,2249.0701
2006-09-26,2261.3401
2006-09-27,2263.3899
2006-09-28,2270.0200
2006-09-29,2258.4299
2006-10-02,2237.6001
2006-10-03,2243.6499
2006-10-04,2290.9500
2006-10-05,2306.3401
2006-10-06,2299.9900
2006-10-09,2311.7700
2006-10-10,2315.4299
2006-10-11,2308.2700
2006-10-12,2346.1799
2006-10-13,2357.2900
2006-10-16,2363.8401
2006-10-17,2344.9500
2006-10-18,2337.1499
2006-10-19,2340.9399
2006-10-20,2342.3000
2006-10-23,2355.5601
2006-10-24,2344.8401
2006-10-25,2356.5901
2006-10-26,2379.1001
2006-10-27,2350.6201
2006-10-30,2363.7700
2006-10-31,2366.7100
2006-11-01,2334.3501
2006-11-02,2334.0200
2006-11-03,2330.7900
2006-11-06,2365.9500
2006-11-07,2375.8799
2006-11-08,2384.9399
2006-11-09,2376.0100
2006-11-10,2389.7200
2006-11-13,2406.3799
2006-11-14,2430.6599
2006-11-15,2442.7500
2006-11-16,2449.0601
2006-11-17,2445.8601
2006-11-20,2452.7200
2006-11-21,2454.8401
2006-11-22,2465.9800
2006-11-24,2460.2600
2006-11-27,2405.9199
2006-11-28,2412.6101
2006-11-29,2432.2300
2006-11-30,2431.7700
2006-12-01,2413.2100
2006-12-04,2448.3899
2006-12-05,2452.3799
2006-12-06,2445.8601
2006-12-07,2427.6899
2006-12-08,2437.3601
2006-12-11,2442.8601
2006-12-12,2431.6001
2006-12-13,2432.4099
2006-12-14,2453.8501
2006-12-15,2457.2000
2006-12-18,2435.5701
2006-12-19,2429.5500
2006-12-20,2427.6101
2006-12-21,2415.8501
2006-12-22,2401.1799
2006-12-26,2413.5100
2006-12-27,2431.2200
2006-12-28,2425.5701
2006-12-29,2415.2900
2007-01-03,2423.1599
2007-01-04,2453.4299
2007-01-05,2434.2500
2007-01-08,2438.2000
2007-01-09,2443.8301
2007-01-10,2459.3301
2007-01-11,2484.8501
2007-01-12,2502.8201
2007-01-16,2497.7800
2007-01-17,2479.4199
2007-01-18,2443.2100
2007-01-19,2451.3101
2007-01-22,2431.0701
2007-01-23,2431.4099
2007-01-24,2466.2800
2007-01-25,2434.2400
2007-01-26,2435.4900
2007-01-29,2441.0901
2007-01-30,2448.6399
2007-01-31,2463.9299
2007-02-01,2468.3799
2007-02-02,2475.8799
2007-02-05,2470.6001
2007-02-06,2471.4900
2007-02-07,2490.5000
2007-02-08,2488.6699
2007-02-09,2459.8201
2007-02-12,2450.3799
2007-02-13,2459.8799
2007-02-14,2488.3799
2007-02-15,2497.1001
2007-02-16,2496.3101
2007-02-20,2513.0400
2007-02-21,2518.4199
2007-02-22,2524.9399
2007-02-23,2515.1001
2007-02-26,2504.5200
2007-02-27,2407.8601
2007-02-28,2416.1499
2007-03-01,2404.2100
2007-03-02,2368.0000
2007-03-05,2340.6799
2007-03-06,2385.1399
2007-03-07,2374.6399
2007-03-08,2387.7300
2007-03-09,2387.5500
2007-03-12,2402.2900
2007-03-13,2350.5701
2007-03-14,2371.7400
2007-03-15,2378.7000
2007-03-16,2372.6599
2007-03-19,2394.4099
2007-03-20,2408.2100
2007-03-21,2455.9199
2007-03-22,2451.7400
2007-03-23,2448.9299
2007-03-26,2455.6299
2007-03-27,2437.4299
2007-03-28,2417.1001
2007-03-29,2417.8799
2007-03-30,2421.6399
2007-04-02,2422.2600
2007-04-03,2450.3301
2007-04-04,2458.6899
2007-04-05,2471.3401
2007-04-09,2469.1799
2007-04-10,2477.6101
2007-04-11,2459.3101
2007-04-12,2480.3201
2007-04-13,2491.9399
2007-04-16,2518.3301
2007-04-17,2516.9500
2007-04-18,2510.5000
2007-04-19,2505.3501
2007-04-20,2526.3899
2007-04-23,2523.6699
2007-04-24,2524.5400
2007-04-25,2547.8899
2007-04-26,2554.4600
2007-04-27,2557.2100
2007-04-30,2525.0901
2007-05-01,2531.5300
2007-05-02,2557.8401
2007-05-03,2565.4600
2007-05-04,2572.1499
2007-05-07,2570.9500
2007-05-08,2571.7500
2007-05-09,2576.3401
2007-05-10,2533.7400
2007-05-11,2562.2200
2007-05-14,2546.4399
2007-05-15,2525.2900
2007-05-16,2547.4199
2007-05-17,2539.3799
2007-05-18,2558.4500
2007-05-21,2578.7900
2007-05-22,2588.0200
2007-05-23,2577.0500
2007-05-24,2537.9199
2007-05-25,2557.1899
2007-05-29,2572.0601
2007-05-30,2592.5901
2007-05-31,2604.5200
2007-06-01,2613.9199
2007-06-04,2618.2900
2007-06-05,2611.2300
2007-06-06,2587.1799
2007-06-07,2541.3799
2007-06-08,2573.5400
2007-06-11,2572.1499
2007-06-12,2549.7700
2007-06-13,2582.3101
2007-06-14,2599.4099
2007-06-15,2626.7100
2007-06-18,2626.6001
2007-06-19,2626.7600
2007-06-20,2599.9600
2007-06-21,2616.9600
2007-06-22,2588.9600
2007-06-25,2577.0801
2007-06-26,2574.1599
2007-06-27,2605.3501
2007-06-28,2608.3701
2007-06-29,2603.2300
2007-07-02,2632.3000
2007-07-03,2644.9500
2007-07-05,2656.6499
2007-07-06,2666.5100
2007-07-09,2670.0200
2007-07-10,2639.1599
2007-07-11,2651.7900
2007-07-12,2701.7300
2007-07-13,2707.0000
2007-07-16,2697.3301
2007-07-17,2712.2900
2007-07-18,2699.4900
2007-07-19,2720.0400
2007-07-20,2687.6001
2007-07-23,2690.5801
2007-07-24,2639.8601
2007-07-25,2648.1699
2007-07-26,2599.3401
2007-07-27,2562.2400
2007-07-30,2583.2800
2007-07-31,2546.2700
2007-08-01,2553.8701
2007-08-02,2575.9800
2007-08-03,2511.2500
2007-08-06,2547.3301
2007-08-07,2561.6001
2007-08-08,2612.9800
2007-08-09,2556.4900
2007-08-10,2544.8899
2007-08-13,2542.2400
2007-08-14,2499.1201
2007-08-15,2458.8301
2007-08-16,2451.0701
2007-08-17,2505.0300
2007-08-20,2508.5901
2007-08-21,2521.3000
2007-08-22,2552.8000
2007-08-23,2541.7000
2007-08-24,2576.6899
2007-08-27,2561.2500
2007-08-28,2500.6399
2007-08-29,2563.1599
2007-08-30,2565.3000
2007-08-31,2596.3601
2007-09-04,2630.2400
2007-09-05,2605.9500
2007-09-06,2614.3201
2007-09-07,2565.7000
2007-09-10,2559.1101
2007-09-11,2597.4700
2007-09-12,2592.0701
2007-09-13,2601.0601
2007-09-14,2602.1799
2007-09-17,2581.6599
2007-09-18,2651.6599
2007-09-19,2666.4800
2007-09-20,2654.2900
2007-09-21,2671.2200
2007-09-24,2667.9500
2007-09-25,2683.4500
2007-09-26,2699.0300
2007-09-27,2709.5901
2007-09-28,2701.5000
2007-10-01,2740.9900
2007-10-02,2747.1101
2007-10-03,2729.4299
2007-10-04,2733.5701
2007-10-05,2780.3201
2007-10-08,2787.3701
2007-10-09,2803.9099
2007-10-10,2811.6101
2007-10-11,2772.2000
2007-10-12,2805.6799
2007-10-15,2780.0500
2007-10-16,2763.9099
2007-10-17,2792.6699
2007-10-18,2799.3101
2007-10-19,2725.1599
2007-10-22,2753.9299
2007-10-23,2799.2600
2007-10-24,2774.7600
2007-10-25,2750.8601
2007-10-26,2804.1899
2007-10-29,2817.4399
2007-10-30,2816.7100
2007-10-31,2859.1201
2007-11-01,2794.8301
2007-11-02,2810.3799
2007-11-05,2795.1799
2007-11-06,2825.1799
2007-11-07,2748.7600
2007-11-08,2696.0000
2007-11-09,2627.9399
2007-11-12,2584.1299
2007-11-13,2673.6499
2007-11-14,2644.3201
2007-11-15,2618.5100
2007-11-16,2637.2400
2007-11-19,2593.3799
2007-11-20,2596.8101
2007-11-21,2562.1499
2007-11-23,2596.6001
2007-11-26,2540.9900
2007-11-27,2580.8000
2007-11-28,2662.9099
2007-11-29,2668.1299
2007-11-30,2660.9600
2007-12-03,2637.1299
2007-12-04,2619.8301
2007-12-05,2666.3601
2007-12-06,2709.0300
2007-12-07,2706.1599
2007-12-10,2718.9500
2007-12-11,2652.3501
2007-12-12,2671.1399
2007-12-13,2668.4900
2007-12-14,2635.7400
2007-12-17,2574.4600
2007-12-18,2596.0300
2007-12-19,2601.0100
2007-12-20,2640.8601
2007-12-21,2691.9900
2007-12-24,2713.5000
2007-12-26,2724.4099
2007-12-27,2676.7900
2007-12-28,2674.4600
2007-12-31,2652.2800
2008-01-02,2609.6299
2008-01-03,2602.6799
2008-01-04,2504.6499
2008-01-07,2499.4600
2008-01-08,2440.5100
2008-01-09,2474.5500
2008-01-10,2488.5200
2008-01-11,2439.9399
2008-01-14,2478.3000
2008-01-15,2417.5901
2008-01-16,2394.5901
2008-01-17,2346.8999
2008-01-18,2340.0200
2008-01-22,2292.2700
2008-01-23,2316.4099
2008-01-24,2360.9199
2008-01-25,2326.2000
2008-01-28,2349.9099
2008-01-29,2358.0601
2008-01-30,2349.0000
2008-01-31,2389.8601
2008-02-01,2413.3601
2008-02-04,2382.8501
2008-02-05,2309.5701
2008-02-06,2278.7500
2008-02-07,2293.0300
2008-02-08,2304.8501
2008-02-11,2320.0601
2008-02-12,2320.0400
2008-02-13,2373.9299
2008-02-14,2332.5400
2008-02-15,2321.8000
2008-02-19,2306.2000
2008-02-20,2327.1001
2008-02-21,2299.7800
2008-02-22,2303.3501
2008-02-25,2327.4800
2008-02-26,2344.9900
2008-02-27,2353.7800
2008-02-28,2331.5701
2008-02-29,2271.4800
2008-03-03,2258.6001
2008-03-04,2260.2800
2008-03-05,2272.8101
2008-03-06,2220.5000
2008-03-07,2212.4900
2008-03-10,2169.3401
2008-03-11,2255.7600
2008-03-12,2243.8701
2008-03-13,2263.6101
2008-03-14,2212.4900
2008-03-17,2177.0100
2008-03-18,2268.2600
2008-03-19,2209.9600
2008-03-20,2258.1101
2008-03-24,2326.7500
2008-03-25,2341.0500
2008-03-26,2324.3601
2008-03-27,2280.8301
2008-03-28,2261.1799
2008-03-31,2279.1001
2008-04-01,2362.7500
2008-04-02,2361.3999
2008-04-03,2363.3000
2008-04-04,2370.9800
2008-04-07,2364.8301
2008-04-08,2348.7600
2008-04-09,2322.1201
2008-04-10,2351.7000
2008-04-11,2290.2400
2008-04-14,2275.8201
2008-04-15,2286.0400
2008-04-16,2350.1101
2008-04-17,2341.8301
2008-04-18,2402.9700
2008-04-21,2408.0400
2008-04-22,2376.9399
2008-04-23,2405.2100
2008-04-24,2428.9199
2008-04-25,2422.9299
2008-04-28,2424.3999
2008-04-29,2426.1001
2008-04-30,2412.8000
2008-05-01,2480.7100
2008-05-02,2476.9900
2008-05-05,2464.1201
2008-05-06,2483.3101
2008-05-07,2438.4900
2008-05-08,2451.2400
2008-05-09,2445.5200
2008-05-12,2488.4900
2008-05-13,2495.1201
2008-05-14,2496.7000
2008-05-15,2533.7300
2008-05-16,2528.8501
2008-05-19,2516.0901
2008-05-20,2492.2600
2008-05-21,2448.2700
2008-05-22,2464.5801
2008-05-23,2444.6699
2008-05-27,2481.2400
2008-05-28,2486.7000
2008-05-29,2508.3201
2008-05-30,2522.6599
2008-06-02,2491.5300
2008-06-03,2480.4800
2008-06-04,2503.1399
2008-06-05,2549.9399
2008-06-06,2474.5601
2008-06-09,2459.4600
2008-06-10,2448.9399
2008-06-11,2394.0100
2008-06-12,2404.3501
2008-06-13,2454.5000
2008-06-16,2474.7800
2008-06-17,2457.7300
2008-06-18,2429.7100
2008-06-19,2462.0601
2008-06-20,2406.0901
2008-06-23,2385.7400
2008-06-24,2368.2800
2008-06-25,2401.2600
2008-06-26,2321.3701
2008-06-27,2315.6299
2008-06-30,2292.9800
2008-07-01,2304.9700
2008-07-02,2251.4600
2008-07-03,2245.3799
2008-07-07,2243.3201
2008-07-08,2294.4399
2008-07-09,2234.8899
2008-07-10,2257.8501
2008-07-11,2239.0801
2008-07-14,2212.8701
2008-07-15,2215.7100
2008-07-16,2284.8501
2008-07-17,2312.3000
2008-07-18,2282.7800
2008-07-21,2279.5300
2008-07-22,2303.9600
2008-07-23,2325.8799
2008-07-24,2280.1101
2008-07-25,2310.5300
2008-07-28,2264.2200
2008-07-29,2319.6201
2008-07-30,2329.7200
2008-07-31,2325.5500
2008-08-01,2310.9600
2008-08-04,2285.5601
2008-08-05,2349.8301
2008-08-06,2378.3701
2008-08-07,2355.7300
2008-08-08,2414.1001
2008-08-11,2439.9500
2008-08-12,2430.6101
2008-08-13,2428.6201
2008-08-14,2453.6699
2008-08-15,2452.5200
2008-08-18,2416.9800
2008-08-19,2384.3601
2008-08-20,2389.0801
2008-08-21,2380.3799
2008-08-22,2414.7100
2008-08-25,2365.5901
2008-08-26,2361.9700
2008-08-27,2382.4600
2008-08-28,2411.6399
2008-08-29,2367.5200
2008-09-02,2349.2400
2008-09-03,2333.7300
2008-09-04,2259.0400
2008-09-05,2255.8799
2008-09-08,2269.7600
2008-09-09,2209.8101
2008-09-10,2228.7000
2008-09-11,2258.2200
2008-09-12,2261.2700
2008-09-15,2179.9099
2008-09-16,2207.8999
2008-09-17,2098.8501
2008-09-18,2199.1001
2008-09-19,2273.8999
2008-09-22,2178.9800
2008-09-23,2153.3301
2008-09-24,2155.6799
2008-09-25,2186.5701
2008-09-26,2183.3401
2008-09-29,1983.7300
2008-09-30,2091.8799
2008-10-01,2069.3999
2008-10-02,1976.7200
2008-10-03,1947.3900
2008-10-06,1862.9600
2008-10-07,1754.8800
2008-10-08,1740.3300
2008-10-09,1645.1200
2008-10-10,1649.5100
2008-10-13,1844.2500
2008-10-14,1779.0100
2008-10-15,1628.3300
2008-10-16,1717.7100
2008-10-17,1711.2900
2008-10-20,1770.0300
2008-10-21,1696.6801
2008-10-22,1615.7500
2008-10-23,1603.9100
2008-10-24,1552.0300
2008-10-27,1505.9000
2008-10-28,1649.4700
2008-10-29,1657.2100
2008-10-30,1698.5200
2008-10-31,1720.9500
2008-11-03,1726.3300
2008-11-04,1780.1200
2008-11-05,1681.6400
2008-11-06,1608.7000
2008-11-07,1647.4000
2008-11-10,1616.7400
2008-11-11,1580.9000
2008-11-12,1499.2100
2008-11-13,1596.7000
2008-11-14,1516.8500
2008-11-17,1482.0500
2008-11-18,1483.2700
2008-11-19,1386.4200
2008-11-20,1316.1200
2008-11-21,1384.3500
2008-11-24,1472.0200
2008-11-25,1464.7300
2008-11-26,1532.1000
2008-11-28,1535.5699
2008-12-01,1398.0699
2008-12-02,1449.8000
2008-12-03,1492.3800
2008-12-04,1445.5601
2008-12-05,1509.3101
2008-12-08,1571.7400
2008-12-09,1547.3400
2008-12-10,1565.4800
2008-12-11,1507.8800
2008-12-12,1540.7200
2008-12-15,1508.3400
2008-12-16,1589.8900
2008-12-17,1579.3101
2008-12-18,1552.3700
2008-12-19,1564.3199
2008-12-22,1532.3500
2008-12-23,1521.5400
2008-12-24,1524.9000
2008-12-26,1530.2400
2008-12-29,1510.3199
2008-12-30,1550.7000
2008-12-31,1577.0300
2009-01-02,1632.2100
2009-01-05,1628.0300
2009-01-06,1652.3800
2009-01-07,1599.0601
2009-01-08,1617.0100
2009-01-09,1571.5900
2009-01-12,1538.7900
2009-01-13,1546.4600
2009-01-14,1489.6400
2009-01-15,1511.8400
2009-01-16,1529.3300
2009-01-20,1440.8600
2009-01-21,1507.0699
2009-01-22,1465.4900
2009-01-23,1477.2900
2009-01-26,1489.4600
2009-01-27,1504.9000
2009-01-28,1558.3400
2009-01-29,1507.8400
2009-01-30,1476.4200
2009-02-02,1494.4301
2009-02-03,1516.3000
2009-02-04,1515.0500
2009-02-05,1546.2400
2009-02-06,1591.7100
2009-02-09,1591.5601
2009-02-10,1524.7300
2009-02-11,1530.5000
2009-02-12,1541.7100
2009-02-13,1534.3600
2009-02-17,1470.6600
2009-02-18,1467.9700
2009-02-19,1442.8199
2009-02-20,1441.2300
2009-02-23,1387.7200
2009-02-24,1441.8300
2009-02-25,1425.4301
2009-02-26,1391.4700
2009-02-27,1377.8400
2009-03-02,1322.8500
2009-03-03,1321.0100
2009-03-04,1353.7400
2009-03-05,1299.5900
2009-03-06,1293.8500
2009-03-09,1268.6400
2009-03-10,1358.2800
2009-03-11,1371.6400
2009-03-12,1426.1000
2009-03-13,1431.5000
2009-03-16,1404.0200
2009-03-17,1462.1100
2009-03-18,1491.2200
2009-03-19,1483.4800
2009-03-20,1457.2700
2009-03-23,1555.7700
2009-03-24,1516.5200
2009-03-25,1528.9500
2009-03-26,1587.0000
2009-03-27,1545.2000
2009-03-30,1501.8000
2009-03-31,1528.5900
2009-04-01,1551.6000
2009-04-02,1602.6300
2009-04-03,1621.8700
2009-04-06,1606.7100
2009-04-07,1561.6100
2009-04-08,1590.6600
2009-04-09,1652.5400
2009-04-13,1653.3101
2009-04-14,1625.7200
2009-04-15,1626.8000
2009-04-16,1670.4399
2009-04-17,1673.0699
2009-04-20,1608.2100
2009-04-21,1643.8500
2009-04-22,1646.1200
2009-04-23,1652.2100
2009-04-24,1694.2900
2009-04-27,1679.4100
2009-04-28,1673.8101
2009-04-29,1711.9399
2009-04-30,1717.3000
2009-05-01,1719.2000
2009-05-04,1763.5601
2009-05-05,1754.1200
2009-05-06,1759.1000
2009-05-07,1716.2400
2009-05-08,1739.0000
2009-05-11,1731.2400
2009-05-12,1715.9200
2009-05-13,1664.1899
2009-05-14,1689.2100
2009-05-15,1680.1400
2009-05-18,1732.3600
2009-05-19,1734.5400
2009-05-20,1727.8400
2009-05-21,1695.2500
2009-05-22,1692.0100
2009-05-26,1750.4301
2009-05-27,1731.0800
2009-05-28,1751.7900
2009-05-29,1774.3300
2009-06-01,1828.6801
2009-06-02,1836.8000
2009-06-03,1825.9200
2009-06-04,1850.0200
2009-06-05,1849.4200
2009-06-08,1842.4000
2009-06-09,1860.1300
2009-06-10,1853.0800
2009-06-11,1862.3700
2009-06-12,1858.8000
2009-06-15,1816.3800
2009-06-16,1796.1801
2009-06-17,1808.0601
2009-06-18,1807.7200
2009-06-19,1827.4700
2009-06-22,1766.1899
2009-06-23,1764.9200
2009-06-24,1792.3400
2009-06-25,1829.5400
2009-06-26,1838.2200
2009-06-29,1844.0601
2009-06-30,1835.0400
2009-07-01,1845.7200
2009-07-02,1796.5200
2009-07-06,1787.4000
2009-07-07,1746.1700
2009-07-08,1747.1700
2009-07-09,1752.5500
2009-07-10,1756.0300
2009-07-13,1793.2100
2009-07-14,1799.7300
2009-07-15,1862.9000
2009-07-16,1885.0300
2009-07-17,1886.6100
2009-07-20,1909.2900
2009-07-21,1916.2000
2009-07-22,1926.3800
2009-07-23,1973.6000
2009-07-24,1965.9600
2009-07-27,1967.8900
2009-07-28,1975.5100
2009-07-29,1967.7600
2009-07-30,1984.3000
2009-07-31,1978.5000
2009-08-03,2008.6100
2009-08-04,2011.3101
2009-08-05,1993.0500
2009-08-06,1973.1600
2009-08-07,2000.2500
2009-08-10,1992.2400
2009-08-11,1969.7300
2009-08-12,1998.7200
2009-08-13,2009.3500
2009-08-14,1985.5200
2009-08-17,1930.8400
2009-08-18,1955.9200
2009-08-19,1969.2400
2009-08-20,1989.2200
2009-08-21,2020.9000
2009-08-24,2017.9800
2009-08-25,2024.2300
2009-08-26,2024.4301
2009-08-27,2027.7300
2009-08-28,2028.7700
2009-08-31,2009.0601
2009-09-01,1968.8900
2009-09-02,1967.0699
2009-09-03,1983.2000
2009-09-04,2018.7800
2009-09-08,2037.7700
2009-09-09,2060.3899
2009-09-10,2084.0200
2009-09-11,2080.8999
2009-09-14,2091.7800
2009-09-15,2102.6399
2009-09-16,2133.1499
2009-09-17,2126.7500
2009-09-18,2132.8601
2009-09-21,2138.0400
2009-09-22,2146.3000
2009-09-23,2131.4199
2009-09-24,2107.6101
2009-09-25,2090.9199
2009-09-28,2130.7400
2009-09-29,2124.0400
2009-09-30,2122.4199
2009-10-01,2057.4800
2009-10-02,2048.1101
2009-10-05,2068.1499
2009-10-06,2103.5701
2009-10-07,2110.3301
2009-10-08,2123.9299
2009-10-09,2139.2800
2009-10-12,2139.1399
2009-10-13,2139.8899
2009-10-14,2172.2300
2009-10-15,2173.2900
2009-10-16,2156.8000
2009-10-19,2176.3201
2009-10-20,2163.4700
2009-10-21,2150.7300
2009-10-22,2165.2900
2009-10-23,2154.4700
2009-10-26,2141.8501
2009-10-27,2116.0901
2009-10-28,2059.6101
2009-10-29,2097.5500
2009-10-30,2045.1100
2009-11-02,2049.2000
2009-11-03,2057.3201
2009-11-04,2055.5200
2009-11-05,2105.3201
2009-11-06,2112.4399
2009-11-09,2154.0601
2009-11-10,2151.0801
2009-11-11,2166.8999
2009-11-12,2149.0200
2009-11-13,2167.8799
2009-11-16,2197.8501
2009-11-17,2203.7800
2009-11-18,2193.1399
2009-11-19,2156.8201
2009-11-20,2146.0400
2009-11-23,2176.0100
2009-11-24,2169.1799
2009-11-25,2176.0500
2009-11-27,2138.4399
2009-11-30,2144.6001
2009-12-01,2175.8101
2009-12-02,2185.0300
2009-12-03,2173.1399
2009-12-04,2194.3501
2009-12-07,2189.6101
2009-12-08,2172.9900
2009-12-09,2183.7300
2009-12-10,2190.8601
2009-12-11,2190.3101
2009-12-14,2212.1001
2009-12-15,2201.0500
2009-12-16,2206.9099
2009-12-17,2180.0500
2009-12-18,2211.6899
2009-12-21,2237.6599
2009-12-22,2252.6699
2009-12-23,2269.6399
2009-12-24,2285.6899
2009-12-28,2291.0801
2009-12-29,2288.3999
2009-12-30,2291.2800
2009-12-31,2269.1499
2010-01-04,2308.4199
2010-01-05,2308.7100
2010-01-06,2301.0901
2010-01-07,2300.0500
2010-01-08,2317.1699
2010-01-11,2312.4099
2010-01-12,2282.3101
2010-01-13,2307.8999
2010-01-14,2316.7400
2010-01-15,2287.9900
2010-01-19,2320.3999
2010-01-20,2291.2500
2010-01-21,2265.7000
2010-01-22,2205.2900
2010-01-25,2210.8000
2010-01-26,2203.7300
2010-01-27,2221.4099
2010-01-28,2179.0000
2010-01-29,2147.3501
2010-02-01,2171.2000
2010-02-02,2190.0601
2010-02-03,2190.9099
2010-02-04,2125.4299
2010-02-05,2141.1201
2010-02-08,2126.0500
2010-02-09,2150.8701
2010-02-10,2147.8701
2010-02-11,2177.4099
2010-02-12,2183.5300
2010-02-16,2214.1899
2010-02-17,2226.2900
2010-02-18,2241.7100
2010-02-19,2243.8701
2010-02-22,2242.0300
2010-02-23,2213.4399
2010-02-24,2235.8999
2010-02-25,2234.2200
2010-02-26,2238.2600
2010-03-01,2273.5701
2010-03-02,2280.7900
2010-03-03,2280.6799
2010-03-04,2292.3101
2010-03-05,2326.3501
2010-03-08,2332.2100
2010-03-09,2340.6799
2010-03-10,2358.9500
2010-03-11,2368.4600
2010-03-12,2367.6599
2010-03-15,2362.2100
2010-03-16,2378.0100
2010-03-17,2389.0901
2010-03-18,2391.2800
2010-03-19,2374.4099
2010-03-22,2395.3999
2010-03-23,2415.2400
2010-03-24,2398.7600
2010-03-25,2397.4099
2010-03-26,2395.1299
2010-03-29,2404.3601
2010-03-30,2410.6899
2010-03-31,2397.9600
2010-04-01,2402.5801
2010-04-05,2429.5300
2010-04-06,2436.8101
2010-04-07,2431.1599
2010-04-08,2436.8101
2010-04-09,2454.0500
2010-04-12,2457.8701
2010-04-13,2465.9900
2010-04-14,2504.8601
2010-04-15,2515.6899
2010-04-16,2481.2600
2010-04-19,2480.1101
2010-04-20,2500.3101
2010-04-21,2504.6101
2010-04-22,2519.0701
2010-04-23,2530.1499
2010-04-26,2522.9500
2010-04-27,2471.4700
2010-04-28,2471.7300
2010-04-29,2511.9199
2010-04-30,2461.1899
2010-05-03,2498.7400
2010-05-04,2424.2500
2010-05-05,2402.2900
2010-05-06,2319.6399
2010-05-07,2265.6399
2010-05-10,2374.6699
2010-05-11,2375.3101
2010-05-12,2425.0200
2010-05-13,2394.3601
2010-05-14,2346.8501
2010-05-17,2354.2300
2010-05-18,2317.2600
2010-05-19,2298.3701
2010-05-20,2204.0100
2010-05-21,2229.0400
2010-05-24,2213.5500
2010-05-25,2210.9500
2010-05-26,2195.8799
2010-05-27,2277.6799
2010-05-28,2257.0400
2010-06-01,2222.3301
2010-06-02,2281.0701
2010-06-03,2303.0300
2010-06-04,2219.1699
2010-06-07,2173.8999
2010-06-08,2170.5701
2010-06-09,2158.8501
2010-06-10,2218.7100
2010-06-11,2243.6001
2010-06-14,2243.9600
2010-06-15,2305.8799
2010-06-16,2305.9299
2010-06-17,2307.1599
2010-06-18,2309.8000
2010-06-21,2289.0901
2010-06-22,2261.8000
2010-06-23,2254.2300
2010-06-24,2217.4199
2010-06-25,2223.4800
2010-06-28,2220.6499
2010-06-29,2135.1799
2010-06-30,2109.2400
2010-07-01,2101.3601
2010-07-02,2091.7900
2010-07-06,2093.8799
2010-07-07,2159.4700
2010-07-08,2175.3999
2010-07-09,2196.4500
2010-07-12,2198.3601
2010-07-13,2242.0300
2010-07-14,2249.8401
2010-07-15,2249.0801
2010-07-16,2179.0500
2010-07-19,2198.2300
2010-07-20,2222.4900
2010-07-21,2187.3301
2010-07-22,2245.8899
2010-07-23,2269.4700
2010-07-26,2296.4299
2010-07-27,2288.2500
2010-07-28,2264.5601
2010-07-29,2251.6899
2010-07-30,2254.7000
2010-08-02,2295.3601
2010-08-03,2283.5200
2010-08-04,2303.5701
2010-08-05,2293.0601
2010-08-06,2288.4700
2010-08-09,2305.6899
2010-08-10,2277.1699
2010-08-11,2208.6299
2010-08-12,2190.2700
2010-08-13,2173.4800
2010-08-16,2181.8701
2010-08-17,2209.4399
2010-08-18,2215.7000
2010-08-19,2178.9500
2010-08-20,2179.7600
2010-08-23,2159.6299
2010-08-24,2123.7600
2010-08-25,2141.5400
2010-08-26,2118.6899
2010-08-27,2153.6299
2010-08-30,2119.9700
2010-08-31,2114.0300
2010-09-01,2176.8401
2010-09-02,2200.0100
2010-09-03,2233.7500
2010-09-07,2208.8899
2010-09-08,2228.8701
2010-09-09,2236.2000
2010-09-10,2242.4800
2010-09-13,2285.7100
2010-09-14,2289.7700
2010-09-15,2301.3201
2010-09-16,2303.2500
2010-09-17,2315.6101
2010-09-20,2355.8301
2010-09-21,2349.3501
2010-09-22,2334.5500
2010-09-23,2327.0801
2010-09-24,2381.2200
2010-09-27,2369.7700
2010-09-28,2379.5901
2010-09-29,2376.5601
2010-09-30,2368.6201
2010-10-01,2370.7500
2010-10-04,2344.5200
2010-10-05,2399.8301
2010-10-06,2380.6599
2010-10-07,2383.6699
2010-10-08,2401.9099
2010-10-11,2402.3301
2010-10-12,2417.9199
2010-10-13,2441.2300
2010-10-14,2435.3799
2010-10-15,2468.7700
2010-10-18,2480.6599
2010-10-19,2436.9500
2010-10-20,2457.3899
2010-10-21,2459.6699
2010-10-22,2479.3899
2010-10-25,2490.8501
2010-10-26,2497.2900
2010-10-27,2503.2600
2010-10-28,2507.3701
2010-10-29,2507.4099
2010-11-01,2504.8401
2010-11-02,2533.5200
2010-11-03,2540.2700
2010-11-04,2577.3401
2010-11-05,2578.9800
2010-11-08,2580.0500
2010-11-09,2562.9800
2010-11-10,2578.7800
2010-11-11,2555.5200
2010-11-12,2518.2100
2010-11-15,2513.8201
2010-11-16,2469.8401
2010-11-17,2476.0100
2010-11-18,2514.3999
2010-11-19,2518.1201
2010-11-22,2532.0200
2010-11-23,2494.9500
2010-11-24,2543.1201
2010-11-26,2534.5601
2010-11-29,2525.2200
2010-11-30,2498.2300
2010-12-01,2549.4299
2010-12-02,2579.3501
2010-12-03,2591.4600
2010-12-06,2594.9199
2010-12-07,2598.4900
2010-12-08,2609.1599
2010-12-09,2616.6699
2010-12-10,2637.5400
2010-12-13,2624.9099
2010-12-14,2627.7200
2010-12-15,2617.2200
2010-12-16,2637.3101
2010-12-17,2642.9700
2010-12-20,2649.5601
2010-12-21,2667.6101
2010-12-22,2671.4800
2010-12-23,2665.6001
2010-12-27,2667.2700
2010-12-28,2662.8799
2010-12-29,2666.9299
2010-12-30,2662.9800
2010-12-31,2652.8701
2011-01-03,2691.5200
2011-01-04,2681.2500
2011-01-05,2702.2000
2011-01-06,2709.8899
2011-01-07,2703.1699
2011-01-10,2707.8000
2011-01-11,2716.8301
2011-01-12,2737.3301
2011-01-13,2735.2900
2011-01-14,2755.3000
2011-01-18,2765.8501
2011-01-19,2725.3601
2011-01-20,2704.2900
2011-01-21,2689.5400
2011-01-24,2717.5500
2011-01-25,2719.2500
2011-01-26,2739.5000
2011-01-27,2755.2800
2011-01-28,2686.8899
2011-01-31,2700.0801
2011-02-01,2751.1899
2011-02-02,2749.5601
2011-02-03,2753.8799
2011-02-04,2769.3000
2011-02-07,2783.9900
2011-02-08,2797.0500
2011-02-09,2789.0701
2011-02-10,2790.4500
2011-02-11,2809.4399
2011-02-14,2817.1799
2011-02-15,2804.3501
2011-02-16,2825.5601
2011-02-17,2831.5801
2011-02-18,2833.9500
2011-02-22,2756.4199
2011-02-23,2722.9900
2011-02-24,2737.8999
2011-02-25,2781.0500
2011-02-28,2782.2700
2011-03-01,2737.4099
2011-03-02,2748.0701
2011-03-03,2798.7400
2011-03-04,2784.6699
2011-03-07,2745.6299
2011-03-08,2765.7700
2011-03-09,2751.7200
2011-03-10,2701.0200
2011-03-11,2715.6101
2011-03-14,2700.9700
2011-03-15,2667.3301
2011-03-16,2616.8201
2011-03-17,2636.0500
2011-03-18,2643.6699
2011-03-21,2692.0901
2011-03-22,2683.8701
2011-03-23,2698.3000
2011-03-24,2736.4199
2011-03-25,2743.0601
2011-03-28,2730.6799
2011-03-29,2756.8899
2011-03-30,2776.7900
2011-03-31,2781.0701
2011-04-01,2789.6001
2011-04-04,2789.1899
2011-04-05,2791.1899
2011-04-06,2799.8201
2011-04-07,2796.1399
2011-04-08,2780.4199
2011-04-11,2771.5100
2011-04-12,2744.7900
2011-04-13,2761.5200
2011-04-14,2760.2200
2011-04-15,2764.6499
2011-04-18,2735.3799
2011-04-19,2744.9700
2011-04-20,2802.5100
2011-04-21,2820.1599
2011-04-25,2825.8799
2011-04-26,2847.5400
2011-04-27,2869.8799
2011-04-28,2872.5300
2011-04-29,2873.5400
2011-05-02,2864.0801
2011-05-03,2841.6201
2011-05-04,2828.2300
2011-05-05,2814.7200
2011-05-06,2827.5601
2011-05-09,2843.2500
2011-05-10,2871.8899
2011-05-11,2845.0601
2011-05-12,2863.0400
2011-05-13,2828.4700
2011-05-16,2782.3101
2011-05-17,2783.2100
2011-05-18,2815.0000
2011-05-19,2823.3101
2011-05-20,2803.3201
2011-05-23,2758.8999
2011-05-24,2746.1599
2011-05-25,2761.3799
2011-05-26,2782.9199
2011-05-27,2796.8601
2011-05-31,2835.3000
2011-06-01,2769.1899
2011-06-02,2773.3101
2011-06-03,2732.7800
2011-06-06,2702.5601
2011-06-07,2701.5601
2011-06-08,2675.3799
2011-06-09,2684.8701
2011-06-10,2643.7300
2011-06-13,2639.6899
2011-06-14,2678.7200
2011-06-15,2631.4600
2011-06-16,2623.7000
2011-06-17,2616.4800
2011-06-20,2629.6599
2011-06-21,2687.2600
2011-06-22,2669.1899
2011-06-23,2686.7500
2011-06-24,2652.8899
2011-06-27,2688.2800
2011-06-28,2729.3101
2011-06-29,2740.4900
2011-06-30,2773.5200
2011-07-01,2816.0300
2011-07-05,2825.7700
2011-07-06,2834.0200
2011-07-07,2872.6599
2011-07-08,2859.8101
2011-07-11,2802.6201
2011-07-12,2781.9099
2011-07-13,2796.9199
2011-07-14,2762.6699
2011-07-15,2789.8000
2011-07-18,2765.1101
2011-07-19,2826.5200
2011-07-20,2814.2300
2011-07-21,2834.4299
2011-07-22,2858.8301
2011-07-25,2842.8000
2011-07-26,2839.9600
2011-07-27,2764.7900
2011-07-28,2766.2500
2011-07-29,2756.3799
2011-08-01,2744.6101
2011-08-02,2669.2400
2011-08-03,2693.0701
2011-08-04,2556.3899
2011-08-05,2532.4099
2011-08-08,2357.6899
2011-08-09,2482.5200
2011-08-10,2381.0500
2011-08-11,2492.6799
2011-08-12,2507.9800
2011-08-15,2555.2000
2011-08-16,2523.4500
2011-08-17,2511.4800
2011-08-18,2380.4299
2011-08-19,2341.8401
2011-08-22,2345.3799
2011-08-23,2446.0601
2011-08-24,2467.6899
2011-08-25,2419.6299
2011-08-26,2479.8501
2011-08-29,2562.1101
2011-08-30,2576.1101
2011-08-31,2579.4600
2011-09-01,2546.0400
2011-09-02,2480.3301
2011-09-06,2473.8301
2011-09-07,2548.9399
2011-09-08,2529.1399
2011-09-09,2467.9900
2011-09-12,2495.0901
2011-09-13,2532.1499
2011-09-14,2572.5500
2011-09-15,2607.0701
2011-09-16,2622.3101
2011-09-19,2612.8301
2011-09-20,2590.2400
2011-09-21,2538.1899
2011-09-22,2455.6699
2011-09-23,2483.2300
2011-09-26,2516.6899
2011-09-27,2546.8301
2011-09-28,2491.5801
2011-09-29,2480.7600
2011-09-30,2415.3999
2011-10-03,2335.8301
2011-10-04,2404.8201
2011-10-05,2460.5100
2011-10-06,2506.8201
2011-10-07,2479.3501
2011-10-10,2566.0500
2011-10-11,2583.0300
2011-10-12,2604.7300
2011-10-13,2620.2400
2011-10-14,2667.8501
2011-10-17,2614.9199
2011-10-18,2657.4299
2011-10-19,2604.0400
2011-10-20,2598.6201
2011-10-21,2637.4600
2011-10-24,2699.4399
2011-10-25,2638.4199
2011-10-26,2650.6699
2011-10-27,2738.6299
2011-10-28,2737.1499
2011-10-31,2684.4099
2011-11-01,2606.9600
2011-11-02,2639.9800
2011-11-03,2697.9700
2011-11-04,2686.1499
2011-11-07,2695.2500
2011-11-08,2727.4900
2011-11-09,2621.6499
2011-11-10,2625.1499
2011-11-11,2678.7500
2011-11-14,2657.2200
2011-11-15,2686.2000
2011-11-16,2639.6101
2011-11-17,2587.9900
2011-11-18,2572.5000
2011-11-21,2523.1399
2011-11-22,2521.2800
2011-11-23,2460.0801
2011-11-25,2441.5100
2011-11-28,2527.3401
2011-11-29,2515.5100
2011-11-30,2620.3401
2011-12-01,2626.2000
2011-12-02,2626.9299
2011-12-05,2655.7600
2011-12-06,2649.5601
2011-12-07,2649.2100
2011-12-08,2596.3799
2011-12-09,2646.8501
2011-12-12,2612.2600
2011-12-13,2579.2700
2011-12-14,2539.3101
2011-12-15,2541.0100
2011-12-16,2555.3301
2011-12-19,2523.1399
2011-12-20,2603.7300
2011-12-21,2577.9700
2011-12-22,2599.4500
2011-12-23,2618.6399
2011-12-27,2625.2000
2011-12-28,2589.9800
2011-12-29,2613.7400
2011-12-30,2605.1499
2012-01-03,2648.7200
2012-01-04,2648.3601
2012-01-05,2669.8601
2012-01-06,2674.2200
2012-01-09,2676.5601
2012-01-10,2702.5000
2012-01-11,2710.7600
2012-01-12,2724.7000
2012-01-13,2710.6699
2012-01-17,2728.0801
2012-01-18,2769.7100
2012-01-19,2788.3301
2012-01-20,2786.7000
2012-01-23,2784.1699
2012-01-24,2786.6399
2012-01-25,2818.3101
2012-01-26,2805.2800
2012-01-27,2816.5500
2012-01-30,2811.9399
2012-01-31,2813.8401
2012-02-01,2848.2700
2012-02-02,2859.6799
2012-02-03,2905.6599
2012-02-06,2901.9900
2012-02-07,2904.0801
2012-02-08,2915.8601
2012-02-09,2927.2300
2012-02-10,2903.8799
2012-02-13,2931.3899
2012-02-14,2931.8301
2012-02-15,2915.8301
2012-02-16,2959.8501
2012-02-17,2951.7800
2012-02-21,2948.5701
2012-02-22,2933.1699
2012-02-23,2956.9800
2012-02-24,2963.7500
2012-02-27,2966.1599
2012-02-28,2986.7600
2012-02-29,2966.8899
2012-03-01,2988.9700
2012-03-02,2976.1899
2012-03-05,2950.4800
2012-03-06,2910.3201
2012-03-07,2935.6899
2012-03-08,2970.4199
2012-03-09,2988.3401
2012-03-12,2983.6599
2012-03-13,3039.8799
2012-03-14,3040.7300
2012-03-15,3056.3701
2012-03-16,3055.2600
2012-03-19,3078.3201
2012-03-20,3074.1499
2012-03-21,3075.3201
2012-03-22,3063.3201
2012-03-23,3067.9199
2012-03-26,3122.5701
2012-03-27,3120.3501
2012-03-28,3104.9600
2012-03-29,3095.3601
2012-03-30,3091.5701
2012-04-02,3119.7000
2012-04-03,3113.5701
2012-04-04,3068.0901
2012-04-05,3080.5000
2012-04-09,3047.0801
2012-04-10,2991.2200
2012-04-11,3016.4600
2012-04-12,3055.5500
2012-04-13,3011.3301
2012-04-16,2988.3999
2012-04-17,3042.8201
2012-04-18,3031.4500
2012-04-19,3007.5601
2012-04-20,3000.4500
2012-04-23,2970.4500
2012-04-24,2961.6001
2012-04-25,3029.6299
2012-04-26,3050.6101
2012-04-27,3069.2000
2012-04-30,3046.3601
2012-05-01,3050.4399
2012-05-02,3059.8501
2012-05-03,3024.3000
2012-05-04,2956.3401
2012-05-07,2957.7600
2012-05-08,2946.2700
2012-05-09,2934.7100
2012-05-10,2933.6399
2012-05-11,2933.8201
2012-05-14,2902.5801
2012-05-15,2893.7600
2012-05-16,2874.0400
2012-05-17,2813.6899
2012-05-18,2778.7900
2012-05-21,2847.2100
2012-05-22,2839.0801
2012-05-23,2850.1201
2012-05-24,2839.3799
2012-05-25,2837.5300
2012-05-29,2870.9900
2012-05-30,2837.3601
2012-05-31,2827.3401
2012-06-01,2747.4800
2012-06-04,2760.0100
2012-06-05,2778.1101
2012-06-06,2844.7200
2012-06-07,2831.0200
2012-06-08,2858.4199
2012-06-11,2809.7300
2012-06-12,2843.0701
2012-06-13,2818.6101
2012-06-14,2836.3301
2012-06-15,2872.8000
2012-06-18,2895.3301
2012-06-19,2929.7600
2012-06-20,2930.4500
2012-06-21,2859.0901
2012-06-22,2892.4199
2012-06-25,2836.1599
2012-06-26,2854.0601
2012-06-27,2875.3201
2012-06-28,2849.4900
2012-06-29,2935.0500
2012-07-02,2951.2300
2012-07-03,2976.0801
2012-07-05,2976.1201
2012-07-06,2937.3301
2012-07-09,2931.7700
2012-07-10,2902.3301
2012-07-11,2887.9800
2012-07-12,2866.1899
2012-07-13,2908.4700
2012-07-16,2896.9399
2012-07-17,2910.0400
2012-07-18,2942.6001
2012-07-19,2965.8999
2012-07-20,2925.3000
2012-07-23,2890.1499
2012-07-24,2862.9900
2012-07-25,2854.2400
2012-07-26,2893.2500
2012-07-27,2958.0901
2012-07-30,2945.8401
2012-07-31,2939.5200
2012-08-01,2920.2100
2012-08-02,2909.7700
2012-08-03,2967.8999
2012-08-06,2989.9099
2012-08-07,3015.8601
2012-08-08,3011.2500
2012-08-09,3018.6399
2012-08-10,3020.8601
2012-08-13,3022.5200
2012-08-14,3016.9800
2012-08-15,3030.9299
2012-08-16,3062.3899
2012-08-17,3076.5901
2012-08-20,3076.2100
2012-08-21,3067.2600
2012-08-22,3073.6699
2012-08-23,3053.3999
2012-08-24,3069.7900
2012-08-27,3073.1899
2012-08-28,3077.1399
2012-08-29,3081.1899
2012-08-30,3048.7100
2012-08-31,3066.9600
2012-09-04,3075.0601
2012-09-05,3069.2700
2012-09-06,3135.8101
2012-09-07,3136.4199
2012-09-10,3104.0200
2012-09-11,3104.5300
2012-09-12,3114.3101
2012-09-13,3155.8301
2012-09-14,3183.9500
2012-09-17,3178.6699
2012-09-18,3177.8000
2012-09-19,3182.6201
2012-09-20,3175.9600
2012-09-21,3179.9600
2012-09-24,3160.7800
2012-09-25,3117.7300
2012-09-26,3093.7000
2012-09-27,3136.6001
2012-09-28,3116.2300
2012-10-01,3113.5300
2012-10-02,3120.0400
2012-10-03,3135.2300
2012-10-04,3149.4600
2012-10-05,3136.1899
2012-10-08,3112.3501
2012-10-09,3065.0200
2012-10-10,3051.7800
2012-10-11,3049.4099
2012-10-12,3044.1101
2012-10-15,3064.1799
2012-10-16,3101.1699
2012-10-17,3104.1201
2012-10-18,3072.8701
2012-10-19,3005.6201
2012-10-22,3016.9600
2012-10-23,2990.4600
2012-10-24,2981.7000
2012-10-25,2986.1201
2012-10-26,2987.9500
2012-10-31,2977.2300
2012-11-01,3020.0601
2012-11-02,2982.1299
2012-11-05,2999.6599
2012-11-06,3011.9299
2012-11-07,2937.2900
2012-11-08,2895.5801
2012-11-09,2904.8701
2012-11-12,2904.2500
2012-11-13,2883.8899
2012-11-14,2846.8101
2012-11-15,2836.9399
2012-11-16,2853.1299
2012-11-19,2916.0701
2012-11-20,2916.6799
2012-11-21,2926.5500
2012-11-23,2966.8501
2012-11-26,2976.7800
2012-11-27,2967.7900
2012-11-28,2991.7800
2012-11-29,3012.0300
2012-11-30,3010.2400
2012-12-03,3002.2000
2012-12-04,2996.6899
2012-12-05,2973.7000
2012-12-06,2989.2700
2012-12-07,2978.0400
2012-12-10,2986.9600
2012-12-11,3022.3000
2012-12-12,3013.8101
2012-12-13,2992.1599
2012-12-14,2971.3301
2012-12-17,3010.6001
2012-12-18,3054.5300
2012-12-19,3044.3601
2012-12-20,3050.3899
2012-12-21,3021.0100
2012-12-24,3012.6001
2012-12-26,2990.1599
2012-12-27,2985.9099
2012-12-28,2960.3101
2012-12-31,3019.5100
2013-01-02,3112.2600
2013-01-03,3100.5701
2013-01-04,3101.6599
2013-01-07,3098.8101
2013-01-08,3091.8101
2013-01-09,3105.8101
2013-01-10,3121.7600
2013-01-11,3125.6299
2013-01-14,3117.5000
2013-01-15,3110.7800
2013-01-16,3117.5400
2013-01-17,3136.0000
2013-01-18,3134.7100
2013-01-22,3143.1799
2013-01-23,3153.6699
2013-01-24,3130.3799
2013-01-25,3149.7100
2013-01-28,3154.3000
2013-01-29,3153.6599
2013-01-30,3142.3101
2013-01-31,3142.1299
2013-02-01,3179.1001
2013-02-04,3131.1699
2013-02-05,3171.5801
2013-02-06,3168.4800
2013-02-07,3165.1299
2013-02-08,3193.8701
2013-02-11,3192.0000
2013-02-12,3186.4900
2013-02-13,3196.8799
2013-02-14,3198.6599
2013-02-15,3192.0300
2013-02-19,3213.5901
2013-02-20,3164.4099
2013-02-21,3131.4900
2013-02-22,3161.8201
2013-02-25,3116.2500
2013-02-26,3129.6499
2013-02-27,3162.2600
2013-02-28,3160.1899
2013-03-01,3169.7400
2013-03-04,3182.0300
2013-03-05,3224.1299
2013-03-06,3222.3701
2013-03-07,3232.0901
2013-03-08,3244.3701
2013-03-11,3252.8701
2013-03-12,3242.3201
2013-03-13,3245.1201
2013-03-14,3258.9299
2013-03-15,3249.0701
2013-03-18,3237.5901
2013-03-19,3229.1001
2013-03-20,3254.1899
2013-03-21,3222.6001
2013-03-22,3245.0000
2013-03-25,3235.3000
2013-03-26,3252.4800
2013-03-27,3256.5200
2013-03-28,3267.5200
2013-04-01,3239.1699
2013-04-02,3254.8601
2013-04-03,3218.6001
2013-04-04,3224.9800
2013-04-05,3203.8601
2013-04-08,3222.2500
2013-04-09,3237.8601
2013-04-10,3297.2500
2013-04-11,3300.1599
2013-04-12,3294.9500
2013-04-15,3216.4900
2013-04-16,3264.6299
2013-04-17,3204.6699
2013-04-18,3166.3601
2013-04-19,3206.0601
2013-04-22,3233.5500
2013-04-23,3269.3301
2013-04-24,3269.6499
2013-04-25,3289.9900
2013-04-26,3279.2600
2013-04-29,3307.0200
2013-04-30,3328.7900
2013-05-01,3299.1299
2013-05-02,3340.6201
2013-05-03,3378.6299
2013-05-06,3392.9700
2013-05-07,3396.6299
2013-05-08,3413.2700
2013-05-09,3409.1699
2013-05-10,3436.5801
2013-05-13,3438.7900
2013-05-14,3462.6101
2013-05-15,3471.6201
2013-05-16,3465.2400
2013-05-17,3498.9700
2013-05-20,3496.4299
2013-05-21,3502.1201
2013-05-22,3463.3000
2013-05-23,3459.4199
2013-05-24,3459.1399
2013-05-28,3488.8899
2013-05-29,3467.5200
2013-05-30,3491.3000
2013-05-31,3455.9099
2013-06-03,3465.3701
2013-06-04,3445.2600
2013-06-05,3401.4800
2013-06-06,3424.0500
2013-06-07,3469.2200
2013-06-10,3473.7700
2013-06-11,3436.9500
2013-06-12,3400.4299
2013-06-13,3445.3601
2013-06-14,3423.5601
2013-06-17,3452.1299
2013-06-18,3482.1799
2013-06-19,3443.2000
2013-06-20,3364.6399
2013-06-21,3357.2500
2013-06-24,3320.7600
2013-06-25,3347.8899
2013-06-26,3376.2200
2013-06-27,3401.8601
2013-06-28,3403.2500
2013-07-01,3434.4900
2013-07-02,3433.3999
2013-07-03,3443.6699
2013-07-05,3479.3799
2013-07-08,3484.8301
2013-07-09,3504.2600
2013-07-10,3520.7600
2013-07-11,3578.3000
2013-07-12,3600.0801
2013-07-15,3607.4900
2013-07-16,3598.5000
2013-07-17,3610.0000
2013-07-18,3611.2800
2013-07-19,3587.6101
2013-07-22,3600.3899
2013-07-23,3579.2700
2013-07-24,3579.6001
2013-07-25,3605.1899
2013-07-26,3613.1599
2013-07-29,3599.1399
2013-07-30,3616.4700
2013-07-31,3626.3701
2013-08-01,3675.7400
2013-08-02,3689.5901
2013-08-05,3692.9500
2013-08-06,3665.7700
2013-08-07,3654.0100
2013-08-08,3669.1201
2013-08-09,3660.1101
2013-08-12,3669.9500
2013-08-13,3684.4399
2013-08-14,3669.2700
2013-08-15,3606.1201
2013-08-16,3602.7800
2013-08-19,3589.0901
2013-08-20,3613.5901
2013-08-21,3599.7900
2013-08-22,3638.7100
2013-08-23,3657.7900
2013-08-26,3657.5701
2013-08-27,3578.5200
2013-08-28,3593.3501
2013-08-29,3620.3000
2013-08-30,3589.8701
2013-09-03,3612.6101
2013-09-04,3649.0400
2013-09-05,3658.7800
2013-09-06,3660.0100
2013-09-09,3706.1799
2013-09-10,3729.0200
2013-09-11,3725.0100
2013-09-12,3715.9700
2013-09-13,3722.1799
2013-09-16,3717.8501
2013-09-17,3745.7000
2013-09-18,3783.6399
2013-09-19,3789.3799
2013-09-20,3774.7300
2013-09-23,3765.2900
2013-09-24,3768.2500
2013-09-25,3761.1001
2013-09-26,3787.4299
2013-09-27,3781.5901
2013-09-30,3771.4800
2013-10-01,3817.9800
2013-10-02,3815.0200
2013-10-03,3774.3401
2013-10-04,3807.7500
2013-10-07,3770.3799
2013-10-08,3694.8301
2013-10-09,3677.7800
2013-10-10,3760.7500
2013-10-11,3791.8701
2013-10-14,3815.2800
2013-10-15,3794.0100
2013-10-16,3839.4299
2013-10-17,3863.1499
2013-10-18,3914.2800
2013-10-21,3920.0500
2013-10-22,3929.5701
2013-10-23,3907.0701
2013-10-24,3928.9600
2013-10-25,3943.3601
2013-10-28,3940.1299
2013-10-29,3952.3401
2013-10-30,3930.6201
2013-10-31,3919.7100
2013-11-01,3922.0400
2013-11-04,3936.5901
2013-11-05,3939.8601
2013-11-06,3931.9500
2013-11-07,3857.3301
2013-11-08,3919.2300
2013-11-11,3919.7900
2013-11-12,3919.9199
2013-11-13,3965.5801
2013-11-14,3972.7400
2013-11-15,3985.9700
2013-11-18,3949.0701
2013-11-19,3931.5500
2013-11-20,3921.2700
2013-11-21,3969.1599
2013-11-22,3991.6499
2013-11-25,3994.5701
2013-11-26,4017.7500
2013-11-27,4044.7500
2013-11-29,4059.8899
2013-12-02,4045.2600
2013-12-03,4037.2000
2013-12-04,4038.0000
2013-12-05,4033.1699
2013-12-06,4062.5200
2013-12-09,4068.7500
2013-12-10,4060.4900
2013-12-11,4003.8101
2013-12-12,3998.3999
2013-12-13,4000.9800
2013-12-16,4029.5200
2013-12-17,4023.6799
2013-12-18,4070.0601
2013-12-19,4058.1399
2013-12-20,4104.7402
2013-12-23,4148.8999
2013-12-24,4155.4199
2013-12-26,4167.1802
2013-12-27,4156.5898
2013-12-30,4154.2002
2013-12-31,4176.5898
2014-01-02,4143.0698
2014-01-03,4131.9102
2014-01-06,4113.6802
2014-01-07,4153.1802
2014-01-08,4165.6099
2014-01-09,4156.1899
2014-01-10,4174.6699
2014-01-13,4113.2998
2014-01-14,4183.0200
2014-01-15,4214.8799
2014-01-16,4218.6899
2014-01-17,4197.5801
2014-01-21,4225.7598
2014-01-22,4243.0000
2014-01-23,4218.8799
2014-01-24,4128.1699
2014-01-27,4083.6101
2014-01-28,4097.9600
2014-01-29,4051.4299
2014-01-30,4123.1299
2014-01-31,4103.8799
2014-02-03,3996.9600
2014-02-04,4031.5200
2014-02-05,4011.5500
2014-02-06,4057.1201
2014-02-07,4125.8599
2014-02-10,4148.1699
2014-02-11,4191.0498
2014-02-12,4201.2900
2014-02-13,4240.6699
2014-02-14,4244.0200
2014-02-18,4272.7798
2014-02-19,4237.9502
2014-02-20,4267.5498
2014-02-21,4263.4102
2014-02-24,4292.9702
2014-02-25,4287.5898
2014-02-26,4292.0601
2014-02-27,4318.9302
2014-02-28,4308.1201
2014-03-03,4277.2998
2014-03-04,4351.9702
2014-03-05,4357.9702
2014-03-06,4352.1299
2014-03-07,4336.2202
2014-03-10,4334.4502
2014-03-11,4307.1899
2014-03-12,4323.3301
2014-03-13,4260.4199
2014-03-14,4245.3999
2014-03-17,4279.9502
2014-03-18,4333.3101
2014-03-19,4307.6001
2014-03-20,4319.2900
2014-03-21,4276.7900
2014-03-24,4226.3901
2014-03-25,4234.2700
2014-03-26,4173.5801
2014-03-27,4151.2300
2014-03-28,4155.7598
2014-03-31,4198.9902
2014-04-01,4268.0400
2014-04-02,4276.4600
2014-04-03,4237.7402
2014-04-04,4127.7300
2014-04-07,4079.7500
2014-04-08,4112.9902
2014-04-09,4183.8999
2014-04-10,4054.1101
2014-04-11,3999.7300
2014-04-14,4022.6899
2014-04-15,4034.1599
2014-04-16,4086.2300
2014-04-17,4095.5200
2014-04-21,4121.5498
2014-04-22,4161.4600
2014-04-23,4126.9702
2014-04-24,4148.3398
2014-04-25,4075.5601
2014-04-28,4074.3999
2014-04-29,4103.5400
2014-04-30,4114.5601
2014-05-01,4127.4502
2014-05-02,4123.8999
2014-05-05,4138.0601
2014-05-06,4080.7600
2014-05-07,4067.6699
2014-05-08,4051.5000
2014-05-09,4071.8701
2014-05-12,4143.8599
2014-05-13,4130.1699
2014-05-14,4100.6299
2014-05-15,4069.2900
2014-05-16,4090.5901
2014-05-19,4125.8101
2014-05-20,4096.8901
2014-05-21,4131.5400
2014-05-22,4154.3398
2014-05-23,4185.8101
2014-05-27,4237.0698
2014-05-28,4225.0801
2014-05-29,4247.9502
2014-05-30,4242.6201
2014-06-02,4237.2002
2014-06-03,4234.0801
2014-06-04,4251.6401
2014-06-05,4296.2300
2014-06-06,4321.3999
2014-06-09,4336.2402
2014-06-10,4338.0000
2014-06-11,4331.9302
2014-06-12,4297.6299
2014-06-13,4310.6499
2014-06-16,4321.1001
2014-06-17,4337.2300
2014-06-18,4362.8398
2014-06-19,4359.3301
2014-06-20,4368.0400
2014-06-23,4368.6802
2014-06-24,4350.3501
2014-06-25,4379.7598
2014-06-26,4379.0498
2014-06-27,4397.9302
2014-06-30,4408.1802
2014-07-01,4458.6499
2014-07-02,4457.7300
2014-07-03,4485.9302
2014-07-07,4451.5298
2014-07-08,4391.4600
2014-07-09,4419.0298
2014-07-10,4396.2002
2014-07-11,4415.4902
2014-07-14,4440.4199
2014-07-15,4416.3901
2014-07-16,4425.9702
2014-07-17,4363.4502
2014-07-18,4432.1499
2014-07-21,4424.7002
2014-07-22,4456.0200
2014-07-23,4473.7002
2014-07-24,4472.1099
2014-07-25,4449.5601
2014-07-28,4444.9102
2014-07-29,4442.7002
2014-07-30,4462.8999
2014-07-31,4369.7700
2014-08-01,4352.6401
2014-08-04,4383.8901
2014-08-05,4352.8398
2014-08-06,4355.0498
2014-08-07,4334.9702
2014-08-08,4370.8999
2014-08-11,4401.3301
2014-08-12,4389.2500
2014-08-13,4434.1299
2014-08-14,4453.0000
2014-08-15,4464.9302
2014-08-18,4508.3101
2014-08-19,4527.5098
2014-08-20,4526.4800
2014-08-21,4532.1001
2014-08-22,4538.5498
2014-08-25,4557.3501
2014-08-26,4570.6401
2014-08-27,4569.6201
2014-08-28,4557.7002
2014-08-29,4580.2700
2014-09-02,4598.1899
2014-09-03,4572.5601
2014-09-04,4562.2900
2014-09-05,4582.8999
2014-09-08,4592.2900
2014-09-09,4552.2900
2014-09-10,4586.5200
2014-09-11,4591.8101
2014-09-12,4567.6001
2014-09-15,4518.8999
2014-09-16,4552.7598
2014-09-17,4562.1899
2014-09-18,4593.4302
2014-09-19,4579.7900
2014-09-22,4527.6899
2014-09-23,4508.6899
2014-09-24,4555.2202
2014-09-25,4466.7500
2014-09-26,4512.1899
2014-09-29,4505.8501
2014-09-30,4493.3901
2014-10-01,4422.0898
2014-10-02,4430.2002
2014-10-03,4475.6201
2014-10-06,4454.7998
2014-10-07,4385.2002
2014-10-08,4468.5898
2014-10-09,4378.3398
2014-10-10,4276.2402
2014-10-13,4213.6602
2014-10-14,4227.1699
2014-10-15,4215.3198
2014-10-16,4217.3901
2014-10-17,4258.4399
2014-10-20,4316.0698
2014-10-21,4419.4800
2014-10-22,4382.8501
2014-10-23,4452.7900
2014-10-24,4483.7202
2014-10-27,4485.9302
2014-10-28,4564.2900
2014-10-29,4549.2300
2014-10-30,4566.1401
2014-10-31,4630.7402
2014-11-03,4638.9102
2014-11-04,4623.6401
2014-11-05,4620.7202
2014-11-06,4638.4702
2014-11-07,4632.5298
2014-11-10,4651.6201
2014-11-11,4660.5601
2014-11-12,4675.1401
2014-11-13,4680.1401
2014-11-14,4688.5400
2014-11-17,4671.0000
2014-11-18,4702.4399
2014-11-19,4675.7100
2014-11-20,4701.8701
2014-11-21,4712.9702
2014-11-24,4754.8901
2014-11-25,4758.2500
2014-11-26,4787.3198
2014-11-28,4791.6299
2014-12-01,4727.3501
2014-12-02,4755.8101
2014-12-03,4774.4702
2014-12-04,4769.4399
2014-12-05,4780.7598
2014-12-08,4740.6899
2014-12-09,4766.4702
2014-12-10,4684.0200
2014-12-11,4708.1602
2014-12-12,4653.6001
2014-12-15,4605.1602
2014-12-16,4547.8301
2014-12-17,4644.3101
2014-12-18,4748.3999
2014-12-19,4765.3799
2014-12-22,4781.4199
2014-12-23,4765.4199
2014-12-24,4773.4702
2014-12-26,4806.8599
2014-12-29,4806.9102
2014-12-30,4777.4399
2014-12-31,4736.0498
2015-01-02,4726.8101
2015-01-05,4652.5698
2015-01-06,4592.7402
2015-01-07,4650.4702
2015-01-08,4736.1899
2015-01-09,4704.0698
2015-01-12,4664.7100
2015-01-13,4661.5000
2015-01-14,4639.3198
2015-01-15,4570.8198
2015-01-16,4634.3799
2015-01-20,4654.8501
2015-01-21,4667.4199
2015-01-22,4750.3999
2015-01-23,4757.8799
2015-01-26,4771.7598
2015-01-27,4681.5000
2015-01-28,4637.9902
2015-01-29,4683.4102
2015-01-30,4635.2402
2015-02-02,4676.6899
2015-02-03,4727.7402
2015-02-04,4716.7002
2015-02-05,4765.1001
2015-02-06,4744.3999
2015-02-09,4726.0098
2015-02-10,4787.6401
2015-02-11,4801.1802
2015-02-12,4857.6099
2015-02-13,4893.8398
2015-02-17,4899.2700
2015-02-18,4906.3599
2015-02-19,4924.7002
2015-02-20,4955.9702
2015-02-23,4960.9702
2015-02-24,4968.1201
2015-02-25,4967.1401
2015-02-26,4987.8901
2015-02-27,4963.5298
2015-03-02,5008.1001
2015-03-03,4979.8999
2015-03-04,4967.1401
2015-03-05,4982.8101
2015-03-06,4927.3701
2015-03-09,4942.4399
2015-03-10,4859.7900
2015-03-11,4849.9399
2015-03-12,4893.2900
2015-03-13,4871.7598
2015-03-16,4929.5098
2015-03-17,4937.4302
2015-03-18,4982.8301
2015-03-19,4992.3799
2015-03-20,5026.4199
2015-03-23,5010.9702
2015-03-24,4994.7300
2015-03-25,4876.5200
2015-03-26,4863.3599
2015-03-27,4891.2202
2015-03-30,4947.4399
2015-03-31,4900.8799
2015-04-01,4880.2300
2015-04-02,4886.9399
2015-04-06,4917.3198
2015-04-07,4910.2300
2015-04-08,4950.8198
2015-04-09,4974.5601
2015-04-10,4995.9800
2015-04-13,4988.2500
2015-04-14,4977.2900
2015-04-15,5011.0200
2015-04-16,5007.7900
2015-04-17,4931.8101
2015-04-20,4994.6001
2015-04-21,5014.1001
2015-04-22,5035.1699
2015-04-23,5056.0601
2015-04-24,5092.0801
2015-04-27,5060.2500
2015-04-28,5055.4199
2015-04-29,5023.6401
2015-04-30,4941.4199
2015-05-01,5005.3901
2015-05-04,5016.9302
2015-05-05,4939.3301
2015-05-06,4919.6401
2015-05-07,4945.5400
2015-05-08,5003.5498
2015-05-11,4993.5698
2015-05-12,4976.1899
2015-05-13,4981.6899
2015-05-14,5050.7998
2015-05-15,5048.2900
2015-05-18,5078.4399
2015-05-19,5070.0298
2015-05-20,5071.7402
2015-05-21,5090.7900
2015-05-22,5089.3599
2015-05-26,5032.7500
2015-05-27,5106.5898
2015-05-28,5097.9800
2015-05-29,5070.0298
2015-06-01,5082.9302
2015-06-02,5076.5200
2015-06-03,5099.2300
2015-06-04,5059.1201
2015-06-05,5068.4600
2015-06-08,5021.6299
2015-06-09,5013.8701
2015-06-10,5076.6899
2015-06-11,5082.5098
2015-06-12,5051.1001
2015-06-15,5029.9702
2015-06-16,5055.5498
2015-06-17,5064.8799
2015-06-18,5132.9502
2015-06-19,5117.0000
2015-06-22,5153.9702
2015-06-23,5160.0898
2015-06-24,5122.4102
2015-06-25,5112.1899
2015-06-26,5080.5098
2015-06-29,4958.4702
2015-06-30,4986.8701
2015-07-01,5013.1201
2015-07-02,5009.2100
2015-07-06,4991.9399
2015-07-07,4997.4600
2015-07-08,4909.7598
2015-07-09,4922.3999
2015-07-10,4997.7002
2015-07-13,5071.5098
2015-07-14,5104.8901
2015-07-15,5098.9399
2015-07-16,5163.1802
2015-07-17,5210.1401
2015-07-20,5218.8599
2015-07-21,5208.1201
2015-07-22,5171.7700
2015-07-23,5146.4102
2015-07-24,5088.6299
2015-07-27,5039.7798
2015-07-28,5089.2100
2015-07-29,5111.7300
2015-07-30,5128.7798
2015-07-31,5128.2798
2015-08-03,5115.3799
2015-08-04,5105.5498
2015-08-05,5139.9399
2015-08-06,5056.4399
2015-08-07,5043.5400
2015-08-10,5101.7998
2015-08-11,5036.7900
2015-08-12,5044.3901
2015-08-13,5033.5601
2015-08-14,5048.2402
2015-08-17,5091.7002
2015-08-18,5059.3501
2015-08-19,5019.0498
2015-08-20,4877.4902
2015-08-21,4706.0400
2015-08-24,4526.2500
2015-08-25,4506.4902
2015-08-26,4697.5400
2015-08-27,4812.7100
2015-08-28,4828.3198
2015-08-31,4776.5098
2015-09-01,4636.1001
2015-09-02,4749.9800
2015-09-03,4733.5000
2015-09-04,4683.9199
2015-09-08,4811.9302
2015-09-09,4756.5298
2015-09-10,4796.2500
2015-09-11,4822.3398
2015-09-14,4805.7598
2015-09-15,4860.5200
2015-09-16,4889.2402
2015-09-17,4893.9502
2015-09-18,4827.2300
2015-09-21,4828.9502
2015-09-22,4756.7202
2015-09-23,4752.7402
2015-09-24,4734.4800
2015-09-25,4686.5000
2015-09-28,4543.9702
2015-09-29,4517.3198
2015-09-30,4620.1602
2015-10-01,4627.0801
2015-10-02,4707.7798
2015-10-05,4781.2598
2015-10-06,4748.3599
2015-10-07,4791.1499
2015-10-08,4810.7900
2015-10-09,4830.4702
2015-10-12,4838.6401
2015-10-13,4796.6099
2015-10-14,4782.8501
2015-10-15,4870.1001
2015-10-16,4886.6899
2015-10-19,4905.4702
2015-10-20,4880.9702
2015-10-21,4840.1201
2015-10-22,4920.0498
2015-10-23,5031.8599
2015-10-26,5034.7002
2015-10-27,5030.1499
2015-10-28,5095.6899
2015-10-29,5074.2700
2015-10-30,5053.7500
2015-11-02,5127.1499
2015-11-03,5145.1299
2015-11-04,5142.4800
2015-11-05,5127.7402
2015-11-06,5147.1201
2015-11-09,5095.2998
2015-11-10,5083.2402
2015-11-11,5067.0200
2015-11-12,5005.0801
2015-11-13,4927.8799
2015-11-16,4984.6201
2015-11-17,4986.0200
2015-11-18,5075.2002
2015-11-19,5073.6401
2015-11-20,5104.9199
2015-11-23,5102.4800
2015-11-24,5102.8101
2015-11-25,5116.1401
2015-11-27,5127.5200
2015-11-30,5108.6699
2015-12-01,5156.3101
2015-12-02,5123.2202
2015-12-03,5037.5298
2015-12-04,5142.2700
2015-12-07,5101.8101
2015-12-08,5098.2402
2015-12-09,5022.8701
2015-12-10,5045.1699
2015-12-11,4933.4702
2015-12-14,4952.2300
2015-12-15,4995.3599
2015-12-16,5071.1299
2015-12-17,5002.5498
2015-12-18,4923.0801
2015-12-21,4968.9199
2015-12-22,5001.1099
2015-12-23,5045.9302
2015-12-24,5048.4902
2015-12-28,5040.9902
2015-12-29,5107.9399
2015-12-30,5065.8501
2015-12-31,5007.4102
2016-01-04,4903.0898
2016-01-05,4891.4302
2016-01-06,4835.7598
2016-01-07,4689.4302
2016-01-08,4643.6299
2016-01-11,4637.9902
2016-01-12,4685.9199
2016-01-13,4526.0601
2016-01-14,4615.0000
2016-01-15,4488.4199
2016-01-19,4476.9502
2016-01-20,4471.6899
2016-01-21,4472.0601
2016-01-22,4591.1802
2016-01-25,4518.4902
2016-01-26,4567.6699
2016-01-27,4468.1699
2016-01-28,4506.6802
2016-01-29,4613.9502
2016-02-01,4620.3701
2016-02-02,4516.9502
2016-02-03,4504.2402
2016-02-04,4509.5601
2016-02-05,4363.1401
2016-02-08,4283.7500
2016-02-09,4268.7598
2016-02-10,4283.5898
2016-02-11,4266.8398
2016-02-12,4337.5098
2016-02-16,4435.9600
2016-02-17,4534.0601
2016-02-18,4487.5400
2016-02-19,4504.4302
2016-02-22,4570.6099
2016-02-23,4503.5801
2016-02-24,4542.6099
2016-02-25,4582.2002
2016-02-26,4590.4702
2016-02-29,4557.9502
2016-03-01,4689.6001
2016-03-02,4703.4199
2016-03-03,4707.4199
2016-03-04,4717.0200
2016-03-07,4708.2500
2016-03-08,4648.8198
2016-03-09,4674.3799
2016-03-10,4662.1602
2016-03-11,4748.4702
2016-03-14,4750.2798
2016-03-15,4728.6699
2016-03-16,4763.9702
2016-03-17,4774.9902
2016-03-18,4795.6499
2016-03-21,4808.8701
2016-03-22,4821.6602
2016-03-23,4768.8599
2016-03-24,4773.5000
2016-03-28,4766.7900
2016-03-29,4846.6201
2016-03-30,4869.2900
2016-03-31,4869.8501
2016-04-01,4914.5400
2016-04-04,4891.7998
2016-04-05,4843.9302
2016-04-06,4920.7202
2016-04-07,4848.3701
2016-04-08,4850.6899
2016-04-11,4833.3999
2016-04-12,4872.0898
2016-04-13,4947.4199
2016-04-14,4945.8901
2016-04-15,4938.2202
2016-04-18,4960.0200
2016-04-19,4940.3301
2016-04-20,4948.1299
2016-04-21,4945.8901
2016-04-22,4906.2300
2016-04-25,4895.7900
2016-04-26,4888.2798
2016-04-27,4863.1401
2016-04-28,4805.2900
2016-04-29,4775.3599
2016-05-02,4817.5898
2016-05-03,4763.2202
2016-05-04,4725.6401
2016-05-05,4717.0898
2016-05-06,4736.1602
2016-05-09,4750.2100
2016-05-10,4809.8799
2016-05-11,4760.6899
2016-05-12,4737.3301
2016-05-13,4717.6802
2016-05-16,4775.4600
2016-05-17,4715.7300
2016-05-18,4739.1201
2016-05-19,4712.5298
2016-05-20,4769.5601
2016-05-23,4765.7798
2016-05-24,4861.0601
2016-05-25,4894.8901
2016-05-26,4901.7700
2016-05-27,4933.5000
2016-05-31,4948.0498
2016-06-01,4952.2500
2016-06-02,4971.3599
2016-06-03,4942.5200
2016-06-06,4968.7100
2016-06-07,4961.7500
2016-06-08,4974.6401
2016-06-09,4958.6201
2016-06-10,4894.5498
2016-06-13,4848.4399
2016-06-14,4843.5498
2016-06-15,4834.9302
2016-06-16,4844.9199
2016-06-17,4800.3398
2016-06-20,4837.2100
2016-06-21,4843.7598
2016-06-22,4833.3198
2016-06-23,4910.0400
2016-06-24,4707.9800
2016-06-27,4594.4399
2016-06-28,4691.8701
2016-06-29,4779.2500
2016-06-30,4842.6699
2016-07-01,4862.5698
2016-07-05,4822.8999
2016-07-06,4859.1602
2016-07-07,4876.8101
2016-07-08,4956.7598
2016-07-11,4988.6401
2016-07-12,5022.8198
2016-07-13,5005.7300
2016-07-14,5034.0601
2016-07-15,5029.5898
2016-07-18,5055.7798
2016-07-19,5036.3701
2016-07-20,5089.9302
2016-07-21,5073.8999
2016-07-22,5100.1602
2016-07-25,5097.6299
2016-07-26,5110.0498
2016-07-27,5139.8101
2016-07-28,5154.9800
2016-07-29,5162.1299
2016-08-01,5184.2002
2016-08-02,5137.7300
2016-08-03,5159.7402
2016-08-04,5166.2500
2016-08-05,5221.1201
2016-08-08,5213.1401
2016-08-09,5225.4800
2016-08-10,5204.5801
2016-08-11,5228.3999
2016-08-12,5232.8901
2016-08-15,5262.0200
2016-08-16,5227.1099
2016-08-17,5228.6602
2016-08-18,5240.1499
2016-08-19,5238.3799
2016-08-22,5244.6001
2016-08-23,5260.0801
2016-08-24,5217.6899
2016-08-25,5212.2002
2016-08-26,5218.9199
2016-08-29,5232.3301
2016-08-30,5222.9902
2016-08-31,5213.2202
2016-09-01,5227.2100
2016-09-02,5249.8999
2016-09-06,5275.9102
2016-09-07,5283.9302
2016-09-08,5259.4800
2016-09-09,5125.9102
2016-09-12,5211.8901
2016-09-13,5155.2500
2016-09-14,5173.7700
2016-09-15,5249.6899
2016-09-16,5244.5698
2016-09-19,5235.0298
2016-09-20,5241.3501
2016-09-21,5295.1802
2016-09-22,5339.5200
2016-09-23,5305.7500
2016-09-26,5257.4902
2016-09-27,5305.7100
2016-09-28,5318.5498
2016-09-29,5269.1499
2016-09-30,5312.0000
2016-10-03,5300.8701
2016-10-04,5289.6602
2016-10-05,5316.0200
2016-10-06,5306.8501
2016-10-07,5292.3999
2016-10-10,5328.6699
2016-10-11,5246.7900
2016-10-12,5239.0200
2016-10-13,5213.3301
2016-10-14,5214.1602
2016-10-17,5199.8198
2016-10-18,5243.8398
2016-10-19,5246.4102
2016-10-20,5241.8301
2016-10-21,5257.3999
2016-10-24,5309.8301
2016-10-25,5283.3999
2016-10-26,5250.2700
2016-10-27,5215.9702
2016-10-28,5190.1001
2016-10-31,5189.1401
2016-11-01,5153.5801
2016-11-02,5105.5698
2016-11-03,5058.4102
2016-11-04,5046.3701
2016-11-07,5166.1699
2016-11-08,5193.4902
2016-11-09,5251.0698
2016-11-10,5208.7998
2016-11-11,5237.1099
2016-11-14,5218.3999
2016-11-15,5275.6201
2016-11-16,5294.5801
2016-11-17,5333.9702
2016-11-18,5321.5098
2016-11-21,5368.8599
2016-11-22,5386.3501
2016-11-23,5380.6802
2016-11-25,5398.9199
2016-11-28,5368.8101
2016-11-29,5379.9199
2016-11-30,5323.6802
2016-12-01,5251.1099
2016-12-02,5255.6499
2016-12-05,5308.8901
2016-12-06,5333.0000
2016-12-07,5393.7598
2016-12-08,5417.3599
2016-12-09,5444.5000
2016-12-12,5412.5400
2016-12-13,5463.8301
2016-12-14,5436.6699
2016-12-15,5456.8501
2016-12-16,5437.1602
2016-12-19,5457.4399
2016-12-20,5483.9399
2016-12-21,5471.4302
2016-12-22,5447.4199
2016-12-23,5462.6899
2016-12-27,5487.4399
2016-12-28,5438.5601
2016-12-29,5432.0898
2016-12-30,5383.1201
2017-01-03,5429.0801
2017-01-04,5477.0000
2017-01-05,5487.9399
2017-01-06,5521.0601
2017-01-09,5531.8198
2017-01-10,5551.8198
2017-01-11,5563.6499
2017-01-12,5547.4902
2017-01-13,5574.1201
2017-01-17,5538.7300
2017-01-18,5555.6499
2017-01-19,5540.0801
2017-01-20,5555.3301
2017-01-23,5552.9399
2017-01-24,5600.9600
2017-01-25,5656.3398
2017-01-26,5655.1802
2017-01-27,5660.7798
2017-01-30,5613.7100
2017-01-31,5614.7900
2017-02-01,5642.6499
2017-02-02,5636.2002
2017-02-03,5666.7700
2017-02-06,5663.5498
2017-02-07,5674.2202
2017-02-08,5682.4502
2017-02-09,5715.1802
2017-02-10,5734.1299
2017-02-13,5763.9600
2017-02-14,5782.5698
2017-02-15,5819.4399
2017-02-16,5814.8999
2017-02-17,5838.5801
2017-02-21,5865.9502
2017-02-22,5860.6299
2017-02-23,5835.5098
2017-02-24,5845.3101
2017-02-27,5861.8999
2017-02-28,5825.4399
2017-03-01,5904.0298
2017-03-02,5861.2202
2017-03-03,5870.7500
2017-03-06,5849.1802
2017-03-07,5833.9302
2017-03-08,5837.5498
2017-03-09,5838.8101
2017-03-10,5861.7300
2017-03-13,5875.7798
2017-03-14,5856.8198
2017-03-15,5900.0498
2017-03-16,5900.7598
2017-03-17,5901.0000
2017-03-20,5901.5298
2017-03-21,5793.8301
2017-03-22,5821.6401
2017-03-23,5817.6899
2017-03-24,5828.7402
2017-03-27,5840.3701
2017-03-28,5875.1401
2017-03-29,5897.5498
2017-03-30,5914.3398
2017-03-31,5911.7402
2017-04-03,5894.6802
2017-04-04,5898.6099
2017-04-05,5864.4800
2017-04-06,5878.9502
2017-04-07,5877.8101
2017-04-10,5880.9302
2017-04-11,5866.7700
2017-04-12,5836.1602
2017-04-13,5805.1499
2017-04-17,5856.7900
2017-04-18,5849.4702
2017-04-19,5863.0298
2017-04-20,5916.7798
2017-04-21,5910.5200
2017-04-24,5983.8198
2017-04-25,6025.4902
2017-04-26,6025.2300
2017-04-27,6048.9399
2017-04-28,6047.6099
2017-05-01,6091.6001
2017-05-02,6095.3701
2017-05-03,6072.5498
2017-05-04,6075.3398
2017-05-05,6100.7598
2017-05-08,6102.6602
2017-05-09,6120.5898
2017-05-10,6129.1401
2017-05-11,6115.9600
2017-05-12,6121.2300
2017-05-15,6149.6699
2017-05-16,6169.8701
2017-05-17,6011.2402
2017-05-18,6055.1299
2017-05-19,6083.7002
2017-05-22,6133.6201
2017-05-23,6138.7100
2017-05-24,6163.0200
2017-05-25,6205.2598
2017-05-26,6210.1899
2017-05-30,6203.1899
2017-05-31,6198.5200
2017-06-01,6246.8301
2017-06-02,6305.7998
2017-06-05,6295.6802
2017-06-06,6275.0601
2017-06-07,6297.3799
2017-06-08,6321.7598
2017-06-09,6207.9199
2017-06-12,6175.4600
2017-06-13,6220.3701
2017-06-14,6194.8901
2017-06-15,6165.5000
2017-06-16,6151.7598
2017-06-19,6239.0098
2017-06-20,6188.0298
2017-06-21,6233.9502
2017-06-22,6236.6899
2017-06-23,6265.2500
2017-06-26,6247.1499
2017-06-27,6146.6201
2017-06-28,6234.4102
2017-06-29,6144.3501
2017-06-30,6140.4199
2017-07-03,6110.0601
2017-07-05,6150.8599
2017-07-06,6089.4600
2017-07-07,6153.0801
2017-07-10,6176.3901
2017-07-11,6193.2998
2017-07-12,6261.1699
2017-07-13,6274.4399
2017-07-14,6312.4702
2017-07-17,6314.4302
2017-07-18,6344.3101
2017-07-19,6385.0400
2017-07-20,6390.0000
2017-07-21,6387.7500
2017-07-24,6410.8101
2017-07-25,6412.1699
2017-07-26,6422.7500
2017-07-27,6382.1899
2017-07-28,6374.6802
2017-07-31,6348.1201
2017-08-01,6362.9399
2017-08-02,6362.6499
2017-08-03,6340.3398
2017-08-04,6351.5601
2017-08-07,6383.7700
2017-08-08,6370.4600
2017-08-09,6352.3301
2017-08-10,6216.8701
2017-08-11,6256.5601
2017-08-14,6340.2300
2017-08-15,6333.0098
2017-08-16,6345.1099
2017-08-17,6221.9102
2017-08-18,6216.5298
2017-08-21,6213.1299
2017-08-22,6297.4800
2017-08-23,6278.4102
2017-08-24,6271.3301
2017-08-25,6265.6401
2017-08-28,6283.0200
2017-08-29,6301.8901
2017-08-30,6368.3101
2017-08-31,6428.6602
2017-09-01,6435.3301
2017-09-05,6375.5698
2017-09-06,6393.3101
2017-09-07,6397.8701
2017-09-08,6360.1899
2017-09-11,6432.2598
2017-09-12,6454.2798
2017-09-13,6460.1899
2017-09-14,6429.0801
2017-09-15,6448.4702
2017-09-18,6454.6401
2017-09-19,6461.3198
2017-09-20,6456.0400
2017-09-21,6422.6899
2017-09-22,6426.9199
2017-09-25,6370.5898
2017-09-26,6380.1602
2017-09-27,6453.2598
2017-09-28,6453.4502
2017-09-29,6495.9600
2017-10-02,6516.7202
2017-10-03,6531.7100
2017-10-04,6534.6299
2017-10-05,6585.3599
2017-10-06,6590.1802
2017-10-09,6579.7300
2017-10-10,6587.2500
2017-10-11,6603.5498
2017-10-12,6591.5098
2017-10-13,6605.7998
2017-10-16,6624.0000
2017-10-17,6623.6602
2017-10-18,6624.2202
2017-10-19,6605.0698
2017-10-20,6629.0498
2017-10-23,6586.8301
2017-10-24,6598.4302
2017-10-25,6563.8901
2017-10-26,6556.7700
2017-10-27,6701.2598
2017-10-30,6698.9600
2017-10-31,6727.6699
2017-11-01,6716.5298
2017-11-02,6714.9399
2017-11-03,6764.4399
2017-11-06,6786.4399
2017-11-07,6767.7798
2017-11-08,6789.1201
2017-11-09,6750.0498
2017-11-10,6750.9399
2017-11-13,6757.6001
2017-11-14,6737.8701
2017-11-15,6706.2100
2017-11-16,6793.2900
2017-11-17,6782.7900
2017-11-20,6790.7100
2017-11-21,6862.4800
2017-11-22,6867.3599
2017-11-24,6889.1602
2017-11-27,6878.5200
2017-11-28,6912.3599
2017-11-29,6824.3901
2017-11-30,6873.9702
2017-12-01,6847.5898
2017-12-04,6775.3701
2017-12-05,6762.2100
2017-12-06,6776.3799
2017-12-07,6812.8398
2017-12-08,6840.0801
2017-12-11,6875.0801
2017-12-12,6862.3198
2017-12-13,6875.7998
2017-12-14,6856.5298
2017-12-15,6936.5801
2017-12-18,6994.7598
2017-12-19,6963.8501
2017-12-20,6960.9600
2017-12-21,6965.3599
2017-12-22,6959.9600
2017-12-26,6936.2500
2017-12-27,6939.3398
2017-12-28,6950.1602
2017-12-29,6903.3901
2018-01-02,7006.8999
2018-01-03,7065.5298
2018-01-04,7077.9102
2018-01-05,7136.5601
2018-01-08,7157.3901
2018-01-09,7163.5801
2018-01-10,7153.5698
2018-01-11,7211.7798
2018-01-12,7261.0601
2018-01-16,7223.6899
2018-01-17,7298.2798
2018-01-18,7296.0498
2018-01-19,7336.3799
2018-01-22,7408.0298
2018-01-23,7460.2900
2018-01-24,7415.0601
2018-01-25,7411.1602
2018-01-26,7505.7700
2018-01-29,7466.5098
2018-01-30,7402.4800
2018-01-31,7411.4800
2018-02-01,7385.8599
2018-02-02,7240.9502
2018-02-05,6967.5298
2018-02-06,7115.8799
2018-02-07,7051.9800
2018-02-08,6777.1602
2018-02-09,6874.4902
2018-02-12,6981.9600
2018-02-13,7013.5098
2018-02-14,7143.6201
2018-02-15,7256.4302
2018-02-16,7239.4702
2018-02-20,7234.3101
2018-02-21,7218.2300
2018-02-22,7210.0898
2018-02-23,7337.3901
2018-02-26,7421.4600
2018-02-27,7330.3501
2018-02-28,7273.0098
2018-03-01,7180.5601
2018-03-02,7257.8701
2018-03-05,7330.7100
2018-03-06,7372.0098
2018-03-07,7396.6499
2018-03-08,7427.9502
2018-03-09,7560.8101
2018-03-12,7588.3198
2018-03-13,7511.0098
2018-03-14,7496.8101
2018-03-15,7481.7402
2018-03-16,7481.9902
2018-03-19,7344.2402
2018-03-20,7364.2998
2018-03-21,7345.2900
2018-03-22,7166.6802
2018-03-23,6992.6699
2018-03-26,7220.5400
2018-03-27,7008.8101
2018-03-28,6949.2300
2018-03-29,7063.4502
2018-04-02,6870.1201
2018-04-03,6941.2798
2018-04-04,7042.1099
2018-04-05,7076.5498
2018-04-06,6915.1099
2018-04-09,6950.3398
2018-04-10,7094.2998
2018-04-11,7069.0298
2018-04-12,7140.2500
2018-04-13,7106.6499
2018-04-16,7156.2798
2018-04-17,7281.1001
2018-04-18,7295.2402
2018-04-19,7238.0601
2018-04-20,7146.1299
2018-04-23,7128.6001
2018-04-24,7007.3501
2018-04-25,7003.7402
2018-04-26,7118.6802
2018-04-27,7119.7998
2018-04-30,7066.2700
2018-05-01,7130.7002
2018-05-02,7100.8999
2018-05-03,7088.1499
2018-05-04,7209.6201
2018-05-07,7265.2100
2018-05-08,7266.8999
2018-05-09,7339.9102
2018-05-10,7404.9702
2018-05-11,7402.8799
2018-05-14,7411.3198
2018-05-15,7351.6299
2018-05-16,7398.2998
2018-05-17,7382.4702
2018-05-18,7354.3398
2018-05-21,7394.0400
2018-05-22,7378.4600
2018-05-23,7425.9600
2018-05-24,7424.4302
2018-05-25,7433.8501
2018-05-29,7396.5898
2018-05-30,7462.4502
2018-05-31,7442.1201
2018-06-01,7554.3301
2018-06-04,7606.4600
2018-06-05,7637.8599
2018-06-06,7689.2402
2018-06-07,7635.0698
2018-06-08,7645.5098
2018-06-11,7659.9302
2018-06-12,7703.7900
2018-06-13,7695.7002
2018-06-14,7761.0400
2018-06-15,7746.3799
2018-06-18,7747.0298
2018-06-19,7725.5898
2018-06-20,7781.5098
2018-06-21,7712.9502
2018-06-22,7692.8198
2018-06-25,7532.0098
2018-06-26,7561.6299
2018-06-27,7445.0801
2018-06-28,7503.6802
2018-06-29,7510.2998
2018-07-02,7567.6899
2018-07-03,7502.6699
2018-07-05,7586.4302
2018-07-06,7688.3901
2018-07-09,7756.2002
2018-07-10,7759.2002
2018-07-11,7716.6099
2018-07-12,7823.9199
2018-07-13,7825.9800
2018-07-16,7805.7202
2018-07-17,7855.1201
2018-07-18,7854.4399
2018-07-19,7825.2998
2018-07-20,7820.2002
2018-07-23,7841.8701
2018-07-24,7840.7700
2018-07-25,7932.2402
2018-07-26,7852.1802
2018-07-27,7737.4199
2018-07-30,7630.0000
2018-07-31,7671.7900
2018-08-01,7707.2900
2018-08-02,7802.6899
2018-08-03,7812.0098
2018-08-06,7859.6802
2018-08-07,7883.6602
2018-08-08,7888.3301
2018-08-09,7891.7798
2018-08-10,7839.1099
2018-08-13,7819.7100
2018-08-14,7870.8901
2018-08-15,7774.1201
2018-08-16,7806.5200
2018-08-17,7816.3301
2018-08-20,7821.0098
2018-08-21,7859.1699
2018-08-22,7889.1001
2018-08-23,7878.4600
2018-08-24,7945.9800
2018-08-27,8017.8999
2018-08-28,8030.0400
2018-08-29,8109.6899
2018-08-30,8088.3599
2018-08-31,8109.5400
2018-09-04,8091.2500
2018-09-05,7995.1699
2018-09-06,7922.7300
2018-09-07,7902.5400
2018-09-10,7924.1602
2018-09-11,7972.4702
2018-09-12,7954.2300
2018-09-13,8013.7100
2018-09-14,8010.0400
2018-09-17,7895.7900
2018-09-18,7956.1099
2018-09-19,7950.0400
2018-09-20,8028.2300
2018-09-21,7986.9600
2018-09-24,7993.2500
2018-09-25,8007.4702
2018-09-26,7990.3701
2018-09-27,8041.9702
2018-09-28,8046.3501
2018-10-01,8037.2998
2018-10-02,7999.5498
2018-10-03,8025.0898
2018-10-04,7879.5098
2018-10-05,7788.4502
2018-10-08,7735.9502
2018-10-09,7738.0200
2018-10-10,7422.0498
2018-10-11,7329.0601
2018-10-12,7496.8901
2018-10-15,7430.7402
2018-10-16,7645.4902
2018-10-17,7642.7002
2018-10-18,7485.1401
2018-10-19,7449.0298
2018-10-22,7468.6299
2018-10-23,7437.5400
2018-10-24,7108.3999
2018-10-25,7318.3398
2018-10-26,7167.2100
2018-10-29,7050.2900
2018-10-30,7161.6499
2018-10-31,7305.8999
2018-11-01,7434.0601
2018-11-02,7356.9902
2018-11-05,7328.8501
2018-11-06,7375.9600
2018-11-07,7570.7500
2018-11-08,7530.8799
2018-11-09,7406.8999
2018-11-12,7200.8701
2018-11-13,7200.8701
2018-11-14,7136.3901
2018-11-15,7259.0298
2018-11-16,7247.8701
2018-11-19,7028.4800
2018-11-20,6908.8198
2018-11-21,6972.2500
2018-11-23,6938.9800
2018-11-26,7081.8501
2018-11-27,7082.7002
2018-11-28,7291.5898
2018-11-29,7273.0801
2018-11-30,7330.5400
2018-12-03,7441.5098
2018-12-04,7158.4302
2018-12-06,7188.2598
2018-12-07,6969.2500
2018-12-10,7020.5200
2018-12-11,7031.8301
2018-12-12,7098.3101
2018-12-13,7070.3301
2018-12-14,6910.6602
2018-12-17,6753.7300
2018-12-18,6783.9102
2018-12-19,6636.8301
2018-12-20,6528.4102
2018-12-21,6332.9902
2018-12-24,6192.9199
2018-12-26,6554.3599
2018-12-27,6579.4902
2018-12-28,6584.5200
2018-12-31,6635.2798
2019-01-02,6665.9399
2019-01-03,6463.5000
2019-01-04,6738.8599
2019-01-07,6823.4702
2019-01-08,6897.0000
2019-01-09,6957.0801
2019-01-10,6986.0698
2019-01-11,6971.4800
2019-01-14,6905.9199
2019-01-15,7023.8301
2019-01-16,7034.6899
2019-01-17,7084.4600
2019-01-18,7157.2300
2019-01-22,7020.3599
2019-01-23,7025.7700
2019-01-24,7073.4600
2019-01-25,7164.8599
2019-01-28,7085.6802
2019-01-29,7028.2900
2019-01-30,7183.0801
2019-01-31,7281.7402
2019-02-01,7263.8701
2019-02-04,7347.5400
2019-02-05,7402.0801
2019-02-06,7375.2798
2019-02-07,7288.3501
2019-02-08,7298.2002
2019-02-11,7307.8999
2019-02-12,7414.6201
2019-02-13,7420.3799
2019-02-14,7426.9502
2019-02-15,7472.4102
2019-02-19,7486.7700
2019-02-20,7489.0698
2019-02-21,7459.7100
2019-02-22,7527.5400
2019-02-25,7554.4600
2019-02-26,7549.2998
2019-02-27,7554.5098
2019-02-28,7532.5298
2019-03-01,7595.3501
2019-03-04,7577.5698
2019-03-05,7576.3599
2019-03-06,7505.9199
2019-03-07,7421.4600
2019-03-08,7408.1401
2019-03-11,7558.0601
2019-03-12,7591.0298
2019-03-13,7643.4102
2019-03-14,7630.9102
2019-03-15,7688.5298
2019-03-18,7714.4800
2019-03-19,7723.9502
2019-03-20,7728.9702
2019-03-21,7838.9600
2019-03-22,7642.6699
2019-03-25,7637.5400
2019-03-26,7691.5200
2019-03-27,7643.3799
2019-03-28,7669.1699
2019-03-29,7729.3198
2019-04-01,7828.9102
2019-04-02,7848.6899
2019-04-03,7895.5498
2019-04-04,7891.7798
2019-04-05,7938.6899
2019-04-08,7953.8799
2019-04-09,7909.2798
2019-04-10,7964.2402
2019-04-11,7947.3599
2019-04-12,7984.1602
2019-04-15,7976.0098
2019-04-16,8000.2300
2019-04-17,7996.0801
2019-04-18,7998.0601
2019-04-22,8015.2700
2019-04-23,8120.8198
2019-04-24,8102.0098
2019-04-25,8118.6802
2019-04-26,8146.3999
2019-04-29,8161.8501
2019-04-30,8095.3901
2019-05-01,8049.6401
2019-05-02,8036.7700
2019-05-03,8164.0000
2019-05-06,8123.2900
2019-05-07,7963.7598
2019-05-08,7943.3198
2019-05-09,7910.5898
2019-05-10,7916.9399
2019-05-13,7647.0200
2019-05-14,7734.4902
2019-05-15,7822.1499
2019-05-16,7898.0498
2019-05-17,7816.2798
2019-05-20,7702.3799
2019-05-21,7785.7202
2019-05-22,7750.8398
2019-05-23,7628.2798
2019-05-24,7637.0098
2019-05-28,7607.3501
2019-05-29,7547.3101
2019-05-30,7567.7202
2019-05-31,7453.1499
2019-06-03,7333.0200
2019-06-04,7527.1201
2019-06-05,7575.4800
2019-06-06,7615.5498
2019-06-07,7742.1001
2019-06-10,7823.1699
2019-06-11,7822.5698
2019-06-12,7792.7202
2019-06-13,7837.1299
2019-06-14,7796.6602
2019-06-17,7845.0200
2019-06-18,7953.8799
2019-06-19,7987.3198
2019-06-20,8051.3398
2019-06-21,8031.7100
2019-06-24,8005.7002
2019-06-25,7884.7202
2019-06-26,7909.9702
2019-06-27,7967.7598
2019-06-28,8006.2402
2019-07-01,8091.1602
2019-07-02,8109.0898
2019-07-03,8170.2300
2019-07-05,8161.7900
2019-07-08,8098.3799
2019-07-09,8141.7300
2019-07-10,8202.5303
2019-07-11,8196.0400
2019-07-12,8244.1396
2019-07-15,8258.1904
2019-07-16,8222.7998
2019-07-17,8185.2100
2019-07-18,8207.2402
2019-07-19,8146.4902
2019-07-22,8204.1396
2019-07-23,8251.4004
2019-07-24,8321.5000
2019-07-25,8238.5400
2019-07-26,8330.2100
2019-07-29,8293.3301
2019-07-30,8273.6104
2019-07-31,8175.4199
2019-08-01,8111.1201
2019-08-02,8004.0698
2019-08-05,7726.0400
2019-08-06,7833.2700
2019-08-07,7862.8301
2019-08-08,8039.1602
2019-08-09,7959.1401
2019-08-12,7863.4102
2019-08-13,8016.3599
2019-08-14,7773.9399
2019-08-15,7766.6201
2019-08-16,7895.9902
2019-08-19,8002.8101
2019-08-20,7948.5601
2019-08-21,8020.2100
2019-08-22,7991.3901
2019-08-23,7751.7700
2019-08-26,7853.7402
2019-08-27,7826.9502
2019-08-28,7856.8799
2019-08-29,7973.3901
2019-08-30,7962.8799
2019-09-03,7874.1602
2019-09-04,7976.8799
2019-09-05,8116.8301
2019-09-06,8103.0698
2019-09-09,8087.4399
2019-09-10,8084.1602
2019-09-11,8169.6802
2019-09-12,8194.4697
2019-09-13,8176.7100
2019-09-16,8153.5400
2019-09-17,8186.0200
2019-09-18,8177.3901
2019-09-19,8182.8799
2019-09-20,8117.6699
2019-09-23,8112.4600
2019-09-24,7993.6299
2019-09-25,8077.3799
2019-09-26,8030.6602
2019-09-27,7939.6299
2019-09-30,7999.3398
2019-10-01,7908.6802
2019-10-02,7785.2500
2019-10-03,7872.2598
2019-10-04,7982.4702
2019-10-07,7956.2900
2019-10-08,7823.7798
2019-10-09,7903.7402
2019-10-10,7950.7798
2019-10-11,8057.0400
2019-10-14,8048.6499
2019-10-15,8148.7100
2019-10-16,8124.1802
2019-10-17,8156.8501
2019-10-18,8089.5400
2019-10-21,8162.9902
2019-10-22,8104.2998
2019-10-23,8119.7900
2019-10-24,8185.7998
2019-10-25,8243.1201
2019-10-28,8325.9902
2019-10-29,8276.8496
2019-10-30,8303.9805
2019-10-31,8292.3604
2019-11-01,8386.4004
2019-11-04,8433.2002
2019-11-05,8434.6797
2019-11-06,8410.6299
2019-11-07,8434.5195
2019-11-08,8475.3096
2019-11-11,8464.2803
2019-11-12,8486.0898
2019-11-13,8482.0996
2019-11-14,8479.0195
2019-11-15,8540.8301
2019-11-18,8549.9404
2019-11-19,8570.6602
2019-11-20,8526.7305
2019-11-21,8506.2100
2019-11-22,8519.8799
2019-11-25,8632.4902
2019-11-26,8647.9297
2019-11-27,8705.1797
2019-11-29,8665.4697
2019-12-02,8567.9902
2019-12-03,8520.6396
2019-12-04,8566.6699
2019-12-05,8570.7002
2019-12-06,8656.5303
2019-12-09,8621.8301
2019-12-10,8616.1797
2019-12-11,8654.0498
2019-12-12,8717.3203
2019-12-13,8734.8799
2019-12-16,8814.2305
2019-12-17,8823.3604
2019-12-18,8827.7402
2019-12-19,8887.2197
2019-12-20,8924.9600
2019-12-23,8945.6504
2019-12-24,8952.8799
2019-12-26,9022.3896
2019-12-27,9006.6201
2019-12-30,8945.9902
2019-12-31,8972.5996
2020-01-02,9092.1904
2020-01-03,9020.7695
2020-01-06,9071.4697
2020-01-07,9068.5801
2020-01-08,9129.2402
2020-01-09,9203.4297
2020-01-10,9178.8604
2020-01-13,9273.9297
2020-01-14,9251.3301
2020-01-15,9258.7002
2020-01-16,9357.1299
2020-01-17,9388.9404
2020-01-21,9370.8096
2020-01-22,9383.7695
2020-01-23,9402.4805
2020-01-24,9314.9102
2020-01-27,9139.3096
2020-01-28,9269.6797
2020-01-29,9275.1602
2020-01-30,9298.9297
2020-01-31,9150.9404
2020-02-03,9273.4004
2020-02-04,9467.9697
2020-02-05,9508.6797
2020-02-06,9572.1504
2020-02-07,9520.5098
2020-02-10,9628.3896
2020-02-11,9638.9404
2020-02-12,9725.9600
2020-02-13,9711.9697
2020-02-14,9731.1797
2020-02-18,9732.7402
2020-02-19,9817.1797
2020-02-20,9750.9697
2020-02-21,9576.5898
2020-02-24,9221.2803
2020-02-25,8965.6104
2020-02-26,8980.7803
2020-02-27,8566.4805
2020-02-28,8567.3701
2020-03-02,8952.1699
2020-03-03,8684.0898
2020-03-04,9018.0898
2020-03-05,8738.5898
2020-03-06,8575.6201
2020-03-09,7950.6802
2020-03-10,8344.2500
2020-03-11,7952.0498
2020-03-12,7201.7998
2020-03-13,7874.8799
2020-03-16,6904.5898
2020-03-17,7334.7798
2020-03-18,6989.8398
2020-03-19,7150.5801
2020-03-20,6879.5200
2020-03-23,6860.6699
2020-03-24,7417.8599
2020-03-25,7384.2998
2020-03-26,7797.5400
2020-03-27,7502.3799
2020-03-30,7774.1499
2020-03-31,7700.1001
2020-04-01,7360.5801
2020-04-02,7487.3101
2020-04-03,7373.0801
2020-04-06,7913.2402
2020-04-07,7887.2598
2020-04-08,8090.8999
2020-04-09,8153.5801
2020-04-13,8192.4199
2020-04-14,8515.7402
2020-04-15,8393.1797
2020-04-16,8532.3604
2020-04-17,8650.1396
2020-04-20,8560.7305
2020-04-21,8263.2305
2020-04-22,8495.3799
2020-04-23,8494.7500
2020-04-24,8634.5195
2020-04-27,8730.1602
2020-04-28,8607.7305
2020-04-29,8914.7100
2020-04-30,8889.5498
2020-05-01,8604.9502
2020-05-04,8710.7100
2020-05-05,8809.1201
2020-05-06,8854.3896
2020-05-07,8979.6602
2020-05-08,9121.3203
2020-05-11,9192.3398
2020-05-12,9002.5498
2020-05-13,8863.1699
2020-05-14,8943.7197
2020-05-15,9014.5596
2020-05-18,9234.8301
2020-05-19,9185.0996
2020-05-20,9375.7803
2020-05-21,9284.8799
2020-05-22,9324.5898
2020-05-26,9340.2197
2020-05-27,9412.3604
2020-05-28,9368.9902
2020-05-29,9489.8701
2020-06-01,9552.0498
2020-06-02,9608.3799
2020-06-03,9682.9102
2020-06-04,9615.8096
2020-06-05,9814.0801
2020-06-08,9924.7500
2020-06-09,9953.7500
2020-06-10,10020.3496
2020-06-11,9492.7305
2020-06-12,9588.8096
2020-06-15,9726.0195
2020-06-16,9895.8701
2020-06-17,9910.5303
2020-06-18,9943.0498
2020-06-19,9946.1201
2020-06-22,10056.4805
2020-06-23,10131.3701
2020-06-24,9909.1699
2020-06-25,10017.0000
2020-06-26,9757.2197
2020-06-29,9874.1504
2020-06-30,10058.7695
2020-07-01,10154.6299
2020-07-02,10207.6299
2020-07-06,10433.6504
2020-07-07,10343.8896
2020-07-08,10492.5000
2020-07-09,10547.7500
2020-07-10,10617.4404
2020-07-13,10390.8398
2020-07-14,10488.5801
2020-07-15,10550.4902
2020-07-16,10473.8301
2020-07-17,10503.1904
2020-07-20,10767.0898
2020-07-21,10680.3604
2020-07-22,10706.1299
2020-07-23,10461.4199
2020-07-24,10363.1797
2020-07-27,10536.2695
2020-07-28,10402.0898
2020-07-29,10542.9404
2020-07-30,10587.8096
2020-07-31,10745.2695
2020-08-03,10902.7998
2020-08-04,10941.1699
2020-08-05,10998.4004
2020-08-06,11108.0703
2020-08-07,11010.9805
2020-08-10,10968.3604
2020-08-11,10782.8203
2020-08-12,11012.2402
2020-08-13,11042.5000
2020-08-14,11019.2998
2020-08-17,11129.7305
2020-08-18,11210.8398
2020-08-19,11146.4600
2020-08-20,11264.9502
2020-08-21,11311.7998
2020-08-24,11379.7197
2020-08-25,11466.4697
2020-08-26,11665.0596
2020-08-27,11625.3398
2020-08-28,11695.6299
2020-08-31,11775.4600
2020-09-01,11939.6699
2020-09-02,12056.4404
2020-09-03,11458.0996
2020-09-04,11313.1299
2020-09-08,10847.6904
2020-09-09,11141.5596
2020-09-10,10919.5898
2020-09-11,10853.5498
2020-09-14,11056.6504
2020-09-15,11190.3203
2020-09-16,11050.4697
2020-09-17,10910.2803
2020-09-18,10793.2803
2020-09-21,10778.7998
2020-09-22,10963.6396
2020-09-23,10632.9902
2020-09-24,10672.2695
2020-09-25,10913.5596
2020-09-28,11117.5303
2020-09-29,11085.2500
2020-09-30,11167.5098
2020-10-01,11326.5098
2020-10-02,11075.0195
2020-10-05,11332.4902
2020-10-06,11154.5996
2020-10-07,11364.5996
2020-10-08,11420.9805
2020-10-09,11579.9404
2020-10-12,11876.2598
2020-10-13,11863.9004
2020-10-14,11768.7305
2020-10-15,11713.8701
2020-10-16,11671.5596
2020-10-19,11478.8799
2020-10-20,11516.4902
2020-10-21,11484.6904
2020-10-22,11506.0098
2020-10-23,11548.2803
2020-10-26,11358.9404
2020-10-27,11431.3496
2020-10-28,11004.8701
2020-10-29,11185.5898
2020-10-30,10911.5898
2020-11-02,10957.6104
2020-11-03,11160.5703
2020-11-04,11590.7803
2020-11-05,11890.9297
2020-11-06,11895.2305
2020-11-09,11713.7803
2020-11-10,11553.8604
2020-11-11,11786.4297
2020-11-12,11709.5898
2020-11-13,11829.2900
2020-11-16,11924.1299
2020-11-17,11899.3398
2020-11-18,11801.5996
2020-11-19,11904.7100
2020-11-20,11854.9697
2020-11-23,11880.6299
2020-11-24,12036.7900
2020-11-25,12094.4004
2020-11-27,12205.8496
2020-11-30,12198.7402
2020-12-01,12355.1104
2020-12-02,12349.3701
2020-12-03,12377.1797
2020-12-04,12464.2305
2020-12-07,12519.9502
2020-12-08,12582.7695
2020-12-09,12338.9502
2020-12-10,12405.8096
2020-12-11,12377.8701
2020-12-14,12440.0400
2020-12-15,12595.0596
2020-12-16,12658.1904
2020-12-17,12764.7500
2020-12-18,12755.6396
2020-12-21,12742.5195
2020-12-22,12807.9199
2020-12-23,12771.1104
2020-12-24,12804.7305
2020-12-28,12899.4199
2020-12-29,12850.2197
2020-12-30,12870.0000
2020-12-31,12888.2803
2021-01-04,12698.4502
2021-01-05,12818.9600
2021-01-06,12740.7900
2021-01-07,13067.4805
2021-01-08,13201.9805
2021-01-11,13036.4297
2021-01-12,13072.4297
2021-01-13,13128.9502
2021-01-14,13112.6396
2021-01-15,12998.5000
2021-01-19,13197.1797
2021-01-20,13457.2500
2021-01-21,13530.9102
2021-01-22,13543.0596
2021-01-25,13635.9902
2021-01-26,13626.0596
2021-01-27,13270.5996
2021-01-28,13337.1602
2021-01-29,13070.6904
2021-02-01,13403.3896
2021-02-02,13612.7803
2021-02-03,13610.5400
2021-02-04,13777.7402
2021-02-05,13856.2998
2021-02-08,13987.6396
2021-02-09,14007.7002
2021-02-10,13972.5303
2021-02-11,14025.7695
2021-02-12,14095.4697
2021-02-16,14047.5000
2021-02-17,13965.4902
2021-02-18,13865.3604
2021-02-19,13874.4600
2021-02-22,13533.0498
2021-02-23,13465.2002
2021-02-24,13597.9697
2021-02-25,13119.4297
2021-02-26,13192.3496
2021-03-01,13588.8301
2021-03-02,13358.7900
2021-03-03,12997.7500
2021-03-04,12723.4697
2021-03-05,12920.1504
2021-03-08,12609.1602
2021-03-09,13073.8203
2021-03-10,13068.8301
2021-03-11,13398.6699
2021-03-12,13319.8604
2021-03-15,13459.7100
2021-03-16,13471.5703
2021-03-17,13525.2002
2021-03-18,13116.1699
2021-03-19,13215.2402
2021-03-22,13377.5400
2021-03-23,13227.7002
2021-03-24,12961.8896
2021-03-25,12977.6797
2021-03-26,13138.7305
2021-03-29,13059.6504
2021-03-30,13045.3896
2021-03-31,13246.8701
2021-04-01,13480.1104
2021-04-05,13705.5898
2021-04-06,13698.3799
2021-04-07,13688.8398
2021-04-08,13829.3096
2021-04-09,13900.1904
2021-04-12,13850.0000
2021-04-13,13996.0996
2021-04-14,13857.8398
2021-04-15,14038.7598
2021-04-16,14052.3398
2021-04-19,13914.7695
2021-04-20,13786.2695
2021-04-21,13950.2197
2021-04-22,13818.4102
2021-04-23,14016.8096
2021-04-26,14138.7803
2021-04-27,14090.2197
2021-04-28,14051.0303
2021-04-29,14082.5498
2021-04-30,13962.6797
2021-05-03,13895.1201
2021-05-04,13633.5000
2021-05-05,13582.4199
2021-05-06,13632.8398
2021-05-07,13752.2402
2021-05-10,13401.8604
2021-05-11,13389.4297
2021-05-12,13031.6797
2021-05-13,13124.9902
2021-05-14,13429.9805
2021-05-17,13379.0498
2021-05-18,13303.6396
2021-05-19,13299.7402
2021-05-20,13535.7402
2021-05-21,13470.9902
2021-05-24,13661.1699
2021-05-25,13657.1699
2021-05-26,13738.0000
2021-05-27,13736.2803
2021-05-28,13748.7402
2021-06-01,13736.4805
2021-06-02,13756.3301
2021-06-03,13614.5098
2021-06-04,13814.4902
2021-06-07,13881.7197
2021-06-08,13924.9102
2021-06-09,13911.7500
2021-06-10,14020.3301
2021-06-11,14069.4199
2021-06-14,14174.1396
2021-06-15,14072.8604
2021-06-16,14039.6797
2021-06-17,14161.3496
2021-06-18,14030.3799
2021-06-21,14141.4805
2021-06-22,14253.2695
2021-06-23,14271.7305
2021-06-24,14369.7100
2021-06-25,14360.3896
2021-06-28,14500.5098
2021-06-29,14528.3301
2021-06-30,14503.9502
2021-07-01,14522.3799
2021-07-02,14639.3301
2021-07-06,14663.6396
2021-07-07,14665.0596
2021-07-08,14559.7803
2021-07-09,14701.9199
2021-07-12,14733.2402
2021-07-13,14677.6504
2021-07-14,14644.9502
2021-07-15,14543.1299
2021-07-16,14427.2402
2021-07-19,14274.9805
2021-07-20,14498.8799
2021-07-21,14631.9502
2021-07-22,14684.5996
2021-07-23,14836.9902
2021-07-26,14840.7100
2021-07-27,14660.5801
2021-07-28,14762.5801
2021-07-29,14778.2598
2021-07-30,14672.6797
2021-08-02,14681.0703
2021-08-03,14761.2900
2021-08-04,14780.5303
2021-08-05,14895.1201
2021-08-06,14835.7598
2021-08-09,14860.1797
2021-08-10,14788.0898
2021-08-11,14765.1396
2021-08-12,14816.2598
2021-08-13,14822.9004
2021-08-16,14793.7598
2021-08-17,14656.1797
2021-08-18,14525.9102
2021-08-19,14541.7900
2021-08-20,14714.6602
2021-08-23,14942.6504
2021-08-24,15019.7998
2021-08-25,15041.8604
2021-08-26,14945.8096
2021-08-27,15129.5000
2021-08-30,15265.8896
2021-08-31,15259.2402
2021-09-01,15309.3799
2021-09-02,15331.1797
2021-09-03,15363.5195
2021-09-07,15374.3301
2021-09-08,15286.6396
2021-09-09,15248.2500
2021-09-10,15115.4902
2021-09-13,15105.5801
2021-09-14,15037.7598
2021-09-15,15161.5303
2021-09-16,15181.9199
2021-09-17,15043.9697
2021-09-20,14713.9004
2021-09-21,14746.4004
2021-09-22,14896.8496
2021-09-23,15052.2402
2021-09-24,15047.7002
2021-09-27,14969.9697
2021-09-28,14546.6797
2021-09-29,14512.4404
2021-09-30,14448.5801
2021-10-01,14566.7002
2021-10-04,14255.4805
2021-10-05,14433.8301
2021-10-06,14501.9102
2021-10-07,14654.0195
2021-10-08,14579.5400
2021-10-11,14486.2002
2021-10-12,14465.9199
2021-10-13,14571.6396
2021-10-14,14823.4297
2021-10-15,14897.3398
2021-10-18,15021.8096
2021-10-19,15129.0898
2021-10-20,15121.6797
2021-10-21,15215.7002
2021-10-22,15090.2002
2021-10-25,15226.7100
2021-10-26,15235.7100
2021-10-27,15235.8398
2021-10-28,15448.1201
2021-10-29,15498.3896
2021-11-01,15595.9199
2021-11-02,15649.5996
2021-11-03,15811.5801
2021-11-04,15940.3096
2021-11-05,15971.5898
2021-11-08,15982.3604
2021-11-09,15886.5400
2021-11-10,15622.7100
2021-11-11,15704.2803
2021-11-12,15860.9600
2021-11-15,15853.8496
2021-11-16,15973.8604
2021-11-17,15921.5703
2021-11-18,15993.7100
2021-11-19,16057.4404
2021-11-22,15854.7598
2021-11-23,15775.1396
2021-11-24,15845.2305
2021-11-26,15491.6602
2021-11-29,15782.8301
2021-11-30,15537.6904
2021-12-01,15254.0498
2021-12-02,15381.3203
2021-12-03,15085.4697
2021-12-06,15225.1504
2021-12-07,15686.9199
2021-12-08,15786.9902
2021-12-09,15517.3701
2021-12-10,15630.5996
2021-12-13,15413.2803
2021-12-14,15237.6396
2021-12-15,15565.5801
2021-12-16,15180.4297
2021-12-17,15169.6797
2021-12-20,14980.9404
2021-12-21,15341.0898
2021-12-22,15521.8896
2021-12-23,15653.3701
2021-12-27,15871.2598
2021-12-28,15781.7197
2021-12-29,15766.2197
2021-12-30,15741.5596
2021-12-31,15644.9697
2022-01-03,15832.7998
2022-01-04,15622.7197
2022-01-05,15100.1699
2022-01-06,15080.8604
2022-01-07,14935.9004
2022-01-10,14942.8301
2022-01-11,15153.4502
2022-01-12,15188.3896
2022-01-13,14806.8096
2022-01-14,14893.7500
2022-01-18,14506.9004
2022-01-19,14340.2598
2022-01-20,14154.0195
2022-01-21,13768.9199
2022-01-24,13855.1299
2022-01-25,13539.2900
2022-01-26,13542.1201
2022-01-27,13352.7803
2022-01-28,13770.5703
2022-01-31,14239.8799
2022-02-01,14346.0000
2022-02-02,14417.5498
2022-02-03,13878.8203
2022-02-04,14098.0098
2022-02-07,14015.6699
2022-02-08,14194.4502
2022-02-09,14490.3701
2022-02-10,14185.6396
2022-02-11,13791.1504
2022-02-14,13790.9199
2022-02-15,14139.7598
2022-02-16,14124.0898
2022-02-17,13716.7197
2022-02-18,13548.0703
2022-02-22,13381.5195
2022-02-23,13037.4902
2022-02-24,13473.5898
2022-02-25,13694.6201
2022-02-28,13751.4004
2022-03-01,13532.4600
2022-03-02,13752.0195
2022-03-03,13537.9404
2022-03-04,13313.4404
2022-03-07,12830.9600
2022-03-08,12795.5498
2022-03-09,13255.5498
2022-03-10,13129.9600
2022-03-11,12843.8096
2022-03-14,12581.2197
2022-03-15,12948.6201
2022-03-16,13436.5498
2022-03-17,13614.7803
2022-03-18,13893.8398
2022-03-21,13838.4600
2022-03-22,14108.8203
2022-03-23,13922.5996
2022-03-24,14191.8398
2022-03-25,14169.2998
2022-03-28,14354.9004
2022-03-29,14619.6396
2022-03-30,14442.2695
2022-03-31,14220.5195
2022-04-01,14261.5000
2022-04-04,14532.5498
2022-04-05,14204.1699
2022-04-06,13888.8203
2022-04-07,13897.2998
2022-04-08,13711.0000
2022-04-11,13411.9600
2022-04-12,13371.5703
2022-04-13,13643.5898
2022-04-14,13351.0801
2022-04-18,13332.3604
2022-04-19,13619.6602
2022-04-20,13453.0703
2022-04-21,13174.6504
2022-04-22,12839.2900
2022-04-25,13004.8496
2022-04-26,12490.7402
2022-04-27,12488.9297
2022-04-28,12871.5303
2022-04-29,12334.6396
2022-05-02,12536.0195
2022-05-03,12563.7598
2022-05-04,12964.8604
2022-05-05,12317.6904
2022-05-06,12144.6602
2022-05-09,11623.2500
2022-05-10,11737.6699
2022-05-11,11364.2402
2022-05-12,11370.9600
2022-05-13,11805.0000
2022-05-16,11662.7900
2022-05-17,11984.5195
2022-05-18,11418.1504
2022-05-19,11388.5000
2022-05-20,11354.6201
2022-05-23,11535.2695
2022-05-24,11264.4502
2022-05-25,11434.7402
2022-05-26,11740.6504
2022-05-27,12131.1299
2022-05-31,12081.3896
2022-06-01,11994.4600
2022-06-02,12316.9004
2022-06-03,12012.7305
2022-06-06,12061.3701
2022-06-07,12175.2305
2022-06-08,12086.2695
2022-06-09,11754.2305
2022-06-10,11340.0195
2022-06-13,10809.2305
2022-06-14,10828.3496
2022-06-15,11099.1504
2022-06-16,10646.0996
2022-06-17,10798.3496
2022-06-21,11069.2998
2022-06-22,11053.0801
2022-06-23,11232.1904
2022-06-24,11607.6201
2022-06-27,11524.5498
2022-06-28,11181.5400
2022-06-29,11177.8896
2022-06-30,11028.7402
2022-07-01,11127.8496
2022-07-05,11322.2402
2022-07-06,11361.8496
2022-07-07,11621.3496
2022-07-08,11635.3096
2022-07-11,11372.5996
2022-07-12,11264.7305
2022-07-13,11247.5801
2022-07-14,11251.1904
2022-07-15,11452.4199
2022-07-18,11360.0498
2022-07-19,11713.1504
2022-07-20,11897.6504
2022-07-21,12059.6104
2022-07-22,11834.1104
2022-07-25,11782.6699
2022-07-26,11562.5703
2022-07-27,12032.4199
2022-07-28,12162.5898
2022-07-29,12390.6904
2022-08-01,12368.9805
2022-08-02,12348.7598
2022-08-03,12668.1602
2022-08-04,12720.5801
2022-08-05,12657.5498
2022-08-08,12644.4600
2022-08-09,12493.9297
2022-08-10,12854.7998
2022-08-11,12779.9102
2022-08-12,13047.1904
2022-08-15,13128.0498
2022-08-16,13102.5498
2022-08-17,12938.1201
2022-08-18,12965.3398
2022-08-19,12705.2197
2022-08-22,12381.5703
2022-08-23,12381.2998
2022-08-24,12431.5303
2022-08-25,12639.2695
2022-08-26,12141.7100
2022-08-29,12017.6699
2022-08-30,11883.1396
2022-08-31,11816.2002
2022-09-01,11785.1299
2022-09-02,11630.8604
2022-09-06,11544.9102
2022-09-07,11791.9004
2022-09-08,11862.1299
2022-09-09,12112.3096
2022-09-12,12266.4102
2022-09-13,11633.5703
2022-09-14,11719.6797
2022-09-15,11552.3604
2022-09-16,11448.4004
2022-09-19,11535.0195
2022-09-20,11425.0498
2022-09-21,11220.1904
2022-09-22,11066.8096
2022-09-23,10867.9297
2022-09-26,10802.9199
2022-09-27,10829.5000
2022-09-28,11051.6396
2022-09-29,10737.5098
2022-09-30,10575.6201
2022-10-03,10815.4297
2022-10-04,11176.4102
2022-10-05,11148.6396
2022-10-06,11073.3096
2022-10-07,10652.4004
2022-10-10,10542.0996
2022-10-11,10426.1904
2022-10-12,10417.0996
2022-10-13,10649.1504
2022-10-14,10321.3896
2022-10-17,10675.7998
2022-10-18,10772.4004
2022-10-19,10680.5098
2022-10-20,10614.8398
2022-10-21,10859.7197
2022-10-24,10952.6104
2022-10-25,11199.1201
2022-10-26,10970.9902
2022-10-27,10792.6699
2022-10-28,11102.4502
2022-10-31,10988.1504
2022-11-01,10890.8496
2022-11-02,10524.7998
2022-11-03,10342.9404
2022-11-04,10475.2500
2022-11-07,10564.5195
2022-11-08,10616.2002
2022-11-09,10353.1699
2022-11-10,11114.1504
2022-11-11,11323.3301
2022-11-14,11196.2197
2022-11-15,11358.4102
2022-11-16,11183.6602
2022-11-17,11144.9600
2022-11-18,11146.0596
2022-11-21,11024.5098
2022-11-22,11174.4102
2022-11-23,11285.3203
2022-11-25,11226.3604
2022-11-28,11049.5000
2022-11-29,10983.7803
2022-11-30,11468.0000
2022-12-01,11482.4502
2022-12-02,11461.5000
2022-12-05,11239.9404
2022-12-06,11014.8896
2022-12-07,10958.5498
2022-12-08,11082.0000
2022-12-09,11004.6201
2022-12-12,11143.7402
2022-12-13,11256.8096
2022-12-14,11170.8896
2022-12-15,10810.5303
2022-12-16,10705.4102
2022-12-19,10546.0303
2022-12-20,10547.1104
2022-12-21,10709.3701
2022-12-22,10476.1201
2022-12-23,10497.8604
2022-12-27,10353.2305
2022-12-28,10213.2900
2022-12-29,10478.0898
2022-12-30,10466.4805
2023-01-03,10386.9805
2023-01-04,10458.7598
2023-01-05,10305.2402
2023-01-06,10569.2900
2023-01-09,10635.6504
2023-01-10,10742.6299
2023-01-11,10931.6699
2023-01-12,11001.0996
2023-01-13,11079.1602
2023-01-17,11095.1104
2023-01-18,10957.0098
2023-01-19,10852.2695
2023-01-20,11140.4297
2023-01-23,11364.4102
2023-01-24,11334.2695
2023-01-25,11313.3604
2023-01-26,11512.4102
2023-01-27,11621.7100
2023-01-30,11393.8096
2023-01-31,11584.5498
2023-02-01,11816.3203
2023-02-02,12200.8203
2023-02-03,12006.9502
2023-02-06,11887.4502
2023-02-07,12113.7900
2023-02-08,11910.5195
2023-02-09,11789.5801
2023-02-10,11718.1201
2023-02-13,11891.7900
2023-02-14,11960.1504
2023-02-15,12070.5898
2023-02-16,11855.8301
2023-02-17,11787.2695
2023-02-21,11492.2998
2023-02-22,11507.0703
2023-02-23,11590.4004
2023-02-24,11394.9404
2023-02-27,11466.9805
2023-02-28,11455.5400
2023-03-01,11379.4805
2023-03-02,11462.9805
2023-03-03,11689.0098
2023-03-06,11675.7402
2023-03-07,11530.3301
2023-03-08,11576.0000
2023-03-09,11338.3496
2023-03-10,11138.8896
2023-03-13,11188.8398
2023-03-14,11428.1504
2023-03-15,11434.0498
2023-03-16,11717.2803
2023-03-17,11630.5098
2023-03-20,11675.5400
2023-03-21,11860.1104
2023-03-22,11669.9600
2023-03-23,11787.4004
2023-03-24,11823.9600
2023-03-27,11768.8398
2023-03-28,11716.0801
2023-03-29,11926.2402
2023-03-30,12013.4697
2023-03-31,12221.9102
2023-04-03,12189.4502
2023-04-04,12126.3301
2023-04-05,11996.8604
2023-04-06,12087.9600
2023-04-10,12084.3604
2023-04-11,12031.8799
2023-04-12,11929.3398
2023-04-13,12166.2695
2023-04-14,12123.4697
2023-04-17,12157.7197
2023-04-18,12153.4102
2023-04-19,12157.2305
2023-04-20,12059.5596
2023-04-21,12072.4600
2023-04-24,12037.2002
2023-04-25,11799.1602
2023-04-26,11854.3496
2023-04-27,12142.2402
2023-04-28,12226.5801
2023-05-01,12212.5996
2023-05-02,12080.5098
2023-05-03,12025.3301
2023-05-04,11966.4004
2023-05-05,12235.4102
2023-05-08,12256.9199
2023-05-09,12179.5498
2023-05-10,12306.4404
2023-05-11,12328.5098
2023-05-12,12284.7402
2023-05-15,12365.2100
2023-05-16,12343.0498
2023-05-17,12500.5703
2023-05-18,12688.8398
2023-05-19,12657.9004
2023-05-22,12720.7803
2023-05-23,12560.2500
2023-05-24,12484.1602
2023-05-25,12698.0898
2023-05-26,12975.6904
2023-05-30,13017.4297
2023-05-31,12935.2900
2023-06-01,13100.9805
2023-06-02,13240.7695
2023-06-05,13229.4297
2023-06-06,13276.4199
2023-06-07,13104.9004
2023-06-08,13238.5195
2023-06-09,13259.1396
2023-06-12,13461.9199
2023-06-13,13573.3203
2023-06-14,13626.4805
2023-06-15,13782.8203
2023-06-16,13689.5703
2023-06-20,13667.2900
2023-06-21,13502.2002
2023-06-22,13630.6104
2023-06-23,13492.5195
2023-06-26,13335.7803
2023-06-27,13555.6699
2023-06-28,13591.7500
2023-06-29,13591.3301
2023-06-30,13787.9199
2023-07-03,13816.7695
2023-07-05,13791.6504
2023-07-06,13679.0400
2023-07-07,13660.7197
2023-07-10,13685.4805
2023-07-11,13760.7002
2023-07-12,13918.9600
2023-07-13,14138.5703
2023-07-14,14113.7002
2023-07-17,14244.9502
2023-07-18,14353.6396
2023-07-19,14358.0195
2023-07-20,14063.3096
2023-07-21,14032.8096
2023-07-24,14058.8701
2023-07-25,14144.5596
2023-07-26,14127.2803
2023-07-27,14050.1104
2023-07-28,14316.6602
2023-07-31,14346.0195
2023-08-01,14283.9102
2023-08-02,13973.4502
2023-08-03,13959.7197
2023-08-04,13909.2402
2023-08-07,13994.4004
2023-08-08,13884.3203
2023-08-09,13722.0195
2023-08-10,13737.9902
2023-08-11,13644.8496
2023-08-14,13788.3301
2023-08-15,13631.0498
2023-08-16,13474.6299
2023-08-17,13316.9297
2023-08-18,13290.7803
2023-08-21,13497.5898
2023-08-22,13505.8701
2023-08-23,13721.0303
2023-08-24,13463.9697
2023-08-25,13590.6504
2023-08-28,13705.1299
2023-08-29,13943.7598
2023-08-30,14019.3096
2023-08-31,14034.9697
2023-09-01,14031.8096
2023-09-05,14020.9502
2023-09-06,13872.4697
2023-09-07,13748.8301
2023-09-08,13761.5303
2023-09-11,13917.8896
2023-09-12,13773.6104
2023-09-13,13813.5898
2023-09-14,13926.0498
2023-09-15,13708.3301
2023-09-18,13710.2402
2023-09-19,13678.1904
2023-09-20,13469.1299
2023-09-21,13223.9805
2023-09-22,13211.8096
2023-09-25,13271.3203
2023-09-26,13063.6104
2023-09-27,13092.8496
2023-09-28,13201.2803
2023-09-29,13219.3203
2023-10-02,13307.7695
2023-10-03,13059.4697
2023-10-04,13236.0098
2023-10-05,13219.8301
2023-10-06,13431.3398
2023-10-09,13484.2402
2023-10-10,13562.8398
2023-10-11,13659.6797
2023-10-12,13574.2197
2023-10-13,13407.2305
2023-10-16,13567.9805
2023-10-17,13533.7500
2023-10-18,13314.2998
2023-10-19,13186.1797
2023-10-20,12983.8096
2023-10-23,13018.3301
2023-10-24,13139.8701
2023-10-25,12821.2197
2023-10-26,12595.6104
2023-10-27,12643.0098
2023-10-30,12789.4805
2023-10-31,12851.2402
2023-11-01,13061.4697
2023-11-02,13294.1904
2023-11-03,13478.2803
2023-11-06,13518.7803
2023-11-07,13639.8604
2023-11-08,13650.4102
2023-11-09,13521.4502
2023-11-10,13798.1104
2023-11-13,13767.7402
2023-11-14,14094.3799
2023-11-15,14103.8398
2023-11-16,14113.6699
2023-11-17,14125.4805
2023-11-20,14284.5303
2023-11-21,14199.9805
2023-11-22,14265.8604
2023-11-24,14250.8496
2023-11-27,14241.0195
2023-11-28,14281.7598
2023-11-29,14258.4902
2023-11-30,14226.2197
2023-12-01,14305.0303
2023-12-04,14185.4902
2023-12-05,14229.9102
2023-12-06,14146.7100
2023-12-07,14339.9902
2023-12-08,14403.9697
2023-12-11,14432.4902
2023-12-12,14533.4004
2023-12-13,14733.9600
2023-12-14,14761.5596
2023-12-15,14813.9199
2023-12-18,14904.8096
2023-12-19,15003.2197
2023-12-20,14777.9404
2023-12-21,14963.8701
2023-12-22,14992.9697
2023-12-26,15074.5703
2023-12-27,15099.1797
2023-12-28,15095.1396
2023-12-29,15011.3496
2024-01-02,14765.9404
2024-01-03,14592.2100
2024-01-04,14510.2998
2024-01-05,14524.0703
2024-01-08,14843.7695
2024-01-09,14857.7100
2024-01-10,14969.6504
2024-01-11,14970.1904
2024-01-12,14972.7598
2024-01-16,14944.3496
2024-01-17,14855.6201
2024-01-18,15055.6504
2024-01-19,15310.9697
2024-01-22,15360.2900
2024-01-23,15425.9404
2024-01-24,15481.9199
2024-01-25,15510.5000
2024-01-26,15455.3604
2024-01-29,15628.0400
2024-01-30,15509.9004
2024-01-31,15164.0098
2024-02-01,15361.6396
2024-02-02,15628.9502
2024-02-05,15597.6797
2024-02-06,15609.0000
2024-02-07,15756.6396
2024-02-08,15793.7100
2024-02-09,15990.6602
2024-02-12,15942.5498
2024-02-13,15655.5996
2024-02-14,15859.1504
2024-02-15,15906.1699
2024-02-16,15775.6504
2024-02-20,15630.7803
2024-02-21,15580.8701
2024-02-22,16041.6201
2024-02-23,15996.8203
2024-02-26,15976.2500
2024-02-27,16035.2998
2024-02-28,15947.7402
2024-02-29,16091.9199
2024-03-01,16274.9404
2024-03-04,16207.5098
2024-03-05,15939.5898
2024-03-06,16031.5400
2024-03-07,16273.3799
2024-03-08,16085.1104
2024-03-11,16019.2695
2024-03-12,16265.6396
2024-03-13,16177.7695
2024-03-14,16128.5303
2024-03-15,15973.1699
2024-03-18,16103.4502
2024-03-19,16166.7900
2024-03-20,16369.4102
2024-03-21,16401.8398
2024-03-22,16428.8203
2024-03-25,16384.4707
2024-03-26,16315.7002
2024-03-27,16399.5195
2024-03-28,16379.4600
2024-04-01,16396.8301
2024-04-02,16240.4502
2024-04-03,16277.4600
2024-04-04,16049.0801
2024-04-05,16248.5195
2024-04-08,16253.9600
2024-04-09,16306.6396
2024-04-10,16170.3604
2024-04-11,16442.1992
2024-04-12,16175.0898
2024-04-15,15885.0195
2024-04-16,15865.2500
2024-04-17,15683.3701
2024-04-18,15601.5000
2024-04-19,15282.0098
2024-04-22,15451.3096
2024-04-23,15696.6396
2024-04-24,15712.7500
2024-04-25,15611.7598
2024-04-26,15927.9004
2024-04-29,15983.0801
2024-04-30,15657.8203
2024-05-01,15605.4805
2024-05-02,15840.9600
2024-05-03,16156.3301
2024-05-06,16349.2500
2024-05-07,16332.5596
2024-05-08,16302.7598
2024-05-09,16346.2598
2024-05-10,16340.8701
2024-05-13,16388.2402
2024-05-14,16511.1797
2024-05-15,16742.3906
2024-05-16,16698.3203
2024-05-17,16685.9707
2024-05-20,16794.8691
2024-05-21,16832.6191
2024-05-22,16801.5391
2024-05-23,16736.0293
2024-05-24,16920.7891
2024-05-28,17019.8809
2024-05-29,16920.5801
2024-05-30,16737.0801
2024-05-31,16735.0195
2024-06-03,16828.6699
2024-06-04,16857.0508
2024-06-05,17187.9004
2024-06-06,17173.1191
2024-06-07,17133.1309
2024-06-10,17192.5293
2024-06-11,17343.5508
2024-06-12,17608.4395
2024-06-13,17667.5605
2024-06-14,17688.8809
2024-06-17,17857.0195
2024-06-18,17862.2305
2024-06-20,17721.5898
2024-06-21,17689.3594
2024-06-24,17496.8203
2024-06-25,17717.6504
2024-06-26,17805.1602
2024-06-27,17858.6797
2024-06-28,17732.5996
2024-07-01,17879.3008
2024-07-02,18028.7598
2024-07-03,18188.3008
2024-07-05,18352.7598
2024-07-08,18403.7402
2024-07-09,18429.2891
2024-07-10,18647.4492
2024-07-11,18283.4102
2024-07-12,18398.4492
2024-07-15,18472.5703
2024-07-16,18509.3398
2024-07-17,17996.9199
2024-07-18,17871.2207
2024-07-19,17726.9395
2024-07-22,18007.5703
2024-07-23,17997.3496
2024-07-24,17342.4102
2024-07-25,17181.7207
2024-07-26,17357.8809
2024-07-29,17370.1992
2024-07-30,17147.4199
2024-07-31,17599.4004
2024-08-01,17194.1504
2024-08-02,16776.1602
2024-08-05,16200.0801
2024-08-06,16366.8496
2024-08-07,16195.8096
2024-08-08,16660.0195
2024-08-09,16745.3008
2024-08-12,16780.6094
2024-08-13,17187.6094
2024-08-14,17192.5996
2024-08-15,17594.5000
2024-08-16,17631.7207
2024-08-19,17876.7695
2024-08-20,17816.9395
2024-08-21,17918.9902
2024-08-22,17619.3496
2024-08-23,17877.7891
2024-08-26,17725.7695
2024-08-27,17754.8203
2024-08-28,17556.0293
2024-08-29,17516.4297
2024-08-30,17713.6191
2024-09-03,17136.3008
2024-09-04,17084.3008
2024-09-05,17127.6602
2024-09-06,16690.8301
2024-09-09,16884.5996
2024-09-10,17025.8809
2024-09-11,17395.5293
2024-09-12,17569.6797
2024-09-13,17683.9805
2024-09-16,17592.1309
2024-09-17,17628.0605
2024-09-18,17573.3008
2024-09-19,18013.9805
2024-09-20,17948.3203
2024-09-23,17974.2695
2024-09-24,18074.5195
2024-09-25,18082.2109
2024-09-26,18190.2891
2024-09-27,18119.5898
2024-09-30,18189.1699
2024-10-01,17910.3594
2024-10-02,17925.1191
2024-10-03,17918.4805
2024-10-04,18137.8496
2024-10-07,17923.9004
2024-10-08,18182.9199
2024-10-09,18291.6191
2024-10-10,18282.0508
2024-10-11,18342.9395
2024-10-14,18502.6895
2024-10-15,18315.5898
2024-10-16,18367.0801
2024-10-17,18373.6094
2024-10-18,18489.5508
2024-10-21,18540.0098
2024-10-22,18579.7695
2024-10-23,18276.6504
2024-10-24,18415.4902
2024-10-25,18518.6094
2024-10-28,18567.1895
2024-10-29,18712.7500
2024-10-30,18607.9297
2024-10-31,18095.1504
2024-11-01,18239.9199
2024-11-04,18179.9805
2024-11-05,18439.1699
2024-11-06,18983.4707
2024-11-07,19269.4609
2024-11-08,19286.7793
2024-11-11,19298.7598
2024-11-12,19281.4004
2024-11-13,19230.7207
2024-11-14,19107.6504
2024-11-15,18680.1191
2024-11-18,18791.8105
2024-11-19,18987.4707
2024-11-20,18966.1406
2024-11-21,18972.4199
2024-11-22,19003.6504
2024-11-25,19054.8398
2024-11-26,19174.3008
2024-11-27,19060.4805
2024-11-29,19218.1699
2024-12-02,19403.9492
2024-12-03,19480.9102
2024-12-04,19735.1191
2024-12-05,19700.2598
2024-12-06,19859.7695
2024-12-09,19736.6895
2024-12-10,19687.2402
2024-12-11,20034.8906
2024-12-12,19902.8398
2024-12-13,19926.7207
2024-12-16,20173.8906
2024-12-17,20109.0605
2024-12-18,19392.6895
2024-12-19,19372.7695
2024-12-20,19572.5996
2024-12-23,19764.8809
2024-12-24,20031.1309
2024-12-26,20020.3594
2024-12-27,19722.0293
2024-12-30,19486.7891
2024-12-31,19310.7891
2025-01-02,19280.7891
2025-01-03,19621.6797
2025-01-06,19864.9805
2025-01-07,19489.6797
2025-01-08,19478.8809
2025-01-10,19161.6309
2025-01-13,19088.0996
2025-01-14,19044.3906
2025-01-15,19511.2305
2025-01-16,19338.2891
2025-01-17,19630.1992
2025-01-21,19756.7793
2025-01-22,20009.3398
2025-01-23,20053.6797
2025-01-24,19954.3008
2025-01-27,19341.8301
2025-01-28,19733.5898
2025-01-29,19632.3203
2025-01-30,19681.7500
2025-01-31,19627.4395
2025-02-03,19391.9609
2025-02-04,19654.0195
2025-02-05,19692.3301
2025-02-06,19791.9902
2025-02-07,19523.4004
2025-02-10,19714.2695
2025-02-11,19643.8594
2025-02-12,19649.9492
2025-02-13,19945.6406
2025-02-14,20026.7695
2025-02-18,20041.2598
2025-02-19,20056.2500
2025-02-20,19962.3594
2025-02-21,19524.0098
2025-02-24,19286.9297
2025-02-25,19026.3906
2025-02-26,19075.2598
2025-02-27,18544.4199
2025-02-28,18847.2793
2025-03-03,18350.1895
2025-03-04,18285.1602
2025-03-05,18552.7305
2025-03-06,18069.2598
2025-03-07,18196.2207
2025-03-10,17468.3203
2025-03-11,17436.0996
2025-03-12,17648.4492
2025-03-13,17303.0098
2025-03-14,17754.0898
2025-03-17,17808.6602
2025-03-18,17504.1191
2025-03-19,17750.7891
2025-03-20,17691.6309
2025-03-21,17784.0508
2025-03-24,18188.5898
2025-03-25,18271.8594
2025-03-26,17899.0195
2025-03-27,17804.0293
2025-03-28,17322.9902
2025-03-31,17299.2891
2025-04-01,17449.8906
2025-04-02,17601.0508
2025-04-03,16550.6094
2025-04-04,15587.7900
2025-04-07,15603.2598
2025-04-08,15267.9102
2025-04-09,17124.9707
2025-04-10,16387.3105
2025-04-11,16724.4609
2025-04-14,16831.4805
2025-04-15,16823.1699
2025-04-16,16307.1602
2025-04-17,16286.4502
2025-04-21,15870.9004
2025-04-22,16300.4199
2025-04-23,16708.0508
2025-04-24,17166.0391
2025-04-25,17382.9395
2025-04-28,17366.1309
2025-04-29,17461.3203
2025-04-30,17446.3398
2025-05-01,17710.7402
2025-05-02,17977.7305
2025-05-05,17844.2402
2025-05-06,17689.6602
2025-05-07,17738.1602
2025-05-08,17928.1406
2025-05-09,17928.9199
2025-05-12,18708.3398
2025-05-13,19010.0898
2025-05-14,19146.8105
2025-05-15,19112.3203
2025-05-16,19211.0996
2025-05-19,19215.4609
2025-05-20,19142.7109
2025-05-21,18872.6406
2025-05-22,18925.7402
2025-05-23,18737.2109
2025-05-27,19199.1602
2025-05-28,19100.9395
2025-05-29,19175.8691
2025-05-30,19113.7695
2025-06-02,19242.6094
2025-06-03,19398.9609
2025-06-04,19460.4902
2025-06-05,19298.4492
2025-06-06,19529.9492
2025-06-09,19591.2402
2025-06-10,19714.9902
2025-06-11,19615.8809
2025-06-12,19662.4902
2025-06-13,19406.8301
2025-06-16,19701.2109
2025-06-17,19521.0898
2025-06-18,19546.2695
2025-06-20,19447.4102
2025-06-23,19630.9707
2025-06-24,19912.5293
2025-06-25,19973.5508
2025-06-26,20167.9102
2025-06-27,20273.4609
2025-06-30,20369.7305
2025-07-01,20202.8906
2025-07-02,20393.1309
2025-07-03,20601.0996
2025-07-07,20412.5195
2025-07-08,20418.4609
2025-07-09,20611.3398
2025-07-10,20630.6602
2025-07-11,20585.5293
2025-07-14,20640.3301
2025-07-15,20677.8008
2025-07-16,20730.4902
2025-07-17,20885.6504
2025-07-18,20895.6504
2025-07-21,20974.1797
2025-07-22,20892.6895
2025-07-23,21020.0195
2025-07-24,21057.9609
2025-07-25,21108.3203
2025-07-28,21178.5801
2025-07-29,21098.2891
2025-07-30,21129.6699
2025-07-31,21122.4492
2025-08-01,20650.1309
2025-08-04,21053.5801
2025-08-05,20916.5508
2025-08-06,21169.4199
2025-08-07,21242.6992
2025-08-08,21450.0195
2025-08-11,21385.4004
2025-08-12,21681.9004
2025-08-13,21713.1406
2025-08-14,21710.6699
2025-08-15,21622.9805
2025-08-18,21629.7695
2025-08-19,21314.9492
2025-08-20,21172.8594
2025-08-21,21100.3105
2025-08-22,21496.5391
2025-08-25,21449.2891
2025-08-26,21544.2695
2025-08-27,21590.1406
2025-08-28,21705.1602
2025-08-29,21455.5508
2025-09-02,21279.6309
2025-09-03,21497.7305
2025-09-04,21707.6895
2025-09-05,21700.3906
2025-09-08,21798.6992
2025-09-09,21879.4902
2025-09-10,21886.0605
2025-09-11,22043.0703
2025-09-12,22141.0996
2025-09-15,22348.7500
2025-09-16,22333.9609
2025-09-17,22261.3301
2025-09-18,22470.7207
2025-09-19,22631.4805
2025-09-22,22788.9805
2025-09-23,22573.4707
2025-09-24,22497.8594
2025-09-25,22384.6992
2025-09-26,22484.0703
2025-09-29,22591.1504
2025-09-30,22660.0098
2025-10-01,22755.1602
2025-10-02,22844.0508
2025-10-03,22780.5098
2025-10-06,22941.6699
2025-10-07,22788.3594
2025-10-08,23043.3809
2025-10-09,23024.6309
2025-10-10,22204.4297
2025-10-13,22694.6094
2025-10-14,22521.6992
2025-10-15,22670.0801
2025-10-16,22562.5391
2025-10-17,22679.9707
2025-10-20,22990.5391
2025-10-21,22953.6699
2025-10-22,22740.4004
2025-10-23,22941.8008
2025-10-24,23204.8691
2025-10-27,23637.4609
2025-10-28,23827.4902
2025-10-29,23958.4707
2025-10-30,23581.1406
2025-10-31,23724.9609
2025-11-03,23834.7207
2025-11-04,23348.6406
2025-11-05,23499.8008
2025-11-06,23053.9902
2025-11-07,23004.5391
2025-11-10,23527.1699
2025-11-11,23468.3008
2025-11-12,23406.4609
2025-11-13,22870.3594
2025-11-14,22900.5898
2025-11-17,22708.0703
2025-11-18,22432.8496
2025-11-19,22564.2305
2025-11-20,22078.0508
2025-11-21,22273.0801
2025-11-24,22872.0098
2025-11-25,23025.5898
2025-11-26,23214.6895
2025-11-28,23365.6895
2025-12-01,23275.9199
2025-12-02,23413.6699
2025-12-03,23454.0898
2025-12-04,23505.1406
2025-12-05,23578.1309
2025-12-08,23545.9004
2025-12-09,23576.4902
2025-12-10,23654.1504
2025-12-11,23593.8594
2025-12-12,23195.1699
2025-12-15,23057.4102
2025-12-16,23111.4609
2025-12-17,22693.3203
2025-12-18,23006.3594
2025-12-19,23307.6191
2025-12-22,23428.8301
2025-12-23,23561.8398
2025-12-24,23613.3105
2025-12-26,23593.0996
2025-12-29,23474.3496
2025-12-30,23419.0801
2025-12-31,23241.9902
2026-01-02,23235.6309
2026-01-05,23395.8203
2026-01-06,23547.1699
2026-01-07,23584.2793
2026-01-08,23480.0195
2026-01-09,23671.3496
2026-01-12,23733.9004
2026-01-13,23709.8691
2026-01-14,23471.7500
2026-01-15,23530.0195
2026-01-16,23515.3906
2026-01-20,22954.3203
2026-01-21,23224.8203
2026-01-22,23436.0195
2026-01-23,23501.2402
2026-01-26,23601.3594
2026-01-27,23817.0996
2026-01-28,23857.4492
2026-01-29,23685.1191
2026-01-30,23461.8203
2026-02-02,23592.1094
2026-02-03,23255.1895
2026-02-04,22904.5801
2026-02-05,22540.5898
2026-02-06,23031.2109
2026-02-09,23238.6699
2026-02-10,23102.4707
2026-02-11,23066.4707
2026-02-12,22597.1504
2026-02-13,22546.6699
2026-02-17,22578.3809
2026-02-18,22753.6309
2026-02-19,22682.7305
2026-02-20,22886.0703
2026-02-23,22627.2695
2026-02-24,22863.6797
2026-02-25,23152.0801
2026-02-26,22878.3809
2026-02-27,22668.2109
2026-03-02,22748.8594
2026-03-03,22516.6895
2026-03-04,22807.4805
2026-03-05,22748.9902
2026-03-06,22387.6797
2026-03-09,22695.9492
2026-03-10,22697.0996
2026-03-11,22716.1309
2026-03-12,22311.9805
2026-03-13,22105.3594
2026-03-16,22374.1797
2026-03-17,22479.5293
2026-03-18,22152.4199
2026-03-19,22090.6895
2026-03-20,21647.6094
2026-03-23,21946.7598
2026-03-24,21761.8906
2026-03-25,21929.8203
2026-03-26,21408.0801
2026-03-27,20948.3594
2026-03-30,20794.6406
2026-03-31,21590.6309
2026-04-01,21840.9492
2026-04-02,21879.1797
2026-04-06,21996.3398
2026-04-07,22017.8496
2026-04-08,22634.9902
2026-04-09,22822.4199
2026-04-10,22902.8906
2026-04-13,23183.7402
2026-04-14,23639.0801
2026-04-15,24016.0195
2026-04-16,24102.6992
2026-04-17,24468.4805
2026-04-20,24404.3906
2026-04-21,24259.9609
2026-04-22,24657.5703
2026-04-23,24438.5000
2026-04-24,24836.5996
2026-04-27,24887.0996
2026-04-28,24663.8008
2026-04-29,24673.2402
2026-04-30,24892.3105
2026-05-01,25114.4395
2026-05-04,25067.8008
2026-05-05,25326.1309
2026-05-06,25838.9395
2026-05-07,25806.1992
2026-05-08,26247.0801
2026-05-11,26274.1309
2026-05-12,26088.1992
2026-05-13,26402.3398
2026-05-14,26635.2207
2026-05-15,26225.1406
2026-05-18,26090.7305
2026-05-19,25870.7109
2026-05-20,26270.3594
2026-05-21,26293.0996
2026-05-22,26343.9707
2026-05-26,26656.1797
2026-05-27,26674.7305
2026-05-28,26917.4707
2026-05-29,26972.6191
2026-06-01,27086.8105
2026-06-02,27093.9004
2026-06-03,26853.9805
2026-06-04,26830.9609
2026-06-05,25709.4297
2026-06-08,25929.6602
2026-06-09,25678.8203
2026-06-10,25169.5000
2026-06-11,25809.6602
2026-06-12,25888.8398
2026-06-15,26683.9395
2026-06-16,26376.3398
2026-06-17,26021.6602
2026-06-18,26517.9297
2026-06-22,26166.5996
2026-06-23,25587.0391
2026-06-24,25476.6406
2026-06-25,25358.5996
2026-06-26,25297.6191
2026-06-29,25820.1406
2026-06-30,26213.7207
2026-07-01,26040.0293
2026-07-02,25832.6699
2026-07-06,26121.1602
2026-07-07,25818.6895
2026-07-08,25870.6504
2026-07-09,26206.8906
2026-07-10,26281.6094
2026-07-13,25873.1797
2026-07-14,26107.0098
2026-07-15,26269.2305
2026-07-16,25881.9492
2026-07-17,25520.2402
2026-07-20,25508.0703
2026-07-21,25837.2109
2026-07-22,25690.9004
2026-07-23,25137.6895
2026-07-24,24975.8203
2026-07-27,24932.0801
2026-07-28,24876.9102
