date,close
2000-01-04,4274.1743
2000-01-05,3903.4192
2000-01-06,3931.4001
2000-01-07,3875.4380
2000-01-10,4036.3301
2000-01-11,4036.3301
2000-01-12,4001.3545
2000-01-13,3994.3562
2000-01-14,4078.3013
2000-01-17,4267.1782
2000-01-18,4267.1782
2000-01-19,4169.2422
2000-01-20,4225.2061
2000-01-21,4113.2798
2000-01-24,3987.3640
2000-01-25,3805.4844
2000-01-26,3833.4636
2000-01-27,3861.4468
2000-01-28,4071.3071
2000-01-31,3903.4192
2000-02-01,3721.5381
2000-02-02,3672.5703
2000-02-03,3588.6262
2000-02-04,3588.6262
2000-02-07,3665.5757
2000-02-08,3798.4868
2000-02-09,4001.3545
2000-02-10,4029.3347
2000-02-11,3987.3640
2000-02-14,3763.5107
2000-02-15,3637.5955
2000-02-16,3497.6855
2000-02-17,3553.6489
2000-02-18,3707.5498
2000-02-21,3546.6533
2000-02-22,3581.6309
2000-02-23,3595.6218
2000-02-24,3546.6533
2000-02-25,3581.6309
2000-02-28,3357.7791
2000-02-29,3581.6309
2000-03-01,3581.6309
2000-03-02,4113.2798
2000-03-03,4197.2227
2000-03-06,3945.3921
2000-03-07,3931.4001
2000-03-08,4141.2598
2000-03-09,3931.4001
2000-03-10,3875.4380
2000-03-13,3623.6028
2000-03-14,3644.5906
2000-03-15,3777.5002
2000-03-16,3777.5002
2000-03-17,3833.4636
2000-03-20,3959.3813
2000-03-21,4113.2798
2000-03-22,4337.1313
2000-03-23,4337.1313
2000-03-24,4756.8530
2000-03-27,4756.8530
2000-03-28,4917.7495
2000-03-29,5358.4556
2000-03-30,4931.7373
2000-03-31,4686.9009
2000-04-03,4966.7168
2000-04-04,4756.8530
2000-04-05,4756.8530
2000-04-06,4672.9082
2000-04-07,5036.6694
2000-04-10,5106.6226
2000-04-11,4966.7168
2000-04-12,4833.8032
2000-04-13,4833.8032
2000-04-14,4379.1030
2000-04-17,3861.4468
2000-04-18,4225.2061
2000-04-19,4197.2227
2000-04-20,4211.2144
2000-04-21,4232.2012
2000-04-24,4057.3149
2000-04-25,3945.3921
2000-04-26,3917.4102
2000-04-27,3777.5002
2000-04-28,4197.2227
2000-05-01,4197.2227
2000-05-02,4393.0928
2000-05-03,4323.1406
2000-05-04,4323.1406
2000-05-05,4323.1406
2000-05-08,4588.9648
2000-05-09,4588.9648
2000-05-10,4442.0615
2000-05-11,4442.0615
2000-05-12,4309.1504
2000-05-15,4505.0195
2000-05-16,4756.8530
2000-05-17,4840.7974
2000-05-18,4756.8530
2000-05-19,4826.8066
2000-05-22,4665.9146
2000-05-23,4463.0474
2000-05-24,4337.1313
2000-05-25,4197.2227
2000-05-26,3917.4102
2000-05-29,3819.4746
2000-05-30,3819.4746
2000-05-31,4309.1504
2000-06-01,4407.0845
2000-06-02,4630.9370
2000-06-05,4714.8794
2000-06-06,4714.8794
2000-06-07,4756.8530
2000-06-08,4567.9780
2000-06-09,4910.7520
2000-06-12,5029.6724
2000-06-13,4938.7349
2000-06-14,5344.4648
2000-06-15,4896.7617
2000-06-16,4714.8794
2000-06-19,4686.9009
2000-06-20,4994.6963
2000-06-21,4952.7236
2000-06-22,4924.7427
2000-06-23,4896.7617
2000-06-26,5043.6646
2000-06-27,5113.6196
2000-06-28,5260.5205
2000-06-29,5239.5347
2000-06-30,5162.5874
2000-07-03,5246.5308
2000-07-04,5141.5977
2000-07-05,5197.5620
2000-07-06,5106.6226
2000-07-07,5148.5942
2000-07-10,5316.4834
2000-07-11,5211.5522
2000-07-12,5344.4648
2000-07-13,5428.4111
2000-07-14,5281.5093
2000-07-17,5281.5093
2000-07-18,5218.5498
2000-07-19,5218.5498
2000-07-20,4826.8066
2000-07-21,4840.7974
2000-07-24,4463.0474
2000-07-25,4393.0928
2000-07-26,4581.9692
2000-07-27,4358.1177
2000-07-28,4008.3481
2000-07-31,4127.2705
2000-08-01,4351.1230
2000-08-02,4246.1914
2000-08-03,4218.2114
2000-08-04,4141.2598
2000-08-07,3903.4192
2000-08-08,3903.4192
2000-08-09,4197.2227
2000-08-10,4309.1504
2000-08-11,4169.2422
2000-08-14,4211.2144
2000-08-15,4211.2144
2000-08-16,4491.0293
2000-08-17,4505.0195
2000-08-18,4337.1313
2000-08-21,4386.1006
2000-08-22,4519.0103
2000-08-23,4330.1348
2000-08-24,4351.1230
2000-08-25,4477.0405
2000-08-28,4428.0713
2000-08-29,4351.1230
2000-08-30,4218.2114
2000-08-31,3826.4705
2000-09-01,3875.4380
2000-09-04,3735.5295
2000-09-05,3602.6174
2000-09-06,3602.6174
2000-09-07,3350.7830
2000-09-08,3413.7422
2000-09-11,3413.7422
2000-09-12,3413.7422
2000-09-13,3413.7422
2000-09-14,3294.8213
2000-09-15,3042.9875
2000-09-18,2777.1628
2000-09-19,2910.0747
2000-09-20,3217.8718
2000-09-21,3077.9653
2000-09-22,2658.2417
2000-09-25,2861.1074
2000-09-26,2798.1501
2000-09-27,2819.1350
2000-09-28,2840.1218
2000-09-29,2826.1306
2000-10-02,2665.2371
2000-10-03,2665.2371
2000-10-04,2721.2000
2000-10-05,2756.1780
2000-10-06,2728.1956
2000-10-09,2581.2937
2000-10-10,2560.3066
2000-10-11,2252.5098
2000-10-12,2196.5464
2000-10-13,2119.5979
2000-10-16,2119.5979
2000-10-17,1916.7318
2000-10-18,1909.7373
2000-10-19,2028.6575
2000-10-20,2329.4592
2000-10-23,2238.5203
2000-10-24,2336.4541
2000-10-25,2245.5146
2000-10-26,2021.6631
2000-10-27,2021.6631
2000-10-30,1923.7283
2000-10-31,1993.6820
2000-11-01,2280.4917
2000-11-02,2322.4641
2000-11-03,2406.4080
2000-11-06,2455.3760
2000-11-07,2406.4080
2000-11-08,2385.4219
2000-11-09,2378.4265
2000-11-10,2364.4368
2000-11-13,2203.5422
2000-11-14,2301.4785
2000-11-15,2371.4316
2000-11-16,2294.4824
2000-11-17,2252.5098
2000-11-20,2168.5657
2000-11-21,2210.5381
2000-11-22,2196.5464
2000-11-23,2245.5146
2000-11-24,2378.4265
2000-11-27,2644.2515
2000-11-28,2462.3713
2000-11-29,2252.5098
2000-11-30,2266.5017
2000-12-01,2224.5286
2000-12-04,2168.5657
2000-12-05,2266.5017
2000-12-06,2245.5146
2000-12-07,2280.4917
2000-12-08,2357.4397
2000-12-11,2504.3440
2000-12-12,2448.3809
2000-12-13,2644.2515
2000-12-14,2532.3250
2000-12-15,2441.3865
2000-12-18,2490.3535
2000-12-19,2469.3674
2000-12-20,2336.4541
2000-12-21,2266.5017
2000-12-22,2196.5464
2000-12-25,2196.5464
2000-12-26,2210.5381
2000-12-27,2210.5381
2000-12-28,2210.5381
2000-12-29,2210.5381
2001-01-01,2210.5381
2001-01-02,2343.4504
2001-01-03,2357.4397
2001-01-04,2644.2515
2001-01-05,2728.1956
2001-01-08,2714.2056
2001-01-09,2686.2227
2001-01-10,2595.2834
2001-01-11,2546.3149
2001-01-12,2686.2227
2001-01-15,2742.1870
2001-01-16,2896.0845
2001-01-17,2952.0476
2001-01-18,3077.9653
2001-01-19,3217.8718
2001-01-22,3182.8945
2001-01-23,3182.8945
2001-01-24,3182.8945
2001-01-25,3182.8945
2001-01-26,2784.1587
2001-01-29,2812.1396
2001-01-30,2875.0989
2001-01-31,3077.9653
2001-02-01,2987.0247
2001-02-02,3001.0156
2001-02-05,2819.1350
2001-02-06,2805.1440
2001-02-07,2728.1956
2001-02-08,2840.1218
2001-02-09,2847.1169
2001-02-12,2777.1628
2001-02-13,2784.1587
2001-02-14,2784.1587
2001-02-15,2889.0896
2001-02-16,2973.0339
2001-02-19,2931.0620
2001-02-20,2966.0374
2001-02-21,2910.0747
2001-02-22,2805.1440
2001-02-23,2686.2227
2001-02-26,2686.2227
2001-02-27,2651.2461
2001-02-28,2616.2698
2001-03-01,2616.2698
2001-03-02,2525.3298
2001-03-05,2602.2786
2001-03-06,2658.2417
2001-03-07,2798.1501
2001-03-08,2805.1440
2001-03-09,2686.2227
2001-03-12,2567.3015
2001-03-13,2546.3149
2001-03-14,2546.3149
2001-03-15,2742.1870
2001-03-16,2721.2000
2001-03-19,2658.2417
2001-03-20,2672.2324
2001-03-21,2707.2097
2001-03-22,2784.1587
2001-03-23,3008.0107
2001-03-26,3035.9917
2001-03-27,2903.0806
2001-03-28,2903.0806
2001-03-29,2861.1074
2001-03-30,2910.0747
2001-04-02,2791.1536
2001-04-03,2658.2417
2001-04-04,2560.3066
2001-04-05,2560.3066
2001-04-06,2686.2227
2001-04-09,2595.2834
2001-04-10,2546.3149
2001-04-11,2602.2786
2001-04-12,2805.1440
2001-04-13,2840.1218
2001-04-16,2756.1780
2001-04-17,2777.1628
2001-04-18,2994.0198
2001-04-19,3287.8252
2001-04-20,3140.9226
2001-04-23,3175.9001
2001-04-24,3077.9653
2001-04-25,3161.9087
2001-04-26,3161.9087
2001-04-27,3035.9917
2001-04-30,3203.8806
2001-05-01,3203.8806
2001-05-02,3203.8806
2001-05-03,3217.8718
2001-05-04,3119.9370
2001-05-07,3217.8718
2001-05-08,3210.8760
2001-05-09,3147.9182
2001-05-10,3147.9182
2001-05-11,3084.9587
2001-05-14,3098.9507
2001-05-15,3035.9917
2001-05-16,2945.0520
2001-05-17,3098.9507
2001-05-18,3084.9587
2001-05-21,3203.8806
2001-05-22,3231.8618
2001-05-23,3287.8252
2001-05-24,3168.9033
2001-05-25,3105.9465
2001-05-28,3112.9409
2001-05-29,3245.8533
2001-05-30,3126.9316
2001-05-31,2966.0374
2001-06-01,2966.0374
2001-06-04,2966.0374
2001-06-05,2840.1218
2001-06-06,2840.1218
2001-06-07,2994.0198
2001-06-08,3126.9316
2001-06-11,2994.0198
2001-06-12,2952.0476
2001-06-13,2994.0198
2001-06-14,2959.0422
2001-06-15,2931.0620
2001-06-18,2868.1028
2001-06-19,2875.0989
2001-06-20,2798.1501
2001-06-21,2770.1675
2001-06-22,2707.2097
2001-06-25,2707.2097
2001-06-26,2644.2515
2001-06-27,2602.2786
2001-06-28,2623.2654
2001-06-29,2686.2227
2001-07-02,2700.2136
2001-07-03,2721.2000
2001-07-04,2756.1780
2001-07-05,2700.2136
2001-07-06,2567.3015
2001-07-09,2392.4182
2001-07-10,2378.4265
2001-07-11,2364.4368
2001-07-12,2462.3713
2001-07-13,2378.4265
2001-07-16,2336.4541
2001-07-17,2336.4541
2001-07-18,2343.4504
2001-07-19,2476.3618
2001-07-20,2462.3713
2001-07-23,2420.3987
2001-07-24,2427.3948
2001-07-25,2497.3481
2001-07-26,2539.3206
2001-07-27,2595.2834
2001-07-30,2595.2834
2001-07-31,2651.2461
2001-08-01,2770.1675
2001-08-02,2735.1907
2001-08-03,2791.1536
2001-08-06,2784.1587
2001-08-07,2700.2136
2001-08-08,2658.2417
2001-08-09,2560.3066
2001-08-10,2609.2749
2001-08-13,2679.2278
2001-08-14,2763.1719
2001-08-15,2763.1719
2001-08-16,2728.1956
2001-08-17,2742.1870
2001-08-20,2658.2417
2001-08-21,2602.2786
2001-08-22,2693.2188
2001-08-23,2693.2188
2001-08-24,2686.2227
2001-08-27,2784.1587
2001-08-28,2756.1780
2001-08-29,2749.1812
2001-08-30,2742.1870
2001-08-31,2658.2417
2001-09-03,2630.2603
2001-09-04,2749.1812
2001-09-05,2651.2461
2001-09-06,2637.2554
2001-09-07,2672.2324
2001-09-10,2679.2278
2001-09-11,2616.2698
2001-09-12,2259.5051
2001-09-13,2399.4131
2001-09-14,2371.4316
2001-09-17,2294.4824
2001-09-18,2343.4504
2001-09-19,2294.4824
2001-09-20,2154.5752
2001-09-21,1993.6820
2001-09-24,1993.6820
2001-09-25,2000.6772
2001-09-26,1979.6907
2001-09-27,1965.7001
2001-09-28,1965.7001
2001-10-01,1965.7001
2001-10-02,1965.7001
2001-10-03,1965.7001
2001-10-04,2035.6536
2001-10-05,2063.6353
2001-10-08,2042.6490
2001-10-09,2119.5979
2001-10-10,2084.6211
2001-10-11,2224.5286
2001-10-12,2280.4917
2001-10-15,2238.5203
2001-10-16,2224.5286
2001-10-17,2294.4824
2001-10-18,2280.4917
2001-10-19,2378.4265
2001-10-22,2371.4316
2001-10-23,2434.3901
2001-10-24,2595.2834
2001-10-25,2560.3066
2001-10-26,2532.3250
2001-10-29,2574.2971
2001-10-30,2434.3901
2001-10-31,2427.3948
2001-11-01,2504.3440
2001-11-02,2560.3066
2001-11-05,2588.2881
2001-11-06,2658.2417
2001-11-07,2665.2371
2001-11-08,2700.2136
2001-11-09,2700.2136
2001-11-12,2798.1501
2001-11-13,2798.1501
2001-11-14,3008.0107
2001-11-15,2931.0620
2001-11-16,2924.0652
2001-11-19,3056.9785
2001-11-20,2987.0247
2001-11-21,2952.0476
2001-11-22,3022.0015
2001-11-23,3105.9465
2001-11-26,3217.8718
2001-11-27,3231.8618
2001-11-28,3063.9741
2001-11-29,2938.0562
2001-11-30,3049.9824
2001-12-03,3140.9226
2001-12-04,3217.8718
2001-12-05,3700.5535
2001-12-06,3847.4565
2001-12-07,3966.3770
2001-12-10,3637.5955
2001-12-11,3616.6082
2001-12-12,3777.5002
2001-12-13,3707.5498
2001-12-14,3567.6401
2001-12-17,3504.6826
2001-12-18,3644.5906
2001-12-19,3693.5557
2001-12-20,3707.5498
2001-12-21,3518.6746
2001-12-24,3532.6628
2001-12-25,3532.6628
2001-12-26,3609.6118
2001-12-27,3777.5002
2001-12-28,3903.4192
2001-12-31,3903.4192
2002-01-01,3903.4192
2002-01-02,4309.1504
2002-01-03,4309.1504
2002-01-04,4463.0474
2002-01-07,4449.0571
2002-01-08,4358.1177
2002-01-09,4512.0161
2002-01-10,4309.1504
2002-01-11,4281.1680
2002-01-14,4616.9468
2002-01-15,4365.1133
2002-01-16,4218.2114
2002-01-17,4197.2227
2002-01-18,4141.2598
2002-01-21,4071.3071
2002-01-22,4197.2227
2002-01-23,4309.1504
2002-01-24,4337.1313
2002-01-25,4519.0103
2002-01-28,4456.0522
2002-01-29,4407.0845
2002-01-30,4239.1958
2002-01-31,4239.1958
2002-02-01,4323.1406
2002-02-04,4365.1133
2002-02-05,4519.0103
2002-02-06,4463.0474
2002-02-07,4407.0845
2002-02-08,4491.0293
2002-02-11,4491.0293
2002-02-12,4491.0293
2002-02-13,4491.0293
2002-02-14,4966.7168
2002-02-15,4777.8403
2002-02-18,4798.8262
2002-02-19,4791.8311
2002-02-20,4756.8530
2002-02-21,4728.8735
2002-02-22,4665.9146
2002-02-25,4644.9282
2002-02-26,4714.8794
2002-02-27,4896.7617
2002-02-28,4798.8262
2002-03-01,4798.8262
2002-03-04,4896.7617
2002-03-05,5050.6597
2002-03-06,5078.6411
2002-03-07,4980.7070
2002-03-08,4882.7729
2002-03-11,4875.7744
2002-03-12,4938.7349
2002-03-13,4868.7803
2002-03-14,4812.8159
2002-03-15,4616.9468
2002-03-18,4644.9282
2002-03-19,4882.7729
2002-03-20,4882.7729
2002-03-21,4777.8403
2002-03-22,4903.7573
2002-03-25,4756.8530
2002-03-26,4882.7729
2002-03-27,5085.6367
2002-03-28,5001.6919
2002-03-29,5148.5942
2002-04-01,5232.5396
2002-04-02,5575.3125
2002-04-03,5652.2612
2002-04-04,5442.3999
2002-04-05,5442.3999
2002-04-08,5162.5874
2002-04-09,5162.5874
2002-04-10,4980.7070
2002-04-11,5029.6724
2002-04-12,5162.5874
2002-04-15,5386.4375
2002-04-16,5442.3999
2002-04-17,5680.2437
2002-04-18,5687.2383
2002-04-19,5540.3350
2002-04-22,5736.2056
2002-04-23,5974.0493
2002-04-24,6044.0029
2002-04-25,5778.1792
2002-04-26,5596.3003
2002-04-29,5330.4741
2002-04-30,5344.4648
2002-05-01,5344.4648
2002-05-02,5309.4878
2002-05-03,5176.5762
2002-05-06,4868.7803
2002-05-07,4924.7427
2002-05-08,5071.6450
2002-05-09,5064.6499
2002-05-10,4672.9082
2002-05-13,4693.8945
2002-05-14,5008.6880
2002-05-15,5260.5205
2002-05-16,5176.5762
2002-05-17,5351.4609
2002-05-20,5176.5762
2002-05-21,4980.7070
2002-05-22,5176.5762
2002-05-23,5036.6694
2002-05-24,5120.6133
2002-05-27,5057.6553
2002-05-28,5169.5830
2002-05-29,5064.6499
2002-05-30,4966.7168
2002-05-31,4784.8364
2002-06-03,4910.7520
2002-06-04,4924.7427
2002-06-05,4973.7090
2002-06-06,4973.7090
2002-06-07,4826.8066
2002-06-10,4896.7617
2002-06-11,4896.7617
2002-06-12,4924.7427
2002-06-13,4924.7427
2002-06-14,5029.6724
2002-06-17,5022.6772
2002-06-18,5078.6411
2002-06-19,4875.7744
2002-06-20,4770.8438
2002-06-21,4756.8530
2002-06-24,4742.8633
2002-06-25,4735.8677
2002-06-26,4323.1406
2002-06-27,4379.1030
2002-06-28,4602.9570
2002-07-01,4602.9570
2002-07-02,4721.8779
2002-07-03,4728.8735
2002-07-04,4896.7617
2002-07-05,5008.6880
2002-07-08,5022.6772
2002-07-09,5064.6499
2002-07-10,4854.7896
2002-07-11,4637.9321
2002-07-12,4924.7427
2002-07-15,4938.7349
2002-07-16,4952.7236
2002-07-17,4952.7236
2002-07-18,4994.6963
2002-07-19,4777.8403
2002-07-22,4616.9468
2002-07-23,4826.8066
2002-07-24,4686.9009
2002-07-25,4742.8633
2002-07-26,4477.0405
2002-07-29,4546.9927
2002-07-30,4658.9185
2002-07-31,4651.9224
2002-08-01,4539.9980
2002-08-02,4470.0449
2002-08-05,4323.1406
2002-08-06,4197.2227
2002-08-07,4365.1133
2002-08-08,4386.1006
2002-08-09,4463.0474
2002-08-12,4435.0664
2002-08-13,4539.9980
2002-08-14,4505.0195
2002-08-15,4505.0195
2002-08-16,4553.9883
2002-08-19,4658.9185
2002-08-20,4840.7974
2002-08-21,4896.7617
2002-08-22,4861.7842
2002-08-23,4861.7842
2002-08-26,4763.8472
2002-08-27,4658.9185
2002-08-28,4588.9648
2002-08-29,4588.9648
2002-08-30,4630.9370
2002-09-02,4756.8530
2002-09-03,4665.9146
2002-09-04,4533.0034
2002-09-05,4491.0293
2002-09-06,4505.0195
2002-09-09,4526.0059
2002-09-10,4616.9468
2002-09-11,4707.8862
2002-09-12,4798.8262
2002-09-13,4637.9321
2002-09-16,4581.9692
2002-09-17,4784.8364
2002-09-18,4658.9185
2002-09-19,4686.9009
2002-09-20,4686.9009
2002-09-23,4498.0249
2002-09-24,4463.0474
2002-09-25,4295.1592
2002-09-26,4393.0928
2002-09-27,4330.1348
2002-09-30,4176.2368
2002-10-01,4162.2471
2002-10-02,4190.2295
2002-10-03,4190.2295
2002-10-04,4281.1680
2002-10-07,4141.2598
2002-10-08,4197.2227
2002-10-09,4162.2471
2002-10-10,3826.4705
2002-10-11,3826.4705
2002-10-14,4029.3347
2002-10-15,4197.2227
2002-10-16,4267.1782
2002-10-17,4302.1548
2002-10-18,4567.9780
2002-10-21,4533.0034
2002-10-22,4470.0449
2002-10-23,4588.9648
2002-10-24,4672.9082
2002-10-25,4756.8530
2002-10-28,5050.6597
2002-10-29,4938.7349
2002-10-30,4728.8735
2002-10-31,4826.8066
2002-11-01,4770.8438
2002-11-04,5141.5977
2002-11-05,5057.6553
2002-11-06,5113.6196
2002-11-07,5127.6084
2002-11-08,5029.6724
2002-11-11,4882.7729
2002-11-12,4847.7944
2002-11-13,4882.7729
2002-11-14,4756.8530
2002-11-15,5008.6880
2002-11-18,4910.7520
2002-11-19,4931.7373
2002-11-20,5036.6694
2002-11-21,5162.5874
2002-11-22,5218.5498
2002-11-25,5295.4990
2002-11-26,5295.4990
2002-11-27,5316.4834
2002-11-28,5386.4375
2002-11-29,5414.4194
2002-12-02,5414.4194
2002-12-03,5498.3623
2002-12-04,5225.5439
2002-12-05,5225.5439
2002-12-06,5204.5571
2002-12-09,5211.5522
2002-12-10,5099.6265
2002-12-11,5120.6133
2002-12-12,5148.5942
2002-12-13,5064.6499
2002-12-16,4875.7744
2002-12-17,4945.7295
2002-12-18,5001.6919
2002-12-19,5001.6919
2002-12-20,5008.6880
2002-12-23,4868.7803
2002-12-24,4791.8311
2002-12-25,4791.8311
2002-12-26,4749.8599
2002-12-27,4700.8901
2002-12-30,4393.0928
2002-12-31,4393.0928
2003-01-01,4393.0928
2003-01-02,4498.0249
2003-01-03,4812.8159
2003-01-06,4889.7642
2003-01-07,4791.8311
2003-01-08,4756.8530
2003-01-09,4519.0103
2003-01-10,4533.0034
2003-01-13,4679.9048
2003-01-14,4595.9614
2003-01-15,4533.0034
2003-01-16,4616.9468
2003-01-17,4484.0361
2003-01-20,4477.0405
2003-01-21,4463.0474
2003-01-22,4358.1177
2003-01-23,4421.0762
2003-01-24,4379.1030
2003-01-27,4183.2344
2003-01-28,4295.1592
2003-01-29,4078.3013
2003-01-30,4078.3013
2003-01-31,4078.3013
2003-02-03,4099.2896
2003-02-04,4113.2798
2003-02-05,4071.3071
2003-02-06,3959.3813
2003-02-07,3833.4636
2003-02-10,3770.5068
2003-02-11,3798.4868
2003-02-12,3917.4102
2003-02-13,3798.4868
2003-02-14,3819.4746
2003-02-17,4064.3115
2003-02-18,4099.2896
2003-02-19,4155.2524
2003-02-20,4232.2012
2003-02-21,4225.2061
2003-02-24,4330.1348
2003-02-25,4050.3208
2003-02-26,3973.3711
2003-02-27,3966.3770
2003-02-28,3910.4141
2003-03-03,4127.2705
2003-03-04,3987.3640
2003-03-05,3861.4468
2003-03-06,3861.4468
2003-03-07,3931.4001
2003-03-10,4008.3481
2003-03-11,4022.3386
2003-03-12,4057.3149
2003-03-13,4057.3149
2003-03-14,4148.2573
2003-03-17,4029.3347
2003-03-18,4183.2344
2003-03-19,4141.2598
2003-03-20,4358.1177
2003-03-21,4407.0845
2003-03-24,4372.1079
2003-03-25,4281.1680
2003-03-26,4253.1870
2003-03-27,4176.2368
2003-03-28,4295.1592
2003-03-31,3973.3711
2003-04-01,3973.3711
2003-04-02,3903.4192
2003-04-03,3903.4192
2003-04-04,3966.3770
2003-04-07,4183.2344
2003-04-08,4183.2344
2003-04-09,4008.3481
2003-04-10,4029.3347
2003-04-11,3987.3640
2003-04-14,3994.3562
2003-04-15,4141.2598
2003-04-16,4344.1270
2003-04-17,4225.2061
2003-04-18,4407.0845
2003-04-21,4323.1406
2003-04-22,4176.2368
2003-04-23,4197.2227
2003-04-24,4127.2705
2003-04-25,4022.3386
2003-04-28,3987.3640
2003-04-29,4204.2192
2003-04-30,4267.1782
2003-05-01,4267.1782
2003-05-02,4295.1592
2003-05-05,4295.1592
2003-05-06,4379.1030
2003-05-07,4470.0449
2003-05-08,4470.0449
2003-05-09,4435.0664
2003-05-12,4574.9746
2003-05-13,4421.0762
2003-05-14,4330.1348
2003-05-15,4407.0845
2003-05-16,4295.1592
2003-05-19,4211.2144
2003-05-20,4288.1631
2003-05-21,4253.1870
2003-05-22,4197.2227
2003-05-23,4365.1133
2003-05-26,4435.0664
2003-05-27,4393.0928
2003-05-28,4491.0293
2003-05-29,4539.9980
2003-05-30,4533.0034
2003-06-02,4672.9082
2003-06-03,4526.0059
2003-06-04,4602.9570
2003-06-05,4665.9146
2003-06-06,4665.9146
2003-06-09,4812.8159
2003-06-10,4812.8159
2003-06-11,4826.8066
2003-06-12,4896.7617
2003-06-13,4903.7573
2003-06-16,4770.8438
2003-06-17,4994.6963
2003-06-18,4952.7236
2003-06-19,5176.5762
2003-06-20,5092.6299
2003-06-23,4994.6963
2003-06-24,4917.7495
2003-06-25,5029.6724
2003-06-26,5099.6265
2003-06-27,5050.6597
2003-06-30,4966.7168
2003-07-01,5064.6499
2003-07-02,5190.5669
2003-07-03,5344.4648
2003-07-04,5372.4453
2003-07-07,5400.4272
2003-07-08,5575.3125
2003-07-09,5547.3330
2003-07-10,5484.3740
2003-07-11,5512.3560
2003-07-14,5729.2109
2003-07-15,5708.2241
2003-07-16,5848.1304
2003-07-17,5848.1304
2003-07-18,5652.2612
2003-07-21,5694.2339
2003-07-22,5764.1880
2003-07-23,5645.2666
2003-07-24,5687.2383
2003-07-25,5708.2241
2003-07-28,5848.1304
2003-07-29,5925.0815
2003-07-30,5897.1011
2003-07-31,5820.1494
2003-08-01,5960.0571
2003-08-04,5897.1011
2003-08-05,5988.0396
2003-08-06,5778.1792
2003-08-07,5736.2056
2003-08-08,5680.2437
2003-08-11,5708.2241
2003-08-12,5596.3003
2003-08-13,5771.1821
2003-08-14,5946.0679
2003-08-15,5946.0679
2003-08-18,5862.1240
2003-08-19,6016.0215
2003-08-20,6085.9751
2003-08-21,6176.9136
2003-08-22,6239.8740
2003-08-25,6197.9014
2003-08-26,6232.8765
2003-08-27,6197.9014
2003-08-28,6127.9482
2003-08-29,6085.9751
2003-09-01,6113.9570
2003-09-02,6023.0156
2003-09-03,6050.9976
2003-09-04,6099.9648
2003-09-05,6197.9014
2003-09-08,6316.8237
2003-09-09,6463.7236
2003-09-10,6463.7236
2003-09-11,6463.7236
2003-09-12,6463.7236
2003-09-15,6120.9512
2003-09-16,6218.8862
2003-09-17,6288.8413
2003-09-18,6211.8931
2003-09-19,6016.0215
2003-09-22,5638.2700
2003-09-23,5561.3228
2003-09-24,5666.2534
2003-09-25,5610.2881
2003-09-26,5428.4111
2003-09-29,5407.4233
2003-09-30,5484.3740
2003-10-01,5596.3003
2003-10-02,5715.2202
2003-10-03,5715.2202
2003-10-06,5890.1040
2003-10-07,5960.0571
2003-10-08,5932.0747
2003-10-09,5995.0371
2003-10-10,6225.8818
2003-10-13,6225.8818
2003-10-14,6337.8066
2003-10-15,6309.8267
2003-10-16,6428.7480
2003-10-17,6323.8174
2003-10-20,6407.7612
2003-10-21,6463.7236
2003-10-22,6575.6504
2003-10-23,6260.8589
2003-10-24,6113.9570
2003-10-27,6267.8545
2003-10-28,6463.7236
2003-10-29,6533.6782
2003-10-30,6589.6426
2003-10-31,6575.6504
2003-11-03,6638.6104
2003-11-04,6701.5659
2003-11-05,6715.5581
2003-11-06,6505.6948
2003-11-07,6673.5874
2003-11-10,6519.6904
2003-11-11,6449.7339
2003-11-12,6575.6504
2003-11-13,6673.5874
2003-11-14,6561.6597
2003-11-17,6449.7339
2003-11-18,6526.6846
2003-11-19,6386.7739
2003-11-20,6281.8452
2003-11-21,6379.7798
2003-11-24,6204.8965
2003-11-25,6316.8237
2003-11-26,6365.7891
2003-11-27,6372.7852
2003-11-28,6505.6948
2003-12-01,6519.6904
2003-12-02,6554.6655
2003-12-03,6589.6426
2003-12-04,6449.7339
2003-12-05,6316.8237
2003-12-08,6295.8364
2003-12-09,6225.8818
2003-12-10,6337.8066
2003-12-11,6330.8120
2003-12-12,6365.7891
2003-12-15,6449.7339
2003-12-16,6351.8003
2003-12-17,6190.9048
2003-12-18,6190.9048
2003-12-19,6274.8481
2003-12-22,6183.9102
2003-12-23,6183.9102
2003-12-24,6141.9365
2003-12-25,6141.9365
2003-12-26,6176.9136
2003-12-29,6155.9307
2003-12-30,6309.8267
2003-12-31,6309.8267
2004-01-01,6309.8267
2004-01-02,6281.8452
2004-01-05,6400.7671
2004-01-06,6435.7437
2004-01-07,6505.6948
2004-01-08,6561.6597
2004-01-09,7107.2979
2004-01-12,7065.3257
2004-01-13,7037.3491
2004-01-14,6918.4263
2004-01-15,6946.4062
2004-01-16,7079.3164
2004-01-19,7289.1812
2004-01-20,7359.1318
2004-01-21,7359.1318
2004-01-22,7359.1318
2004-01-23,7359.1318
2004-01-26,7624.9565
2004-01-27,7485.0479
2004-01-28,7527.0215
2004-01-29,7457.0684
2004-01-30,7331.1514
2004-02-02,7415.0996
2004-02-03,7233.2163
2004-02-04,7121.2881
2004-02-05,7163.2617
2004-02-06,7373.1270
2004-02-09,7596.9736
2004-02-10,7638.9492
2004-02-11,7750.8760
2004-02-12,7680.9189
2004-02-13,7764.8633
2004-02-16,7876.7881
2004-02-17,7834.8203
2004-02-18,7680.9189
2004-02-19,7764.8633
2004-02-20,7680.9189
2004-02-23,7652.9409
2004-02-24,7429.0825
2004-02-25,7345.1406
2004-02-26,7359.1318
2004-02-27,7624.9565
2004-03-01,7624.9565
2004-03-02,7750.8760
2004-03-03,7750.8760
2004-03-04,7960.7334
2004-03-05,7890.7842
2004-03-08,7680.9189
2004-03-09,7541.0137
2004-03-10,7429.0825
2004-03-11,7457.0684
2004-03-12,7331.1514
2004-03-15,7345.1406
2004-03-16,7387.1113
2004-03-17,7624.9565
2004-03-18,7610.9688
2004-03-19,7764.8633
2004-03-22,7610.9688
2004-03-23,7568.9966
2004-03-24,7582.9814
2004-03-25,7485.0479
2004-03-26,7624.9565
2004-03-29,7764.8633
2004-03-30,7834.8203
2004-03-31,8002.7090
2004-04-01,8044.6772
2004-04-02,7904.7754
2004-04-05,7904.7754
2004-04-06,8324.4941
2004-04-07,8394.4453
2004-04-08,8464.4023
2004-04-09,8324.4941
2004-04-12,8534.3564
2004-04-13,8618.3008
2004-04-14,8604.3096
2004-04-15,8604.3096
2004-04-16,8310.5049
2004-04-19,8380.4590
2004-04-20,8604.3096
2004-04-21,8744.2158
2004-04-22,8674.2627
2004-04-23,8912.1045
2004-04-26,8758.2061
2004-04-27,8646.2812
2004-04-28,8422.4287
2004-04-29,8058.6694
2004-04-30,7792.8438
2004-05-03,7778.8535
2004-05-04,7764.8633
2004-05-05,7764.8633
2004-05-06,7387.1113
2004-05-07,7555.0005
2004-05-10,7121.2881
2004-05-11,7009.3652
2004-05-12,7345.1406
2004-05-13,7093.3066
2004-05-14,6876.4512
2004-05-17,6407.7612
2004-05-18,6624.6182
2004-05-19,6995.3711
2004-05-20,6918.4263
2004-05-21,7023.3540
2004-05-24,7149.2734
2004-05-25,6883.4482
2004-05-26,6883.4482
2004-05-27,7079.3164
2004-05-28,7275.1909
2004-05-31,7079.3164
2004-06-01,7205.2349
2004-06-02,7023.3540
2004-06-03,6624.6182
2004-06-04,6729.5474
2004-06-07,6939.4102
2004-06-08,6967.3916
2004-06-09,6757.5298
2004-06-10,6547.6699
2004-06-11,6106.9604
2004-06-14,5995.0371
2004-06-15,6134.9424
2004-06-16,6099.9648
2004-06-17,6183.9102
2004-06-18,6092.9707
2004-06-21,6239.8740
2004-06-22,6211.8931
2004-06-23,6281.8452
2004-06-24,6568.6562
2004-06-25,6743.5376
2004-06-28,6547.6699
2004-06-29,6589.6426
2004-06-30,6673.5874
2004-07-01,6505.6948
2004-07-02,6211.8931
2004-07-05,6197.9014
2004-07-06,6169.9175
2004-07-07,6113.9570
2004-07-08,5876.1123
2004-07-09,5932.0747
2004-07-12,5918.0845
2004-07-13,6064.9883
2004-07-14,5848.1304
2004-07-15,5715.2202
2004-07-16,5918.0845
2004-07-19,5967.0532
2004-07-20,5834.1431
2004-07-21,6009.0239
2004-07-22,5841.1362
2004-07-23,5848.1304
2004-07-26,5848.1304
2004-07-27,5876.1123
2004-07-28,5918.0845
2004-07-29,5750.1978
2004-07-30,5834.1431
2004-08-02,5708.2241
2004-08-03,5778.1792
2004-08-04,5778.1792
2004-08-05,5918.0845
2004-08-06,5869.1177
2004-08-09,5862.1240
2004-08-10,5932.0747
2004-08-11,5953.0635
2004-08-12,6030.0122
2004-08-13,6127.9482
2004-08-16,6016.0215
2004-08-17,5953.0635
2004-08-18,6016.0215
2004-08-19,6176.9136
2004-08-20,6071.9834
2004-08-23,6127.9482
2004-08-24,6225.8818
2004-08-25,6309.8267
2004-08-26,6379.7798
2004-08-27,6414.7573
2004-08-30,6407.7612
2004-08-31,6309.8267
2004-09-01,6337.8066
2004-09-02,6323.8174
2004-09-03,6106.9604
2004-09-06,6064.9883
2004-09-07,6071.9834
2004-09-08,6064.9883
2004-09-09,6141.9365
2004-09-10,6400.7671
2004-09-13,6645.6035
2004-09-14,6764.5259
2004-09-15,6687.5776
2004-09-16,6715.5581
2004-09-17,6568.6562
2004-09-20,6561.6597
2004-09-21,6631.6128
2004-09-22,6470.7192
2004-09-23,6435.7437
2004-09-24,6421.7520
2004-09-27,6421.7520
2004-09-28,6421.7520
2004-09-29,6421.7520
2004-09-30,6407.7612
2004-10-01,6449.7339
2004-10-04,6855.4653
2004-10-05,6827.4844
2004-10-06,6918.4263
2004-10-07,6827.4844
2004-10-08,6666.5918
2004-10-11,6526.6846
2004-10-12,6239.8740
2004-10-13,6281.8452
2004-10-14,6211.8931
2004-10-15,6113.9570
2004-10-18,6050.9976
2004-10-19,6134.9424
2004-10-20,5995.0371
2004-10-21,6002.0312
2004-10-22,6120.9512
2004-10-25,5988.0396
2004-10-26,6016.0215
2004-10-27,6002.0312
2004-10-28,6148.9341
2004-10-29,6148.9341
2004-11-01,6148.9341
2004-11-02,6155.9307
2004-11-03,6365.7891
2004-11-04,6267.8545
2004-11-05,6330.8120
2004-11-08,6155.9307
2004-11-09,6030.0122
2004-11-10,6141.9365
2004-11-11,6113.9570
2004-11-12,6274.8481
2004-11-15,6386.7739
2004-11-16,6372.7852
2004-11-17,6456.7275
2004-11-18,6484.7134
2004-11-19,6351.8003
2004-11-22,6155.9307
2004-11-23,6169.9175
2004-11-24,6148.9341
2004-11-25,6169.9175
2004-11-26,6057.9922
2004-11-29,5960.0571
2004-11-30,6078.9795
2004-12-01,6002.0312
2004-12-02,5995.0371
2004-12-03,5960.0571
2004-12-06,5848.1304
2004-12-07,5750.1978
2004-12-08,5869.1177
2004-12-09,5778.1792
2004-12-10,5680.2437
2004-12-13,5624.2793
2004-12-14,5771.1821
2004-12-15,5995.0371
2004-12-16,6155.9307
2004-12-17,6211.8931
2004-12-20,6225.8818
2004-12-21,6239.8740
2004-12-22,6190.9048
2004-12-23,6078.9795
2004-12-24,6057.9922
2004-12-27,6120.9512
2004-12-28,6099.9648
2004-12-29,6218.8862
2004-12-30,6302.8315
2004-12-31,6302.8315
2005-01-03,6309.8267
2005-01-04,6253.8633
2005-01-05,6197.9014
2005-01-06,6085.9751
2005-01-07,6162.9248
2005-01-10,6127.9482
2005-01-11,6183.9102
2005-01-12,6183.9102
2005-01-13,6211.8931
2005-01-14,6596.6372
2005-01-17,6890.4429
2005-01-18,6799.5029
2005-01-19,6715.5581
2005-01-20,6715.5581
2005-01-21,6799.5029
2005-01-24,6827.4844
2005-01-25,6764.5259
2005-01-26,6862.4619
2005-01-27,6883.4482
2005-01-28,6841.4766
2005-01-31,6925.4194
2005-02-01,6876.4512
2005-02-02,6862.4619
2005-02-03,6939.4102
2005-02-04,6932.4141
2005-02-07,7135.2803
2005-02-08,7135.2803
2005-02-09,7135.2803
2005-02-10,7135.2803
2005-02-11,7079.3164
2005-02-14,7233.2163
2005-02-15,7261.1938
2005-02-16,7275.1909
2005-02-17,7233.2163
2005-02-18,7373.1270
2005-02-21,7387.1113
2005-02-22,7303.1685
2005-02-23,7149.2734
2005-02-24,7261.1938
2005-02-25,7303.1685
2005-02-28,7373.1270
2005-03-01,7373.1270
2005-03-02,7233.2163
2005-03-03,7261.1938
2005-03-04,7135.2803
2005-03-07,7093.3066
2005-03-08,7023.3540
2005-03-09,6995.3711
2005-03-10,6988.3750
2005-03-11,7261.1938
2005-03-14,7135.2803
2005-03-15,7023.3540
2005-03-16,7037.3491
2005-03-17,6939.4102
2005-03-18,6925.4194
2005-03-21,6883.4482
2005-03-22,6939.4102
2005-03-23,6974.3877
2005-03-24,7037.3491
2005-03-25,7065.3257
2005-03-28,7135.2803
2005-03-29,7023.3540
2005-03-30,6967.3916
2005-03-31,7023.3540
2005-04-01,7163.2617
2005-04-04,7233.2163
2005-04-05,7233.2163
2005-04-06,7247.2056
2005-04-07,7247.2056
2005-04-08,7303.1685
2005-04-11,7233.2163
2005-04-12,7275.1909
2005-04-13,7247.2056
2005-04-14,7023.3540
2005-04-15,6876.4512
2005-04-18,6659.5938
2005-04-19,6631.6128
2005-04-20,6575.6504
2005-04-21,6519.6904
2005-04-22,6533.6782
2005-04-25,6638.6104
2005-04-26,6589.6426
2005-04-27,6491.7065
2005-04-28,6435.7437
2005-04-29,6323.8174
2005-05-02,6372.7852
2005-05-03,6365.7891
2005-05-04,6498.7007
2005-05-05,6498.7007
2005-05-06,6631.6128
2005-05-09,6645.6035
2005-05-10,6673.5874
2005-05-11,6603.6333
2005-05-12,6645.6035
2005-05-13,6736.5454
2005-05-16,6827.4844
2005-05-17,6848.4697
2005-05-18,6848.4697
2005-05-19,6974.3877
2005-05-20,6974.3877
2005-05-23,6967.3916
2005-05-24,6925.4194
2005-05-25,6778.5156
2005-05-26,6743.5376
2005-05-27,6855.4653
2005-05-30,6904.4321
2005-05-31,6841.4766
2005-06-01,6841.4766
2005-06-02,6820.4883
2005-06-03,6827.4844
2005-06-06,6827.4844
2005-06-07,6722.5562
2005-06-08,6680.5830
2005-06-09,6715.5581
2005-06-10,6876.4512
2005-06-13,6967.3916
2005-06-14,6946.4062
2005-06-15,6995.3711
2005-06-16,6974.3877
2005-06-17,6904.4321
2005-06-20,6862.4619
2005-06-21,6827.4844
2005-06-22,6897.4370
2005-06-23,6967.3916
2005-06-24,6869.4575
2005-06-27,6834.4785
2005-06-28,6848.4697
2005-06-29,6855.4653
2005-06-30,6911.4282
2005-07-01,7009.3652
2005-07-04,7037.3491
2005-07-05,7023.3540
2005-07-06,7051.3364
2005-07-07,7219.2236
2005-07-08,7219.2236
2005-07-11,7457.0684
2005-07-12,7568.9966
2005-07-13,7652.9409
2005-07-14,7652.9409
2005-07-15,7582.9814
2005-07-18,7680.9189
2005-07-19,7848.8071
2005-07-20,7806.8384
2005-07-21,7876.7881
2005-07-22,7722.8936
2005-07-25,7764.8633
2005-07-26,7708.8999
2005-07-27,7708.8999
2005-07-28,7834.8203
2005-07-29,7904.7754
2005-08-01,7960.7334
2005-08-02,7946.7422
2005-08-03,7946.7422
2005-08-04,7918.7627
2005-08-05,7736.8828
2005-08-08,7708.8999
2005-08-09,7694.9131
2005-08-10,7764.8633
2005-08-11,7932.7539
2005-08-12,8086.6523
2005-08-15,8086.6523
2005-08-16,8002.7090
2005-08-17,8002.7090
2005-08-18,7764.8633
2005-08-19,7736.8828
2005-08-22,7876.7881
2005-08-23,7862.8003
2005-08-24,7778.8535
2005-08-25,7722.8936
2005-08-26,7680.9189
2005-08-29,7555.0005
2005-08-30,7568.9966
2005-08-31,7610.9688
2005-09-01,7680.9189
2005-09-02,7750.8760
2005-09-05,7848.8071
2005-09-06,7960.7334
2005-09-07,8100.6416
2005-09-08,8212.5674
2005-09-09,8240.5498
2005-09-12,8240.5498
2005-09-13,8478.3916
2005-09-14,8576.3262
2005-09-15,8492.3828
2005-09-16,8296.5146
2005-09-19,8296.5146
2005-09-20,8296.5146
2005-09-21,8408.4385
2005-09-22,8394.4453
2005-09-23,8184.5874
2005-09-26,8352.4736
2005-09-27,8296.5146
2005-09-28,8366.4688
2005-09-29,8296.5146
2005-09-30,8226.5596
2005-10-03,8226.5596
2005-10-04,8436.4229
2005-10-05,8408.4385
2005-10-06,8212.5674
2005-10-07,8156.6025
2005-10-10,8296.5146
2005-10-11,8366.4688
2005-10-12,8086.6523
2005-10-13,7904.7754
2005-10-14,7904.7754
2005-10-17,7876.7881
2005-10-18,7918.7627
2005-10-19,7722.8936
2005-10-20,7778.8535
2005-10-21,7890.7842
2005-10-24,7918.7627
2005-10-25,7904.7754
2005-10-26,7876.7881
2005-10-27,7806.8384
2005-10-28,7638.9492
2005-10-31,7736.8828
2005-11-01,7904.7754
2005-11-02,8044.6772
2005-11-03,8212.5674
2005-11-04,8380.4590
2005-11-07,8366.4688
2005-11-08,8422.4287
2005-11-09,8394.4453
2005-11-10,8464.4023
2005-11-11,8646.2812
2005-11-14,8758.2061
2005-11-15,8674.2627
2005-11-16,8814.1689
2005-11-17,8730.2266
2005-11-18,8758.2061
2005-11-21,8646.2812
2005-11-22,8282.5195
2005-11-23,8492.3828
2005-11-24,8506.3740
2005-11-25,8394.4453
2005-11-28,8408.4385
2005-11-29,8310.5049
2005-11-30,8394.4453
2005-12-01,8464.4023
2005-12-02,8632.2910
2005-12-05,8716.2354
2005-12-06,8814.1689
2005-12-07,8940.0898
2005-12-08,8842.1523
2005-12-09,8688.2539
2005-12-12,8646.2812
2005-12-13,8674.2627
2005-12-14,8548.3486
2005-12-15,8520.3643
2005-12-16,8394.4453
2005-12-19,8520.3643
2005-12-20,8562.3359
2005-12-21,8786.1855
2005-12-22,8870.1328
2005-12-23,9024.0322
2005-12-26,9149.9492
2005-12-27,9247.8838
2005-12-28,9247.8838
2005-12-29,9205.9141
2006-01-02,9233.8936
2006-01-03,9289.8564
2006-01-04,9751.5488
2006-01-05,9499.7197
2006-01-06,9569.6729
2006-01-09,9611.6436
2006-01-10,9807.5146
2006-01-11,9569.6729
2006-01-12,9597.6523
2006-01-13,9681.5947
2006-01-16,9877.4697
2006-01-17,9751.5488
2006-01-18,9513.7061
2006-01-19,9653.6133
2006-01-20,9611.6436
2006-01-23,9583.6621
2006-01-24,9751.5488
2006-01-25,9947.4180
2006-01-26,10031.3662
2006-01-27,10073.3389
2006-01-31,10353.1523
2006-02-01,10199.2529
2006-02-02,10143.2900
2006-02-03,9849.4854
2006-02-06,9877.4697
2006-02-07,9877.4697
2006-02-08,9667.6064
2006-02-09,9695.5889
2006-02-10,9611.6436
2006-02-13,9443.7559
2006-02-14,9415.7725
2006-02-15,9149.9492
2006-02-16,9191.9229
2006-02-17,9415.7725
2006-02-20,9555.6807
2006-02-21,9415.7725
2006-02-22,9373.8018
2006-02-23,9527.6943
2006-02-24,9471.7354
2006-02-27,9667.6064
2006-02-28,9611.6436
2006-03-02,9695.5889
2006-03-03,9149.9492
2006-03-06,9205.9141
2006-03-07,8814.1689
2006-03-08,8716.2354
2006-03-09,8646.2812
2006-03-10,8702.2461
2006-03-13,8842.1523
2006-03-14,8730.2266
2006-03-15,8814.1689
2006-03-16,8842.1523
2006-03-17,8912.1045
2006-03-20,8940.0898
2006-03-21,8870.1328
2006-03-22,8590.3184
2006-03-23,8506.3740
2006-03-24,8520.3643
2006-03-27,8744.2158
2006-03-28,8786.1855
2006-03-29,8758.2061
2006-03-30,8716.2354
2006-03-31,8814.1689
2006-04-03,9010.0391
2006-04-04,9135.9561
2006-04-05,9079.9961
2006-04-06,9205.9141
2006-04-07,9149.9492
2006-04-10,8982.0586
2006-04-11,8884.1230
2006-04-12,8814.1689
2006-04-13,8912.1045
2006-04-14,9177.9297
2006-04-17,9079.9961
2006-04-18,9205.9141
2006-04-19,9303.8447
2006-04-20,9275.8643
2006-04-21,9653.6133
2006-04-24,9415.7725
2006-04-25,9233.8936
2006-04-26,9345.8164
2006-04-27,9289.8564
2006-04-28,9010.0391
2006-05-02,9079.9961
2006-05-03,8940.0898
2006-05-04,9038.0205
2006-05-08,9163.9385
2006-05-09,9247.8838
2006-05-10,9163.9385
2006-05-11,9275.8643
2006-05-12,9149.9492
2006-05-15,9093.9854
2006-05-16,8968.0723
2006-05-17,9163.9385
2006-05-18,8968.0723
2006-05-19,8926.0947
2006-05-22,8926.0947
2006-05-23,8814.1689
2006-05-24,8814.1689
2006-05-25,8604.3096
2006-05-26,8688.2539
2006-05-29,8702.2461
2006-05-30,8576.3262
2006-05-31,8702.2461
2006-06-01,8478.3916
2006-06-02,8590.3184
2006-06-05,8576.3262
2006-06-07,8394.4453
2006-06-08,8072.6602
2006-06-09,8044.6772
2006-06-12,8030.6880
2006-06-13,7680.9189
2006-06-14,7736.8828
2006-06-15,7764.8633
2006-06-16,7988.7124
2006-06-19,7904.7754
2006-06-20,7778.8535
2006-06-21,7792.8438
2006-06-22,7918.7627
2006-06-23,7946.7422
2006-06-26,8142.6143
2006-06-27,8156.6025
2006-06-28,8114.6299
2006-06-29,8261.6641
2006-06-30,8443.6992
2006-07-03,8471.7070
2006-07-04,8415.6924
2006-07-05,8443.6992
2006-07-06,8373.6846
2006-07-07,8415.6924
2006-07-10,8485.7080
2006-07-11,8513.7178
2006-07-12,8513.7178
2006-07-13,8401.6904
2006-07-14,8177.6479
2006-07-18,8149.6387
2006-07-19,8121.6343
2006-07-20,8373.6846
2006-07-21,8317.6729
2006-07-24,8261.6641
2006-07-25,8373.6846
2006-07-26,8387.6895
2006-07-27,8457.7021
2006-07-28,8415.6924
2006-07-31,8513.7178
2006-08-01,8471.7070
2006-08-02,8513.7178
2006-08-03,8541.7197
2006-08-04,8611.7363
2006-08-07,8485.7080
2006-08-08,8611.7363
2006-08-09,8625.7383
2006-08-10,8569.7227
2006-08-11,8499.7109
2006-08-14,8471.7070
2006-08-16,8653.7432
2006-08-17,9017.8154
2006-08-18,9185.8477
2006-08-21,9199.8516
2006-08-22,9213.8545
2006-08-23,9045.8193
2006-08-24,8905.7910
2006-08-25,9045.8193
2006-08-28,9003.8135
2006-08-29,9227.8574
2006-08-30,9171.8447
2006-08-31,9101.8311
2006-09-01,9143.8379
2006-09-04,9213.8545
2006-09-05,9213.8545
2006-09-06,9157.8428
2006-09-07,9087.8281
2006-09-08,9059.8232
2006-09-11,8905.7910
2006-09-12,8849.7793
2006-09-13,8989.8057
2006-09-14,9171.8447
2006-09-15,9185.8477
2006-09-18,9423.8975
2006-09-19,9409.8955
2006-09-20,9339.8789
2006-09-21,9311.8740
2006-09-22,9157.8428
2006-09-25,9143.8379
2006-09-26,9115.8350
2006-09-27,9283.8682
2006-09-28,9353.8809
2006-09-29,9297.8682
2006-10-02,9311.8740
2006-10-04,9073.8262
2006-10-09,8891.7910
2006-10-10,8989.8057
2006-10-11,8975.8066
2006-10-12,8947.8008
2006-10-13,9017.8154
2006-10-16,9101.8311
2006-10-17,9059.8232
2006-10-18,8989.8057
2006-10-19,8905.7910
2006-10-20,8849.7793
2006-10-23,8751.7646
2006-10-24,8779.7686
2006-10-25,8751.7646
2006-10-26,8807.7705
2006-10-27,8681.7480
2006-10-30,8527.7168
2006-10-31,8555.7246
2006-11-01,8611.7363
2006-11-02,8597.7314
2006-11-03,8555.7246
2006-11-06,8471.7070
2006-11-07,8527.7168
2006-11-08,8611.7363
2006-11-09,8835.7803
2006-11-10,8807.7705
2006-11-13,8961.8047
2006-11-14,9059.8232
2006-11-15,9269.8643
2006-11-16,9199.8516
2006-11-17,9199.8516
2006-11-20,9129.8359
2006-11-21,9101.8311
2006-11-22,9241.8584
2006-11-23,9157.8428
2006-11-24,9129.8359
2006-11-27,8989.8057
2006-11-28,8863.7852
2006-11-29,8835.7803
2006-11-30,8961.8047
2006-12-01,8961.8047
2006-12-04,8975.8066
2006-12-05,8933.7988
2006-12-06,8891.7910
2006-12-07,8765.7637
2006-12-08,8569.7227
2006-12-11,8457.7021
2006-12-12,8401.6904
2006-12-13,8471.7070
2006-12-14,8583.7266
2006-12-15,8527.7168
2006-12-18,8541.7197
2006-12-19,8527.7168
2006-12-20,8639.7393
2006-12-21,8639.7393
2006-12-22,8555.7246
2006-12-26,8499.7109
2006-12-27,8669.1377
2006-12-28,8655.0225
2007-01-02,8838.5684
2007-01-03,8669.1377
2007-01-04,8556.1855
2007-01-05,8400.8750
2007-01-08,8245.5664
2007-01-09,8273.8057
2007-01-10,8160.8530
2007-01-11,8231.4443
2007-01-12,8556.1855
2007-01-15,8640.9014
2007-01-16,8655.0225
2007-01-17,8499.7109
2007-01-18,8386.7549
2007-01-19,8259.6885
2007-01-22,8344.4014
2007-01-23,8386.7549
2007-01-24,8499.7109
2007-01-25,8513.8311
2007-01-26,8302.0439
2007-01-29,8160.8530
2007-01-30,8259.6885
2007-01-31,8189.0928
2007-02-01,8174.9663
2007-02-02,8302.0439
2007-02-05,8273.8057
2007-02-06,8287.9238
2007-02-07,8273.8057
2007-02-08,8231.4443
2007-02-09,8231.4443
2007-02-12,8076.1367
2007-02-13,7934.9473
2007-02-14,8005.5405
2007-02-15,8118.4951
2007-02-16,8358.5166
2007-02-20,8471.4697
2007-02-21,8556.1855
2007-02-22,8499.7109
2007-02-23,8358.5166
2007-02-26,8231.4443
2007-02-27,8203.2061
2007-02-28,8047.9014
2007-03-01,8005.5405
2007-03-05,7977.3071
2007-03-06,8062.0166
2007-03-07,8047.9014
2007-03-08,8146.7310
2007-03-09,8287.9238
2007-03-12,8499.7109
2007-03-13,8471.4697
2007-03-14,8245.5664
2007-03-15,8273.8057
2007-03-16,8316.1621
2007-03-19,8287.9238
2007-03-20,8174.9663
2007-03-21,8174.9663
2007-03-22,8217.3291
2007-03-23,8189.0928
2007-03-26,8245.5664
2007-03-27,8189.0928
2007-03-28,8076.1367
2007-03-29,8033.7798
2007-03-30,7949.0615
2007-04-02,7991.4233
2007-04-03,8104.3760
2007-04-04,8400.8750
2007-04-05,8372.6396
2007-04-06,8287.9238
2007-04-09,8245.5664
2007-04-10,8160.8530
2007-04-11,8457.3525
2007-04-12,8527.9502
2007-04-13,8499.7109
2007-04-16,8372.6396
2007-04-17,8372.6396
2007-04-18,8231.4443
2007-04-19,8076.1367
2007-04-20,8090.2578
2007-04-23,8047.9014
2007-04-24,8062.0166
2007-04-25,7963.1846
2007-04-26,8189.0928
2007-04-27,8189.0928
2007-04-30,8104.3760
2007-05-02,8118.4951
2007-05-03,8104.3760
2007-05-04,8132.6128
2007-05-07,8287.9238
2007-05-08,8217.3291
2007-05-09,8189.0928
2007-05-10,8118.4951
2007-05-11,8090.2578
2007-05-14,8104.3760
2007-05-15,8090.2578
2007-05-16,8047.9014
2007-05-17,7991.4233
2007-05-18,7821.9932
2007-05-21,7793.7515
2007-05-22,7977.3071
2007-05-23,7934.9473
2007-05-25,7793.7515
2007-05-28,7737.2754
2007-05-29,7581.9663
2007-05-30,7511.3711
2007-05-31,7553.7305
2007-06-01,7850.2300
2007-06-04,8076.1367
2007-06-05,8062.0166
2007-06-07,8033.7798
2007-06-08,8076.1367
2007-06-11,8160.8530
2007-06-12,8160.8530
2007-06-13,8090.2578
2007-06-14,8203.2061
2007-06-15,8104.3760
2007-06-18,8316.1621
2007-06-19,8259.6885
2007-06-20,8146.7310
2007-06-21,8316.1621
2007-06-22,8344.4014
2007-06-25,8302.0439
2007-06-26,8302.0439
2007-06-27,8203.2061
2007-06-28,8167.8823
2007-06-29,7998.3057
2007-07-02,7998.3057
2007-07-03,8068.9590
2007-07-04,8167.8823
2007-07-05,8351.5869
2007-07-06,8860.3125
2007-07-09,9086.4150
2007-07-10,8888.5742
2007-07-11,8973.3643
2007-07-12,9128.8076
2007-07-13,9708.1904
2007-07-16,9185.3359
2007-07-18,9044.0205
2007-07-19,8987.4971
2007-07-20,9340.7764
2007-07-23,9298.3838
2007-07-24,9241.8564
2007-07-25,9157.0703
2007-07-26,8846.1836
2007-07-27,8422.2432
2007-07-30,8620.0791
2007-07-31,8676.6064
2007-08-01,8210.2715
2007-08-02,8337.4561
2007-08-03,8337.4561
2007-08-06,8252.6689
2007-08-07,8252.6689
2007-08-08,8507.0283
2007-08-09,8775.5273
2007-08-10,8521.1650
2007-08-13,8662.4756
2007-08-14,8648.3447
2007-08-16,8196.1465
2007-08-17,8083.0918
2007-08-20,8337.4561
2007-08-21,8365.7178
2007-08-22,8393.9805
2007-08-23,8464.6348
2007-08-24,8280.9307
2007-08-27,8153.7461
2007-08-28,8139.6201
2007-08-29,7941.7808
2007-08-30,8083.0918
2007-08-31,8351.5869
2007-09-03,8139.6201
2007-09-04,8125.4863
2007-09-05,8040.7002
2007-09-06,8125.4863
2007-09-07,8125.4863
2007-09-10,7955.9092
2007-09-11,8012.4395
2007-09-12,7913.5186
2007-09-13,7941.7808
2007-09-14,7856.9946
2007-09-17,7701.5503
2007-09-18,7659.1543
2007-09-19,7800.4658
2007-09-20,7715.6807
2007-09-21,7546.1050
2007-09-27,7885.2544
2007-09-28,8125.4863
2007-10-01,8097.2251
2007-10-02,8182.0137
2007-10-04,7984.1753
2007-10-05,7814.5991
2007-10-08,7786.3379
2007-10-09,7588.4971
2007-10-10,7800.4658
2007-10-11,7842.8628
2007-10-12,7871.1226
2007-10-15,7659.1543
2007-10-16,7277.6099
2007-10-17,7277.6099
2007-10-18,7376.5303
2007-10-19,7630.8911
2007-10-22,7376.5303
2007-10-23,7376.5303
2007-10-24,7249.3452
2007-10-25,7164.5591
2007-10-26,7517.8418
2007-10-29,7701.5503
2007-10-30,7687.4155
2007-10-31,7772.2046
2007-11-01,7758.0723
2007-11-02,7630.8911
2007-11-05,7461.3159
2007-11-06,7743.9419
2007-11-07,8054.8325
2007-11-08,7574.3652
2007-11-09,7630.8911
2007-11-12,7517.8418
2007-11-13,7517.8418
2007-11-14,7729.8101
2007-11-15,8054.8325
2007-11-16,7871.1226
2007-11-19,7645.0239
2007-11-20,7503.7085
2007-11-21,7277.6099
2007-11-22,7616.7607
2007-11-23,7871.1226
2007-11-26,7955.9092
2007-11-27,7616.7607
2007-11-28,7687.4155
2007-11-29,8012.4395
2007-11-30,7984.1753
2007-12-03,7998.3057
2007-12-04,8125.4863
2007-12-05,8224.4062
2007-12-06,8648.3447
2007-12-07,8591.8213
2007-12-10,8676.6064
2007-12-11,8521.1650
2007-12-12,8450.5059
2007-12-13,8337.4561
2007-12-14,8210.2715
2007-12-17,7913.5186
2007-12-18,7913.5186
2007-12-20,7899.3843
2007-12-21,7913.5186
2007-12-24,8167.8823
2007-12-26,8139.6201
2007-12-27,8161.0942
2007-12-28,7960.6489
2008-01-02,7788.8354
2008-01-03,7817.4678
2008-01-04,7717.2437
2008-01-07,7430.8887
2008-01-08,7387.9380
2008-01-09,7516.7959
2008-01-10,7387.9380
2008-01-11,7387.9380
2008-01-14,7516.7959
2008-01-15,7617.0225
2008-01-16,7588.3872
2008-01-17,8017.9189
2008-01-18,8118.1436
2008-01-21,8075.1890
2008-01-22,7674.2925
2008-01-23,7731.5620
2008-01-24,7960.6489
2008-01-25,8032.2358
2008-01-28,7717.2437
2008-01-29,7989.2827
2008-01-30,8175.4092
2008-01-31,8519.0352
2008-02-01,8390.1797
2008-02-04,8762.4404
2008-02-05,8776.7549
2008-02-11,8361.5430
2008-02-12,8204.0498
2008-02-13,8218.3652
2008-02-14,8490.4043
2008-02-15,8390.1797
2008-02-18,8261.3145
2008-02-19,8404.4961
2008-02-20,8275.6357
2008-02-21,8504.7168
2008-02-22,8332.9102
2008-02-25,8318.5830
2008-02-26,8175.4092
2008-02-27,8275.6357
2008-02-28,8304.2725
2008-02-29,8017.9189
2008-03-03,7860.4204
2008-03-04,7903.3770
2008-03-05,8046.5532
2008-03-06,8046.5532
2008-03-07,7874.7407
2008-03-10,7932.0098
2008-03-11,7946.3296
2008-03-12,8017.9189
2008-03-13,7874.7407
2008-03-14,7831.7886
2008-03-17,7874.7407
2008-03-18,8132.4580
2008-03-19,8461.7676
2008-03-20,8676.5303
2008-03-21,8690.8496
2008-03-24,8576.3066
2008-03-25,8733.7988
2008-03-26,8762.4404
2008-03-27,8662.2158
2008-03-28,8776.7549
2008-03-31,8919.9336
2008-04-01,9106.0615
2008-04-02,9464.0059
2008-04-03,9478.3223
2008-04-04,9306.5117
2008-04-07,9306.5117
2008-04-08,9249.2422
2008-04-10,9392.4180
2008-04-11,9736.0420
2008-04-14,9707.4092
2008-04-15,9421.0527
2008-04-16,9320.8311
2008-04-17,9464.0059
2008-04-18,9521.2764
2008-04-21,9650.1357
2008-04-22,9664.4531
2008-04-23,9349.4658
2008-04-24,9464.0059
2008-04-25,9879.2168
2008-04-28,10251.4785
2008-04-29,10165.5771
2008-04-30,10179.8906
2008-05-01,10179.8906
2008-05-02,10466.2402
2008-05-05,10466.2402
2008-05-06,10666.6973
2008-05-07,10609.4229
2008-05-08,10423.2881
2008-05-09,10151.2559
2008-05-12,10151.2559
2008-05-13,10523.5166
2008-05-14,10566.4688
2008-05-15,10938.7344
2008-05-16,10881.4590
2008-05-19,10423.2881
2008-05-20,10208.5273
2008-05-21,10280.1201
2008-05-22,10208.5273
2008-05-23,10122.6230
2008-05-26,9721.7266
2008-05-27,10051.0332
2008-05-28,9907.8545
2008-05-29,10451.9277
2008-05-30,10609.4229
2008-06-02,10394.6572
2008-06-03,10079.6660
2008-06-04,10208.5273
2008-06-05,10151.2559
2008-06-06,10151.2559
2008-06-09,9821.9512
2008-06-10,9535.5967
2008-06-11,9750.3633
2008-06-12,9492.6445
2008-06-13,9650.1357
2008-06-16,9893.5400
2008-06-17,9850.5869
2008-06-18,10079.6660
2008-06-19,9664.4531
2008-06-20,9564.2305
2008-06-23,9421.0527
2008-06-24,9435.3721
2008-06-25,9378.0986
2008-06-26,9521.2764
2008-06-27,9213.2158
2008-06-30,8955.3018
2008-07-01,9112.9141
2008-07-02,9026.9424
2008-07-03,9069.9268
2008-07-04,8826.3438
2008-07-07,8797.6846
2008-07-08,8496.7910
2008-07-09,8238.8760
2008-07-10,8023.9492
2008-07-11,8138.5791
2008-07-14,8124.2500
2008-07-15,7923.6533
2008-07-16,8038.2769
2008-07-17,8367.8359
2008-07-18,8339.1797
2008-07-21,8582.7598
2008-07-22,8453.8037
2008-07-23,8410.8174
2008-07-24,8797.6846
2008-07-25,8253.2080
2008-07-28,8023.9492
2008-07-29,7794.6958
2008-07-30,7852.0073
2008-07-31,8081.2671
2008-08-01,8095.5938
2008-08-04,8095.5938
2008-08-05,8124.2500
2008-08-06,8410.8174
2008-08-07,8281.8652
2008-08-08,8210.2236
2008-08-11,8382.1621
2008-08-12,8525.4473
2008-08-13,8410.8174
2008-08-14,8310.5215
2008-08-15,8310.5215
2008-08-18,8296.1924
2008-08-19,8081.2671
2008-08-20,8023.9492
2008-08-21,7923.6533
2008-08-22,7980.9639
2008-08-25,8023.9492
2008-08-26,7737.3813
2008-08-27,7594.0991
2008-08-28,7465.1387
2008-08-29,7393.4971
2008-09-01,7250.2104
2008-09-02,7407.8262
2008-09-03,7551.1128
2008-09-04,7364.8403
2008-09-05,7479.4692
2008-09-08,7780.3662
2008-09-09,7680.0664
2008-09-10,7766.0356
2008-09-11,7694.3931
2008-09-12,7780.3662
2008-09-15,7780.3662
2008-09-16,7522.4521
2008-09-17,7522.4521
2008-09-18,7407.8262
2008-09-19,7995.2935
2008-09-22,7995.2935
2008-09-23,8023.9492
2008-09-24,8081.2671
2008-09-25,8124.2500
2008-09-26,7923.6533
2008-09-29,7794.6958
2008-09-30,7723.0522
2008-10-01,7637.0815
2008-10-02,7565.4414
2008-10-03,7565.4414
2008-10-06,7407.8262
2008-10-07,7608.4258
2008-10-08,7565.4414
2008-10-09,7751.7061
2008-10-10,7465.1387
2008-10-13,7508.1221
2008-10-14,8023.9492
2008-10-15,7837.6782
2008-10-16,7221.5557
2008-10-17,7178.5723
2008-10-20,7465.1387
2008-10-21,7436.4785
2008-10-22,7278.8687
2008-10-23,6770.2090
2008-10-24,5760.0498
2008-10-27,6275.8750
2008-10-28,6641.2524
2008-10-29,6806.0269
2008-10-30,7694.3931
2008-10-31,7551.1128
2008-11-03,7393.4971
2008-11-04,7364.8403
2008-11-05,7379.1670
2008-11-06,7042.4487
2008-11-07,7013.7915
2008-11-10,6798.8667
2008-11-11,6741.5518
2008-11-12,6884.8364
2008-11-13,6791.7036
2008-11-14,6634.0874
2008-11-17,6454.9805
2008-11-18,6232.8901
2008-11-19,6275.8750
2008-11-20,6060.9478
2008-11-21,6361.8467
2008-11-24,6304.5356
2008-11-25,6469.3101
2008-11-26,6777.3716
2008-11-27,6949.3135
2008-11-28,6963.6396
2008-12-01,6827.5220
2008-12-02,6505.1318
2008-12-03,6318.8613
2008-12-04,6168.4116
2008-12-05,6118.2617
2008-12-08,6648.4170
2008-12-09,6727.2231
2008-12-10,6891.9995
2008-12-11,6913.4927
2008-12-12,6598.2646
2008-12-15,6763.0464
2008-12-16,6548.1162
2008-12-17,6583.9370
2008-12-18,6705.7295
2008-12-19,7013.7915
2008-12-22,6963.6396
2008-12-23,6540.9502
2008-12-24,6591.1021
2008-12-25,6591.1021
2008-12-26,6533.7905
2008-12-29,6577.2510
2008-12-30,6533.7900
2008-12-31,6533.7900
2009-01-02,6809.0493
2009-01-05,6895.9736
2009-01-06,7214.6934
2009-01-07,7591.3623
2009-01-08,7359.5659
2009-01-09,7142.2539
2009-01-12,7091.5503
2009-01-13,7120.5244
2009-01-14,7091.5503
2009-01-15,6656.9272
2009-01-16,6780.0752
2009-01-19,6881.4839
2009-01-20,6722.1235
2009-01-21,6497.5698
2009-01-22,6678.6602
2009-01-23,6403.4023
2009-01-28,7077.0664
2009-01-29,7221.9375
2009-01-30,7084.3071
2009-02-02,6859.7524
2009-02-03,7098.7954
2009-02-04,7504.4395
2009-02-05,7547.9028
2009-02-06,7895.5991
2009-02-09,7634.8276
2009-02-10,7533.4155
2009-02-11,7432.0020
2009-02-12,7533.4155
2009-02-13,7446.4912
2009-02-16,7301.6167
2009-02-17,7106.0405
2009-02-18,6924.9468
2009-02-19,6961.1631
2009-02-20,6772.8276
2009-02-23,7026.3599
2009-02-24,6772.8276
2009-02-25,6924.9468
2009-02-26,6910.4585
2009-02-27,6910.4585
2009-03-02,6693.1470
2009-03-03,6888.7285
2009-03-04,7084.3071
2009-03-05,7287.1318
2009-03-06,7243.6660
2009-03-09,7460.9746
2009-03-10,7301.6167
2009-03-11,7605.8516
2009-03-12,7765.2104
2009-03-13,7649.3120
2009-03-16,7576.8755
2009-03-17,7736.2383
2009-03-18,7823.1636
2009-03-19,7837.6479
2009-03-20,7852.1357
2009-03-23,7968.0352
2009-03-24,8098.4194
2009-03-25,8054.9590
2009-03-26,8257.7803
2009-03-27,8460.6045
2009-03-30,8214.3193
2009-03-31,8228.8066
2009-04-01,8257.7803
2009-04-02,8562.0166
2009-04-03,8590.9893
2009-04-06,8605.4775
2009-04-07,8460.6045
2009-04-08,8069.4473
2009-04-09,8402.6562
2009-04-10,8735.8594
2009-04-13,8446.1143
2009-04-14,8330.2178
2009-04-15,8475.0908
2009-04-16,8417.1377
2009-04-17,8648.9395
2009-04-20,8576.5010
2009-04-21,8562.0166
2009-04-22,8822.7861
2009-04-23,9083.5576
2009-04-24,8576.5010
2009-04-27,8475.0908
2009-04-28,8330.2178
2009-04-29,8489.5801
2009-04-30,8576.5010
2009-05-04,8431.6309
2009-05-06,8185.3467
2009-05-07,8199.8320
2009-05-08,8243.2910
2009-05-11,8156.3701
2009-05-12,8127.3950
2009-05-13,8112.9082
2009-05-14,7997.0093
2009-05-15,8040.4717
2009-05-18,8054.9590
2009-05-19,8257.7803
2009-05-20,8344.7051
2009-05-21,8156.3701
2009-05-22,7968.0352
2009-05-25,7895.5991
2009-05-26,7794.1880
2009-05-27,7750.7246
2009-05-28,8098.4194
2009-05-29,8083.9341
2009-06-01,8083.9341
2009-06-02,8054.9590
2009-06-03,7997.0093
2009-06-04,8040.4717
2009-06-05,8243.2910
2009-06-08,8330.2178
2009-06-09,8185.3467
2009-06-10,8504.0645
2009-06-11,8475.0908
2009-06-12,8460.6045
2009-06-15,8388.1670
2009-06-16,8185.3467
2009-06-17,8330.2178
2009-06-18,8185.3467
2009-06-19,8141.8804
2009-06-22,8330.2178
2009-06-23,8330.2178
2009-06-24,8402.6562
2009-06-25,8518.5566
2009-06-26,8634.4531
2009-06-29,8670.7021
2009-06-30,8583.7031
2009-07-01,8743.1973
2009-07-02,8728.7002
2009-07-03,8714.1982
2009-07-06,9192.6865
2009-07-07,9424.6738
2009-07-08,9497.1748
2009-07-09,9424.6738
2009-07-10,9352.1797
2009-07-13,8989.6895
2009-07-14,9192.6865
2009-07-15,9656.6670
2009-07-16,9772.6631
2009-07-17,9714.6611
2009-07-20,10004.6533
2009-07-21,10033.6553
2009-07-22,9975.6543
2009-07-23,9830.6641
2009-07-24,9903.1582
2009-07-27,10135.1484
2009-07-28,10149.6475
2009-07-29,10106.1484
2009-07-30,10352.6406
2009-07-31,10497.6357
2009-08-03,10367.1416
2009-08-04,10512.1348
2009-08-05,10628.1318
2009-08-06,10367.1416
2009-08-07,10381.6406
2009-08-10,10294.6475
2009-08-11,10222.1484
2009-08-12,10048.1523
2009-08-13,10178.6484
2009-08-14,10599.1328
2009-08-17,10338.1436
2009-08-18,10584.6338
2009-08-19,10700.6299
2009-08-20,10729.6299
2009-08-21,10976.1240
2009-08-24,11353.1084
2009-08-25,11237.1143
2009-08-26,11266.1143
2009-08-27,11121.1182
2009-08-28,11077.6172
2009-08-31,11179.1123
2009-09-01,11585.0996
2009-09-02,11367.6094
2009-09-03,11237.1143
2009-09-04,11121.1182
2009-09-07,11208.1123
2009-09-08,11324.1084
2009-09-09,11324.1084
2009-09-10,11469.1035
2009-09-11,11498.1045
2009-09-14,11077.6172
2009-09-15,11150.1172
2009-09-16,11527.1006
2009-09-17,11744.5938
2009-09-18,11686.5957
2009-09-21,11570.6006
2009-09-22,11962.0889
2009-09-23,11889.5879
2009-09-24,11643.0957
2009-09-25,11527.1006
2009-09-28,11541.6035
2009-09-29,11773.5918
2009-09-30,11817.0928
2009-10-01,11483.6055
2009-10-05,10831.1230
2009-10-06,10802.1270
2009-10-07,10468.6396
2009-10-08,10439.6426
2009-10-09,10947.1211
2009-10-12,10860.1270
2009-10-13,10976.1240
2009-10-14,11150.1172
2009-10-15,11237.1143
2009-10-16,10816.6260
2009-10-19,10889.1260
2009-10-20,10903.6201
2009-10-21,10657.1338
2009-10-22,10526.6357
2009-10-23,10802.1270
2009-10-26,10918.1240
2009-10-27,10758.6299
2009-10-28,10439.6426
2009-10-29,10410.6377
2009-10-30,10483.1387
2009-11-02,10410.6377
2009-11-03,10570.1357
2009-11-04,10628.1318
2009-11-05,10323.6455
2009-11-06,10468.6396
2009-11-09,10497.6357
2009-11-10,10541.1309
2009-11-11,10657.1338
2009-11-12,10439.6426
2009-11-13,10352.6406
2009-11-16,10628.1318
2009-11-17,10555.6338
2009-11-18,10874.6250
2009-11-19,11005.1191
2009-11-20,10947.1211
2009-11-23,11005.1191
2009-11-24,10758.6299
2009-11-25,10860.1270
2009-11-26,10773.1289
2009-11-27,10323.6455
2009-11-30,10439.6426
2009-12-01,10686.1289
2009-12-02,10831.1230
2009-12-03,11005.1191
2009-12-04,11048.6172
2009-12-07,11179.1123
2009-12-08,11193.6113
2009-12-09,11280.6104
2009-12-10,11425.6084
2009-12-11,11382.1055
2009-12-14,11295.1094
2009-12-15,11266.1143
2009-12-16,11309.6104
2009-12-17,11092.1172
2009-12-18,11208.1123
2009-12-21,11179.1123
2009-12-22,11324.1084
2009-12-23,11367.6094
2009-12-24,11454.6045
2009-12-28,11411.1045
2009-12-29,11506.2578
2009-12-30,11696.5693
2010-01-04,11842.9580
2010-01-05,12033.2617
2010-01-06,12311.4043
2010-01-07,11901.5137
2010-01-08,12018.6260
2010-01-11,11667.2891
2010-01-12,11842.9580
2010-01-13,11667.2891
2010-01-14,12106.4570
2010-01-15,12326.0439
2010-01-18,12340.6855
2010-01-19,12047.9043
2010-01-20,12208.9336
2010-01-21,12443.1572
2010-01-22,12077.1826
2010-01-25,12326.0439
2010-01-26,11930.7891
2010-01-27,11711.2061
2010-01-28,11828.3174
2010-01-29,11476.9775
2010-02-01,11374.5078
2010-02-02,11301.3164
2010-02-03,11374.5078
2010-02-04,11359.8672
2010-02-05,10979.2549
2010-02-08,10949.9785
2010-02-09,11140.2812
2010-02-10,11052.4492
2010-02-11,11169.5625
2010-02-12,10979.2549
2010-02-16,11067.0908
2010-02-17,11403.7871
2010-02-18,11345.2295
2010-02-19,11125.6465
2010-02-22,11315.9541
2010-02-23,11228.1182
2010-02-24,11008.5293
2010-02-25,10774.3125
2010-02-26,10891.4199
2010-03-02,11272.0371
2010-03-03,11286.6768
2010-03-04,11140.2812
2010-03-05,11345.2295
2010-03-08,11506.2578
2010-03-09,11506.2578
2010-03-10,11476.9775
2010-03-11,11389.1455
2010-03-12,11389.1455
2010-03-15,11242.7568
2010-03-16,11198.8418
2010-03-17,11681.9277
2010-03-18,11667.2891
2010-03-19,11769.7627
2010-03-22,11725.8447
2010-03-23,11842.9580
2010-03-24,11989.3447
2010-03-25,11989.3447
2010-03-26,12003.9863
2010-03-29,11974.7070
2010-03-30,11916.1514
2010-03-31,11974.7070
2010-04-01,12369.9629
2010-04-02,12545.6289
2010-04-05,12735.9365
2010-04-06,12721.2979
2010-04-07,12574.9072
2010-04-08,12633.4619
2010-04-09,12530.9873
2010-04-12,12150.3740
2010-04-13,12121.0957
2010-04-14,12369.9629
2010-04-15,12516.3506
2010-04-16,12413.8779
2010-04-19,12106.4570
2010-04-20,12121.0957
2010-04-21,12472.4336
2010-04-22,12311.4043
2010-04-23,12150.3740
2010-04-26,12208.9336
2010-04-27,12223.5693
2010-04-28,12077.1826
2010-04-29,12077.1826
2010-04-30,12428.5166
2010-05-03,12135.7373
2010-05-04,12208.9336
2010-05-06,11916.1514
2010-05-07,11623.3701
2010-05-10,11755.1211
2010-05-11,11579.4551
2010-05-12,11550.1777
2010-05-13,11901.5137
2010-05-14,11857.5977
2010-05-17,11476.9775
2010-05-18,11594.0918
2010-05-19,11315.9541
2010-05-20,11067.0908
2010-05-24,11096.3662
2010-05-25,10847.5020
2010-05-26,10979.2549
2010-05-27,11301.3164
2010-05-28,11389.1455
2010-05-31,11359.8672
2010-06-01,11242.7568
2010-06-03,11374.5078
2010-06-04,11608.7344
2010-06-07,11520.8975
2010-06-08,11491.6221
2010-06-09,11272.0371
2010-06-10,11315.9541
2010-06-11,11667.2891
2010-06-14,11813.6797
2010-06-15,11681.9277
2010-06-16,11989.3447
2010-06-17,11960.0713
2010-06-18,12033.2617
2010-06-21,12150.3740
2010-06-22,11945.4307
2010-06-23,11784.4053
2010-06-24,12003.9863
2010-06-25,11784.4053
2010-06-28,11652.6504
2010-06-29,11667.3799
2010-06-30,11402.2139
2010-07-01,11284.3623
2010-07-02,11299.0918
2010-07-05,11299.0918
2010-07-06,11416.9443
2010-07-07,11328.5537
2010-07-08,11416.9443
2010-07-09,11726.3076
2010-07-12,11814.6943
2010-07-13,11726.3076
2010-07-14,12138.7900
2010-07-15,12079.8652
2010-07-16,11814.6943
2010-07-19,11711.5771
2010-07-20,11755.7725
2010-07-21,12035.6729
2010-07-22,11903.0869
2010-07-23,11947.2803
2010-07-26,12050.4004
2010-07-27,12212.4492
2010-07-28,12330.2988
2010-07-29,12182.9834
2010-07-30,11932.5518
2010-08-02,11932.5518
2010-08-03,12006.2061
2010-08-04,11873.6240
2010-08-05,11844.1592
2010-08-06,11799.9648
2010-08-09,11814.6943
2010-08-10,11682.1143
2010-08-11,11475.8730
2010-08-12,11284.3623
2010-08-13,11505.3359
2010-08-16,11520.0674
2010-08-17,11520.0674
2010-08-18,11461.1387
2010-08-19,11623.1875
2010-08-20,11549.5244
2010-08-23,11637.9189
2010-08-24,11534.7959
2010-08-25,11372.7529
2010-08-26,11387.4834
2010-08-27,11284.3623
2010-08-30,11431.6758
2010-08-31,11137.0459
2010-09-01,11078.1162
2010-09-02,11181.2393
2010-09-03,11210.7021
2010-09-06,11490.6035
2010-09-07,11608.4570
2010-09-08,11358.0205
2010-09-09,11137.0459
2010-09-10,11284.3623
2010-09-13,11343.2881
2010-09-14,11195.9727
2010-09-15,11151.7764
2010-09-16,11151.7764
2010-09-17,11387.4834
2010-09-20,11490.6035
2010-09-24,11225.4336
2010-09-27,11122.3135
2010-09-28,10975.0000
2010-09-29,11372.7529
2010-09-30,11446.4072
2010-10-01,11446.4072
2010-10-04,11490.6035
2010-10-05,11387.4834
2010-10-06,11682.1143
2010-10-07,11343.2881
2010-10-08,11166.5088
2010-10-11,11092.8545
2010-10-12,10989.7314
2010-10-13,10960.2676
2010-10-14,11048.6562
2010-10-15,11107.5850
2010-10-18,11063.3887
2010-10-19,10916.0713
2010-10-20,10975.0000
2010-10-21,11269.6309
2010-10-22,11446.4072
2010-10-25,11358.0205
2010-10-26,11240.1670
2010-10-27,11092.8545
2010-10-28,11254.9004
2010-10-29,10975.0000
2010-11-01,11004.4590
2010-11-02,10901.3379
2010-11-03,10901.3379
2010-11-04,11240.1670
2010-11-05,11431.6758
2010-11-08,11461.1387
2010-11-09,11402.2139
2010-11-10,11637.9189
2010-11-11,11299.0918
2010-11-12,11461.1387
2010-11-15,11903.0869
2010-11-16,11947.2803
2010-11-17,11711.5771
2010-11-18,11770.5049
2010-11-19,12050.4004
2010-11-22,12492.3496
2010-11-23,12374.4941
2010-11-24,12536.5420
2010-11-25,12448.1553
2010-11-26,12330.2988
2010-11-29,12315.5684
2010-11-30,12168.2539
2010-12-01,12079.8652
2010-12-02,12654.3945
2010-12-03,13169.9990
2010-12-06,13111.0742
2010-12-07,13273.1201
2010-12-08,13081.6123
2010-12-09,13508.8213
2010-12-10,13538.2881
2010-12-13,13700.3291
2010-12-14,13685.6025
2010-12-15,13494.0957
2010-12-16,13420.4375
2010-12-17,13641.4072
2010-12-20,13729.7979
2010-12-21,13788.7236
2010-12-22,13832.9180
2010-12-23,13788.7236
2010-12-24,13626.6807
2010-12-27,13582.4795
2010-12-28,13818.1836
2010-12-29,13995.9160
2010-12-30,14055.1543
2011-01-03,14188.4453
2011-01-04,14188.4453
2011-01-05,13951.4805
2011-01-06,13773.7510
2011-01-07,13640.4629
2011-01-10,13581.2129
2011-01-11,13521.9746
2011-01-12,13773.7510
2011-01-13,13655.2686
2011-01-14,13818.1895
2011-01-17,14055.1543
2011-01-18,14351.3633
2011-01-19,14766.0615
2011-01-20,14543.9033
2011-01-21,14380.9834
2011-01-24,14380.9834
2011-01-25,14440.2217
2011-01-26,14780.8682
2011-01-27,14721.6270
2011-01-28,14958.5957
2011-01-31,14529.0996
2011-02-01,14558.7100
2011-02-07,14395.7939
2011-02-08,14232.8779
2011-02-09,14218.0664
2011-02-10,13862.6172
2011-02-11,13551.5967
2011-02-14,14114.3945
2011-02-15,14188.4453
2011-02-16,13995.9160
2011-02-17,14129.2061
2011-02-18,14218.0664
2011-02-21,14040.3506
2011-02-22,13892.2393
2011-02-23,13773.7510
2011-02-24,13758.9463
2011-02-25,13714.5146
2011-02-28,13670.0811
2011-03-02,13596.0312
2011-03-03,13670.0811
2011-03-04,13995.9160
2011-03-07,13418.2998
2011-03-08,13314.6299
2011-03-09,13181.3350
2011-03-10,12825.8867
2011-03-11,12766.6436
2011-03-14,13329.4434
2011-03-15,12737.0195
2011-03-16,13122.0957
2011-03-17,13181.3350
2011-03-18,13196.1445
2011-03-21,13181.3350
2011-03-22,12959.1816
2011-03-23,12929.5576
2011-03-24,13033.2383
2011-03-25,13477.5469
2011-03-28,13566.4111
2011-03-29,13566.4111
2011-03-30,13714.5146
2011-03-31,13803.3770
2011-04-01,13921.8633
2011-04-04,13995.9160
2011-04-05,13995.9160
2011-04-06,13670.0811
2011-04-07,13462.7363
2011-04-08,13299.8154
2011-04-11,13240.5771
2011-04-12,13062.8525
2011-04-13,13344.2490
2011-04-14,13329.4434
2011-04-15,13151.7158
2011-04-18,12840.6973
2011-04-19,12959.1816
2011-04-20,13566.4111
2011-04-21,13744.1338
2011-04-22,13388.6816
2011-04-25,13166.5283
2011-04-26,13285.0068
2011-04-27,13684.8945
2011-04-28,13329.4434
2011-04-29,13225.7715
2011-05-02,13803.3770
2011-05-03,13892.2393
2011-05-04,13551.5967
2011-05-06,13314.6299
2011-05-09,13196.1445
2011-05-11,13210.9561
2011-05-12,13107.2832
2011-05-13,13566.4111
2011-05-16,13344.2490
2011-05-17,13181.3350
2011-05-18,13225.7715
2011-05-19,13033.2383
2011-05-20,13062.8525
2011-05-23,12929.5576
2011-05-24,12811.0752
2011-05-25,12677.7783
2011-05-26,13018.4229
2011-05-27,13196.1445
2011-05-30,13092.4746
2011-05-31,13359.0645
2011-06-01,13492.3574
2011-06-02,13077.6650
2011-06-03,13107.2832
2011-06-07,13136.9062
2011-06-08,12988.7998
2011-06-09,12811.0752
2011-06-10,12603.7256
2011-06-13,12633.3467
2011-06-14,12781.4541
2011-06-15,12811.0752
2011-06-16,12559.2959
2011-06-17,12129.7910
2011-06-20,11848.3936
2011-06-21,12055.7373
2011-06-22,12233.4678
2011-06-23,12307.5205
2011-06-24,12618.5361
2011-06-27,12366.7559
2011-06-28,12322.3281
2011-06-29,12344.5586
2011-06-30,12240.8232
2011-07-01,12670.5820
2011-07-04,13011.4297
2011-07-05,13322.6357
2011-07-06,13307.8145
2011-07-07,13041.0771
2011-07-08,13115.1631
2011-07-11,12818.7783
2011-07-12,12596.4854
2011-07-13,12492.7520
2011-07-14,12314.9209
2011-07-15,12329.7373
2011-07-18,12048.1689
2011-07-19,12181.5449
2011-07-20,12611.3037
2011-07-21,12477.9297
2011-07-22,12596.4854
2011-07-25,12552.0273
2011-07-26,12596.4854
2011-07-27,12522.3936
2011-07-28,12403.8311
2011-07-29,12507.5703
2011-08-01,12892.8740
2011-08-02,12626.1240
2011-08-03,12344.5586
2011-08-04,12166.7227
2011-08-05,11692.5000
2011-08-08,11262.7383
2011-08-09,10729.2422
2011-08-10,10669.9678
2011-08-11,10492.1318
2011-08-12,10477.3105
2011-08-16,11114.5469
2011-08-17,11144.1836
2011-08-18,10506.9521
2011-08-19,10077.1885
2011-08-22,10240.2061
2011-08-23,10714.4229
2011-08-24,10492.1318
2011-08-25,10744.0586
2011-08-26,10758.8818
2011-08-29,10862.6143
2011-08-30,10995.9922
2011-08-31,11025.6309
2011-09-01,11425.7559
2011-09-02,11396.1143
2011-09-05,10832.9766
2011-09-06,10773.6982
2011-09-07,11455.3936
2011-09-08,11825.8789
2011-09-09,11559.1270
2011-09-14,11159.0049
2011-09-15,11425.7559
2011-09-16,11825.8789
2011-09-19,11974.0732
2011-09-20,12018.5273
2011-09-21,12048.1689
2011-09-22,11707.3193
2011-09-23,11233.1006
2011-09-26,11485.0312
2011-09-27,11914.7930
2011-09-28,11959.2500
2011-09-29,12403.8311
2011-09-30,12448.2930
2011-10-04,12270.4590
2011-10-05,12477.9297
2011-10-06,12670.5820
2011-10-07,12744.6787
2011-10-10,12952.1504
2011-10-11,13055.8887
2011-10-12,13307.8145
2011-10-13,13189.2607
2011-10-14,13129.9883
2011-10-17,13189.2607
2011-10-18,13085.5283
2011-10-19,13129.9883
2011-10-20,13441.1904
2011-10-21,13589.3818
2011-10-24,13945.0547
2011-10-25,14004.3330
2011-10-26,13841.3154
2011-10-27,13693.1221
2011-10-28,14004.3330
2011-10-31,14345.1748
2011-11-01,14671.2061
2011-11-02,14389.6289
2011-11-03,14330.3535
2011-11-04,14893.4893
2011-11-07,14715.6631
2011-11-08,14374.8164
2011-11-09,14597.1045
2011-11-10,13856.1338
2011-11-11,14567.4639
2011-11-14,14760.1201
2011-11-15,14760.1201
2011-11-16,14448.9072
2011-11-17,14523.0068
2011-11-18,14271.0742
2011-11-21,14078.4268
2011-11-22,14271.0742
2011-11-23,13856.1338
2011-11-24,13974.6885
2011-11-25,14033.9678
2011-11-28,14493.3730
2011-11-29,14893.4893
2011-11-30,14878.6738
2011-12-01,15916.0312
2011-12-02,15560.3672
2011-12-05,15797.4834
2011-12-06,15471.4453
2011-12-07,15649.2842
2011-12-08,15767.8369
2011-12-09,15604.8213
2011-12-12,16064.2266
2011-12-13,15560.3672
2011-12-14,15412.1689
2011-12-15,15041.6914
2011-12-16,15486.2686
2011-12-19,14923.1309
2011-12-20,14997.2246
2011-12-21,15664.1016
2011-12-22,15590.0068
2011-12-23,15827.1123
2011-12-26,15797.4834
2011-12-27,15901.2178
2011-12-28,15796.9912
2011-12-29,15752.3223
2012-01-02,16079.8770
2012-01-03,16452.0957
2012-01-04,16079.8770
2012-01-05,15707.6602
2012-01-06,15484.3242
2012-01-09,15126.9932
2012-01-10,15275.8828
2012-01-11,15201.4404
2012-01-12,15305.6602
2012-01-13,15573.6592
2012-01-16,15335.4365
2012-01-17,15424.7754
2012-01-18,15335.4365
2012-01-19,15960.7656
2012-01-20,16452.0957
2012-01-25,16586.0938
2012-01-26,16571.2031
2012-01-27,16749.8750
2012-01-30,16600.9883
2012-01-31,16481.8730
2012-02-01,16064.9902
2012-02-02,16079.8770
2012-02-03,15871.4414
2012-02-06,15990.5439
2012-02-07,16273.4336
2012-02-08,16258.5420
2012-02-09,16139.4326
2012-02-10,15811.8750
2012-02-13,16124.5439
2012-02-14,16079.8770
2012-02-15,16898.7598
2012-02-16,16898.7598
2012-02-17,17509.1992
2012-02-20,17494.3066
2012-02-21,17568.7578
2012-02-22,17821.8633
2012-02-23,17270.9785
2012-02-24,17568.7578
2012-02-27,17434.7617
2012-02-28,17643.2012
2012-02-29,17955.8594
2012-03-02,17598.5391
2012-03-05,17479.4199
2012-03-06,17568.7578
2012-03-07,17449.6504
2012-03-08,17568.7578
2012-03-09,18313.1895
2012-03-12,18015.4180
2012-03-13,18179.1836
2012-03-14,18610.9668
2012-03-15,18610.9668
2012-03-16,18432.3027
2012-03-19,18759.8535
2012-03-20,18864.0723
2012-03-21,18491.8633
2012-03-22,18730.0762
2012-03-23,18774.7441
2012-03-26,18983.1895
2012-03-27,19519.1875
2012-03-28,19385.1816
2012-03-29,19057.6367
2012-03-30,18983.1895
2012-04-02,19340.5156
2012-04-03,19876.5117
2012-04-04,19653.1855
2012-04-05,19802.0762
2012-04-06,19831.8555
2012-04-09,19608.5195
2012-04-10,19519.1875
2012-04-12,18953.4062
2012-04-13,18878.9688
2012-04-16,18744.9727
2012-04-17,18596.0742
2012-04-18,19251.1895
2012-04-19,19459.6328
2012-04-20,19087.4141
2012-04-23,19042.7402
2012-04-24,19102.3047
2012-04-25,19429.8457
2012-04-26,19950.9629
2012-04-27,20457.1836
2012-04-30,20695.4004
2012-05-02,20993.1680
2012-05-03,20859.1699
2012-05-04,20248.7305
2012-05-07,19980.7344
2012-05-08,19965.8516
2012-05-09,19816.9551
2012-05-10,19757.3965
2012-05-11,19400.0742
2012-05-14,19563.8496
2012-05-15,19519.1875
2012-05-16,18313.1895
2012-05-17,18208.9707
2012-05-18,17360.3066
2012-05-21,18000.5312
2012-05-22,18462.0820
2012-05-23,18179.1836
2012-05-24,18238.7520
2012-05-25,18238.7520
2012-05-29,18432.3027
2012-05-30,18253.6387
2012-05-31,18030.3027
2012-06-01,18357.8574
2012-06-04,17806.9746
2012-06-05,17911.1953
2012-06-07,18834.2949
2012-06-08,18566.3047
2012-06-11,18878.9688
2012-06-12,18685.4121
2012-06-13,18923.6348
2012-06-14,18774.7441
2012-06-15,18119.6406
2012-06-18,18506.7520
2012-06-19,18521.6328
2012-06-20,18640.7422
2012-06-21,18268.5234
2012-06-22,17598.5391
2012-06-25,16854.0957
2012-06-26,16958.3086
2012-06-27,17375.2051
2012-06-28,17397.5391
2012-06-29,17889.0801
2012-07-02,17486.9160
2012-07-03,17501.8047
2012-07-04,17740.1309
2012-07-05,17650.7637
2012-07-06,17293.2773
2012-07-09,16771.9453
2012-07-10,16786.8398
2012-07-11,16652.7812
2012-07-12,16250.6191
2012-07-13,16965.5801
2012-07-16,17159.2188
2012-07-17,17397.5391
2012-07-18,17189.0059
2012-07-19,17799.7109
2012-07-20,17740.1309
2012-07-23,17308.1660
2012-07-24,17427.3359
2012-07-25,17248.5938
2012-07-26,17457.1328
2012-07-27,18365.7285
2012-07-30,18991.3262
2012-07-31,19497.7578
2012-08-01,19363.7012
2012-08-02,18812.5840
2012-08-03,18514.6836
2012-08-06,19333.9062
2012-08-07,19274.3359
2012-08-08,19661.6074
2012-08-09,19959.5117
2012-08-10,20078.6719
2012-08-13,19736.0859
2012-08-14,20033.9863
2012-08-16,20033.9863
2012-08-17,19289.2246
2012-08-20,19110.4922
2012-08-21,19095.5938
2012-08-22,18827.4707
2012-08-23,19170.0645
2012-08-24,18991.3262
2012-08-27,17576.2871
2012-08-28,17799.7109
2012-08-29,18321.0391
2012-08-30,18097.6055
2012-08-31,18365.7285
2012-09-03,18142.2969
2012-09-04,18142.2969
2012-09-05,17710.3379
2012-09-06,17814.6074
2012-09-07,18618.9434
2012-09-10,18618.9434
2012-09-11,18708.3125
2012-09-12,19274.3359
2012-09-13,19378.5957
2012-09-14,19899.9297
2012-09-17,19587.1270
2012-09-18,19587.1270
2012-09-19,19572.2344
2012-09-20,19170.0645
2012-09-21,19393.4902
2012-09-24,19765.8691
2012-09-25,19765.8691
2012-09-26,19736.0859
2012-09-27,19929.7188
2012-09-28,20048.8828
2012-10-02,20391.4707
2012-10-04,20361.6797
2012-10-05,20406.3652
2012-10-08,20451.0488
2012-10-09,20436.1523
2012-10-10,19736.0859
2012-10-11,19423.2871
2012-10-12,19304.1309
2012-10-15,19363.7012
2012-10-16,19810.5625
2012-10-17,19899.9297
2012-10-18,19914.8223
2012-10-19,19393.4902
2012-10-22,19587.1270
2012-10-23,19557.3418
2012-10-24,19363.7012
2012-10-25,19691.3926
2012-10-26,19170.0645
2012-10-29,19348.8047
2012-10-30,19333.9062
2012-10-31,19512.6562
2012-11-01,19319.0156
2012-11-02,19765.8691
2012-11-05,19974.4062
2012-11-06,20093.5664
2012-11-07,20287.2012
2012-11-08,20108.4629
2012-11-09,19974.4062
2012-11-12,20033.9863
2012-11-13,20093.5664
2012-11-14,20182.9375
2012-11-15,19825.4492
2012-11-16,19467.9766
2012-11-19,19840.3535
2012-11-20,20316.9902
2012-11-21,20614.8965
2012-11-22,21106.4434
2012-11-23,21404.3359
2012-11-26,20912.7988
2012-11-27,21091.5410
2012-11-28,21046.8516
2012-11-29,21061.7500
2012-11-30,20942.5898
2012-12-03,21300.0801
2012-12-04,21300.0801
2012-12-05,21672.4453
2012-12-06,21657.5527
2012-12-07,22044.8301
2012-12-10,22208.6758
2012-12-11,21985.2539
2012-12-12,22193.7871
2012-12-13,22834.2734
2012-12-14,22566.1602
2012-12-17,22387.4199
2012-12-18,22566.1602
2012-12-20,22387.4199
2012-12-21,21478.8125
2012-12-24,21955.4590
2012-12-26,21895.8789
2012-12-27,22397.4199
2012-12-28,22786.6836
2013-01-02,23595.1445
2013-01-03,23101.0898
2013-01-04,22831.5996
2013-01-07,22756.7441
2013-01-08,22457.3105
2013-01-09,22457.3105
2013-01-10,22906.4531
2013-01-11,22951.3750
2013-01-14,23235.8301
2013-01-15,22636.9746
2013-01-16,22337.5410
2013-01-17,21993.1934
2013-01-18,22157.8809
2013-01-21,21768.6250
2013-01-22,22157.8809
2013-01-23,22053.0781
2013-01-24,21753.6484
2013-01-25,21214.6758
2013-01-28,20540.9531
2013-01-29,21094.9023
2013-01-30,21559.0215
2013-01-31,21678.7930
2013-02-01,21573.9922
2013-02-04,21514.1074
2013-02-05,21484.1602
2013-02-06,21364.3945
2013-02-07,21259.5957
2013-02-08,21888.4023
2013-02-12,21978.2227
2013-02-13,22262.6777
2013-02-14,22307.5996
2013-02-15,22427.3730
2013-02-18,22307.5996
2013-02-19,22337.5410
2013-02-20,23131.0312
2013-02-21,23205.8906
2013-02-22,22906.4531
2013-02-25,22906.4531
2013-02-26,22861.5449
2013-02-27,22861.5449
2013-02-28,23116.0566
2013-03-04,23041.1992
2013-03-05,23205.8906
2013-03-06,23355.6035
2013-03-07,22756.7441
2013-03-08,22442.3398
2013-03-11,22577.0820
2013-03-12,22367.4844
2013-03-13,22861.5449
2013-03-14,22756.7441
2013-03-15,22157.8809
2013-03-18,21633.8730
2013-03-19,22083.0254
2013-03-20,21858.4512
2013-03-21,21813.5391
2013-03-22,21783.5898
2013-03-25,22382.4551
2013-03-26,22592.0586
2013-03-27,22517.1973
2013-03-28,22607.0312
2013-03-29,22861.5449
2013-04-01,22636.9746
2013-04-02,22831.5996
2013-04-03,22771.7148
2013-04-04,22547.1387
2013-04-05,22532.1680
2013-04-08,22756.7441
2013-04-09,22876.5195
2013-04-10,22771.7148
2013-04-11,23056.1738
2013-04-12,22711.8320
2013-04-15,22801.6641
2013-04-16,22876.5195
2013-04-17,22726.8027
2013-04-18,22202.7969
2013-04-19,22083.0254
2013-04-22,22502.2324
2013-04-23,22202.7969
2013-04-24,22247.7051
2013-04-25,22367.4844
2013-04-26,22247.7051
2013-04-29,22172.8516
2013-04-30,22756.7441
2013-05-02,22876.5195
2013-05-03,22981.3145
2013-05-06,22666.9102
2013-05-07,22352.5117
2013-05-08,22277.6523
2013-05-09,22681.8828
2013-05-10,22098.0000
2013-05-13,22112.9668
2013-05-14,22457.3105
2013-05-15,22457.3105
2013-05-16,22577.0820
2013-05-20,22412.3984
2013-05-21,22337.5410
2013-05-22,22592.0586
2013-05-23,22217.7676
2013-05-24,22247.7051
2013-05-27,22292.6250
2013-05-28,22217.7676
2013-05-29,22636.9746
2013-05-30,23116.0566
2013-05-31,23026.2266
2013-06-03,22936.4023
2013-06-04,23056.1738
2013-06-05,22771.7148
2013-06-07,21364.3945
2013-06-10,21334.4395
2013-06-11,20795.4688
2013-06-12,20735.5801
2013-06-13,20316.3848
2013-06-14,20496.0430
2013-06-17,20451.1270
2013-06-18,20765.5273
2013-06-19,20496.0430
2013-06-20,19897.1758
2013-06-21,19837.2891
2013-06-24,19657.6348
2013-06-25,19418.0879
2013-06-26,18879.1191
2013-06-27,20054.8516
2013-06-28,20099.7773
2013-07-01,19860.1367
2013-07-02,19994.9395
2013-07-03,19485.7012
2013-07-04,19725.3438
2013-07-05,18976.4707
2013-07-08,18362.3867
2013-07-09,18527.1406
2013-07-10,18691.9004
2013-07-11,19650.4570
2013-07-12,19650.4570
2013-07-15,19665.4316
2013-07-16,19440.7676
2013-07-17,19770.2695
2013-07-18,19350.8984
2013-07-19,19066.3262
2013-07-22,19066.3262
2013-07-23,19575.5625
2013-07-24,19695.3848
2013-07-25,19695.3848
2013-07-26,19515.6523
2013-07-29,19216.1074
2013-07-30,19320.9531
2013-07-31,19171.1797
2013-08-01,19171.1797
2013-08-02,19261.0332
2013-08-05,19081.3105
2013-08-06,18781.7637
2013-08-07,18302.4805
2013-08-08,18227.5918
2013-08-09,18422.2988
2013-08-12,18452.2598
2013-08-13,19320.9531
2013-08-14,19470.7246
2013-08-16,19395.8398
2013-08-19,19261.0332
2013-08-20,19006.4219
2013-08-21,18811.7129
2013-08-22,18796.7383
2013-08-23,19395.8398
2013-08-26,19470.7246
2013-08-27,19530.6328
2013-08-28,19605.5215
2013-08-29,20129.7324
2013-08-30,20489.1934
2013-09-02,20234.5820
2013-09-03,20024.8828
2013-09-04,20069.8203
2013-09-05,20444.2598
2013-09-06,20504.1699
2013-09-09,20564.0820
2013-09-10,20908.5664
2013-09-11,20998.4277
2013-09-12,21118.2480
2013-09-13,21058.3398
2013-09-16,21342.9043
2013-09-17,20758.7871
2013-09-23,20369.3750
2013-09-24,20564.0820
2013-09-25,20429.2852
2013-09-26,20549.1035
2013-09-27,20459.2402
2013-09-30,20474.2148
2013-10-01,20698.8809
2013-10-02,21238.0664
2013-10-04,21238.0664
2013-10-07,21507.6660
2013-10-08,21417.7969
2013-10-10,21417.7969
2013-10-11,21612.5020
2013-10-14,21537.6211
2013-10-15,21822.1914
2013-10-16,21717.3457
2013-10-17,21912.0488
2013-10-18,22046.8535
2013-10-21,21927.0273
2013-10-22,21792.2305
2013-10-23,21597.5293
2013-10-24,21702.3711
2013-10-25,21702.3711
2013-10-28,22196.6289
2013-10-29,22316.4473
2013-10-30,22466.2207
2013-10-31,21942.0059
2013-11-01,22466.2207
2013-11-04,22451.2422
2013-11-05,22241.5605
2013-11-06,21732.3281
2013-11-07,21522.6406
2013-11-08,21118.2480
2013-11-11,21387.8418
2013-11-12,21807.2051
2013-11-13,21253.0410
2013-11-14,21327.9336
2013-11-15,21897.0840
2013-11-18,22076.8047
2013-11-19,22301.4688
2013-11-20,22016.8965
2013-11-21,21567.5723
2013-11-22,21717.3457
2013-11-25,21942.0059
2013-11-26,22151.6914
2013-11-27,22016.8965
2013-11-28,22376.3555
2013-11-29,22376.3555
2013-12-02,21971.9629
2013-12-03,21882.1035
2013-12-04,21447.7559
2013-12-05,21567.5723
2013-12-06,21387.8418
2013-12-09,21777.2598
2013-12-10,21567.5723
2013-12-11,21268.0273
2013-12-12,21118.2480
2013-12-13,20818.6992
2013-12-16,20968.4727
2013-12-17,20893.5859
2013-12-18,20983.4434
2013-12-19,21372.8672
2013-12-20,21372.8672
2013-12-23,21462.7305
2013-12-24,21193.1328
2013-12-26,21088.2891
2013-12-27,21115.5234
2013-12-30,20752.5020
2014-01-02,19799.5801
2014-01-03,19602.9453
2014-01-06,19769.3262
2014-01-07,19723.9492
2014-01-08,19527.3184
2014-01-09,19285.3027
2014-01-10,19239.9297
2014-01-13,19587.8223
2014-01-14,19860.0820
2014-01-15,19648.3164
2014-01-16,19678.5762
2014-01-17,19542.4375
2014-01-20,19905.4609
2014-01-21,20026.4688
2014-01-22,20086.9688
2014-01-23,19648.3164
2014-01-24,19769.3262
2014-01-27,19542.4375
2014-01-28,19406.3105
2014-01-29,19360.9395
2014-02-03,19239.9297
2014-02-04,18892.0371
2014-02-05,18710.5273
2014-02-06,19043.2910
2014-02-07,19285.3027
2014-02-10,19315.5566
2014-02-11,19829.8320
2014-02-12,19769.3262
2014-02-13,19633.1934
2014-02-14,19678.5762
2014-02-17,19436.5605
2014-02-18,19587.8223
2014-02-19,19512.1934
2014-02-20,19451.6836
2014-02-21,20117.2188
2014-02-24,20086.9688
2014-02-25,20177.7246
2014-02-26,20298.7285
2014-02-27,20283.6016
2014-02-28,20404.6094
2014-03-03,20041.5879
2014-03-04,19890.3320
2014-03-05,20117.2188
2014-03-06,20056.7168
2014-03-07,20253.3555
2014-03-10,19965.9609
2014-03-11,19996.2148
2014-03-12,19572.6934
2014-03-13,19512.1934
2014-03-14,19285.3027
2014-03-17,19149.1777
2014-03-18,19330.6816
2014-03-19,19194.5508
2014-03-20,19088.6738
2014-03-21,19255.0488
2014-03-24,19255.0488
2014-03-25,18861.7871
2014-03-26,19436.5605
2014-03-27,20162.5977
2014-03-28,20192.8535
2014-03-31,20313.8496
2014-04-01,20253.3555
2014-04-02,20525.6191
2014-04-03,21024.7676
2014-04-04,20873.4980
2014-04-07,21130.6445
2014-04-08,21085.2676
2014-04-09,20737.3730
2014-04-10,20873.4980
2014-04-11,20646.6191
2014-04-14,20722.2422
2014-04-15,20722.2422
2014-04-16,20873.4980
2014-04-17,20722.2422
2014-04-18,20843.2598
2014-04-21,20873.4980
2014-04-22,20797.8848
2014-04-23,21009.6387
2014-04-24,21281.9004
2014-04-25,21160.8984
2014-04-28,20994.5176
2014-04-29,20570.9961
2014-04-30,20313.8496
2014-05-02,20359.2363
2014-05-07,20328.9785
2014-05-08,20419.7324
2014-05-09,20192.8535
2014-05-12,20994.5176
2014-05-13,21176.0215
2014-05-14,21402.9062
2014-05-15,21327.2793
2014-05-16,21599.5430
2014-05-19,21902.0586
2014-05-20,21947.4375
2014-05-21,21796.1758
2014-05-22,21569.2871
2014-05-23,21599.5430
2014-05-26,21508.7832
2014-05-27,21281.9004
2014-05-28,21675.1699
2014-05-29,22083.5664
2014-05-30,21826.4258
2014-06-02,22007.9336
2014-06-03,22234.8223
2014-06-05,22038.1895
2014-06-09,21312.1543
2014-06-10,21720.5508
2014-06-11,21508.7832
2014-06-12,21372.6543
2014-06-13,20676.8711
2014-06-16,20782.7520
2014-06-17,20782.7520
2014-06-18,20540.7422
2014-06-19,20011.3457
2014-06-20,19678.5762
2014-06-23,19996.2148
2014-06-24,20344.1113
2014-06-25,19965.9609
2014-06-26,20041.5879
2014-06-27,19837.3164
2014-06-30,20003.7676
2014-07-01,19822.1895
2014-07-02,20124.8105
2014-07-03,19943.2344
2014-07-04,19761.6621
2014-07-07,19549.8184
2014-07-08,19595.2148
2014-07-09,19791.9219
2014-07-10,19761.6621
2014-07-11,19428.7676
2014-07-14,19459.0332
2014-07-15,19973.4980
2014-07-16,19988.6250
2014-07-17,20124.8105
2014-07-18,20321.5215
2014-07-21,20472.8418
2014-07-22,20397.1816
2014-07-23,20245.8691
2014-07-24,20503.1016
2014-07-25,20503.1016
2014-07-28,20548.4980
2014-07-29,20972.1758
2014-07-30,21108.3594
2014-07-31,20321.5215
2014-08-01,19549.8184
2014-08-04,19928.1094
2014-08-05,19912.9766
2014-08-06,19670.8652
2014-08-07,19519.5566
2014-08-08,18914.3027
2014-08-11,19216.9277
2014-08-12,19156.4102
2014-08-13,19126.1367
2014-08-14,19080.7520
2014-08-18,18914.3027
2014-08-19,18974.8281
2014-08-20,19080.7520
2014-08-21,18687.3301
2014-08-22,18868.9082
2014-08-25,18581.4062
2014-08-26,18490.6211
2014-08-27,18611.6738
2014-08-28,18793.2441
2014-08-29,18672.1953
2014-09-01,18551.1465
2014-09-02,18066.9453
2014-09-03,17991.2773
2014-09-04,18309.0449
2014-09-05,18172.8594
2014-09-11,18036.6758
2014-09-12,18172.8594
2014-09-15,18157.7266
2014-09-16,18248.5176
2014-09-17,18551.1465
2014-09-18,18309.0449
2014-09-19,18309.0449
2014-09-22,17976.1504
2014-09-23,17567.5957
2014-09-24,17401.1582
2014-09-25,17491.9473
2014-09-26,17930.7598
2014-09-29,18082.0684
2014-09-30,17915.6250
2014-10-01,17491.9473
2014-10-02,17264.9746
2014-10-06,17416.2832
2014-10-07,17582.7324
2014-10-08,17098.5273
2014-10-10,16720.2383
2014-10-13,16765.6348
2014-10-14,17053.1367
2014-10-15,17022.8730
2014-10-16,16871.5508
2014-10-17,16478.1406
2014-10-20,16735.3730
2014-10-21,16387.3516
2014-10-22,16705.1113
2014-10-23,16553.7949
2014-10-24,16826.1602
2014-10-27,16568.9277
2014-10-28,16508.4004
2014-10-29,17098.5273
2014-10-30,17870.2324
2014-10-31,18823.5078
2014-11-03,18687.3301
2014-11-04,18414.9570
2014-11-05,18187.9922
2014-11-06,18218.2520
2014-11-07,18248.5176
2014-11-10,19186.6641
2014-11-11,18626.8066
2014-11-12,18611.6738
2014-11-13,18157.7266
2014-11-14,18066.9453
2014-11-17,18233.3906
2014-11-18,18460.3574
2014-11-19,18430.0879
2014-11-20,18309.0449
2014-11-21,18505.7500
2014-11-24,18460.3574
2014-11-25,18006.4121
2014-11-26,18172.8594
2014-11-27,19126.1367
2014-11-28,19474.1660
2014-12-01,19595.2148
2014-12-02,19595.2148
2014-12-03,19640.6094
2014-12-04,19670.8652
2014-12-05,19701.1328
2014-12-08,19958.3672
2014-12-09,20412.3105
2014-12-10,19928.1094
2014-12-11,19746.5273
2014-12-12,19459.0332
2014-12-15,19262.3164
2014-12-16,19353.1133
2014-12-17,19156.4102
2014-12-18,19156.4102
2014-12-19,20094.5586
2014-12-22,20351.7852
2014-12-23,20261.0000
2014-12-24,20321.5215
2014-12-26,20457.7031
2014-12-29,20403.9688
2014-12-30,20373.2617
2015-01-02,20419.3242
2015-01-05,20465.3887
2015-01-06,19881.9707
2015-01-07,20066.2070
2015-01-08,20173.6777
2015-01-09,20173.6777
2015-01-12,20204.3848
2015-01-13,20557.5020
2015-01-14,20649.6172
2015-01-15,20480.7422
2015-01-16,20204.3848
2015-01-19,20618.9102
2015-01-20,21064.1426
2015-01-21,21417.2578
2015-01-22,21156.2637
2015-01-23,21279.0820
2015-01-26,21325.1465
2015-01-27,21494.0254
2015-01-28,21156.2637
2015-01-29,20879.9121
2015-01-30,20956.6758
2015-02-02,21002.7324
2015-02-03,20972.0254
2015-02-04,20864.5547
2015-02-05,20849.2051
2015-02-06,21064.1426
2015-02-09,21417.2578
2015-02-10,21156.2637
2015-02-11,20803.1465
2015-02-12,20634.2598
2015-02-13,20895.2617
2015-02-16,21094.8496
2015-02-17,21140.9102
2015-02-23,20987.3828
2015-02-24,20987.3828
2015-02-25,21171.6113
2015-02-26,21110.2031
2015-02-27,20833.8457
2015-03-02,21847.1445
2015-03-03,21770.3730
2015-03-04,22062.0801
2015-03-05,21831.7793
2015-03-06,22138.8477
2015-03-09,21801.0879
2015-03-10,21816.4395
2015-03-11,22630.1367
2015-03-12,22215.6133
2015-03-13,22369.1426
2015-03-16,22568.7285
2015-03-17,22983.2520
2015-03-18,23075.3672
2015-03-19,22568.7285
2015-03-20,22476.6113
2015-03-23,22522.6641
2015-03-24,22660.8418
2015-03-25,22799.0156
2015-03-26,21816.4395
2015-03-27,21816.4395
2015-03-30,21923.9082
2015-03-31,22123.4941
2015-04-01,21847.1445
2015-04-02,22016.0293
2015-04-03,22016.0293
2015-04-06,22568.7285
2015-04-07,22445.9082
2015-04-08,22706.9004
2015-04-09,22768.3125
2015-04-10,22875.7852
2015-04-13,22706.9004
2015-04-14,22630.1367
2015-04-15,22200.2559
2015-04-16,22676.2012
2015-04-17,22261.6699
2015-04-20,21954.6074
2015-04-21,22169.5488
2015-04-22,22430.5527
2015-04-23,22277.0195
2015-04-24,21647.5566
2015-04-27,21417.2578
2015-04-28,20972.0254
2015-04-29,21263.7344
2015-04-30,21647.5566
2015-05-04,21494.0254
2015-05-06,20910.6152
2015-05-07,21033.4355
2015-05-08,20542.1504
2015-05-11,20511.4453
2015-05-12,20434.6719
2015-05-13,20465.3887
2015-05-14,20572.8535
2015-05-15,20357.9102
2015-05-18,20265.7969
2015-05-19,20542.1504
2015-05-20,20972.0254
2015-05-21,20757.0918
2015-05-22,20726.3828
2015-05-26,20910.6152
2015-05-27,20173.6777
2015-05-28,20096.9160
2015-05-29,20066.2070
2015-06-01,19820.5664
2015-06-02,20004.7988
2015-06-03,19544.2129
2015-06-04,20526.7930
2015-06-05,20588.2070
2015-06-08,20173.6777
2015-06-09,19682.3906
2015-06-10,19375.3301
2015-06-11,19298.5586
2015-06-12,19605.6211
2015-06-15,19498.1523
2015-06-16,19267.8574
2015-06-17,19252.5078
2015-06-18,19421.3906
2015-06-19,19436.7422
2015-06-22,19667.0352
2015-06-23,20281.1465
2015-06-24,19989.4414
2015-06-25,19482.8027
2015-06-26,19620.9746
2015-06-29,19682.4355
2015-06-30,19482.6855
2015-07-01,19897.5410
2015-07-02,19959.0000
2015-07-03,19482.6855
2015-07-06,18898.8223
2015-07-07,19052.4668
2015-07-08,19037.1074
2015-07-09,19436.5977
2015-07-10,19344.4082
2015-07-13,19451.9629
2015-07-14,18821.9980
2015-07-15,18975.6504
2015-07-16,19697.8027
2015-07-17,20051.1914
2015-07-20,19590.2441
2015-07-21,19405.8672
2015-07-22,19252.2148
2015-07-23,18960.2891
2015-07-24,18883.4609
2015-07-27,18898.8223
2015-07-28,18898.8223
2015-07-29,19405.8672
2015-07-30,18668.3535
2015-07-31,18207.4043
2015-08-03,18053.7578
2015-08-04,18161.3145
2015-08-05,17807.9180
2015-08-06,17131.8613
2015-08-07,17454.5254
2015-08-10,17531.3457
2015-08-11,17777.1855
2015-08-12,17731.0898
2015-08-13,17515.9824
2015-08-14,17515.9824
2015-08-17,16962.8457
2015-08-18,17377.6934
2015-08-19,17731.0898
2015-08-20,17500.6191
2015-08-21,16916.7500
2015-08-24,16578.7266
2015-08-25,16578.7266
2015-08-26,16394.3398
2015-08-27,16394.3398
2015-08-28,16609.4512
2015-08-31,16732.3750
2015-09-01,16670.9160
2015-09-02,16747.7402
2015-09-03,17239.4180
2015-09-04,17346.9668
2015-09-07,17085.7637
2015-09-08,17377.6934
2015-09-09,17623.5410
2015-09-10,17423.7910
2015-09-11,17131.8613
2015-09-14,17270.1465
2015-09-15,17254.7832
2015-09-16,17700.3633
2015-09-17,17777.1855
2015-09-18,18284.2246
2015-09-21,17669.6348
2015-09-22,17592.8066
2015-09-23,17377.6934
2015-09-24,17300.8750
2015-09-25,17085.7637
2015-09-30,17423.7910
2015-10-01,17423.7910
2015-10-02,17193.3203
2015-10-05,17131.8613
2015-10-06,17684.9922
2015-10-07,19221.4922
2015-10-08,19513.4199
2015-10-12,19359.7656
2015-10-13,19236.8516
2015-10-14,19267.5840
2015-10-15,19498.0625
2015-10-16,19436.5977
2015-10-19,19298.3086
2015-10-20,19451.9629
2015-10-21,19513.4199
2015-10-22,19667.0703
2015-10-23,19805.3555
2015-10-26,19851.4434
2015-10-27,19943.6387
2015-10-28,20097.2891
2015-10-29,20358.4902
2015-10-30,21080.6387
2015-11-02,21249.6543
2015-11-03,20773.3418
2015-11-04,20435.3125
2015-11-05,20619.6895
2015-11-06,20558.2363
2015-11-09,20650.4199
2015-11-10,20297.0332
2015-11-11,20481.4121
2015-11-12,20235.5684
2015-11-13,19974.3672
2015-11-16,19405.8672
2015-11-17,19513.4199
2015-11-18,19682.4355
2015-11-19,19805.3555
2015-11-20,19743.9004
2015-11-23,19697.8027
2015-11-24,19959.0000
2015-11-25,19959.0000
2015-11-26,20512.1367
2015-11-27,20389.2168
2015-11-30,19728.5273
2015-12-01,20297.0332
2015-12-02,19974.3672
2015-12-03,19820.7148
2015-12-04,19498.0625
2015-12-07,19390.4980
2015-12-08,19390.4980
2015-12-09,19405.8672
2015-12-10,19713.1719
2015-12-11,19728.5273
2015-12-14,19375.1348
2015-12-15,19620.9707
2015-12-16,19959.0000
2015-12-17,19820.7148
2015-12-18,19636.3457
2015-12-21,19667.0703
2015-12-22,19851.4434
2015-12-23,19897.5410
2015-12-24,19743.9004
2015-12-28,19451.9629
2015-12-29,19576.8535
2015-12-30,19670.5176
2016-01-04,18811.8867
2016-01-05,18858.7227
2016-01-06,18343.5469
2016-01-07,18156.2070
2016-01-08,18281.0938
2016-01-11,17984.4785
2016-01-12,17890.8125
2016-01-13,17922.0391
2016-01-14,17765.9199
2016-01-15,17672.2461
2016-01-18,17578.5801
2016-01-19,18281.0938
2016-01-20,17765.9199
2016-01-21,17656.6328
2016-01-22,18234.2617
2016-01-25,18140.5957
2016-01-26,17750.3086
2016-01-27,18343.5469
2016-01-28,17875.1953
2016-01-29,17953.2539
2016-02-01,18156.2070
2016-02-02,18046.9258
2016-02-03,17890.8125
2016-02-04,18046.9258
2016-02-05,18171.8184
2016-02-11,17641.0312
2016-02-12,17641.0312
2016-02-15,18015.6992
2016-02-16,18234.2617
2016-02-17,18499.6543
2016-02-18,18530.8828
2016-02-19,18577.7129
2016-02-22,18343.5469
2016-02-23,18437.2188
2016-02-24,18296.7109
2016-02-25,18405.9863
2016-02-26,18296.7109
2016-02-29,18390.3730
2016-03-02,18686.9961
2016-03-03,19046.0566
2016-03-04,18968.0059
2016-03-07,19092.8984
2016-03-08,18608.9375
2016-03-09,18640.1621
2016-03-10,19124.1152
2016-03-11,19498.7910
2016-03-14,19592.4590
2016-03-15,19561.2402
2016-03-16,19608.0742
2016-03-17,19717.3574
2016-03-18,19873.4766
2016-03-21,19779.8008
2016-03-22,19811.0293
2016-03-23,19967.1367
2016-03-24,20013.9785
2016-03-25,20107.6445
2016-03-28,20201.3164
2016-03-29,20138.8672
2016-03-30,20419.8750
2016-03-31,20482.3203
2016-04-01,19967.1367
2016-04-04,20373.0391
2016-04-05,19670.5176
2016-04-06,20060.8184
2016-04-07,19811.0293
2016-04-08,19451.9609
2016-04-11,19764.1973
2016-04-12,19904.6953
2016-04-14,20294.9844
2016-04-15,20294.9844
2016-04-18,20279.3750
2016-04-19,20107.6445
2016-04-20,20279.3750
2016-04-21,20201.3164
2016-04-22,19982.7539
2016-04-25,19998.3672
2016-04-26,20232.5352
2016-04-27,20294.9844
2016-04-28,19748.5820
2016-04-29,19436.3574
2016-05-02,19514.4023
2016-05-03,19686.1328
2016-05-04,20138.8672
2016-05-09,20279.3750
2016-05-10,20232.5352
2016-05-11,20170.0840
2016-05-12,19998.3672
2016-05-13,19561.2402
2016-05-16,19483.1855
2016-05-17,19732.9727
2016-05-18,19795.4102
2016-05-19,19826.6367
2016-05-20,19811.0293
2016-05-23,20076.4180
2016-05-24,19842.2539
2016-05-25,20216.9258
2016-05-26,20232.5352
2016-05-27,20013.9785
2016-05-30,19982.7539
2016-05-31,20170.0840
2016-06-01,20810.1680
2016-06-02,21309.7363
2016-06-03,21497.0703
2016-06-07,21824.9141
2016-06-08,21949.8066
2016-06-09,22324.4746
2016-06-10,21949.8066
2016-06-13,21403.4062
2016-06-14,21543.9062
2016-06-15,22059.0820
2016-06-16,21996.6406
2016-06-17,22262.0391
2016-06-20,22340.0977
2016-06-21,22605.4902
2016-06-22,22558.6602
2016-06-23,22324.4746
2016-06-24,21856.1367
2016-06-27,21824.9141
2016-06-28,21840.5293
2016-06-29,21809.2793
2016-06-30,22262.3398
2016-07-01,22902.8691
2016-07-04,22902.8691
2016-07-05,22949.7383
2016-07-06,22199.8496
2016-07-07,22652.9062
2016-07-08,22809.1309
2016-07-11,23262.1875
2016-07-12,22871.6211
2016-07-13,23137.2051
2016-07-14,23434.0391
2016-07-15,23715.2520
2016-07-18,23949.5879
2016-07-19,23949.5879
2016-07-20,24058.9492
2016-07-21,24105.8145
2016-07-22,23684.0020
2016-07-25,23465.2832
2016-07-26,23902.7227
2016-07-27,23855.8477
2016-07-28,23543.3984
2016-07-29,24043.3262
2016-08-01,24496.3848
2016-08-02,24183.9258
2016-08-03,23699.6230
2016-08-04,23699.6230
2016-08-05,24387.0176
2016-08-08,24512.0098
2016-08-09,24480.7559
2016-08-10,24074.5664
2016-08-11,24355.7793
2016-08-12,24137.0645
2016-08-16,24496.3848
2016-08-17,24465.1348
2016-08-18,25621.2129
2016-08-19,26168.0059
2016-08-22,26011.7852
2016-08-23,26355.4805
2016-08-24,25824.3105
2016-08-25,25605.5938
2016-08-26,25183.7832
2016-08-29,25621.2129
2016-08-30,25699.3281
2016-08-31,25308.7598
2016-09-01,24793.2168
2016-09-02,24949.4375
2016-09-05,25090.0449
2016-09-06,25668.0859
2016-09-07,25324.3867
2016-09-08,25605.5938
2016-09-09,24605.7422
2016-09-12,22887.2441
2016-09-13,23855.8477
2016-09-19,24340.1543
2016-09-20,24761.9688
2016-09-21,24871.3223
2016-09-22,25277.5137
2016-09-23,24543.2500
2016-09-26,24496.3848
2016-09-27,24512.0098
2016-09-28,24480.7559
2016-09-29,24996.3125
2016-09-30,24965.0664
2016-10-04,25215.0215
2016-10-05,25293.1387
2016-10-06,26417.9727
2016-10-07,26652.3125
2016-10-10,26246.1211
2016-10-11,24137.0645
2016-10-12,23980.8379
2016-10-13,24324.5371
2016-10-14,24636.9824
2016-10-17,24840.0762
2016-10-18,24824.4531
2016-10-19,25386.8828
2016-10-20,25308.7598
2016-10-21,24824.4531
2016-10-24,25121.2852
2016-10-25,24949.4375
2016-10-26,24480.7559
2016-10-27,24574.5000
2016-10-28,25215.0215
2016-10-31,25605.5938
2016-11-01,25808.6895
2016-11-02,25668.0859
2016-11-03,25246.2676
2016-11-04,25418.1211
2016-11-07,25621.2129
2016-11-08,25683.7090
2016-11-09,24933.8203
2016-11-10,25761.8164
2016-11-11,24965.0664
2016-11-14,24262.0410
2016-11-15,24043.3262
2016-11-16,24340.1543
2016-11-17,24496.3848
2016-11-18,24777.5938
2016-11-21,24886.9531
2016-11-22,25621.2129
2016-11-23,25761.8164
2016-11-24,25777.4492
2016-11-25,25777.4492
2016-11-28,26199.2559
2016-11-29,26199.2559
2016-11-30,27277.2207
2016-12-01,27324.0938
2016-12-02,26980.3906
2016-12-05,26839.7891
2016-12-06,27308.4609
2016-12-07,27683.4121
2016-12-08,27964.6172
2016-12-09,27808.3906
2016-12-12,27370.9570
2016-12-13,27589.6719
2016-12-14,27761.5234
2016-12-15,27480.3164
2016-12-16,28011.4824
2016-12-19,28042.7344
2016-12-20,28308.3184
2016-12-21,28198.9590
2016-12-22,28261.4492
2016-12-23,27839.6426
2016-12-26,28089.5996
2016-12-27,28105.2227
2016-12-28,28366.9961
2016-12-29,28589.1152
2017-01-02,28636.7109
2017-01-03,28938.1465
2017-01-04,28684.3066
2017-01-05,28208.3418
2017-01-06,28716.0391
2017-01-09,29525.1543
2017-01-10,29541.0293
2017-01-11,30366.0195
2017-01-12,30778.5078
2017-01-13,29715.5293
2017-01-16,29080.9375
2017-01-17,29318.9102
2017-01-18,29303.0488
2017-01-19,29731.4141
2017-01-20,29509.2910
2017-01-23,30191.4922
2017-01-24,30270.8184
2017-01-25,31254.4648
2017-01-26,31651.0918
2017-01-31,31302.0586
2017-02-01,31032.3594
2017-02-02,31222.7363
2017-02-03,31302.0586
2017-02-06,31381.3887
2017-02-07,30794.3750
2017-02-08,30461.2109
2017-02-09,30461.2109
2017-02-10,30429.4707
2017-02-13,30112.1797
2017-02-14,29810.7363
2017-02-15,29921.7812
2017-02-16,30159.7656
2017-02-17,30032.8457
2017-02-20,30667.4609
2017-02-21,30889.5762
2017-02-22,31175.1426
2017-02-23,31079.9512
2017-02-24,30318.4219
2017-02-27,30191.4922
2017-02-28,30492.9395
2017-03-02,31508.3145
2017-03-03,31428.9844
2017-03-06,31793.8848
2017-03-07,31889.0820
2017-03-08,31889.0820
2017-03-09,31889.0820
2017-03-10,31873.2012
2017-03-13,32206.3809
2017-03-14,32809.2617
2017-03-15,32841.0039
2017-03-16,33190.0312
2017-03-17,33634.2539
2017-03-20,33237.6172
2017-03-21,33761.1719
2017-03-22,33681.8516
2017-03-23,33158.2969
2017-03-24,32920.3125
2017-03-27,32682.3379
2017-03-28,32904.4609
2017-03-29,33142.4414
2017-03-30,33413.0469
2017-03-31,32792.2188
2017-04-03,32983.2461
2017-04-04,33492.6445
2017-04-05,33540.3984
2017-04-06,33301.6250
2017-04-07,33110.5938
2017-04-10,33381.2148
2017-04-11,33110.5938
2017-04-12,33349.3750
2017-04-13,33763.2539
2017-04-14,33444.8828
2017-04-17,33078.7578
2017-04-18,33030.9844
2017-04-19,32553.4434
2017-04-20,32059.9609
2017-04-21,32442.0117
2017-04-24,32824.0586
2017-04-25,33986.1172
2017-04-26,34065.7148
2017-04-27,34893.4648
2017-04-28,35514.2891
2017-05-02,35737.1641
2017-05-04,36230.6250
2017-05-08,37424.5078
2017-05-10,36294.3047
2017-05-11,36214.7188
2017-05-12,36469.3984
2017-05-15,36692.2773
2017-05-16,36915.1328
2017-05-17,36883.3047
2017-05-18,36564.9297
2017-05-19,35593.8867
2017-05-22,35896.3398
2017-05-23,35753.0742
2017-05-24,35721.2383
2017-05-25,36357.9727
2017-05-26,36676.3477
2017-05-29,36310.2227
2017-05-30,35530.2109
2017-05-31,35577.9688
2017-06-01,35562.0508
2017-06-02,36580.8398
2017-06-05,36564.9297
2017-06-07,36055.5234
2017-06-08,35944.0938
2017-06-09,36692.2773
2017-06-12,36119.2031
2017-06-13,36135.1289
2017-06-14,36103.2734
2017-06-15,36357.9727
2017-06-16,36278.3867
2017-06-19,37058.3945
2017-06-20,38315.9570
2017-06-21,37790.6562
2017-06-22,38172.6953
2017-06-23,37902.0781
2017-06-26,38427.3906
2017-06-27,38443.3047
2017-06-28,37965.7500
2017-06-29,38269.0898
2017-06-30,37949.7852
2017-07-03,37694.3398
2017-07-04,37518.7266
2017-07-05,37981.7227
2017-07-06,38364.8789
2017-07-07,38205.2305
2017-07-10,38843.8516
2017-07-11,39115.2578
2017-07-12,39817.7539
2017-07-13,40360.5586
2017-07-14,40296.7031
2017-07-17,40424.4219
2017-07-18,40584.0820
2017-07-19,40504.2539
2017-07-20,40871.4492
2017-07-21,40775.6602
2017-07-24,40600.0508
2017-07-25,39913.5273
2017-07-26,39785.8047
2017-07-27,39753.8867
2017-07-28,38125.3984
2017-07-31,38476.6406
2017-08-01,38795.9570
2017-08-02,39115.2578
2017-08-03,38141.3711
2017-08-04,38077.5078
2017-08-07,37981.7227
2017-08-08,38093.4727
2017-08-09,36943.9570
2017-08-10,36640.6250
2017-08-11,35618.8281
2017-08-14,35922.1758
2017-08-16,36880.1016
2017-08-17,37550.6562
2017-08-18,37438.9023
2017-08-21,37391.0000
2017-08-22,37518.7266
2017-08-23,37901.8984
2017-08-24,37933.8203
2017-08-25,37534.6719
2017-08-28,36800.2852
2017-08-29,36784.3086
2017-08-30,36880.1016
2017-08-31,36975.8945
2017-09-01,37103.6250
2017-09-04,36752.3789
2017-09-05,37327.1406
2017-09-06,37518.7266
2017-09-07,38412.7773
2017-09-08,39179.1250
2017-09-11,39753.8867
2017-09-12,39594.2188
2017-09-13,39610.1953
2017-09-14,40153.0234
2017-09-15,40232.8281
2017-09-18,41893.2500
2017-09-19,41605.8633
2017-09-20,41685.6914
2017-09-21,42148.6914
2017-09-25,42803.2656
2017-09-26,42803.2656
2017-09-27,41254.6211
2017-09-28,41030.5195
2017-09-29,41046.5078
2017-10-10,42263.1758
2017-10-11,43735.9766
2017-10-12,43864.0625
2017-10-13,43223.7070
2017-10-16,43159.6758
2017-10-17,43864.0625
2017-10-18,43832.0508
2017-10-19,42407.2617
2017-10-20,43095.6289
2017-10-23,43463.8516
2017-10-24,43255.7188
2017-10-25,43143.6602
2017-10-26,41943.0195
2017-10-27,42487.2891
2017-10-30,43255.7188
2017-10-31,44088.1797
2017-11-01,45801.1211
2017-11-02,45673.0391
2017-11-03,45128.7500
2017-11-06,45128.7500
2017-11-07,44904.6406
2017-11-08,45432.9297
2017-11-09,45096.7344
2017-11-10,45144.7578
2017-11-13,45128.7500
2017-11-14,44760.5508
2017-11-15,44296.3008
2017-11-16,44648.4922
2017-11-17,44680.5156
2017-11-20,44184.2344
2017-11-21,44248.2695
2017-11-22,44792.5625
2017-11-23,44264.2812
2017-11-24,44392.3438
2017-11-27,42135.1094
2017-11-28,42647.3828
2017-11-29,42103.0898
2017-11-30,40662.3086
2017-12-01,40694.3125
2017-12-04,41094.5391
2017-12-05,41030.5195
2017-12-06,40037.9492
2017-12-07,40614.2617
2017-12-08,41622.8320
2017-12-11,41446.7344
2017-12-12,41702.8711
2017-12-13,41078.5469
2017-12-14,40870.4141
2017-12-15,40518.2227
2017-12-18,40982.4766
2017-12-19,41270.6250
2017-12-21,39333.5586
2017-12-22,39781.8125
2017-12-26,38581.1523
2017-12-27,39865.3281
2017-12-28,41157.5469
2018-01-02,41206.0078
2018-01-03,41690.5859
2018-01-04,41254.4531
2018-01-05,42094.4062
2018-01-08,42013.6406
2018-01-09,40705.2539
2018-01-10,39445.3398
2018-01-11,38960.7500
2018-01-12,38928.4414
2018-01-15,39203.0430
2018-01-16,40382.2070
2018-01-17,40075.3086
2018-01-18,40301.4375
2018-01-19,39833.0078
2018-01-22,38960.7500
2018-01-23,39703.7773
2018-01-24,39849.1719
2018-01-25,40592.1875
2018-01-26,41012.1680
2018-01-29,41367.5273
2018-01-30,40220.6758
2018-01-31,40301.4375
2018-02-01,40236.8281
2018-02-02,38524.6250
2018-02-05,38702.3008
2018-02-06,38298.4805
2018-02-07,36990.1055
2018-02-08,37151.6328
2018-02-09,36101.6836
2018-02-12,36925.4844
2018-02-13,38395.3984
2018-02-14,39574.5625
2018-02-19,39073.8242
2018-02-20,38282.3281
2018-02-21,38185.4102
2018-02-22,37765.4453
2018-02-23,38136.9570
2018-02-26,38266.1641
2018-02-27,38266.1641
2018-02-28,38007.7227
2018-03-02,37167.7812
2018-03-05,36505.5117
2018-03-06,37975.4219
2018-03-07,39267.6641
2018-03-08,39736.0898
2018-03-09,40172.2109
2018-03-12,40172.2109
2018-03-13,41722.8867
2018-03-14,41803.6562
2018-03-15,41625.9766
2018-03-16,41302.9219
2018-03-19,40979.8672
2018-03-20,41351.3828
2018-03-21,41238.3008
2018-03-22,41819.8047
2018-03-23,40156.0625
2018-03-26,40608.3477
2018-03-27,40366.0547
2018-03-28,39332.2773
2018-03-29,39896.8906
2018-03-30,40043.3047
2018-04-02,39490.0938
2018-04-03,39148.3984
2018-04-04,38172.1328
2018-04-05,39652.8008
2018-04-06,39376.1953
2018-04-09,40027.0469
2018-04-10,39766.7109
2018-04-11,39750.4297
2018-04-12,39864.3320
2018-04-13,40515.1758
2018-04-16,40954.4922
2018-04-17,40661.6211
2018-04-18,41784.3281
2018-04-19,42939.5898
2018-04-20,41995.8516
2018-04-23,42223.6562
2018-04-24,41052.1289
2018-04-25,41003.3086
2018-04-26,42418.9141
2018-04-27,43118.5742
2018-04-30,43118.5742
2018-05-02,43118.5742
2018-05-03,43118.5742
2018-05-04,42223.6562
2018-05-08,42793.1367
2018-05-09,41410.0977
2018-05-10,41979.5742
2018-05-11,41735.5234
2018-05-14,40759.2461
2018-05-15,40027.0469
2018-05-16,40555.8594
2018-05-17,40189.7617
2018-05-18,40271.1094
2018-05-21,40677.8945
2018-05-23,42142.2930
2018-05-24,41816.8750
2018-05-25,42874.5000
2018-05-28,42549.0703
2018-05-29,41735.5234
2018-05-30,40271.1094
2018-05-31,41247.3750
2018-06-01,41735.5234
2018-06-04,41572.7969
2018-06-05,41735.5234
2018-06-07,41166.0312
2018-06-08,40393.1328
2018-06-11,40596.5312
2018-06-12,40189.7617
2018-06-14,39213.4883
2018-06-15,38766.0352
2018-06-18,37911.7891
2018-06-19,38237.2227
2018-06-20,38237.2227
2018-06-21,38277.9023
2018-06-22,38440.6094
2018-06-25,37952.4727
2018-06-26,38237.2227
2018-06-27,39010.1172
2018-06-28,38357.6836
2018-06-29,38234.7500
2018-07-02,37333.1758
2018-07-03,37824.9453
2018-07-04,37906.9062
2018-07-05,37661.0156
2018-07-06,36800.4414
2018-07-09,37374.1641
2018-07-10,37947.8867
2018-07-11,37702.0039
2018-07-12,37292.1992
2018-07-13,38111.8164
2018-07-16,37742.9805
2018-07-17,37579.0625
2018-07-18,38152.7812
2018-07-19,38439.6484
2018-07-20,38890.4375
2018-07-23,38111.8164
2018-07-24,37824.9453
2018-07-25,37824.9453
2018-07-26,38439.6484
2018-07-27,38439.6484
2018-07-30,38111.8164
2018-07-31,37906.9062
2018-08-01,38152.7812
2018-08-02,37333.1758
2018-08-03,37497.0977
2018-08-06,37538.0898
2018-08-07,38275.7188
2018-08-08,38357.6836
2018-08-09,38439.6484
2018-08-10,37210.2461
2018-08-13,36923.3672
2018-08-14,37005.3281
2018-08-16,36267.6914
2018-08-17,36144.7461
2018-08-20,35939.8477
2018-08-21,36718.4688
2018-08-22,37783.9648
2018-08-23,37865.9258
2018-08-24,37824.9453
2018-08-27,37947.8867
2018-08-28,38152.7812
2018-08-29,38357.6836
2018-08-30,39054.3555
2018-08-31,39710.0508
2018-09-03,38890.4375
2018-09-04,39054.3555
2018-09-05,38193.7656
2018-09-06,37783.9648
2018-09-07,36800.4414
2018-09-10,37292.1992
2018-09-11,36923.3672
2018-09-12,36513.5664
2018-09-13,36103.7734
2018-09-14,37579.0625
2018-09-17,37005.3281
2018-09-18,37292.1992
2018-09-19,37824.9453
2018-09-20,38726.5273
2018-09-21,38849.4570
2018-09-27,39224.3555
2018-09-28,38357.2969
2018-10-01,38274.7148
2018-10-02,37737.9609
2018-10-04,36912.1875
2018-10-05,36912.1875
2018-10-08,37118.6328
2018-10-10,37407.6523
2018-10-11,35590.9414
2018-10-12,36334.1445
2018-10-15,36168.9844
2018-10-16,36003.8359
2018-10-17,36458.0078
2018-10-18,36375.4180
2018-10-19,36251.5586
2018-10-22,35962.5469
2018-10-23,35549.6484
2018-10-24,35136.7773
2018-10-25,33856.8086
2018-10-26,33856.8086
2018-10-29,34187.1250
2018-10-30,34971.6055
2018-10-31,35012.8906
2018-11-01,34806.4609
2018-11-02,36458.0078
2018-11-05,36168.9844
2018-11-06,36127.6953
2018-11-07,36334.1445
2018-11-08,36375.4180
2018-11-09,36581.8672
2018-11-12,37325.0586
2018-11-13,36747.0312
2018-11-14,36416.7188
2018-11-15,36540.5859
2018-11-16,36334.1445
2018-11-19,36045.1133
2018-11-20,35343.2148
2018-11-21,34765.1641
2018-11-22,35054.1875
2018-11-23,35012.8906
2018-11-26,35178.0586
2018-11-27,35549.6484
2018-11-28,35632.2266
2018-11-29,35632.2266
2018-11-30,34558.7227
2018-12-03,35714.8086
2018-12-04,34806.4609
2018-12-05,34228.4102
2018-12-06,33443.9297
2018-12-07,33815.5273
2018-12-10,33196.1953
2018-12-11,33237.4883
2018-12-12,33402.6406
2018-12-13,33031.0273
2018-12-14,32163.9746
2018-12-17,32329.1191
2018-12-18,32122.6875
2018-12-19,32287.8281
2018-12-20,31916.2324
2018-12-21,31916.2324
2018-12-24,32040.1055
2018-12-26,31668.5000
2018-12-27,31880.2188
2018-12-28,32255.2676
2019-01-02,32296.9512
2019-01-03,31338.4492
2019-01-04,31213.4316
2019-01-07,32296.9512
2019-01-08,31755.1855
2019-01-09,33005.3984
2019-01-10,33172.0859
2019-01-11,33755.5078
2019-01-14,33380.4531
2019-01-15,34255.6016
2019-01-16,34547.3086
2019-01-17,34964.0469
2019-01-18,35255.7656
2019-01-21,35630.8242
2019-01-22,35130.7461
2019-01-23,35005.7227
2019-01-24,35880.8633
2019-01-25,37297.7734
2019-01-28,37547.8047
2019-01-29,37922.8516
2019-01-30,38672.9805
2019-01-31,38464.6328
2019-02-01,38631.3125
2019-02-07,38506.2930
2019-02-08,37339.4336
2019-02-11,37506.1250
2019-02-12,38381.2617
2019-02-13,38506.2930
2019-02-14,39589.7969
2019-02-15,38381.2617
2019-02-18,38506.2930
2019-02-19,38297.9219
2019-02-20,39089.7148
2019-02-21,39131.3906
2019-02-22,39298.0781
2019-02-25,39464.7773
2019-02-26,38964.6914
2019-02-27,38964.6914
2019-02-28,37589.4805
2019-03-04,37381.1094
2019-03-05,36881.0273
2019-03-06,36672.6641
2019-03-07,37047.7148
2019-03-08,36505.9727
2019-03-11,36380.9531
2019-03-12,37214.4180
2019-03-13,36547.6328
2019-03-14,36547.6328
2019-03-15,36839.3711
2019-03-18,36422.6133
2019-03-19,36589.3086
2019-03-20,36714.3242
2019-03-21,38214.5820
2019-03-22,38798.0078
2019-03-25,37922.8516
2019-03-26,37714.5039
2019-03-27,37797.8398
2019-03-28,37675.1992
2019-03-29,37507.2031
2019-04-01,37843.1992
2019-04-02,38431.2305
2019-04-03,39145.2500
2019-04-04,39439.2500
2019-04-05,39355.2461
2019-04-08,39187.2422
2019-04-09,39187.2422
2019-04-10,39229.2539
2019-04-11,38851.2305
2019-04-12,39355.2461
2019-04-15,39523.2539
2019-04-16,39691.2656
2019-04-17,39523.2539
2019-04-18,38305.2227
2019-04-19,38053.2148
2019-04-22,38095.2070
2019-04-23,37969.1992
2019-04-24,37591.2070
2019-04-25,37507.2031
2019-04-26,37675.1992
2019-04-29,38767.2422
2019-04-30,38515.2305
2019-05-02,38557.2227
2019-05-03,38053.2148
2019-05-07,37675.1992
2019-05-08,37171.1797
2019-05-09,35659.1289
2019-05-10,36037.1562
2019-05-13,35827.1328
2019-05-14,35827.1328
2019-05-15,35743.1445
2019-05-16,34903.1133
2019-05-17,34609.0938
2019-05-20,35281.1289
2019-05-21,36247.1484
2019-05-22,36541.1523
2019-05-23,36835.1719
2019-05-24,35869.1406
2019-05-27,35827.1328
2019-05-28,35743.1445
2019-05-29,35113.1133
2019-05-30,35743.1445
2019-05-31,35701.1367
2019-06-03,36793.1719
2019-06-04,36499.1602
2019-06-05,36877.1719
2019-06-07,37129.1992
2019-06-10,37633.1953
2019-06-11,37675.1992
2019-06-12,37465.1914
2019-06-13,36751.1719
2019-06-14,36961.1797
2019-06-17,36877.1719
2019-06-18,37255.1797
2019-06-19,38095.2070
2019-06-20,38221.2031
2019-06-21,38389.2227
2019-06-24,38221.2031
2019-06-25,38305.2227
2019-06-26,38389.2227
2019-06-27,39366.1875
2019-06-28,39789.4727
2019-07-01,39450.8438
2019-07-02,39154.5312
2019-07-03,38434.9336
2019-07-04,38942.8828
2019-07-05,38646.5742
2019-07-08,37588.3555
2019-07-09,38180.9609
2019-07-10,38561.9258
2019-07-11,39112.2031
2019-07-12,39196.8594
2019-07-15,39323.8555
2019-07-16,39662.4766
2019-07-17,38985.2148
2019-07-18,39027.5391
2019-07-19,39620.1641
2019-07-22,39958.7891
2019-07-23,40043.4492
2019-07-24,39281.5234
2019-07-25,39958.7891
2019-07-26,39916.4570
2019-07-29,39027.5391
2019-07-30,39408.5000
2019-07-31,38392.6133
2019-08-01,38265.6055
2019-08-02,38053.9688
2019-08-05,37207.3945
2019-08-06,36826.4219
2019-08-07,36572.4453
2019-08-08,36106.8281
2019-08-09,36530.1211
2019-08-12,36995.7383
2019-08-13,36403.1328
2019-08-14,36995.7383
2019-08-16,37165.0547
2019-08-19,36911.0781
2019-08-20,37630.6836
2019-08-21,37673.0117
2019-08-22,37292.0469
2019-08-23,37207.3945
2019-08-26,36911.0781
2019-08-27,37292.0469
2019-08-28,37376.7031
2019-08-29,36741.7656
2019-08-30,37249.7070
2019-09-02,37080.4023
2019-09-03,36614.7812
2019-09-04,37334.3750
2019-09-05,38688.9141
2019-09-06,39196.8594
2019-09-09,39704.8086
2019-09-10,39789.4727
2019-09-11,39916.4570
2019-09-16,39874.1328
2019-09-17,39704.8086
2019-09-18,40382.0781
2019-09-19,41609.6289
2019-09-20,41651.9531
2019-09-23,41736.6094
2019-09-24,41905.9258
2019-09-25,41397.9766
2019-09-26,41651.9531
2019-09-27,41271.6484
2019-09-30,41825.8945
2019-10-01,41655.3633
2019-10-02,40589.4570
2019-10-04,40930.5625
2019-10-07,40717.3828
2019-10-08,41697.9961
2019-10-10,41399.5586
2019-10-11,41911.1797
2019-10-14,42635.9922
2019-10-15,42721.2695
2019-10-16,43232.9062
2019-10-17,43062.3594
2019-10-18,42550.7227
2019-10-21,42891.8086
2019-10-22,43659.2617
2019-10-23,43659.2617
2019-10-24,43232.9062
2019-10-25,43403.4453
2019-10-28,43744.5273
2019-10-29,43573.9961
2019-10-30,42977.0859
2019-10-31,42977.0859
2019-11-01,43659.2617
2019-11-04,44597.2500
2019-11-05,44938.3398
2019-11-06,45449.9727
2019-11-07,45108.8828
2019-11-08,44426.7148
2019-11-11,44000.3438
2019-11-12,44853.0586
2019-11-13,44767.7930
2019-11-14,45023.6133
2019-11-15,45791.0547
2019-11-18,45620.5195
2019-11-19,45620.5195
2019-11-20,44341.4375
2019-11-21,43488.7148
2019-11-22,44000.3438
2019-11-25,44170.8867
2019-11-26,44170.8867
2019-11-27,44511.9766
2019-11-28,43744.5273
2019-11-29,42891.8086
2019-12-02,42977.0859
2019-12-03,42550.7227
2019-12-04,42166.9961
2019-12-05,42209.6250
2019-12-06,42977.0859
2019-12-09,43659.2617
2019-12-10,43915.0664
2019-12-11,44256.1641
2019-12-12,45449.9727
2019-12-13,46643.7773
2019-12-16,46643.7773
2019-12-17,48349.2148
2019-12-18,48008.1250
2019-12-19,47752.3164
2019-12-20,47752.3164
2019-12-23,47325.9531
2019-12-24,46899.5977
2019-12-26,47240.6836
2019-12-27,48488.5078
2019-12-30,47887.7617
2020-01-02,47372.8477
2020-01-03,47630.3047
2020-01-06,47630.3047
2020-01-07,47887.7617
2020-01-08,48745.9766
2020-01-09,50290.7305
2020-01-10,51063.1211
2020-01-13,51492.2305
2020-01-14,51492.2305
2020-01-15,50634.0273
2020-01-16,52092.9727
2020-01-17,52607.8945
2020-01-20,53551.9141
2020-01-21,52693.7109
2020-01-22,53466.0898
2020-01-23,52178.7812
2020-01-28,50462.3867
2020-01-29,50719.8438
2020-01-30,49089.2539
2020-01-31,48402.6992
2020-02-03,49089.2539
2020-02-04,50548.1953
2020-02-05,51063.1211
2020-02-06,52436.2539
2020-02-07,51835.5039
2020-02-10,51234.7578
2020-02-11,51406.4062
2020-02-12,51921.3281
2020-02-13,52092.9727
2020-02-14,53036.9883
2020-02-17,52779.5312
2020-02-18,51320.5820
2020-02-19,51663.8711
2020-02-20,51492.2305
2020-02-21,50805.6602
2020-02-24,48745.9766
2020-02-25,49690.0039
2020-02-26,48488.5078
2020-02-27,47973.5977
2020-02-28,46514.6406
2020-03-02,47201.2109
2020-03-03,47544.4883
2020-03-04,49260.8867
2020-03-05,49604.1836
2020-03-06,48488.5078
2020-03-09,48488.5078
2020-03-10,46857.9375
2020-03-11,44712.4258
2020-03-12,44712.4258
2020-03-13,42867.2734
2020-03-16,41966.1562
2020-03-17,40593.0391
2020-03-18,39134.0859
2020-03-19,36859.8516
2020-03-20,38962.4531
2020-03-23,36473.6641
2020-03-24,40292.6719
2020-03-25,41751.6016
2020-03-26,41022.1406
2020-03-27,41451.2383
2020-03-30,41368.2539
2020-03-31,41281.7852
2020-04-01,39595.9258
2020-04-02,40460.4766
2020-04-03,40633.3945
2020-04-06,42103.1016
2020-04-07,42881.1953
2020-04-08,42016.6562
2020-04-09,42448.9258
2020-04-10,42578.6016
2020-04-13,41757.2852
2020-04-14,42362.4688
2020-04-16,42362.4688
2020-04-17,44437.3633
2020-04-20,43313.4570
2020-04-21,42578.6016
2020-04-22,43097.3242
2020-04-23,43097.3242
2020-04-24,42665.0469
2020-04-27,43097.3242
2020-04-28,43313.4570
2020-04-29,43226.9961
2020-05-04,41930.2031
2020-05-06,42535.3711
2020-05-07,42189.5586
2020-05-08,42189.5586
2020-05-11,41843.7461
2020-05-12,41411.4727
2020-05-13,41973.4297
2020-05-14,41497.9219
2020-05-15,41368.2539
2020-05-18,42189.5586
2020-05-19,43486.3672
2020-05-20,43226.9961
2020-05-21,43183.7695
2020-05-22,42146.3242
2020-05-25,42232.7852
2020-05-26,42578.6016
2020-05-27,43140.5469
2020-05-28,43572.8203
2020-05-29,43832.1953
2020-06-01,44264.4492
2020-06-02,44437.3633
2020-06-03,47117.4453
2020-06-04,47203.9023
2020-06-05,47981.9727
2020-06-08,47463.2617
2020-06-09,47981.9727
2020-06-10,47895.5234
2020-06-11,46944.5273
2020-06-12,45215.4492
2020-06-15,43140.5469
2020-06-16,45042.5391
2020-06-17,45128.9883
2020-06-18,45215.4492
2020-06-19,45734.1680
2020-06-22,44956.0898
2020-06-23,44437.3633
2020-06-24,45734.1680
2020-06-25,44869.6172
2020-06-26,46079.9922
2020-06-29,45604.7930
2020-06-30,45952.9180
2020-07-01,45778.8594
2020-07-02,46039.9453
2020-07-03,46649.1836
2020-07-06,47867.6172
2020-07-07,46475.1133
2020-07-08,46126.9883
2020-07-09,45952.9180
2020-07-10,45865.8945
2020-07-13,46475.1133
2020-07-14,46823.2422
2020-07-15,47606.5352
2020-07-16,46823.2422
2020-07-17,47345.4336
2020-07-20,47171.3672
2020-07-21,48128.7227
2020-07-22,47606.5352
2020-07-23,47084.3359
2020-07-24,47171.3672
2020-07-27,48389.8203
2020-07-28,51000.7773
2020-07-29,51348.9062
2020-07-30,51348.9062
2020-07-31,50391.5508
2020-08-03,49434.1953
2020-08-04,49869.3555
2020-08-05,49521.2422
2020-08-06,50478.5938
2020-08-07,50043.4336
2020-08-10,50304.5195
2020-08-11,50652.6523
2020-08-12,51348.9062
2020-08-13,51087.8125
2020-08-14,50478.5938
2020-08-18,50826.7227
2020-08-19,50304.5195
2020-08-20,48215.7500
2020-08-21,48650.9258
2020-08-24,48824.9805
2020-08-25,49086.0742
2020-08-26,49086.0742
2020-08-27,48389.8203
2020-08-28,48215.7500
2020-08-31,46997.3008
2020-09-01,47171.3672
2020-09-02,47345.4336
2020-09-03,49086.0742
2020-09-04,48389.8203
2020-09-07,49173.1016
2020-09-08,51087.8125
2020-09-09,50826.7227
2020-09-10,51522.9727
2020-09-11,51348.9062
2020-09-14,52567.3555
2020-09-15,53089.5430
2020-09-16,53089.5430
2020-09-17,51784.0703
2020-09-18,51610.0117
2020-09-21,51522.9727
2020-09-22,50652.6523
2020-09-23,51000.7773
2020-09-24,50304.5195
2020-09-25,50391.5508
2020-09-28,50964.2461
2020-09-29,50964.2461
2020-10-05,51402.0820
2020-10-06,51664.7852
2020-10-07,52452.8945
2020-10-08,52277.7617
2020-10-12,52890.7305
2020-10-13,53328.5664
2020-10-14,53328.5664
2020-10-15,52540.4492
2020-10-16,52102.6211
2020-10-19,52540.4492
2020-10-20,53328.5664
2020-10-21,53328.5664
2020-10-22,52628.0273
2020-10-23,52715.5977
2020-10-26,52890.7305
2020-10-27,52365.3281
2020-10-28,51664.7852
2020-10-29,50876.6797
2020-10-30,49563.1680
2020-11-02,50263.6992
2020-11-03,51489.6484
2020-11-04,51226.9492
2020-11-05,52803.1680
2020-11-06,52628.0273
2020-11-09,52715.5977
2020-11-10,52715.5977
2020-11-11,53678.8281
2020-11-12,53416.1328
2020-11-13,55342.6289
2020-11-16,58057.1992
2020-11-17,57531.8047
2020-11-18,56743.7070
2020-11-19,56568.5586
2020-11-20,56656.1289
2020-11-23,59108.0195
2020-11-24,59283.1484
2020-11-25,58319.9141
2020-11-26,59545.8398
2020-11-27,59720.9883
2020-11-30,58407.4727
2020-12-01,59370.7266
2020-12-02,60859.3711
2020-12-03,61034.4844
2020-12-04,62610.7109
2020-12-07,63836.6719
2020-12-08,62785.8359
2020-12-09,64712.3320
2020-12-10,63836.6719
2020-12-11,64274.5156
2020-12-14,64624.7617
2020-12-15,64624.7617
2020-12-16,64624.7617
2020-12-17,64186.9492
2020-12-18,63924.2188
2020-12-21,63924.2188
2020-12-22,63311.2461
2020-12-23,64712.3320
2020-12-24,68127.4766
2020-12-28,68915.5703
2020-12-29,70290.8516
2020-12-30,72714.6875
2021-01-04,74510.1094
2021-01-05,75318.0625
2021-01-06,73791.9375
2021-01-07,74420.3438
2021-01-08,79716.8438
2021-01-11,81691.7969
2021-01-12,81332.7344
2021-01-13,80524.7891
2021-01-14,80524.7891
2021-01-15,78998.6797
2021-01-18,76305.5391
2021-01-19,78100.9844
2021-01-20,78280.5000
2021-01-21,79088.4531
2021-01-22,77921.4297
2021-01-25,80255.4609
2021-01-26,77831.6641
2021-01-27,76844.1641
2021-01-28,75138.5312
2021-01-29,73612.4141
2021-02-01,74510.1094
2021-02-02,75766.9141
2021-02-03,75946.4609
2021-02-04,74061.2578
2021-02-05,74958.9766
2021-02-08,74510.1094
2021-02-09,74240.8203
2021-02-10,73253.3047
2021-02-15,75587.3750
2021-02-16,76215.7578
2021-02-17,74689.6406
2021-02-18,73702.1797
2021-02-19,74151.0234
2021-02-22,73791.9375
2021-02-23,73612.4141
2021-02-24,73612.4141
2021-02-25,76574.8594
2021-02-26,74061.2578
2021-03-02,75048.7422
2021-03-03,75407.8281
2021-03-04,73971.4922
2021-03-05,73702.1797
2021-03-08,73612.4141
2021-03-09,73073.7812
2021-03-10,72624.9219
2021-03-11,73612.4141
2021-03-12,74330.5703
2021-03-15,73432.8594
2021-03-16,74330.5703
2021-03-17,73881.7344
2021-03-18,74420.3438
2021-03-19,73522.6484
2021-03-22,73612.4141
2021-03-23,73432.8594
2021-03-24,72714.6875
2021-03-25,72894.2266
2021-03-26,73163.5547
2021-03-29,73253.3047
2021-03-30,74119.8438
2021-03-31,73398.4922
2021-04-01,74751.0469
2021-04-02,76464.2891
2021-04-05,77005.2891
2021-04-06,77546.3281
2021-04-07,77185.6406
2021-04-08,76374.1172
2021-04-09,75382.2344
2021-04-12,75021.5391
2021-04-13,75742.9219
2021-04-14,75742.9219
2021-04-15,75833.0703
2021-04-16,75652.7656
2021-04-19,75111.7266
2021-04-20,75652.7656
2021-04-21,74480.5156
2021-04-22,74300.2109
2021-04-23,74660.8672
2021-04-26,75292.0703
2021-04-27,74751.0469
2021-04-28,74029.6875
2021-04-29,73669.0156
2021-04-30,73488.6562
2021-05-03,73669.0156
2021-05-04,74480.5156
2021-05-06,74210.0312
2021-05-07,73849.3516
2021-05-10,75021.5391
2021-05-11,73218.1562
2021-05-12,72136.1172
2021-05-13,70783.5391
2021-05-14,72226.2734
2021-05-17,71775.4219
2021-05-18,71775.4219
2021-05-20,71685.2500
2021-05-21,72226.2734
2021-05-24,71865.6016
2021-05-25,72045.9531
2021-05-26,71955.7734
2021-05-27,71775.4219
2021-05-28,72226.2734
2021-05-31,72586.9453
2021-06-01,72677.1094
2021-06-02,72857.4844
2021-06-03,74660.8672
2021-06-04,74119.8438
2021-06-07,73849.3516
2021-06-08,73849.3516
2021-06-09,73127.9766
2021-06-10,73037.8203
2021-06-11,73037.8203
2021-06-14,72586.9453
2021-06-15,72947.6484
2021-06-16,73759.1797
2021-06-17,72947.6484
2021-06-18,72586.9453
2021-06-21,72045.9531
2021-06-22,72136.1172
2021-06-23,72226.2734
2021-06-24,73218.1562
2021-06-25,73578.8125
2021-06-28,73849.3516
2021-06-29,73361.1797
2021-06-30,73089.4688
2021-07-01,72546.0547
2021-07-02,72455.4844
2021-07-05,72817.7656
2021-07-06,73542.3125
2021-07-07,73180.0547
2021-07-08,72364.9062
2021-07-09,71912.0625
2021-07-12,72183.7812
2021-07-13,72274.3359
2021-07-14,72002.6484
2021-07-15,72998.9062
2021-07-16,72274.3359
2021-07-19,71549.7891
2021-07-20,71549.7891
2021-07-21,71096.9297
2021-07-22,72183.7812
2021-07-23,71821.4922
2021-07-26,71368.6406
2021-07-27,71096.9297
2021-07-28,71730.9297
2021-07-29,71549.7891
2021-07-30,71096.9297
2021-08-02,71821.4922
2021-08-03,73723.4531
2021-08-04,75081.9922
2021-08-05,74357.4375
2021-08-06,73814.0078
2021-08-09,73814.0078
2021-08-10,72636.6250
2021-08-11,71096.9297
2021-08-12,69738.4062
2021-08-13,67383.6016
2021-08-17,67202.4609
2021-08-18,66930.7500
2021-08-19,66206.1953
2021-08-20,65843.9141
2021-08-23,66387.3438
2021-08-24,68470.4375
2021-08-25,68561.0000
2021-08-26,67564.7422
2021-08-27,67293.0234
2021-08-30,67564.7422
2021-08-31,69466.7109
2021-09-01,69557.2656
2021-09-02,68832.6953
2021-09-03,69376.1172
2021-09-06,70010.1094
2021-09-07,68923.2891
2021-09-08,69104.4141
2021-09-09,68198.7266
2021-09-10,68198.7266
2021-09-13,69104.4141
2021-09-14,69376.1172
2021-09-15,69738.4062
2021-09-16,68923.2891
2021-09-17,69919.5391
2021-09-23,70100.6797
2021-09-24,70010.1094
2021-09-27,70372.3750
2021-09-28,69104.4141
2021-09-29,67430.9375
2021-09-30,67430.9375
2021-10-01,66611.9219
2021-10-05,65701.9297
2021-10-06,64882.9336
2021-10-07,65155.9336
2021-10-08,65064.9219
2021-10-12,62789.9336
2021-10-13,62607.9297
2021-10-14,63153.9219
2021-10-15,63790.9453
2021-10-18,63881.9375
2021-10-19,64245.9258
2021-10-20,63972.9258
2021-10-21,63881.9375
2021-10-22,64063.9297
2021-10-25,63881.9375
2021-10-26,64700.9258
2021-10-27,63790.9453
2021-10-28,64336.9336
2021-10-29,63517.9219
2021-11-01,63608.9414
2021-11-02,65064.9219
2021-11-03,64063.9297
2021-11-04,64245.9258
2021-11-05,63881.9375
2021-11-08,64245.9258
2021-11-09,64154.9180
2021-11-10,63881.9375
2021-11-11,63608.9414
2021-11-12,64245.9258
2021-11-15,64973.9258
2021-11-16,64882.9336
2021-11-17,64336.9336
2021-11-18,63881.9375
2021-11-19,64791.9453
2021-11-22,68158.9219
2021-11-23,68522.9219
2021-11-24,68067.9297
2021-11-25,67066.9375
2021-11-26,65792.9297
2021-11-29,65792.9297
2021-11-30,64882.9336
2021-12-01,67703.9297
2021-12-02,68977.9219
2021-12-03,68795.9297
2021-12-06,69432.9219
2021-12-07,70433.9297
2021-12-08,70433.9297
2021-12-09,71161.9141
2021-12-10,69978.9297
2021-12-13,69887.9297
2021-12-14,70069.9219
2021-12-15,70615.9219
2021-12-16,70797.9219
2021-12-17,70979.9219
2021-12-20,70160.9062
2021-12-21,71070.9141
2021-12-22,72253.9141
2021-12-23,72708.9141
2021-12-24,73254.9141
2021-12-27,72981.9297
2021-12-28,73072.9219
2021-12-29,72031.7422
2021-12-30,71574.6953
2022-01-04,71940.3359
2022-01-05,70752.0000
2022-01-06,70294.9453
2022-01-07,71574.6953
2022-01-10,71300.4609
2022-01-11,72123.1641
2022-01-12,72123.1641
2022-01-13,71209.0625
2022-01-14,70660.5859
2022-01-17,70843.4062
2022-01-18,70386.3516
2022-01-19,69746.4766
2022-01-20,69929.2812
2022-01-21,69106.6094
2022-01-24,68649.5391
2022-01-25,67644.0156
2022-01-26,67644.0156
2022-01-27,65175.9414
2022-01-28,67004.1562
2022-02-03,67004.1562
2022-02-04,67644.0156
2022-02-07,66729.9297
2022-02-08,66729.9297
2022-02-09,66729.9297
2022-02-10,68923.7812
2022-02-11,68466.7188
2022-02-14,67369.8047
2022-02-15,67369.8047
2022-02-16,68375.3203
2022-02-17,68558.1484
2022-02-18,67918.2578
2022-02-21,67918.2578
2022-02-22,67918.2578
2022-02-23,67918.2578
2022-02-24,65358.7500
2022-02-25,65724.4062
2022-02-28,65724.4062
2022-03-02,65541.5781
2022-03-03,66638.5078
2022-03-04,66638.5078
2022-03-07,64079.0195
2022-03-08,63530.5352
2022-03-10,63530.5352
2022-03-11,63987.5898
2022-03-14,64170.4219
2022-03-15,64170.4219
2022-03-16,64353.2383
2022-03-17,64353.2383
2022-03-18,64627.4727
2022-03-21,63896.1953
2022-03-22,64261.8242
2022-03-23,64444.6367
2022-03-24,63804.7656
2022-03-25,63804.7656
2022-03-28,63713.3594
2022-03-29,64170.4219
2022-03-30,64226.4727
2022-03-31,63950.8125
2022-04-01,63491.3945
2022-04-04,63675.1680
2022-04-05,63583.2812
2022-04-06,62940.1055
2022-04-07,62480.6758
2022-04-08,62296.9180
2022-04-11,62388.7891
2022-04-12,61561.8438
2022-04-13,63123.8633
2022-04-14,62021.2773
2022-04-15,61194.3164
2022-04-18,61286.1914
2022-04-19,61837.5000
2022-04-20,61929.3750
2022-04-21,62205.0352
2022-04-22,61561.8438
2022-04-25,60918.6562
2022-04-26,60734.8984
2022-04-27,59724.1719
2022-04-28,59540.4180
2022-04-29,61929.3750
2022-05-02,61837.5000
2022-05-03,62021.2773
2022-05-04,62388.7891
2022-05-06,61102.4258
2022-05-10,60367.3633
2022-05-11,60367.3633
2022-05-12,59632.2969
2022-05-13,61102.4258
2022-05-16,60918.6562
2022-05-17,62113.1523
2022-05-18,62572.5586
2022-05-19,62021.2773
2022-05-20,62480.6758
2022-05-23,62388.7891
2022-05-24,61102.4258
2022-05-25,61010.5586
2022-05-26,60551.1211
2022-05-27,61102.4258
2022-05-30,62205.0352
2022-05-31,61929.3750
2022-06-02,61286.1914
2022-06-03,61378.0859
2022-06-07,60183.5938
2022-06-08,59999.8359
2022-06-09,59907.9492
2022-06-10,58621.5820
2022-06-13,57059.5625
2022-06-14,56875.8008
2022-06-15,55773.1914
2022-06-16,55956.9648
2022-06-17,54946.2461
2022-06-20,53935.5352
2022-06-21,53751.7656
2022-06-22,52924.8203
2022-06-23,52741.0508
2022-06-24,53659.8789
2022-06-27,54027.4102
2022-06-28,54578.7148
2022-06-29,53618.2109
2022-06-30,52693.7539
2022-07-01,51954.1914
2022-07-04,52786.2031
2022-07-05,52878.6523
2022-07-06,52139.0938
2022-07-07,53803.1016
2022-07-08,54265.3242
2022-07-11,54357.7695
2022-07-12,53710.6562
2022-07-13,53618.2109
2022-07-14,53155.9844
2022-07-15,55467.1094
2022-07-18,57223.5703
2022-07-19,56299.1172
2022-07-20,55929.3320
2022-07-21,57131.1211
2022-07-22,56668.9023
2022-07-25,56484.0117
2022-07-26,57038.6836
2022-07-27,57131.1211
2022-07-28,57223.5703
2022-07-29,56761.3477
2022-08-01,56668.9023
2022-08-02,57038.6836
2022-08-03,56668.9023
2022-08-04,56853.7969
2022-08-05,56853.7969
2022-08-08,56206.6758
2022-08-09,55467.1094
2022-08-10,54635.1055
2022-08-11,55374.6641
2022-08-12,55652.0078
2022-08-16,56391.5625
2022-08-17,55836.8945
2022-08-18,56853.7969
2022-08-19,56299.1172
2022-08-22,55467.1094
2022-08-23,54635.1055
2022-08-24,54542.6562
2022-08-25,55189.7773
2022-08-26,55467.1094
2022-08-29,54172.8906
2022-08-30,54357.7695
2022-08-31,55189.7773
2022-09-01,53987.9961
2022-09-02,53155.9844
2022-09-05,52786.2031
2022-09-06,52786.2031
2022-09-07,51769.3008
2022-09-08,51399.5234
2022-09-13,53710.6562
2022-09-14,52508.8672
2022-09-15,51769.3008
2022-09-16,51954.1914
2022-09-19,52139.0938
2022-09-20,51584.4180
2022-09-21,51122.1875
2022-09-22,50290.1836
2022-09-23,50382.6211
2022-09-26,49827.9570
2022-09-27,50105.2930
2022-09-28,48903.5039
2022-09-29,48960.2812
2022-09-30,49425.6797
2022-10-04,51380.3750
2022-10-05,52125.0156
2022-10-06,52404.2539
2022-10-07,52311.1836
2022-10-11,51566.5352
2022-10-12,51938.8594
2022-10-13,51380.3750
2022-10-14,52404.2539
2022-10-17,52683.4961
2022-10-18,52590.4141
2022-10-19,51938.8594
2022-10-20,51659.6211
2022-10-21,52031.9375
2022-10-24,53521.2227
2022-10-25,53707.3789
2022-10-26,55289.7461
2022-10-27,55382.8398
2022-10-28,53335.0547
2022-10-31,55289.7461
2022-11-01,55848.2305
2022-11-02,55475.9102
2022-11-03,55103.5938
2022-11-04,55289.7461
2022-11-07,56034.3984
2022-11-08,57523.6797
2022-11-09,57709.8438
2022-11-10,56220.5430
2022-11-11,58547.5547
2022-11-14,57616.7617
2022-11-15,58082.1523
2022-11-16,58361.4102
2022-11-17,57151.3555
2022-11-18,57523.6797
2022-11-21,57151.3555
2022-11-22,56406.7109
2022-11-23,56779.0352
2022-11-24,57151.3555
2022-11-25,56779.0352
2022-11-28,55941.3047
2022-11-29,56406.7109
2022-11-30,57896.0000
2022-12-01,58268.3320
2022-12-02,56220.5430
2022-12-05,56127.4727
2022-12-06,55103.5938
2022-12-07,54824.3477
2022-12-08,55103.5938
2022-12-09,56220.5430
2022-12-12,55382.8398
2022-12-13,55568.9844
2022-12-14,56313.6250
2022-12-15,55196.6719
2022-12-16,55382.8398
2022-12-19,55382.8398
2022-12-20,54545.1055
2022-12-21,53986.6211
2022-12-22,55010.5000
2022-12-23,54079.6992
2022-12-26,53893.5391
2022-12-27,54079.6992
2022-12-28,53012.8867
2022-12-29,51795.2773
2023-01-02,51982.6094
2023-01-03,51888.9414
2023-01-04,54136.8477
2023-01-05,54511.4922
2023-01-06,55260.7852
2023-01-09,56853.0508
2023-01-10,56572.0508
2023-01-11,56665.7148
2023-01-12,56665.7148
2023-01-13,56946.7070
2023-01-16,57227.6953
2023-01-17,57134.0352
2023-01-18,56572.0508
2023-01-19,57602.3398
2023-01-20,57883.3320
2023-01-25,59288.2656
2023-01-26,59756.5781
2023-01-27,60505.8789
2023-01-30,59288.2656
2023-01-31,57508.6797
2023-02-01,57134.0352
2023-02-02,59475.5977
2023-02-03,59475.5977
2023-02-06,57696.0078
2023-02-07,58070.6602
2023-02-08,59100.9336
2023-02-09,59288.2656
2023-02-10,58913.6094
2023-02-13,58913.6094
2023-02-14,59194.6055
2023-02-15,58257.9805
2023-02-16,59662.9258
2023-02-17,58632.6406
2023-02-20,58726.3008
2023-02-21,58164.3164
2023-02-22,57227.6953
2023-02-23,58070.6602
2023-02-24,57415.0234
2023-02-27,56665.7148
2023-02-28,56759.3828
2023-03-02,56946.7070
2023-03-03,56665.7148
2023-03-06,57602.3398
2023-03-07,56853.0508
2023-03-08,56478.3984
2023-03-09,56291.0664
2023-03-10,55729.1094
2023-03-13,56197.4102
2023-03-14,55260.7852
2023-03-15,56010.0820
2023-03-16,56103.7461
2023-03-17,57415.0234
2023-03-20,56384.7422
2023-03-21,56478.3984
2023-03-22,57227.6953
2023-03-23,58351.6523
2023-03-24,59007.2812
2023-03-27,58164.3164
2023-03-28,58913.6094
2023-03-29,58726.3008
2023-03-30,59537.3984
2023-03-31,60291.0352
2023-04-03,59443.1914
2023-04-04,59914.2148
2023-04-05,60196.8242
2023-04-06,58689.5547
2023-04-07,61233.0781
2023-04-10,61892.5156
2023-04-11,62080.9297
2023-04-12,62175.1328
2023-04-13,62269.3398
2023-04-14,61327.2852
2023-04-17,61515.6953
2023-04-18,61798.3086
2023-04-19,61704.1094
2023-04-20,61515.6953
2023-04-21,61892.5156
2023-04-24,61421.4883
2023-04-25,59914.2148
2023-04-26,60385.2422
2023-04-27,60856.2656
2023-04-28,61704.1094
2023-05-02,61892.5156
2023-05-03,61609.9023
2023-05-04,61327.2852
2023-05-08,62080.9297
2023-05-09,61515.6953
2023-05-10,60856.2656
2023-05-11,60479.4453
2023-05-12,60385.2422
2023-05-15,60762.0508
2023-05-16,61609.9023
2023-05-17,61233.0781
2023-05-18,62363.5312
2023-05-19,64436.0391
2023-05-22,64530.2500
2023-05-23,64436.0391
2023-05-24,64530.2500
2023-05-25,64812.8633
2023-05-26,66225.9375
2023-05-30,68110.0234
2023-05-31,67262.1875
2023-06-01,66791.1641
2023-06-02,68015.8281
2023-06-05,67544.7969
2023-06-07,66885.3750
2023-06-08,66791.1641
2023-06-09,67827.4062
2023-06-12,66885.3750
2023-06-13,67827.4062
2023-06-14,67733.2109
2023-06-15,67356.3828
2023-06-16,67638.9922
2023-06-19,67073.7656
2023-06-20,67262.1875
2023-06-21,66414.3438
2023-06-22,67167.9766
2023-06-23,67450.5938
2023-06-26,68204.2266
2023-06-27,68392.6484
2023-06-28,68486.8516
2023-06-29,68544.6016
2023-06-30,68355.2500
2023-07-03,69112.6484
2023-07-04,69112.6484
2023-07-05,68165.8906
2023-07-06,67787.1875
2023-07-07,66177.7188
2023-07-10,65799.0312
2023-07-11,67692.5156
2023-07-12,68071.2188
2023-07-13,68071.2188
2023-07-14,69491.3359
2023-07-17,69396.6641
2023-07-18,68165.8906
2023-07-19,67881.8906
2023-07-20,67219.1562
2023-07-21,66556.4219
2023-07-24,66651.1016
2023-07-25,66272.3828
2023-07-26,66083.0547
2023-07-27,67881.8906
2023-07-28,66840.4531
2023-07-31,66083.0547
2023-08-01,67313.8281
2023-08-02,66177.7188
2023-08-03,65136.2930
2023-08-04,64662.9336
2023-08-07,64852.2773
2023-08-08,64000.1992
2023-08-09,65230.9766
2023-08-10,64378.9062
2023-08-11,63905.5430
2023-08-14,63716.1875
2023-08-16,63432.1602
2023-08-17,63148.1328
2023-08-18,62769.4375
2023-08-21,63053.4609
2023-08-22,63053.4609
2023-08-23,63526.8359
2023-08-24,64568.2500
2023-08-25,63526.8359
2023-08-28,63242.8125
2023-08-29,63242.8125
2023-08-30,63526.8359
2023-08-31,63337.4805
2023-09-01,67219.1562
2023-09-04,67408.4844
2023-09-05,66935.1328
2023-09-06,66272.3828
2023-09-07,66651.1016
2023-09-08,66556.4219
2023-09-11,67029.8047
2023-09-12,66745.7734
2023-09-13,67124.4844
2023-09-14,67881.8906
2023-09-15,68165.8906
2023-09-18,66461.7422
2023-09-19,66083.0547
2023-09-20,65893.6875
2023-09-21,65230.9766
2023-09-22,65136.2930
2023-09-25,65704.3594
2023-09-26,65286.5469
2023-09-27,65096.2109
2023-10-04,64239.6992
2023-10-05,63478.3320
2023-10-06,62812.1445
2023-10-10,63192.8125
2023-10-11,64905.8750
2023-10-12,65572.0625
2023-10-13,64715.5391
2023-10-16,64049.3555
2023-10-17,66047.9219
2023-10-18,67094.7812
2023-10-19,66143.0938
2023-10-20,65476.8867
2023-10-23,65096.2109
2023-10-24,65191.3906
2023-10-25,64715.5391
2023-10-26,63478.3320
2023-10-27,64049.3555
2023-10-30,64049.3555
2023-10-31,63668.6680
2023-11-01,65286.5469
2023-11-02,66333.4297
2023-11-03,66238.2500
2023-11-06,67475.4766
2023-11-07,67475.4766
2023-11-08,66523.7656
2023-11-09,66904.4453
2023-11-10,67094.7812
2023-11-13,66999.6172
2023-11-14,67380.2969
2023-11-15,68712.6719
2023-11-16,69283.6953
2023-11-17,68998.1875
2023-11-20,69188.5312
2023-11-21,69283.6953
2023-11-22,69283.6953
2023-11-23,68903.0234
2023-11-24,68236.8359
2023-11-27,67856.1406
2023-11-28,69188.5312
2023-11-29,69188.5312
2023-11-30,69283.6953
2023-12-01,68522.3281
2023-12-04,69093.3438
2023-12-05,67760.9609
2023-12-06,68236.8359
2023-12-07,68046.4766
2023-12-08,69093.3438
2023-12-11,69474.0312
2023-12-12,69949.8906
2023-12-13,69283.6953
2023-12-14,69569.2109
2023-12-15,69759.5391
2023-12-18,69378.8594
2023-12-19,69854.7031
2023-12-20,71187.0859
2023-12-21,71377.4453
2023-12-22,72233.9688
2023-12-26,72900.1484
2023-12-27,74584.0234
2023-12-28,75062.1250
2024-01-02,76113.9531
2024-01-03,73627.8281
2024-01-04,73245.3359
2024-01-05,73245.3359
2024-01-08,73149.7188
2024-01-09,71428.5547
2024-01-10,70376.7344
2024-01-11,69994.2344
2024-01-12,69898.6250
2024-01-15,70663.5781
2024-01-16,69420.5156
2024-01-17,67890.5938
2024-01-18,68559.9297
2024-01-19,71428.5547
2024-01-22,71811.0391
2024-01-23,71906.6641
2024-01-24,70759.2031
2024-01-25,70854.8203
2024-01-26,70185.4766
2024-01-29,71141.6953
2024-01-30,71046.0703
2024-01-31,69516.1406
2024-02-01,70376.7344
2024-02-02,71906.6641
2024-02-05,71046.0703
2024-02-06,71141.6953
2024-02-07,71715.4219
2024-02-08,70854.8203
2024-02-13,71906.6641
2024-02-14,70759.2031
2024-02-15,69994.2344
2024-02-16,69611.7656
2024-02-19,70567.9688
2024-02-20,70089.8594
2024-02-21,69803.0000
2024-02-22,69898.6250
2024-02-23,69707.3828
2024-02-26,69611.7656
2024-02-27,69707.3828
2024-02-28,69994.2344
2024-02-29,70185.4766
2024-03-04,71619.7891
2024-03-05,70472.3438
2024-03-06,69707.3828
2024-03-07,69038.0469
2024-03-08,70089.8594
2024-03-11,69229.2812
2024-03-12,70089.8594
2024-03-13,70854.8203
2024-03-14,71046.0703
2024-03-15,69133.6719
2024-03-18,69611.7656
2024-03-19,69611.7656
2024-03-20,73532.1953
2024-03-21,75827.1016
2024-03-22,75444.6172
2024-03-25,74775.2656
2024-03-26,76400.8125
2024-03-27,76305.2031
2024-03-28,77612.5078
2024-03-29,79149.3906
2024-04-01,78765.1797
2024-04-02,81646.8203
2024-04-03,80782.3281
2024-04-04,81934.9922
2024-04-05,81166.5469
2024-04-08,81166.5469
2024-04-09,80302.0469
2024-04-11,80782.3281
2024-04-12,80398.1016
2024-04-15,78957.2812
2024-04-16,76844.0625
2024-04-17,75787.4688
2024-04-18,76459.8516
2024-04-19,74538.7500
2024-04-22,73097.9219
2024-04-23,72521.5938
2024-04-24,75499.2969
2024-04-25,73290.0234
2024-04-26,73674.2500
2024-04-29,73674.2500
2024-04-30,74442.6953
2024-05-02,74922.9531
2024-05-03,74538.7500
2024-05-07,78092.7969
2024-05-08,78092.7969
2024-05-09,76555.9062
2024-05-10,76075.6250
2024-05-13,75307.1875
2024-05-14,75211.1406
2024-05-16,75115.0781
2024-05-17,74346.6406
2024-05-20,75787.4688
2024-05-21,75307.1875
2024-05-22,74634.8047
2024-05-23,75211.1406
2024-05-24,72905.8203
2024-05-27,74154.5234
2024-05-28,74538.7500
2024-05-29,72233.4297
2024-05-30,70600.4922
2024-05-31,70600.4922
2024-06-03,72713.7031
2024-06-04,72329.4766
2024-06-05,74346.6406
2024-06-07,74250.5781
2024-06-10,72713.7031
2024-06-11,72233.4297
2024-06-12,73482.1406
2024-06-13,75499.2969
2024-06-14,76459.8516
2024-06-17,75019.0234
2024-06-18,76651.9609
2024-06-19,77996.7422
2024-06-20,78380.9453
2024-06-21,76844.0625
2024-06-24,77420.3984
2024-06-25,77612.5078
2024-06-26,78092.7969
2024-06-27,78730.5391
2024-06-28,78634.0625
2024-07-01,78923.5078
2024-07-02,78923.5078
2024-07-03,78923.5078
2024-07-04,81625.0391
2024-07-05,84037.1406
2024-07-08,84326.5781
2024-07-09,84712.5234
2024-07-10,84712.5234
2024-07-11,84519.5547
2024-07-12,81432.0781
2024-07-15,83651.2188
2024-07-16,84616.0391
2024-07-17,83651.2188
2024-07-18,83844.1641
2024-07-19,81432.0781
2024-07-22,80081.3047
2024-07-23,80949.6797
2024-07-24,79116.4844
2024-07-25,77572.7422
2024-07-26,78055.1562
2024-07-29,78344.6172
2024-07-30,78151.6484
2024-07-31,80949.6797
2024-08-01,80177.7969
2024-08-02,76800.8672
2024-08-05,68889.2344
2024-08-06,69950.5391
2024-08-07,72073.1797
2024-08-08,70818.8906
2024-08-09,72073.1797
2024-08-12,72845.0469
2024-08-13,73423.9453
2024-08-14,74485.2734
2024-08-16,77379.7734
2024-08-19,75546.5938
2024-08-20,76125.4844
2024-08-21,75546.5938
2024-08-22,75546.5938
2024-08-23,74967.6797
2024-08-26,73423.9453
2024-08-27,73134.5078
2024-08-28,73713.3984
2024-08-29,71397.7969
2024-08-30,71687.2500
2024-09-02,71783.7266
2024-09-03,69950.5391
2024-09-04,67538.4531
2024-09-05,66573.6250
2024-09-06,66477.1328
2024-09-09,65126.3672
2024-09-10,63872.0859
2024-09-11,62617.7969
2024-09-12,63968.5703
2024-09-13,62135.3789
2024-09-19,60881.0977
2024-09-20,60784.6094
2024-09-23,60398.6758
2024-09-24,60977.5742
2024-09-25,60012.7422
2024-09-26,62424.8359
2024-09-27,62289.9688
2024-09-30,59670.2930
2024-10-02,59476.2500
2024-10-04,58797.0664
2024-10-07,59185.1680
2024-10-08,58505.9922
2024-10-10,57147.6445
2024-10-11,57535.7500
2024-10-14,57535.7500
2024-10-15,59185.1680
2024-10-16,57729.7930
2024-10-17,57923.8477
2024-10-18,57438.7227
2024-10-21,57244.6719
2024-10-22,55983.3516
2024-10-23,57341.6953
2024-10-24,54916.0703
2024-10-25,54236.9023
2024-10-28,56371.4453
2024-10-29,57826.8242
2024-10-30,57341.6953
2024-10-31,57438.7227
2024-11-01,56565.4961
2024-11-04,56953.5977
2024-11-05,55886.3242
2024-11-06,55595.2539
2024-11-07,55595.2539
2024-11-08,55304.1719
2024-11-11,53363.6719
2024-11-12,51423.1797
2024-11-13,49094.5859
2024-11-14,48415.4102
2024-11-15,51908.3008
2024-11-18,55013.0977
2024-11-19,54625.0039
2024-11-20,53654.7539
2024-11-21,54722.0234
2024-11-22,54333.9258
2024-11-25,56177.3984
2024-11-26,56565.4961
2024-11-27,54625.0039
2024-11-28,53848.8008
2024-11-29,52587.4805
2024-12-02,52005.3281
2024-12-03,52005.3281
2024-12-04,51520.2070
2024-12-05,52102.3555
2024-12-06,52490.4492
2024-12-09,51811.2812
2024-12-10,52393.4336
2024-12-11,52393.4336
2024-12-12,54236.9023
2024-12-13,54430.9531
2024-12-16,53945.8281
2024-12-17,52587.4805
2024-12-18,53266.6523
2024-12-19,51520.2070
2024-12-20,51423.1797
2024-12-23,51908.3008
2024-12-24,52781.5273
2024-12-26,52005.3281
2024-12-27,52457.6172
2024-12-30,51969.1836
2025-01-02,52164.5586
2025-01-03,53141.4219
2025-01-06,54606.7227
2025-01-07,54118.2891
2025-01-08,55974.3320
2025-01-09,54802.0898
2025-01-10,54020.5977
2025-01-13,52848.3633
2025-01-14,52652.9883
2025-01-15,52457.6172
2025-01-16,53043.7383
2025-01-17,52457.6172
2025-01-20,52164.5586
2025-01-21,52262.2461
2025-01-22,53043.7383
2025-01-23,52457.6172
2025-01-24,52457.6172
2025-01-31,51187.6953
2025-02-03,49820.0820
2025-02-04,51480.7578
2025-02-05,51676.1250
2025-02-06,52750.6836
2025-02-07,52457.6172
2025-02-10,54313.6602
2025-02-11,54411.3477
2025-02-12,54509.0352
2025-02-13,54509.0352
2025-02-14,54704.4023
2025-02-17,54704.4023
2025-02-18,55583.5820
2025-02-19,57341.9414
2025-02-20,57048.8789
2025-02-21,56853.5078
2025-02-24,55974.3320
2025-02-25,55876.6445
2025-02-26,55290.5234
2025-02-27,54997.4648
2025-02-28,53239.1133
2025-03-04,53239.1133
2025-03-05,52750.6836
2025-03-06,53043.7383
2025-03-07,52457.6172
2025-03-10,52457.6172
2025-03-11,52359.9297
2025-03-12,53629.8555
2025-03-13,53434.4805
2025-03-14,53434.4805
2025-03-17,56267.3906
2025-03-18,56267.3906
2025-03-19,57146.5703
2025-03-20,58807.2344
2025-03-21,60272.5352
2025-03-24,59100.2930
2025-03-25,58416.4883
2025-03-26,59979.4727
2025-03-27,60370.2188
2025-03-28,59156.6289
2025-03-31,56798.2227
2025-04-01,57780.8906
2025-04-02,57780.8906
2025-04-03,56601.6914
2025-04-04,55127.6836
2025-04-07,52277.9453
2025-04-08,52572.7461
2025-04-09,52081.4180
2025-04-10,55422.4844
2025-04-11,54243.2852
2025-04-14,55225.9531
2025-04-15,55619.0195
2025-04-16,53751.9492
2025-04-17,54145.0195
2025-04-18,54341.5508
2025-04-21,54439.8203
2025-04-22,54046.7500
2025-04-23,54734.6172
2025-04-24,54734.6172
2025-04-25,54734.6172
2025-04-28,54832.8828
2025-04-29,54832.8828
2025-04-30,54538.0859
2025-05-02,53358.8828
2025-05-07,53653.6836
2025-05-08,53653.6836
2025-05-09,53850.2188
2025-05-12,56601.6914
2025-05-13,55913.8203
2025-05-14,56405.1523
2025-05-15,56306.8906
2025-05-16,55815.5547
2025-05-19,54832.8828
2025-05-20,54931.1523
2025-05-21,54734.6172
2025-05-22,53751.9492
2025-05-23,53260.6172
2025-05-26,53751.9492
2025-05-27,52965.8125
2025-05-28,54931.1523
2025-05-29,55127.6836
2025-05-30,55225.9531
2025-06-02,55815.5547
2025-06-04,56798.2227
2025-06-05,58075.6875
2025-06-09,58763.5586
2025-06-10,58173.9570
2025-06-11,58861.8281
2025-06-12,58468.7578
2025-06-13,57289.5547
2025-06-16,56208.6211
2025-06-17,57093.0195
2025-06-18,58763.5586
2025-06-19,58173.9570
2025-06-20,58468.7578
2025-06-23,56994.7539
2025-06-24,59451.4258
2025-06-25,60237.5586
2025-06-26,59156.6289
2025-06-27,60112.6953
2025-06-30,59124.0000
2025-07-01,59519.4805
2025-07-02,60112.6953
2025-07-03,63078.7812
2025-07-04,62584.4375
2025-07-07,61002.5195
2025-07-08,60705.9102
2025-07-09,59717.2188
2025-07-10,60310.4336
2025-07-11,61892.3516
2025-07-14,61793.4766
2025-07-15,62979.9102
2025-07-16,63968.6094
2025-07-17,65946.0078
2025-07-18,66341.4766
2025-07-21,67033.5625
2025-07-22,65253.9180
2025-07-23,65649.3906
2025-07-24,65253.9180
2025-07-25,65155.0469
2025-07-28,69604.1719
2025-07-29,69801.9062
2025-07-30,71779.3047
2025-07-31,70592.8672
2025-08-01,68121.1328
2025-08-04,68912.0859
2025-08-05,69109.8203
2025-08-06,68022.2656
2025-08-07,69703.0391
2025-08-08,70988.3438
2025-08-11,70197.3906
2025-08-12,70296.2578
2025-08-13,71087.2188
2025-08-14,70790.6094
2025-08-18,69208.6875
2025-08-19,69208.6875
2025-08-20,69703.0391
2025-08-21,69801.9062
2025-08-22,70592.8672
2025-08-25,70691.7422
2025-08-26,69505.3047
2025-08-27,69801.9062
2025-08-28,68813.2188
2025-08-29,68912.0859
2025-09-01,66835.8281
2025-09-02,68318.8672
2025-09-03,69010.9609
2025-09-04,69307.5703
2025-09-05,68714.3516
2025-09-08,69307.5703
2025-09-09,70691.7422
2025-09-10,71779.3047
2025-09-11,72570.2578
2025-09-12,74547.6484
2025-09-15,75635.2188
2025-09-16,78502.4375
2025-09-17,77316.0000
2025-09-18,79392.2578
2025-09-22,82556.0859
2025-09-23,83742.5234
2025-09-24,84434.6094
2025-09-25,85126.6953
2025-09-26,82358.3438
2025-09-29,83619.5938
2025-09-30,83321.6641
2025-10-01,85407.1875
2025-10-02,89131.3359
2025-10-10,93749.2891
2025-10-13,92656.8672
2025-10-14,90968.5859
2025-10-15,94345.1484
2025-10-16,97026.5312
2025-10-17,97225.1562
2025-10-20,97423.7734
2025-10-21,96827.9141
2025-10-22,97920.3281
2025-10-23,95834.8047
2025-10-24,98118.9531
2025-10-27,101296.8906
2025-10-28,98814.1250
2025-10-29,99807.2344
2025-10-30,103382.4219
2025-10-31,106758.9844
2025-11-03,110334.1641
2025-11-04,104176.9062
2025-11-05,99906.5391
2025-11-06,98516.2031
2025-11-07,97225.1562
2025-11-10,99906.5391
2025-11-11,102786.5547
2025-11-12,102389.3125
2025-11-13,102091.3828
2025-11-14,96529.9766
2025-11-17,99906.5391
2025-11-18,97125.8516
2025-11-19,95834.8047
2025-11-20,99906.5391
2025-11-21,94146.5234
2025-11-24,96033.4297
2025-11-25,98615.5078
2025-11-26,102091.3828
2025-11-27,102786.5547
2025-11-28,99807.2344
2025-12-01,100105.1719
2025-12-02,102687.2422
2025-12-03,103779.6562
2025-12-04,104375.5312
2025-12-05,107652.7812
2025-12-08,108745.1953
2025-12-09,107652.7812
2025-12-10,107255.5391
2025-12-11,106560.3594
2025-12-12,108149.3359
2025-12-15,104077.5938
2025-12-16,102091.3828
2025-12-17,107156.2266
2025-12-18,106858.2969
2025-12-19,105567.2500
2025-12-22,109738.3047
2025-12-23,110731.4141
2025-12-24,110334.1641
2025-12-26,116193.4922
2025-12-29,119253.1719
2025-12-30,119652.3438
2026-01-02,128234.5781
2026-01-05,137814.7500
2026-01-06,138613.0938
2026-01-07,140708.7656
2026-01-08,138513.2969
2026-01-09,138712.8906
2026-01-12,138513.2969
2026-01-13,137315.7812
2026-01-14,140010.2031
2026-01-15,143602.7656
2026-01-16,148592.4375
2026-01-19,148991.6094
2026-01-20,144900.0781
2026-01-21,149191.2031
2026-01-22,151985.4219
2026-01-23,151785.8281
2026-01-26,151785.8281
2026-01-27,159170.5469
2026-01-28,162064.5625
2026-01-29,160368.0625
2026-01-30,160168.4844
2026-02-02,150089.3438
2026-02-03,167154.0156
2026-02-04,168750.7188
2026-02-05,158970.9531
2026-02-06,158272.4062
2026-02-09,166056.2969
2026-02-10,165457.5312
2026-02-11,167453.4062
2026-02-12,178231.0938
2026-02-13,180825.7188
2026-02-19,189607.5469
2026-02-20,189707.3438
2026-02-23,192601.3438
2026-02-24,199586.8906
2026-02-25,203079.6562
2026-02-26,217549.7188
2026-02-27,216052.8125
2026-03-03,194697.0156
2026-03-04,171844.3125
2026-03-05,191204.2500
2026-03-06,187811.2656
2026-03-09,173141.6250
2026-03-10,187511.8906
2026-03-11,189607.5469
2026-03-12,187511.8906
2026-03-13,183120.9688
2026-03-16,188310.2344
2026-03-17,193499.4844
2026-03-18,208069.3281
2026-03-19,200085.8594
2026-03-20,198988.1250
2026-03-23,185915.1875
2026-03-24,189308.1719
2026-03-25,188609.6094
2026-03-26,179728.0000
2026-03-27,179728.0000
2026-03-30,176300.0000
2026-03-31,167200.0000
2026-04-01,189650.0000
2026-04-02,178400.0000
2026-04-03,186200.0000
2026-04-06,193100.0000
2026-04-07,196500.0000
2026-04-08,210500.0000
2026-04-09,204000.0000
2026-04-10,206000.0000
2026-04-13,201000.0000
2026-04-14,206500.0000
2026-04-15,211000.0000
2026-04-16,217500.0000
2026-04-17,216000.0000
2026-04-20,214500.0000
2026-04-21,219000.0000
2026-04-22,217500.0000
2026-04-23,224500.0000
2026-04-24,219500.0000
2026-04-27,224500.0000
2026-04-28,222000.0000
2026-04-29,226000.0000
2026-04-30,220500.0000
2026-05-04,232500.0000
2026-05-06,266000.0000
2026-05-07,271500.0000
2026-05-08,268500.0000
2026-05-11,285500.0000
2026-05-12,279000.0000
2026-05-13,284000.0000
2026-05-14,296000.0000
2026-05-15,270500.0000
2026-05-18,281000.0000
2026-05-19,275500.0000
2026-05-20,276000.0000
2026-05-21,299500.0000
2026-05-22,292500.0000
2026-05-26,299000.0000
2026-05-27,307000.0000
2026-05-28,299500.0000
2026-05-29,317000.0000
2026-06-01,349000.0000
2026-06-02,360500.0000
2026-06-04,351500.0000
2026-06-05,329000.0000
2026-06-08,295500.0000
2026-06-09,322000.0000
2026-06-10,302500.0000
2026-06-11,299000.0000
2026-06-12,322500.0000
2026-06-15,337000.0000
2026-06-16,343000.0000
2026-06-17,346500.0000
2026-06-18,362500.0000
2026-06-19,354000.0000
2026-06-22,353500.0000
2026-06-23,310000.0000
2026-06-24,340500.0000
2026-06-25,358500.0000
2026-06-26,339500.0000
2026-06-29,323000.0000
2026-06-30,334000.0000
2026-07-01,314500.0000
2026-07-02,286000.0000
2026-07-03,309500.0000
2026-07-06,318000.0000
2026-07-07,296000.0000
2026-07-08,277500.0000
2026-07-09,278000.0000
2026-07-10,285000.0000
2026-07-13,254500.0000
2026-07-14,263000.0000
2026-07-15,279500.0000
2026-07-16,255000.0000
2026-07-20,244000.0000
2026-07-21,259000.0000
2026-07-22,260500.0000
2026-07-23,270000.0000
2026-07-24,249500.0000
2026-07-27,254000.0000
2026-07-28,220000.0000
2026-07-29,208500.0000
2026-07-30,207000.0000
2026-07-31,262500.0000
2026-08-03,239500.0000
2026-08-04,240000.0000
2026-08-05,246000.0000
2026-08-06,230500.0000
2026-08-07,231000.0000
