date,close
2000-01-04,-228873.7969
2000-01-05,-205319.7500
2000-01-06,-194653.8281
2000-01-07,-192876.1719
2000-01-10,-191098.5781
2000-01-11,-198209.1562
2000-01-12,-200875.6875
2000-01-13,-208875.1562
2000-01-14,-202653.3594
2000-01-17,-221318.7344
2000-01-18,-222207.5781
2000-01-19,-217763.4219
2000-01-20,-239984.1094
2000-01-21,-236428.8594
2000-01-24,-239984.1094
2000-01-25,-230207.0000
2000-01-26,-235095.7031
2000-01-27,-231095.8594
2000-01-28,-246205.9844
2000-01-31,-234651.2344
2000-02-01,-217763.4219
2000-02-02,-212430.4531
2000-02-03,-204875.3594
2000-02-04,-204875.3594
2000-02-07,-204430.9688
2000-02-08,-211986.0625
2000-02-09,-207986.2500
2000-02-10,-207097.4844
2000-02-11,-198209.1562
2000-02-14,-185765.5469
2000-02-15,-189765.2656
2000-02-16,-185765.5469
2000-02-17,-180432.5156
2000-02-18,-180432.5156
2000-02-21,-165322.4375
2000-02-22,-155545.2656
2000-02-23,-165322.4375
2000-02-24,-156878.5625
2000-02-25,-156434.1094
2000-02-28,-138657.5625
2000-02-29,-159100.6250
2000-03-01,-159100.6250
2000-03-02,-182654.5938
2000-03-03,-209763.9688
2000-03-06,-197320.3438
2000-03-07,-199542.3750
2000-03-08,-204875.3594
2000-03-09,-199986.8125
2000-03-10,-187987.6094
2000-03-13,-167988.9219
2000-03-14,-175099.5938
2000-03-15,-182654.5938
2000-03-16,-178654.8906
2000-03-17,-184876.6875
2000-03-20,-197320.3438
2000-03-21,-201764.4531
2000-03-22,-213319.2344
2000-03-23,-204430.9688
2000-03-24,-224429.5781
2000-03-27,-222207.5781
2000-03-28,-230207.0000
2000-03-29,-237317.6562
2000-03-30,-226651.7500
2000-03-31,-218652.2344
2000-04-03,-225762.9219
2000-04-04,-220429.9219
2000-04-05,-220429.9219
2000-04-06,-207986.2500
2000-04-07,-217318.9844
2000-04-10,-219096.7188
2000-04-11,-213319.2344
2000-04-12,-215541.3594
2000-04-13,-215541.3594
2000-04-14,-200875.6875
2000-04-17,-171099.8281
2000-04-18,-193320.5469
2000-04-19,-198209.1562
2000-04-20,-195542.6562
2000-04-21,-191098.5781
2000-04-24,-191987.3438
2000-04-25,-186209.9219
2000-04-26,-158656.2031
2000-04-27,-143546.0625
2000-04-28,-156434.1094
2000-05-01,-156434.1094
2000-05-02,-154656.4688
2000-05-03,-154656.4688
2000-05-04,-155545.2656
2000-05-05,-155545.2656
2000-05-08,-158656.2031
2000-05-09,-158656.2031
2000-05-10,-151989.9844
2000-05-11,-151989.9844
2000-05-12,-145768.1250
2000-05-15,-148879.0469
2000-05-16,-155545.2656
2000-05-17,-156434.1094
2000-05-18,-151989.9844
2000-05-19,-151101.1406
2000-05-22,-144879.3750
2000-05-23,-142657.2656
2000-05-24,-142212.8438
2000-05-25,-149767.9062
2000-05-26,-134213.3906
2000-05-29,-123102.9922
2000-05-30,-123102.9922
2000-05-31,-156434.1094
2000-06-01,-159989.5000
2000-06-02,-165322.4375
2000-06-05,-171988.7031
2000-06-06,-171988.7031
2000-06-07,-175988.4062
2000-06-08,-186209.9219
2000-06-09,-199097.9844
2000-06-12,-195542.6562
2000-06-13,-183987.8594
2000-06-14,-198653.5156
2000-06-15,-183099.0625
2000-06-16,-180432.5156
2000-06-19,-176432.8125
2000-06-20,-182654.5938
2000-06-21,-185765.5469
2000-06-22,-195542.6562
2000-06-23,-196875.8906
2000-06-26,-204430.9688
2000-06-27,-207097.4844
2000-06-28,-209763.9688
2000-06-29,-198209.1562
2000-06-30,-195542.6562
2000-07-03,-199986.8125
2000-07-04,-201764.4531
2000-07-05,-210652.7969
2000-07-06,-217763.4219
2000-07-07,-217763.4219
2000-07-10,-214652.5156
2000-07-11,-212430.4531
2000-07-12,-207097.4844
2000-07-13,-209319.5156
2000-07-14,-207986.2500
2000-07-17,-207986.2500
2000-07-18,-208875.1562
2000-07-19,-208875.1562
2000-07-20,-175988.4062
2000-07-21,-184432.2969
2000-07-24,-168433.3281
2000-07-25,-162211.5156
2000-07-26,-164878.0312
2000-07-27,-159989.5000
2000-07-28,-146212.6250
2000-07-31,-154656.4688
2000-08-01,-177766.0781
2000-08-02,-173766.2812
2000-08-03,-173321.9062
2000-08-04,-169766.6094
2000-08-07,-163989.1406
2000-08-08,-165322.4375
2000-08-09,-177321.6406
2000-08-10,-179543.7188
2000-08-11,-172433.1094
2000-08-14,-175543.9844
2000-08-15,-175543.9844
2000-08-16,-201764.4531
2000-08-17,-193764.9688
2000-08-18,-194653.8281
2000-08-21,-195987.0469
2000-08-22,-198209.1562
2000-08-23,-195098.2500
2000-08-24,-199986.8125
2000-08-25,-201320.0625
2000-08-28,-202653.3594
2000-08-29,-202653.3594
2000-08-30,-196875.8906
2000-08-31,-180432.5156
2000-09-01,-179543.7188
2000-09-04,-167100.0781
2000-09-05,-163544.7969
2000-09-06,-160433.9219
2000-09-07,-147990.2969
2000-09-08,-151545.5312
2000-09-11,-151545.5312
2000-09-12,-151545.5312
2000-09-13,-151545.5312
2000-09-14,-167988.9219
2000-09-15,-147101.4062
2000-09-18,-126213.8906
2000-09-19,-132435.7031
2000-09-20,-151989.9844
2000-09-21,-141324.0312
2000-09-22,-127547.1641
2000-09-25,-135546.6094
2000-09-26,-135546.6094
2000-09-27,-138213.0938
2000-09-28,-142212.8438
2000-09-29,-141768.4219
2000-10-02,-136879.8750
2000-10-03,-136879.8750
2000-10-04,-140435.1719
2000-10-05,-139546.3281
2000-10-06,-136879.8750
2000-10-09,-131546.8906
2000-10-10,-127991.5625
2000-10-11,-115992.3750
2000-10-12,-109770.5391
2000-10-13,-99993.4062
2000-10-16,-99993.4062
2000-10-17,-85327.7031
2000-10-18,-80883.5312
2000-10-19,-74128.4609
2000-10-20,-80439.1484
2000-10-23,-68528.8125
2000-10-24,-78750.3438
2000-10-25,-79728.0625
2000-10-26,-75906.1016
2000-10-27,-75906.1016
2000-10-30,-65506.7852
2000-10-31,-62129.2500
2000-11-01,-64173.5625
2000-11-02,-69595.4297
2000-11-03,-71995.2500
2000-11-06,-72261.9141
2000-11-07,-68795.4844
2000-11-08,-65329.0312
2000-11-09,-63818.0273
2000-11-10,-62040.3594
2000-11-13,-59107.2148
2000-11-14,-65773.4453
2000-11-15,-65684.5625
2000-11-16,-68439.9375
2000-11-17,-64529.0625
2000-11-20,-63106.9453
2000-11-21,-61773.7031
2000-11-22,-62218.1211
2000-11-23,-61595.9375
2000-11-24,-64440.1875
2000-11-27,-74039.5703
2000-11-28,-67551.1172
2000-11-29,-62573.6602
2000-11-30,-60795.9883
2000-12-01,-60440.4570
2000-12-04,-57862.8438
2000-12-05,-60529.3477
2000-12-06,-58485.0391
2000-12-07,-58485.0391
2000-12-08,-59107.2148
2000-12-11,-60529.3477
2000-12-12,-60529.3477
2000-12-13,-62218.1211
2000-12-14,-59996.0273
2000-12-15,-58396.1445
2000-12-18,-56262.9570
2000-12-19,-47907.9531
2000-12-20,-40797.3164
2000-12-21,-35197.6680
2000-12-22,-31642.3535
2000-12-25,-31642.3535
2000-12-26,-35775.4258
2000-12-27,-35775.4258
2000-12-28,-35775.4258
2000-12-29,-35775.4258
2001-01-01,-35775.4258
2001-01-02,-46076.7188
2001-01-03,-46279.7070
2001-01-04,-53181.0508
2001-01-05,-61097.3242
2001-01-08,-62315.1992
2001-01-09,-60082.4219
2001-01-10,-51151.2461
2001-01-11,-53587.0156
2001-01-12,-53992.9883
2001-01-15,-60894.3320
2001-01-16,-67998.6797
2001-01-17,-63431.6016
2001-01-18,-65461.4141
2001-01-19,-68810.6016
2001-01-22,-69724.0156
2001-01-23,-69724.0156
2001-01-24,-69724.0156
2001-01-25,-69724.0156
2001-01-26,-59980.9180
2001-01-29,-58255.5820
2001-01-30,-59371.9766
2001-01-31,-59371.9766
2001-02-01,-56124.2852
2001-02-02,-54804.8984
2001-02-05,-50034.8438
2001-02-06,-49425.8945
2001-02-07,-48766.2109
2001-02-08,-51151.2461
2001-02-09,-49222.9297
2001-02-12,-49019.9414
2001-02-13,-48258.7656
2001-02-14,-47294.6055
2001-02-15,-47243.8555
2001-02-16,-45264.7891
2001-02-19,-42626.0430
2001-02-20,-43539.4609
2001-02-21,-41408.1328
2001-02-22,-39276.8594
2001-02-23,-40596.2070
2001-02-26,-39987.2852
2001-02-27,-38870.8906
2001-02-28,-38058.9648
2001-03-01,-38058.9648
2001-03-02,-34253.0586
2001-03-05,-35115.7305
2001-03-06,-35724.6836
2001-03-07,-35115.7305
2001-03-08,-35166.4805
2001-03-09,-33847.1094
2001-03-12,-34608.2812
2001-03-13,-30447.1660
2001-03-14,-30447.1660
2001-03-15,-32121.7715
2001-03-16,-31868.0430
2001-03-19,-31563.5664
2001-03-20,-31309.8340
2001-03-21,-30345.6738
2001-03-22,-30447.1660
2001-03-23,-30802.3887
2001-03-26,-35420.2031
2001-03-27,-31969.5273
2001-03-28,-30853.1387
2001-03-29,-33085.9258
2001-03-30,-32020.2715
2001-04-02,-31360.5820
2001-04-03,-29736.7344
2001-04-04,-28011.3965
2001-04-05,-28011.3965
2001-04-06,-30041.2109
2001-04-09,-28417.3516
2001-04-10,-26692.0215
2001-04-11,-26083.0840
2001-04-12,-26590.5254
2001-04-13,-26032.3320
2001-04-16,-25423.3887
2001-04-17,-24662.2012
2001-04-18,-28315.8711
2001-04-19,-32527.7344
2001-04-20,-33339.6484
2001-04-23,-34557.5391
2001-04-24,-31259.0898
2001-04-25,-32781.4609
2001-04-26,-32781.4609
2001-04-27,-31208.3457
2001-04-30,-34354.5547
2001-05-01,-34354.5547
2001-05-02,-34354.5547
2001-05-03,-34811.2656
2001-05-04,-35166.4805
2001-05-07,-37094.8125
2001-05-08,-42626.0430
2001-05-09,-39885.7930
2001-05-10,-41611.1172
2001-05-11,-40951.4375
2001-05-14,-47091.6250
2001-05-15,-44452.8711
2001-05-16,-41255.9219
2001-05-17,-41915.6211
2001-05-18,-41002.1875
2001-05-21,-42067.8438
2001-05-22,-41814.1250
2001-05-23,-41002.1875
2001-05-24,-40545.4805
2001-05-25,-44858.8281
2001-05-28,-43742.4414
2001-05-29,-46381.1875
2001-05-30,-45873.7305
2001-05-31,-44046.9023
2001-06-01,-43539.4609
2001-06-04,-43945.4062
2001-06-05,-42220.0781
2001-06-06,-42220.0781
2001-06-07,-44097.6562
2001-06-08,-47091.6250
2001-06-11,-46127.4648
2001-06-12,-46787.1484
2001-06-13,-43894.6602
2001-06-14,-41915.6211
2001-06-15,-41611.1172
2001-06-18,-37703.7344
2001-06-19,-36739.5820
2001-06-20,-33136.6680
2001-06-21,-33542.6328
2001-06-22,-32476.9688
2001-06-25,-32071.0156
2001-06-26,-30294.9336
2001-06-27,-28011.3965
2001-06-28,-27909.9082
2001-06-29,-28366.6152
2001-07-02,-28011.3965
2001-07-03,-26945.7422
2001-07-04,-26590.5254
2001-07-05,-25169.6621
2001-07-06,-23495.0684
2001-07-09,-20856.3184
2001-07-10,-21515.9961
2001-07-11,-20602.5859
2001-07-12,-21363.7637
2001-07-13,-19181.7148
2001-07-16,-17101.1621
2001-07-17,-17101.1621
2001-07-18,-17151.9043
2001-07-19,-15375.8242
2001-07-20,-14208.6758
2001-07-23,-12128.1221
2001-07-24,-13396.7539
2001-07-25,-11671.4170
2001-07-26,-12280.3584
2001-07-27,-13853.4619
2001-07-30,-13548.9932
2001-07-31,-13954.9541
2001-08-01,-16035.5078
2001-08-02,-16390.7305
2001-08-03,-16492.2188
2001-08-06,-18166.8086
2001-08-07,-17101.1621
2001-08-08,-16390.7305
2001-08-09,-15528.0605
2001-08-10,-15680.2910
2001-08-13,-15274.3311
2001-08-14,-16948.9277
2001-08-15,-16948.9277
2001-08-16,-16948.9277
2001-08-17,-16542.9629
2001-08-20,-15477.3096
2001-08-21,-15883.2715
2001-08-22,-16542.9629
2001-08-23,-14208.6758
2001-08-24,-12737.0625
2001-08-27,-10859.4893
2001-08-28,-11113.2178
2001-08-29,-9489.3672
2001-08-30,-8931.1709
2001-08-31,-8423.7148
2001-09-03,-8119.2422
2001-09-04,-9337.1328
2001-09-05,-9946.0762
2001-09-06,-11417.6895
2001-09-07,-13092.2852
2001-09-10,-14208.6758
2001-09-11,-12077.3770
2001-09-12,-10301.2930
2001-09-13,-11823.6514
2001-09-14,-10098.3115
2001-09-17,-8626.6982
2001-09-18,-9895.3311
2001-09-19,-9590.8574
2001-09-20,-9387.8760
2001-09-21,-9286.3887
2001-09-24,-9286.3887
2001-09-25,-9032.6572
2001-09-26,-8880.4248
2001-09-27,-9235.6396
2001-09-28,-9235.6396
2001-10-01,-9235.6396
2001-10-02,-9235.6396
2001-10-03,-9235.6396
2001-10-04,-9692.3506
2001-10-05,-11113.2178
2001-10-08,-10960.9844
2001-10-09,-11265.4531
2001-10-10,-10504.2734
2001-10-11,-10859.4893
2001-10-12,-10656.5107
2001-10-15,-10707.2529
2001-10-16,-10301.2930
2001-10-17,-10301.2930
2001-10-18,-9641.6045
2001-10-19,-10199.8027
2001-10-22,-10047.5645
2001-10-23,-9540.1123
2001-10-24,-9134.1523
2001-10-25,-9590.8574
2001-10-26,-9540.1123
2001-10-29,-10047.5645
2001-10-30,-9844.5840
2001-10-31,-11316.1973
2001-11-01,-12990.7881
2001-11-02,-12584.8311
2001-11-05,-12838.5566
2001-11-06,-12280.3584
2001-11-07,-12077.3770
2001-11-08,-12178.8672
2001-11-09,-12178.8672
2001-11-12,-16086.2559
2001-11-13,-16644.4512
2001-11-14,-18572.7773
2001-11-15,-17557.8652
2001-11-16,-18268.3047
2001-11-19,-19587.6797
2001-11-20,-17405.6328
2001-11-21,-17913.0879
2001-11-22,-19638.4297
2001-11-23,-19384.7012
2001-11-26,-19739.9141
2001-11-27,-21617.4902
2001-11-28,-19689.1680
2001-11-29,-20805.5586
2001-11-30,-21769.7305
2001-12-03,-25017.4219
2001-12-04,-26996.4941
2001-12-05,-28214.3750
2001-12-06,-27808.4121
2001-12-07,-28924.8164
2001-12-10,-27097.9863
2001-12-11,-26894.9961
2001-12-12,-26641.2715
2001-12-13,-24763.6934
2001-12-14,-23951.7715
2001-12-17,-24814.4414
2001-12-18,-21110.0391
2001-12-19,-20551.8398
2001-12-20,-20704.0664
2001-12-21,-19790.6621
2001-12-24,-20501.0938
2001-12-25,-20501.0938
2001-12-26,-23545.8125
2001-12-27,-30862.3125
2001-12-28,-32192.5801
2001-12-31,-32192.5801
2002-01-01,-32192.5801
2002-01-02,-36981.5664
2002-01-03,-36981.5664
2002-01-04,-39110.0039
2002-01-07,-38045.7812
2002-01-08,-37314.1328
2002-01-09,-42901.2852
2002-01-10,-41504.4922
2002-01-11,-40307.2539
2002-01-14,-42103.1055
2002-01-15,-37513.6719
2002-01-16,-35584.7852
2002-01-17,-34587.0820
2002-01-18,-31926.5312
2002-01-21,-31593.9688
2002-01-22,-34387.5273
2002-01-23,-34853.1250
2002-01-24,-34587.0820
2002-01-25,-32990.7539
2002-01-28,-33123.7734
2002-01-29,-30463.2402
2002-01-30,-33522.8516
2002-01-31,-33522.8516
2002-02-01,-34786.6172
2002-02-04,-32591.6738
2002-02-05,-32857.7188
2002-02-06,-33057.2695
2002-02-07,-31128.3730
2002-02-08,-33655.8867
2002-02-11,-33655.8867
2002-02-12,-33655.8867
2002-02-13,-33655.8867
2002-02-14,-31527.4512
2002-02-15,-26804.9844
2002-02-18,-25408.2031
2002-02-19,-23944.8984
2002-02-20,-23479.3027
2002-02-21,-20752.2461
2002-02-22,-21284.3535
2002-02-25,-19288.9473
2002-02-26,-19688.0293
2002-02-27,-22215.5469
2002-02-28,-21483.9004
2002-03-01,-21483.9004
2002-03-04,-22681.1328
2002-03-05,-26073.3379
2002-03-06,-27935.7227
2002-03-07,-23745.3594
2002-03-08,-23080.2246
2002-03-11,-21417.3828
2002-03-12,-22016.0117
2002-03-13,-21616.9238
2002-03-14,-22548.1074
2002-03-15,-22149.0371
2002-03-18,-21018.3047
2002-03-19,-20552.7070
2002-03-20,-19421.9746
2002-03-21,-18756.8359
2002-03-22,-20220.1367
2002-03-25,-19488.4883
2002-03-26,-19355.4570
2002-03-27,-19555.0020
2002-03-28,-20685.7305
2002-03-29,-19155.9180
2002-04-01,-18823.3535
2002-04-02,-18357.7539
2002-04-03,-18224.7266
2002-04-04,-18224.7266
2002-04-05,-18224.7266
2002-04-08,-17759.1387
2002-04-09,-16894.4512
2002-04-10,-16894.4512
2002-04-11,-16827.9434
2002-04-12,-19288.9473
2002-04-15,-18690.3281
2002-04-16,-18158.2129
2002-04-17,-18091.7070
2002-04-18,-17493.0762
2002-04-19,-16761.4258
2002-04-22,-15630.6982
2002-04-23,-13369.2363
2002-04-24,-14366.9434
2002-04-25,-13435.7510
2002-04-26,-14034.3721
2002-04-29,-11972.4492
2002-04-30,-12704.1016
2002-05-01,-12704.1016
2002-05-02,-10841.7197
2002-05-03,-10708.6914
2002-05-06,-9378.4180
2002-05-07,-8247.6885
2002-05-08,-9444.9326
2002-05-09,-9245.3916
2002-05-10,-8846.3096
2002-05-13,-8779.7969
2002-05-14,-9378.4180
2002-05-15,-9844.0146
2002-05-16,-11041.2559
2002-05-17,-11440.3379
2002-05-20,-10974.7451
2002-05-21,-10110.0684
2002-05-22,-10243.0938
2002-05-23,-9378.4180
2002-05-24,-9378.4180
2002-05-27,-9577.9590
2002-05-28,-9777.5010
2002-05-29,-9710.9873
2002-05-30,-9311.9043
2002-05-31,-9178.8770
2002-06-03,-8247.6885
2002-06-04,-7050.4429
2002-06-05,-6052.7393
2002-06-06,-6052.7393
2002-06-07,-5188.0615
2002-06-10,-4722.4663
2002-06-11,-5055.0342
2002-06-12,-4788.9795
2002-06-13,-4788.9795
2002-06-14,-4788.9795
2002-06-17,-4389.8984
2002-06-18,-4456.4111
2002-06-19,-3857.7891
2002-06-20,-3857.7891
2002-06-21,-3791.2756
2002-06-24,-3458.7083
2002-06-25,-3059.6267
2002-06-26,-2660.5442
2002-06-27,-3059.6267
2002-06-28,-3458.7083
2002-07-01,-3458.7083
2002-07-02,-3924.3035
2002-07-03,-4456.4111
2002-07-04,-5121.5469
2002-07-05,-5853.1992
2002-07-08,-6717.8755
2002-07-09,-7715.5781
2002-07-10,-8846.3096
2002-07-11,-7582.5513
2002-07-12,-8713.2812
2002-07-15,-8779.7969
2002-07-16,-8513.7402
2002-07-17,-8513.7402
2002-07-18,-9378.4180
2002-07-19,-9777.5010
2002-07-22,-8314.2021
2002-07-23,-7449.5234
2002-07-24,-6717.8755
2002-07-25,-6917.4165
2002-07-26,-5919.7100
2002-07-29,-6784.3853
2002-07-30,-7782.0933
2002-07-31,-6784.3853
2002-08-01,-7249.9819
2002-08-02,-7915.1187
2002-08-05,-7582.5513
2002-08-06,-7715.5781
2002-08-07,-7848.6069
2002-08-08,-7449.5234
2002-08-09,-7582.5513
2002-08-12,-7516.0371
2002-08-13,-7116.9570
2002-08-14,-6717.8755
2002-08-15,-6717.8755
2002-08-16,-6651.3608
2002-08-19,-7649.0649
2002-08-20,-7848.6069
2002-08-21,-8314.2021
2002-08-22,-7981.6328
2002-08-23,-7981.6328
2002-08-26,-7050.4429
2002-08-27,-7183.4717
2002-08-28,-6917.4165
2002-08-29,-7316.4966
2002-08-30,-7116.9570
2002-09-02,-7116.9570
2002-09-03,-6983.9307
2002-09-04,-6850.9033
2002-09-05,-6717.8755
2002-09-06,-6385.3066
2002-09-09,-6451.8208
2002-09-10,-6185.7661
2002-09-11,-6052.7393
2002-09-12,-6917.4165
2002-09-13,-7183.4717
2002-09-16,-6385.3066
2002-09-17,-6584.8472
2002-09-18,-6252.2798
2002-09-19,-6185.7661
2002-09-20,-6185.7661
2002-09-23,-5853.1992
2002-09-24,-5720.1689
2002-09-25,-5520.6279
2002-09-26,-6318.7935
2002-09-27,-5720.1689
2002-09-30,-5653.6572
2002-10-01,-5720.1689
2002-10-02,-4922.0073
2002-10-03,-4922.0073
2002-10-04,-4190.3564
2002-10-07,-3990.8164
2002-10-08,-4057.3296
2002-10-09,-3791.2756
2002-10-10,-3724.7617
2002-10-11,-3791.2756
2002-10-14,-3924.3035
2002-10-15,-4456.4111
2002-10-16,-4655.9521
2002-10-17,-5321.0884
2002-10-18,-6119.2534
2002-10-21,-6185.7661
2002-10-22,-6119.2534
2002-10-23,-6983.9307
2002-10-24,-7249.9819
2002-10-25,-6850.9033
2002-10-28,-7848.6069
2002-10-29,-6717.8755
2002-10-30,-6119.2534
2002-10-31,-6318.7935
2002-11-01,-6052.7393
2002-11-04,-6917.4165
2002-11-05,-6651.3608
2002-11-06,-7050.4429
2002-11-07,-6584.8472
2002-11-08,-6651.3608
2002-11-11,-6385.3066
2002-11-12,-6518.3345
2002-11-13,-6252.2798
2002-11-14,-6052.7393
2002-11-15,-5587.1426
2002-11-18,-5454.1162
2002-11-19,-6252.2798
2002-11-20,-6119.2534
2002-11-21,-6119.2534
2002-11-22,-5853.1992
2002-11-25,-6451.8208
2002-11-26,-6185.7661
2002-11-27,-5986.2246
2002-11-28,-5853.1992
2002-11-29,-5786.6836
2002-12-02,-5786.6836
2002-12-03,-6119.2534
2002-12-04,-5853.1992
2002-12-05,-5919.7100
2002-12-06,-5853.1992
2002-12-09,-5188.0615
2002-12-10,-5454.1162
2002-12-11,-4655.9521
2002-12-12,-4389.8984
2002-12-13,-4190.3564
2002-12-16,-4788.9795
2002-12-17,-4722.4663
2002-12-18,-5055.0342
2002-12-19,-5055.0342
2002-12-20,-4323.3853
2002-12-23,-4190.3564
2002-12-24,-3924.3035
2002-12-25,-3924.3035
2002-12-26,-3791.2756
2002-12-27,3430.1951
2002-12-30,3370.0156
2002-12-31,3370.0156
2003-01-01,3370.0156
2003-01-02,3851.4460
2003-01-03,3971.8047
2003-01-06,3911.6265
2003-01-07,3670.9099
2003-01-08,3610.7312
2003-01-09,3550.5532
2003-01-10,3490.3735
2003-01-13,3911.6265
2003-01-14,3731.0898
2003-01-15,3670.9099
2003-01-16,3550.5532
2003-01-17,3490.3735
2003-01-20,3550.5532
2003-01-21,3550.5532
2003-01-22,3490.3735
2003-01-23,3430.1951
2003-01-24,3309.8369
2003-01-27,3129.3010
2003-01-28,3069.1206
2003-01-29,2647.8706
2003-01-30,2828.4067
2003-01-31,2828.4067
2003-02-03,2828.4067
2003-02-04,3249.6592
2003-02-05,2948.7646
2003-02-06,2888.5852
2003-02-07,2768.2283
2003-02-10,2768.2283
2003-02-11,2708.0486
2003-02-12,2708.0486
2003-02-13,2647.8706
2003-02-14,2708.0486
2003-02-17,2948.7646
2003-02-18,2828.4067
2003-02-19,2768.2283
2003-02-20,3129.3010
2003-02-21,2888.5852
2003-02-24,2828.4067
2003-02-25,2647.8706
2003-02-26,2527.5120
2003-02-27,2467.3333
2003-02-28,2407.1541
2003-03-03,2467.3333
2003-03-04,2346.9753
2003-03-05,2286.7966
2003-03-06,2286.7966
2003-03-07,2166.4387
2003-03-10,2046.0818
2003-03-11,1925.7230
2003-03-12,2046.0818
2003-03-13,1985.9023
2003-03-14,1985.9023
2003-03-17,1745.1868
2003-03-18,1805.3656
2003-03-19,1745.1868
2003-03-20,1985.9023
2003-03-21,1985.9023
2003-03-24,1865.5449
2003-03-25,1745.1868
2003-03-26,1624.8296
2003-03-27,1624.8296
2003-03-28,1624.8296
2003-03-31,1624.8296
2003-04-01,1624.8296
2003-04-02,1624.8296
2003-04-03,1624.8296
2003-04-04,1624.8296
2003-04-07,1624.8296
2003-04-08,1624.8296
2003-04-09,1624.8296
2003-04-10,1624.8296
2003-04-11,1624.8296
2003-04-14,1745.1868
2003-04-15,2005.9620
2003-04-16,2306.8564
2003-04-17,2533.2434
2003-04-18,2624.9446
2003-04-21,2538.9746
2003-04-22,2372.7666
2003-04-23,2218.0210
2003-04-24,2223.7522
2003-04-25,1891.3354
2003-04-28,1842.6195
2003-04-29,1862.6793
2003-04-30,1851.2159
2003-05-01,1851.2159
2003-05-02,1851.2159
2003-05-05,1851.2159
2003-05-06,2069.0063
2003-05-07,2000.2306
2003-05-08,2000.2306
2003-05-09,2071.8723
2003-05-12,2381.3628
2003-05-13,2349.8413
2003-05-14,2493.1245
2003-05-15,2269.6028
2003-05-16,2177.9011
2003-05-19,1942.9177
2003-05-20,1971.5747
2003-05-21,1960.1117
2003-05-22,1879.8733
2003-05-23,2160.7078
2003-05-26,2177.9011
2003-05-27,2235.2146
2003-05-28,2238.0808
2003-05-29,2177.9011
2003-05-30,2186.4988
2003-06-02,2269.6028
2003-06-03,2197.9609
2003-06-04,2203.6924
2003-06-05,2352.7068
2003-06-06,2352.7068
2003-06-09,2324.0503
2003-06-10,2378.4976
2003-06-11,2424.3479
2003-06-12,2785.4214
2003-06-13,3198.0764
2003-06-16,3203.8088
2003-06-17,3490.3735
2003-06-18,2968.8235
2003-06-19,3410.1353
2003-06-20,3622.1951
2003-06-23,3530.4924
2003-06-24,3444.5234
2003-06-25,3473.1804
2003-06-26,3347.0908
2003-06-27,3398.6726
2003-06-30,3318.4336
2003-07-01,3381.4783
2003-07-02,3839.9844
2003-07-03,3903.0288
2003-07-04,4183.8638
2003-07-07,4613.7129
2003-07-08,4487.6230
2003-07-09,4573.5933
2003-07-10,4562.1304
2003-07-11,4619.4443
2003-07-14,5307.2017
2003-07-15,5244.1582
2003-07-16,5582.3052
2003-07-17,5582.3052
2003-07-18,5519.2617
2003-07-21,5077.9492
2003-07-22,5032.0991
2003-07-23,4865.8901
2003-07-24,4774.1895
2003-07-25,4418.8477
2003-07-28,4287.0264
2003-07-29,4052.0439
2003-07-30,4264.1016
2003-07-31,4235.4448
2003-08-01,4865.8901
2003-08-04,4831.5029
2003-08-05,5335.8589
2003-08-06,5490.6040
2003-08-07,5358.7837
2003-08-08,5043.5625
2003-08-11,5158.1860
2003-08-12,5100.8735
2003-08-13,5100.8735
2003-08-14,4951.8613
2003-08-15,4951.8613
2003-08-18,4739.8022
2003-08-19,5083.6812
2003-08-20,4785.6509
2003-08-21,4808.5771
2003-08-22,4630.9067
2003-08-25,4659.5640
2003-08-26,4510.5488
2003-08-27,4424.5806
2003-08-28,4619.4443
2003-08-29,4567.8613
2003-09-01,4665.2939
2003-09-02,5192.5767
2003-09-03,4825.7710
2003-09-04,4705.4136
2003-09-05,4671.0264
2003-09-08,4453.2358
2003-09-09,4630.9067
2003-09-10,4630.9067
2003-09-11,4630.9067
2003-09-12,4630.9067
2003-09-15,4653.8320
2003-09-16,4642.3691
2003-09-17,4676.7573
2003-09-18,4533.4751
2003-09-19,4436.0420
2003-09-22,4097.8940
2003-09-23,4115.0864
2003-09-24,4069.2378
2003-09-25,3903.0288
2003-09-26,3994.7297
2003-09-29,3920.2234
2003-09-30,3845.7146
2003-10-01,3839.9844
2003-10-02,3920.2234
2003-10-03,3920.2234
2003-10-06,3925.9541
2003-10-07,4040.5811
2003-10-08,3897.2971
2003-10-09,3885.8354
2003-10-10,3988.9995
2003-10-13,3931.6858
2003-10-14,4069.2378
2003-10-15,4143.7446
2003-10-16,4097.8940
2003-10-17,4413.1162
2003-10-20,4527.7432
2003-10-21,4418.8477
2003-10-22,4298.4907
2003-10-23,4086.4324
2003-10-24,4011.9241
2003-10-27,4074.9680
2003-10-28,4355.8022
2003-10-29,4206.7900
2003-10-30,4264.1016
2003-10-31,4315.6841
2003-11-03,4481.8926
2003-11-04,4155.2061
2003-11-05,4315.6841
2003-11-06,4132.2812
2003-11-07,4155.2061
2003-11-10,4046.3142
2003-11-11,3954.6104
2003-11-12,4023.3875
2003-11-13,4092.1636
2003-11-14,4006.1924
2003-11-17,4006.1924
2003-11-18,4057.7742
2003-11-19,3857.1790
2003-11-20,3817.0588
2003-11-21,3771.2092
2003-11-24,3501.8369
2003-11-25,3519.0308
2003-11-26,3839.9844
2003-11-27,3713.8955
2003-11-28,3799.8643
2003-12-01,3943.1494
2003-12-02,3897.2971
2003-12-03,3868.6414
2003-12-04,3817.0588
2003-12-05,3696.7017
2003-12-08,3605.0005
2003-12-09,3627.9255
2003-12-10,3639.3875
2003-12-11,3599.2683
2003-12-12,3610.7312
2003-12-15,3794.1338
2003-12-16,3616.4634
2003-12-17,3559.1501
2003-12-18,3536.2241
2003-12-19,3530.4924
2003-12-22,3352.8220
2003-12-23,3192.3452
2003-12-24,2980.2861
2003-12-25,2980.2861
2003-12-26,2888.5852
2003-12-29,3474.2432
2003-12-30,3705.8601
2003-12-31,3705.8601
2004-01-01,3705.8601
2004-01-02,3705.8601
2004-01-05,4136.0044
2004-01-06,4056.5925
2004-01-07,4380.8555
2004-01-08,4308.0615
2004-01-09,4738.2061
2004-01-12,4804.3818
2004-01-13,4665.4121
2004-01-14,4949.9688
2004-01-15,4784.5283
2004-01-16,4916.8818
2004-01-19,4916.8818
2004-01-20,4897.0283
2004-01-21,4897.0283
2004-01-22,4897.0283
2004-01-23,4897.0283
2004-01-26,4910.2637
2004-01-27,5241.1440
2004-01-28,5770.5537
2004-01-29,5929.3755
2004-01-30,5922.7583
2004-02-02,5843.3447
2004-02-03,5492.6133
2004-02-04,5677.9067
2004-02-05,5446.2891
2004-02-06,5578.6421
2004-02-09,5585.2593
2004-02-10,5558.7891
2004-02-11,5572.0249
2004-02-12,5505.8481
2004-02-13,5572.0249
2004-02-16,5598.4946
2004-02-17,5730.8477
2004-02-18,5777.1694
2004-02-19,6154.3735
2004-02-20,6028.6401
2004-02-23,6505.1060
2004-02-24,6002.1680
2004-02-25,5883.0518
2004-02-26,5869.8159
2004-02-27,5935.9932
2004-03-01,5935.9932
2004-03-02,6121.2852
2004-03-03,6465.4023
2004-03-04,6478.6372
2004-03-05,6551.4316
2004-03-08,6385.9897
2004-03-09,6240.4004
2004-03-10,6160.9917
2004-03-11,7047.7510
2004-03-12,6749.9604
2004-03-15,6915.3970
2004-03-16,7279.3667
2004-03-17,7345.5439
2004-03-18,7742.5972
2004-03-19,7709.5122
2004-03-22,7941.1274
2004-03-23,8073.4790
2004-03-24,7643.3359
2004-03-25,7014.6636
2004-03-26,7180.1035
2004-03-29,7643.3359
2004-03-30,7544.0698
2004-03-31,8106.5664
2004-04-01,8238.9209
2004-04-02,8305.0957
2004-04-05,8305.0957
2004-04-06,9099.2070
2004-04-07,9099.2070
2004-04-08,8933.7695
2004-04-09,8999.9443
2004-04-12,8999.9443
2004-04-13,9198.4727
2004-04-14,8768.3281
2004-04-15,8768.3281
2004-04-16,8238.9209
2004-04-19,8371.2715
2004-04-20,8470.5371
2004-04-21,8735.2383
2004-04-22,8073.4790
2004-04-23,8040.3911
2004-04-26,7444.8042
2004-04-27,7577.1597
2004-04-28,7444.8042
2004-04-29,7047.7510
2004-04-30,7874.9536
2004-05-03,8073.4790
2004-05-04,8735.2383
2004-05-05,8735.2383
2004-05-06,8106.5664
2004-05-07,8669.0645
2004-05-10,8205.8330
2004-05-11,8602.8887
2004-05-12,8536.7090
2004-05-13,8238.9209
2004-05-14,7510.9849
2004-05-17,6385.9897
2004-05-18,6783.0464
2004-05-19,6816.1348
2004-05-20,6167.6084
2004-05-21,6352.9019
2004-05-24,7213.1895
2004-05-25,6816.1348
2004-05-26,6816.1348
2004-05-27,6783.0464
2004-05-28,7180.1035
2004-05-31,7444.8042
2004-06-01,7477.8936
2004-06-02,7610.2495
2004-06-03,6948.4863
2004-06-04,7014.6636
2004-06-07,7676.4248
2004-06-08,7577.1597
2004-06-09,7841.8657
2004-06-10,7941.1274
2004-06-11,7544.0698
2004-06-14,6849.2241
2004-06-15,7279.3667
2004-06-16,6981.5737
2004-06-17,7246.2783
2004-06-18,7147.0151
2004-06-21,7246.2783
2004-06-22,7246.2783
2004-06-23,7213.1895
2004-06-24,7477.8936
2004-06-25,7742.5972
2004-06-28,7841.8657
2004-06-29,8205.8330
2004-06-30,8371.2715
2004-07-01,8338.1846
2004-07-02,8007.3037
2004-07-05,8238.9209
2004-07-06,8172.7456
2004-07-07,8007.3037
2004-07-08,7610.2495
2004-07-09,7709.5122
2004-07-12,7345.5439
2004-07-13,7444.8042
2004-07-14,7213.1895
2004-07-15,7047.7510
2004-07-16,6981.5737
2004-07-19,7312.4556
2004-07-20,7113.9277
2004-07-21,7213.1895
2004-07-22,7147.0151
2004-07-23,7279.3667
2004-07-26,7047.7510
2004-07-27,7014.6636
2004-07-28,6816.1348
2004-07-29,6419.0786
2004-07-30,5955.8452
2004-08-02,5843.3447
2004-08-03,5644.8184
2004-08-04,5823.4951
2004-08-05,6121.2852
2004-08-06,5988.9331
2004-08-09,6187.4624
2004-08-10,6154.3735
2004-08-11,5988.9331
2004-08-12,5955.8452
2004-08-13,5836.7280
2004-08-16,6048.4917
2004-08-17,5962.4634
2004-08-18,5988.9331
2004-08-19,6127.9048
2004-08-20,6174.2261
2004-08-23,6478.6372
2004-08-24,6683.7812
2004-08-25,6683.7812
2004-08-26,6683.7812
2004-08-27,6816.1348
2004-08-30,7014.6636
2004-08-31,6915.3970
2004-09-01,6849.2241
2004-09-02,6882.3120
2004-09-03,6591.1372
2004-09-06,6564.6646
2004-09-07,6498.4907
2004-09-08,6597.7524
2004-09-09,6591.1372
2004-09-10,6749.9604
2004-09-13,7147.0151
2004-09-14,7180.1035
2004-09-15,7544.0698
2004-09-16,7378.6323
2004-09-17,7246.2783
2004-09-20,7080.8389
2004-09-21,7279.3667
2004-09-22,6948.4863
2004-09-23,6882.3120
2004-09-24,6882.3120
2004-09-27,6882.3120
2004-09-28,6882.3120
2004-09-29,6882.3120
2004-09-30,6948.4863
2004-10-01,7345.5439
2004-10-04,7676.4248
2004-10-05,7841.8657
2004-10-06,8437.4463
2004-10-07,9033.0332
2004-10-08,9463.1768
2004-10-11,9529.3555
2004-10-12,8834.5049
2004-10-13,8867.5908
2004-10-14,8933.7695
2004-10-15,9397.0020
2004-10-18,9165.3848
2004-10-19,8900.6816
2004-10-20,8569.8008
2004-10-21,8536.7090
2004-10-22,8238.9209
2004-10-25,8338.1846
2004-10-26,8040.3911
2004-10-27,7874.9536
2004-10-28,8569.8008
2004-10-29,8404.3594
2004-11-01,8040.3911
2004-11-02,8073.4790
2004-11-03,8437.4463
2004-11-04,8073.4790
2004-11-05,7974.2163
2004-11-08,7709.5122
2004-11-09,7577.1597
2004-11-10,7941.1274
2004-11-11,7775.6875
2004-11-12,7874.9536
2004-11-15,8073.4790
2004-11-16,8106.5664
2004-11-17,8272.0088
2004-11-18,7874.9536
2004-11-19,8040.3911
2004-11-22,7742.5972
2004-11-23,7676.4248
2004-11-24,7544.0698
2004-11-25,7312.4556
2004-11-26,6981.5737
2004-11-29,6716.8687
2004-11-30,6849.2241
2004-12-01,7080.8389
2004-12-02,6849.2241
2004-12-03,7047.7510
2004-12-06,6882.3120
2004-12-07,6948.4863
2004-12-08,6915.3970
2004-12-09,6981.5737
2004-12-10,6849.2241
2004-12-13,6882.3120
2004-12-14,7279.3667
2004-12-15,7676.4248
2004-12-16,7643.3359
2004-12-17,7676.4248
2004-12-20,7610.2495
2004-12-21,7643.3359
2004-12-22,7544.0698
2004-12-23,7279.3667
2004-12-24,7279.3667
2004-12-27,7213.1895
2004-12-28,7014.6636
2004-12-29,7935.7812
2004-12-30,8254.6289
2004-12-31,8254.6289
2005-01-03,8219.2021
2005-01-04,8325.4834
2005-01-05,8396.3408
2005-01-06,8431.7686
2005-01-07,8290.0537
2005-01-10,8856.8975
2005-01-11,8573.4766
2005-01-12,8360.9082
2005-01-13,8538.0488
2005-01-14,8679.7578
2005-01-17,9211.1738
2005-01-18,9175.7461
2005-01-19,9317.4590
2005-01-20,9140.3154
2005-01-21,8998.6064
2005-01-24,8998.6064
2005-01-25,8750.6172
2005-01-26,9104.8906
2005-01-27,8963.1797
2005-01-28,8927.7539
2005-01-31,9211.1738
2005-02-01,9069.4639
2005-02-02,9211.1738
2005-02-03,9140.3154
2005-02-04,8998.6064
2005-02-07,9423.7373
2005-02-08,9423.7373
2005-02-09,9423.7373
2005-02-10,9423.7373
2005-02-11,9494.5928
2005-02-14,10628.2744
2005-02-15,10663.7061
2005-02-16,10982.5518
2005-02-17,11159.6914
2005-02-18,11088.8320
2005-02-21,11478.5400
2005-02-22,10769.9873
2005-02-23,10132.2900
2005-02-24,10521.9941
2005-02-25,10663.7061
2005-02-28,10663.7061
2005-03-01,10663.7061
2005-03-02,10699.1299
2005-03-03,10203.1475
2005-03-04,9848.8691
2005-03-07,9848.8691
2005-03-08,9600.8789
2005-03-09,9494.5928
2005-03-10,9671.7324
2005-03-11,10026.0068
2005-03-14,9813.4414
2005-03-15,9423.7373
2005-03-16,9494.5928
2005-03-17,9211.1738
2005-03-18,9104.8906
2005-03-21,9317.4590
2005-03-22,9494.5928
2005-03-23,9211.1738
2005-03-24,8998.6064
2005-03-25,9140.3154
2005-03-28,9211.1738
2005-03-29,8998.6064
2005-03-30,9175.7461
2005-03-31,9246.6025
2005-04-01,9671.7324
2005-04-04,9848.8691
2005-04-05,9848.8691
2005-04-06,9990.5791
2005-04-07,9813.4414
2005-04-08,9707.1582
2005-04-11,9636.3037
2005-04-12,9813.4414
2005-04-13,9565.4502
2005-04-14,9530.0225
2005-04-15,9211.1738
2005-04-18,8786.0430
2005-04-19,8927.7539
2005-04-20,8892.3242
2005-04-21,9317.4590
2005-04-22,9211.1738
2005-04-25,9069.4639
2005-04-26,8821.4697
2005-04-27,8715.1855
2005-04-28,8608.9033
2005-04-29,8573.4766
2005-05-02,8608.9033
2005-05-03,8644.3311
2005-05-04,8856.8975
2005-05-05,8856.8975
2005-05-06,9352.8809
2005-05-09,9707.1582
2005-05-10,9565.4502
2005-05-11,9423.7373
2005-05-12,9848.8691
2005-05-13,10274.0020
2005-05-16,10203.1475
2005-05-17,9955.1523
2005-05-18,10026.0068
2005-05-19,10167.7188
2005-05-20,10309.4277
2005-05-23,10344.8574
2005-05-24,10592.8496
2005-05-25,10521.9941
2005-05-26,10415.7109
2005-05-27,10911.6973
2005-05-30,11159.6914
2005-05-31,11265.9727
2005-06-01,11088.8320
2005-06-02,11265.9727
2005-06-03,11336.8262
2005-06-06,11336.8262
2005-06-07,10876.2734
2005-06-08,11159.6914
2005-06-09,11301.4004
2005-06-10,11407.6836
2005-06-13,11088.8320
2005-06-14,11124.2617
2005-06-15,11407.6836
2005-06-16,11584.8252
2005-06-17,12328.8027
2005-06-20,12328.8027
2005-06-21,12151.6641
2005-06-22,12151.6641
2005-06-23,12328.8027
2005-06-24,12187.0908
2005-06-27,11726.5332
2005-06-28,11620.2490
2005-06-29,11868.2432
2005-06-30,12045.3770
2005-07-01,12045.3770
2005-07-04,12541.3643
2005-07-05,12541.3643
2005-07-06,12824.7861
2005-07-07,12860.2139
2005-07-08,13356.2021
2005-07-11,14773.3057
2005-07-12,14135.6094
2005-07-13,14419.0273
2005-07-14,15623.5654
2005-07-15,15375.5752
2005-07-18,15269.2920
2005-07-19,15552.7109
2005-07-20,14737.8799
2005-07-21,14348.1709
2005-07-22,14560.7373
2005-07-25,16084.1289
2005-07-26,16048.7031
2005-07-27,16261.2607
2005-07-28,16650.9668
2005-07-29,16934.3906
2005-08-01,16686.3984
2005-08-02,17465.8008
2005-08-03,17005.2422
2005-08-04,16296.6953
2005-08-05,15658.9951
2005-08-08,15942.4082
2005-08-09,15871.5625
2005-08-10,16084.1289
2005-08-11,16438.4043
2005-08-12,15623.5654
2005-08-15,15623.5654
2005-08-16,15836.1328
2005-08-17,15658.9951
2005-08-18,15233.8643
2005-08-19,14737.8799
2005-08-22,15269.2920
2005-08-23,14596.1670
2005-08-24,14419.0273
2005-08-25,14312.7441
2005-08-26,14844.1562
2005-08-29,14277.3174
2005-08-30,14560.7373
2005-08-31,15163.0088
2005-09-01,15517.2832
2005-09-02,16225.8369
2005-09-05,16296.6953
2005-09-06,15588.1377
2005-09-07,15375.5752
2005-09-08,15198.4365
2005-09-09,15233.8643
2005-09-12,16154.9775
2005-09-13,16119.5518
2005-09-14,17253.2383
2005-09-15,17076.0977
2005-09-16,17005.2422
2005-09-19,17005.2422
2005-09-20,16757.2500
2005-09-21,16650.9668
2005-09-22,16686.3984
2005-09-23,16154.9775
2005-09-26,16863.5371
2005-09-27,17005.2422
2005-09-28,16721.8164
2005-09-29,16898.9609
2005-09-30,16296.6953
2005-10-03,16296.6953
2005-10-04,15977.8457
2005-10-05,16296.6953
2005-10-06,16119.5518
2005-10-07,15942.4082
2005-10-10,16084.1289
2005-10-11,16828.1035
2005-10-12,16473.8301
2005-10-13,17005.2422
2005-10-14,16580.1074
2005-10-17,15800.7080
2005-10-18,15658.9951
2005-10-19,15233.8643
2005-10-20,15694.4229
2005-10-21,16084.1289
2005-10-24,16509.2578
2005-10-25,16013.2666
2005-10-26,14879.5869
2005-10-27,13887.6152
2005-10-28,13462.4824
2005-10-31,13497.9131
2005-11-01,13852.1855
2005-11-02,13923.0439
2005-11-03,14171.0352
2005-11-04,14985.8711
2005-11-07,15588.1377
2005-11-08,15446.4258
2005-11-09,15481.8535
2005-11-10,15694.4229
2005-11-11,16084.1289
2005-11-14,16934.3906
2005-11-15,17005.2422
2005-11-16,17182.3809
2005-11-17,17182.3809
2005-11-18,16473.8301
2005-11-21,16580.1074
2005-11-22,15127.5791
2005-11-23,15729.8516
2005-11-24,15198.4365
2005-11-25,14985.8711
2005-11-28,15552.7109
2005-11-29,15375.5752
2005-11-30,15517.2832
2005-12-01,16013.2666
2005-12-02,16721.8164
2005-12-05,17217.8066
2005-12-06,17536.6543
2005-12-07,18776.6230
2005-12-08,18812.0547
2005-12-09,18280.6309
2005-12-12,18209.7812
2005-12-13,18493.2051
2005-12-14,19485.1719
2005-12-15,20937.7070
2005-12-16,20477.1465
2005-12-19,21787.9707
2005-12-20,21469.1191
2005-12-21,21929.6777
2005-12-22,23311.3535
2005-12-23,23736.4863
2005-12-26,23984.4785
2005-12-27,23382.2090
2005-12-28,24180.9785
2005-12-29,25633.2949
2006-01-02,27303.4512
2006-01-03,27739.1426
2006-01-04,25705.8984
2006-01-05,25233.8984
2006-01-06,25488.0645
2006-01-09,26686.2246
2006-01-10,27666.5254
2006-01-11,27230.8301
2006-01-12,27339.7461
2006-01-13,27666.5254
2006-01-16,27376.0625
2006-01-17,26286.8262
2006-01-18,24072.0527
2006-01-19,25088.6777
2006-01-20,23527.4395
2006-01-23,22692.3613
2006-01-24,24326.2109
2006-01-25,24689.2832
2006-01-26,26686.2246
2006-01-27,27158.2188
2006-01-31,27012.9863
2006-02-01,25778.5195
2006-02-02,26432.0645
2006-02-03,25415.4395
2006-02-06,25814.8242
2006-02-07,25596.9883
2006-02-08,25197.5918
2006-02-09,25451.7500
2006-02-10,25016.0566
2006-02-13,23854.2090
2006-02-14,23963.1328
2006-02-15,21022.2031
2006-02-16,22111.4316
2006-02-17,22583.4395
2006-02-20,22474.5098
2006-02-21,22075.1309
2006-02-22,22474.5098
2006-02-23,23418.5195
2006-02-24,23817.9004
2006-02-27,23817.9004
2006-02-28,24108.3633
2006-03-02,23236.9727
2006-03-03,22111.4316
2006-03-06,22583.4395
2006-03-07,21058.5137
2006-03-08,21385.2832
2006-03-09,21167.4336
2006-03-10,21348.9746
2006-03-13,21167.4336
2006-03-14,20550.1992
2006-03-15,20550.1992
2006-03-16,20114.5059
2006-03-17,20768.0488
2006-03-20,20913.2793
2006-03-21,20659.1172
2006-03-22,19860.3496
2006-03-23,19715.1230
2006-03-24,19279.4355
2006-03-27,19969.2754
2006-03-28,20078.1992
2006-03-29,20114.5059
2006-03-30,20550.1992
2006-03-31,21022.2031
2006-04-03,21494.2090
2006-04-04,22365.5879
2006-04-05,22292.9805
2006-04-06,22438.2070
2006-04-07,22438.2070
2006-04-10,22002.5156
2006-04-11,21566.8223
2006-04-12,22075.1309
2006-04-13,22583.4395
2006-04-14,23600.0547
2006-04-17,23926.8262
2006-04-18,23963.1328
2006-04-19,24471.4414
2006-04-20,24435.1348
2006-04-21,24907.1348
2006-04-24,24616.6738
2006-04-25,24144.6699
2006-04-26,24180.9785
2006-04-27,24616.6738
2006-04-28,23926.8262
2006-05-02,22583.4395
2006-05-03,22510.8223
2006-05-04,22510.8223
2006-05-08,22873.8984
2006-05-09,23890.5137
2006-05-10,23273.2832
2006-05-11,23600.0547
2006-05-12,23781.5957
2006-05-15,24108.3633
2006-05-16,23817.9004
2006-05-17,24943.4434
2006-05-18,25124.9785
2006-05-19,24761.9062
2006-05-22,24761.9062
2006-05-23,23890.5137
2006-05-24,24072.0527
2006-05-25,23164.3613
2006-05-26,23636.3613
2006-05-29,23382.2031
2006-05-30,23200.6719
2006-05-31,23382.2031
2006-06-01,22619.7441
2006-06-02,23055.4375
2006-06-05,22873.8984
2006-06-07,22292.9805
2006-06-08,21857.2852
2006-06-09,21820.9746
2006-06-12,21748.3555
2006-06-13,20985.8965
2006-06-14,21094.8242
2006-06-15,20985.8965
2006-06-16,21566.8223
2006-06-19,21131.1230
2006-06-20,20477.5898
2006-06-21,19751.4316
2006-06-22,19606.2012
2006-06-23,19678.8203
2006-06-26,21385.2832
2006-06-27,21421.5859
2006-06-28,21784.6621
2006-06-29,21748.3555
2006-06-30,22329.2852
2006-07-03,22547.1289
2006-07-04,22220.3594
2006-07-05,22111.4316
2006-07-06,22147.7441
2006-07-07,22038.8184
2006-07-10,22474.5098
2006-07-11,23055.4375
2006-07-12,23309.5938
2006-07-13,23164.3613
2006-07-14,22438.2070
2006-07-18,22220.3594
2006-07-19,22147.7441
2006-07-20,22728.6660
2006-07-21,23309.5938
2006-07-24,23091.7461
2006-07-25,23309.5938
2006-07-26,23091.7461
2006-07-27,23091.7461
2006-07-28,23200.6719
2006-07-31,23563.7461
2006-08-01,23890.5137
2006-08-02,24108.3633
2006-08-03,24035.7461
2006-08-04,24435.1348
2006-08-07,23817.9004
2006-08-08,24108.3633
2006-08-09,24180.9785
2006-08-10,23672.6719
2006-08-11,23636.3613
2006-08-14,23890.5137
2006-08-16,23854.2090
2006-08-17,24979.7500
2006-08-18,25342.8301
2006-08-21,25052.3691
2006-08-22,25052.3691
2006-08-23,24689.2832
2006-08-24,25052.3691
2006-08-25,25960.0605
2006-08-28,26141.5977
2006-08-29,26432.0645
2006-08-30,26432.0645
2006-08-31,26722.5195
2006-09-01,27230.8301
2006-09-04,27448.6797
2006-09-05,26940.3691
2006-09-06,26432.0645
2006-09-07,26359.4434
2006-09-08,26867.7539
2006-09-11,26649.9102
2006-09-12,27012.9863
2006-09-13,27811.7578
2006-09-14,28247.4551
2006-09-15,28392.6777
2006-09-18,29155.1465
2006-09-19,28973.6074
2006-09-20,27993.2910
2006-09-21,27630.2090
2006-09-22,26686.2246
2006-09-25,26940.3691
2006-09-26,26286.8262
2006-09-27,26504.6699
2006-09-28,26867.7539
2006-09-29,27194.5312
2006-10-02,26904.0586
2006-10-04,26577.2949
2006-10-09,25233.8984
2006-10-10,25451.7500
2006-10-11,25524.3672
2006-10-12,26068.9824
2006-10-13,27085.5996
2006-10-16,27049.2949
2006-10-17,27085.5996
2006-10-18,27121.9062
2006-10-19,26286.8262
2006-10-20,26214.2168
2006-10-23,26214.2168
2006-10-24,26141.5977
2006-10-25,25669.5977
2006-10-26,25814.8242
2006-10-27,24943.4434
2006-10-30,24180.9785
2006-10-31,24834.5215
2006-11-01,24725.5918
2006-11-02,25270.2129
2006-11-03,24471.4414
2006-11-06,24435.1348
2006-11-07,24689.2832
2006-11-08,25052.3691
2006-11-09,25197.5918
2006-11-10,24834.5215
2006-11-13,25488.0645
2006-11-14,25705.8984
2006-11-15,26141.5977
2006-11-16,25851.1387
2006-11-17,26032.6719
2006-11-20,25415.4395
2006-11-21,25379.1289
2006-11-22,25960.0605
2006-11-23,25851.1387
2006-11-24,25887.4434
2006-11-27,25705.8984
2006-11-28,25270.2129
2006-11-29,25524.3672
2006-11-30,25705.8984
2006-12-01,26177.9062
2006-12-04,26468.3672
2006-12-05,26540.9883
2006-12-06,26432.0645
2006-12-07,26359.4434
2006-12-08,25342.8301
2006-12-11,25669.5977
2006-12-12,25124.9785
2006-12-13,25306.5234
2006-12-14,25996.3730
2006-12-15,26286.8262
2006-12-18,26468.3672
2006-12-19,26032.6719
2006-12-20,26504.6699
2006-12-21,26250.5195
2006-12-22,26286.8262
2006-12-26,25960.0605
2006-12-27,27038.6289
2006-12-28,27150.2051
2007-01-02,27856.8652
2007-01-03,27559.3164
2007-01-04,27596.5059
2007-01-05,27856.8652
2007-01-08,27298.9746
2007-01-09,27261.7832
2007-01-10,27150.2051
2007-01-11,27001.4355
2007-01-12,27075.8262
2007-01-15,27150.2051
2007-01-16,26666.7070
2007-01-17,25476.5605
2007-01-18,25290.5957
2007-01-19,23914.4980
2007-01-22,24472.3770
2007-01-23,24286.4180
2007-01-24,25216.2227
2007-01-25,24993.0664
2007-01-26,24583.9570
2007-01-29,23468.1914
2007-01-30,23765.7305
2007-01-31,23207.8496
2007-02-01,23170.6602
2007-02-02,23914.4980
2007-02-05,24212.0332
2007-02-06,23988.8848
2007-02-07,23877.3086
2007-02-08,23579.7695
2007-02-09,23542.5762
2007-02-12,22910.3066
2007-02-13,22947.5098
2007-02-14,23133.4668
2007-02-15,23319.4277
2007-02-16,23765.7305
2007-02-20,23877.3086
2007-02-21,24435.1895
2007-02-22,24212.0332
2007-02-23,23988.8848
2007-02-26,24249.2285
2007-02-27,23765.7305
2007-02-28,23170.6602
2007-03-01,23170.6602
2007-03-05,23505.3828
2007-03-06,23951.6836
2007-03-07,23840.1074
2007-03-08,24100.4551
2007-03-09,24174.8418
2007-03-12,24583.9570
2007-03-13,24063.2676
2007-03-14,23654.1562
2007-03-15,23728.5371
2007-03-16,23542.5762
2007-03-19,23579.7695
2007-03-20,23356.6152
2007-03-21,23728.5371
2007-03-22,24360.8027
2007-03-23,24212.0332
2007-03-26,24397.9922
2007-03-27,24249.2285
2007-03-28,24174.8418
2007-03-29,24100.4551
2007-03-30,24100.4551
2007-04-02,24063.2676
2007-04-03,24621.1484
2007-04-04,25141.8301
2007-04-05,25104.6445
2007-04-06,24844.2988
2007-04-09,24695.5312
2007-04-10,24844.2988
2007-04-11,25439.3730
2007-04-12,25364.9941
2007-04-13,25364.9941
2007-04-16,25030.2598
2007-04-17,24955.8730
2007-04-18,24695.5312
2007-04-19,23951.6836
2007-04-20,24063.2676
2007-04-23,24063.2676
2007-04-24,23616.9590
2007-04-25,23951.6836
2007-04-26,23951.6836
2007-04-27,23840.1074
2007-04-30,23840.1074
2007-05-02,23802.9219
2007-05-03,23691.3379
2007-05-04,23691.3379
2007-05-07,24769.9141
2007-05-08,24323.6133
2007-05-09,24212.0332
2007-05-10,23802.9219
2007-05-11,23579.7695
2007-05-14,23393.8086
2007-05-15,23468.1914
2007-05-16,22910.3066
2007-05-17,22501.1953
2007-05-18,21794.5449
2007-05-21,21682.9746
2007-05-22,21868.9316
2007-05-23,21906.1270
2007-05-25,22240.8516
2007-05-28,21831.7441
2007-05-29,21311.0547
2007-05-30,21013.5117
2007-05-31,21385.4355
2007-06-01,22538.3906
2007-06-04,22687.1641
2007-06-05,22910.3066
2007-06-07,22984.6953
2007-06-08,23468.1914
2007-06-11,23802.9219
2007-06-12,23393.8086
2007-06-13,22947.5098
2007-06-14,22984.6953
2007-06-15,22761.5449
2007-06-18,23691.3379
2007-06-19,23914.4980
2007-06-20,23914.4980
2007-06-21,25662.5254
2007-06-22,25811.2910
2007-06-25,25067.4531
2007-06-26,25327.7891
2007-06-27,24918.6895
2007-06-28,25216.2227
2007-06-29,24807.1035
2007-07-02,24844.2988
2007-07-03,24918.6895
2007-07-04,25997.2441
2007-07-05,26703.9062
2007-07-06,27968.4336
2007-07-09,27819.6660
2007-07-10,28042.8223
2007-07-11,28414.7363
2007-07-12,28861.0410
2007-07-13,29084.1875
2007-07-16,27931.2324
2007-07-18,28042.8223
2007-07-19,27931.2324
2007-07-20,29158.5859
2007-07-23,29158.5859
2007-07-24,29009.8125
2007-07-25,28489.1211
2007-07-26,27819.6660
2007-07-27,27038.6289
2007-07-30,27484.9258
2007-07-31,27968.4336
2007-08-01,26257.5996
2007-08-02,26629.5215
2007-08-03,27596.5059
2007-08-06,27782.4648
2007-08-07,27596.5059
2007-08-08,28005.6133
2007-08-09,28786.6582
2007-08-10,27745.2812
2007-08-13,29009.8125
2007-08-14,28563.5039
2007-08-16,27187.4023
2007-08-17,26257.5996
2007-08-20,27336.1680
2007-08-21,26741.0957
2007-08-22,27336.1680
2007-08-23,27298.9746
2007-08-24,26443.5508
2007-08-27,25550.9492
2007-08-28,24695.5312
2007-08-29,24323.6133
2007-08-30,24955.8730
2007-08-31,25104.6445
2007-09-03,24546.7637
2007-09-04,24249.2285
2007-09-05,24397.9922
2007-09-06,23840.1074
2007-09-07,23059.0762
2007-09-10,23170.6602
2007-09-11,23505.3828
2007-09-12,23356.6152
2007-09-13,22687.1641
2007-09-14,22612.7754
2007-09-17,22724.3516
2007-09-18,21980.5117
2007-09-19,22426.8125
2007-09-20,21459.8184
2007-09-21,21720.1660
2007-09-27,23021.8867
2007-09-28,23282.2324
2007-10-01,23133.4668
2007-10-02,23059.0762
2007-10-04,22092.0879
2007-10-05,21868.9316
2007-10-08,21794.5449
2007-10-09,21571.4004
2007-10-10,21534.2051
2007-10-11,21311.0547
2007-10-12,21050.7031
2007-10-15,20827.5527
2007-10-16,19860.5605
2007-10-17,19934.9453
2007-10-18,19414.2578
2007-10-19,19339.8750
2007-10-22,18781.9902
2007-10-23,18707.6035
2007-10-24,18075.3418
2007-10-25,17108.3496
2007-10-26,19600.2168
2007-10-29,18856.3750
2007-10-30,18484.4531
2007-10-31,18596.0293
2007-11-01,18261.3066
2007-11-02,17926.5723
2007-11-05,17591.8496
2007-11-06,17963.7656
2007-11-07,18335.6855
2007-11-08,17405.8848
2007-11-09,17443.0742
2007-11-12,17145.5410
2007-11-13,17257.1191
2007-11-14,17257.1191
2007-11-15,17629.0371
2007-11-16,17666.2305
2007-11-19,17108.3496
2007-11-20,17108.3496
2007-11-21,16736.4277
2007-11-22,16885.1973
2007-11-23,16885.1973
2007-11-26,17071.1582
2007-11-27,16996.7715
2007-11-28,16959.5781
2007-11-29,18224.1074
2007-11-30,19265.4902
2007-12-03,18744.8027
2007-12-04,18930.7617
2007-12-05,19079.5332
2007-12-06,20046.5273
2007-12-07,20455.6309
2007-12-10,20083.7148
2007-12-11,19711.7930
2007-12-12,19377.0645
2007-12-13,19339.8750
2007-12-14,19005.1465
2007-12-17,18781.9902
2007-12-18,18781.9902
2007-12-20,18224.1074
2007-12-21,18372.8789
2007-12-24,19153.9082
2007-12-26,19116.7227
2007-12-27,20001.3965
2007-12-28,19962.9316
2008-01-02,19116.7188
2008-01-03,18924.3965
2008-01-04,18770.5410
2008-01-07,18155.1113
2008-01-08,17770.4707
2008-01-09,18078.1855
2008-01-10,17924.3340
2008-01-11,18232.0469
2008-01-14,17885.8652
2008-01-15,17501.2266
2008-01-16,16808.8672
2008-01-17,18847.4688
2008-01-18,18847.4688
2008-01-21,19232.1133
2008-01-22,19232.1133
2008-01-23,19462.8984
2008-01-24,20078.3262
2008-01-25,19347.5020
2008-01-28,18809.0059
2008-01-29,19424.4355
2008-01-30,20078.3262
2008-01-31,20001.3965
2008-02-01,19462.8984
2008-02-04,20001.3965
2008-02-05,20039.8594
2008-02-11,20078.3262
2008-02-12,20193.7168
2008-02-13,19847.5371
2008-02-14,20155.2539
2008-02-15,20001.3965
2008-02-18,19732.1484
2008-02-19,19616.7539
2008-02-20,18924.3965
2008-02-21,18885.9355
2008-02-22,18270.5117
2008-02-25,18078.1855
2008-02-26,17770.4707
2008-02-27,19193.6465
2008-02-28,19155.1836
2008-02-29,18885.9355
2008-03-03,17924.3340
2008-03-04,18193.5801
2008-03-05,18693.6133
2008-03-06,19155.1836
2008-03-07,18501.2910
2008-03-10,18232.0469
2008-03-11,18885.9355
2008-03-12,18847.4688
2008-03-13,18385.9023
2008-03-14,18308.9727
2008-03-17,18462.8301
2008-03-18,18578.2207
2008-03-19,18539.7520
2008-03-20,19039.7930
2008-03-21,20193.7168
2008-03-24,20039.8594
2008-03-25,19924.4707
2008-03-26,20347.5781
2008-03-27,19847.5371
2008-03-28,20232.1816
2008-03-31,21424.5742
2008-04-01,21463.0371
2008-04-02,21655.3594
2008-04-03,21732.2832
2008-04-04,21539.9668
2008-04-07,21116.8555
2008-04-08,20655.2871
2008-04-10,21270.7148
2008-04-11,22270.7832
2008-04-14,22232.3242
2008-04-15,21424.5742
2008-04-16,21386.1055
2008-04-17,21578.4316
2008-04-18,21770.7520
2008-04-21,22578.5000
2008-04-22,22655.4297
2008-04-23,22270.7832
2008-04-24,21924.6055
2008-04-25,21616.8926
2008-04-28,20501.4316
2008-04-29,20616.8262
2008-04-30,20616.8262
2008-05-01,20616.8262
2008-05-02,21501.4980
2008-05-05,21501.4980
2008-05-06,21809.2188
2008-05-07,21770.7520
2008-05-08,22386.1797
2008-05-09,22463.1094
2008-05-12,22463.1094
2008-05-13,22463.1094
2008-05-14,22616.9668
2008-05-15,23386.2480
2008-05-16,23540.1035
2008-05-19,23540.1035
2008-05-20,22963.1484
2008-05-21,23078.5352
2008-05-22,22809.2832
2008-05-23,22616.9668
2008-05-26,22001.5391
2008-05-27,22655.4297
2008-05-28,22655.4297
2008-05-29,23001.6113
2008-05-30,23847.8164
2008-06-02,23347.7832
2008-06-03,23117.0000
2008-06-04,23270.8535
2008-06-05,24078.6035
2008-06-06,24078.6035
2008-06-09,24194.0000
2008-06-10,24001.6738
2008-06-11,23963.2148
2008-06-12,22463.1094
2008-06-13,22578.5000
2008-06-16,22616.9668
2008-06-17,22232.3242
2008-06-18,21886.1426
2008-06-19,21424.5742
2008-06-20,21501.4980
2008-06-23,21501.4980
2008-06-24,21116.8555
2008-06-25,20886.0703
2008-06-26,20924.5371
2008-06-27,19962.9316
2008-06-30,19232.1133
2008-07-01,18885.9355
2008-07-02,18270.5117
2008-07-03,19270.5762
2008-07-04,17962.7949
2008-07-07,17732.0039
2008-07-08,17424.2988
2008-07-09,17347.3613
2008-07-10,17462.7578
2008-07-11,18270.5117
2008-07-14,17847.3984
2008-07-15,17039.6562
2008-07-16,16655.0059
2008-07-17,17078.1172
2008-07-18,17424.2988
2008-07-21,18347.4316
2008-07-22,18001.2617
2008-07-23,17885.8652
2008-07-24,18385.9023
2008-07-25,17962.7949
2008-07-28,17693.5449
2008-07-29,16770.4004
2008-07-30,16231.9004
2008-07-31,16655.0059
2008-08-01,16193.4365
2008-08-04,15770.3330
2008-08-05,15924.1895
2008-08-06,17231.9707
2008-08-07,17001.1875
2008-08-08,17385.8340
2008-08-11,18308.9727
2008-08-12,17924.3340
2008-08-13,17847.3984
2008-08-14,18078.1855
2008-08-15,18078.1855
2008-08-18,18001.2617
2008-08-19,17231.9707
2008-08-20,17001.1875
2008-08-21,16616.5469
2008-08-22,16116.5068
2008-08-25,16193.4365
2008-08-26,15808.7969
2008-08-27,15231.8311
2008-08-28,14770.2607
2008-08-29,14924.1211
2008-09-01,13231.6943
2008-09-02,13231.6943
2008-09-03,14693.3350
2008-09-04,13731.7266
2008-09-05,13308.6230
2008-09-08,15308.7627
2008-09-09,14308.6904
2008-09-10,15462.6191
2008-09-11,15616.4736
2008-09-12,15693.4062
2008-09-15,15693.4062
2008-09-16,13924.0527
2008-09-17,15308.7627
2008-09-18,14270.2275
2008-09-19,15424.1514
2008-09-22,15001.0469
2008-09-23,15385.6895
2008-09-24,15616.4736
2008-09-25,15501.0820
2008-09-26,14924.1211
2008-09-29,14885.6514
2008-09-30,14885.6514
2008-10-01,14962.5859
2008-10-02,14616.4043
2008-10-03,14616.4043
2008-10-06,13693.2646
2008-10-07,13654.8037
2008-10-08,11616.1924
2008-10-09,12077.7695
2008-10-10,11693.1240
2008-10-13,12847.0518
2008-10-14,14462.5479
2008-10-15,13847.1191
2008-10-16,11808.5195
2008-10-17,11462.3398
2008-10-20,11808.5195
2008-10-21,11000.7695
2008-10-22,9385.2705
2008-10-23,8000.5566
2008-10-24,6808.1660
2008-10-27,6246.5903
2008-10-28,7177.4238
2008-10-29,7208.1958
2008-10-30,8269.8086
2008-10-31,8077.4868
2008-11-03,8462.1299
2008-11-04,7885.1665
2008-11-05,8192.8809
2008-11-06,7769.7729
2008-11-07,8462.1299
2008-11-10,8577.5225
2008-11-11,7846.7031
2008-11-12,8077.4868
2008-11-13,7538.9878
2008-11-14,7469.7524
2008-11-17,7023.5674
2008-11-18,6238.8965
2008-11-19,5777.3262
2008-11-20,4915.7295
2008-11-21,5192.6709
2008-11-24,4500.3154
2008-11-25,4508.0083
2008-11-26,4669.5576
2008-11-27,5346.5264
2008-11-28,5761.9399
2008-12-01,5846.5620
2008-12-02,5538.8472
2008-12-03,5454.2271
2008-12-04,5615.7773
2008-12-05,5815.7900
2008-12-08,6000.4185
2008-12-09,5685.0122
2008-12-10,5677.3203
2008-12-11,5015.7344
2008-12-12,4908.0356
2008-12-15,4915.7295
2008-12-16,5369.6045
2008-12-17,5561.9268
2008-12-18,6254.2827
2008-12-19,6608.1528
2008-12-22,6315.8262
2008-12-23,5923.4912
2008-12-24,5192.6709
2008-12-25,5169.5908
2008-12-26,5331.1421
2008-12-29,5548.3984
2008-12-30,5598.5347
2008-12-31,5598.5347
2009-01-02,5999.6245
2009-01-05,6033.0479
2009-01-06,6175.0996
2009-01-07,6250.3032
2009-01-08,6626.3242
2009-01-09,6133.3198
2009-01-12,5782.3672
2009-01-13,5907.7075
2009-01-14,5623.6021
2009-01-15,5489.9053
2009-01-16,5849.2139
2009-01-19,6551.1216
2009-01-20,6743.3101
2009-01-21,6576.1890
2009-01-22,6208.5234
2009-01-23,5857.5698
2009-01-28,6734.9526
2009-01-29,6643.0371
2009-01-30,7470.2837
2009-02-02,7436.8584
2009-02-03,7612.3364
2009-02-04,7954.9302
2009-02-05,7812.8794
2009-02-06,7837.9478
2009-02-09,7896.4390
2009-02-10,8046.8491
2009-02-11,7720.9629
2009-02-12,7411.7896
2009-02-13,7729.3193
2009-02-16,7478.6396
2009-02-17,6860.2939
2009-02-18,7186.1777
2009-02-19,6960.5649
2009-02-20,6584.5439
2009-02-23,7361.6543
2009-02-24,7161.1104
2009-02-25,7060.8374
2009-02-26,6968.9224
2009-02-27,7219.6025
2009-03-02,6801.8027
2009-03-03,6952.2090
2009-03-04,7227.9590
2009-03-05,6910.4302
2009-03-06,6952.2090
2009-03-09,6868.6509
2009-03-10,6793.4443
2009-03-11,6860.2939
2009-03-12,7177.8223
2009-03-13,7821.2349
2009-03-16,7420.1465
2009-03-17,7854.6577
2009-03-18,8213.9668
2009-03-19,8138.7637
2009-03-20,8030.1353
2009-03-23,8255.7490
2009-03-24,8690.2627
2009-03-25,8523.1416
2009-03-26,9776.5430
2009-03-27,10027.2246
2009-03-30,10361.4697
2009-03-31,10319.6875
2009-04-01,10236.1270
2009-04-02,10612.1484
2009-04-03,10528.5879
2009-04-06,11823.7715
2009-04-07,11949.1113
2009-04-08,11698.4277
2009-04-09,11781.9902
2009-04-10,11280.6299
2009-04-13,11197.0693
2009-04-14,11573.0908
2009-04-15,11238.8496
2009-04-16,11071.7295
2009-04-17,12032.6709
2009-04-20,12158.0107
2009-04-21,12116.2305
2009-04-22,13912.7744
2009-04-23,13244.2939
2009-04-24,12617.5879
2009-04-27,12826.4932
2009-04-28,11698.4277
2009-04-29,12199.7910
2009-04-30,12032.6709
2009-05-04,12492.2529
2009-05-06,12325.1328
2009-05-07,11740.2100
2009-05-08,11614.8691
2009-05-11,11865.5508
2009-05-12,12158.0107
2009-05-13,11656.6523
2009-05-14,11573.0908
2009-05-15,11113.5088
2009-05-18,11197.0693
2009-05-19,12158.0107
2009-05-20,12116.2305
2009-05-21,11238.8496
2009-05-22,10570.3652
2009-05-25,10570.3652
2009-05-26,10027.2246
2009-05-27,9609.4268
2009-05-28,10486.8057
2009-05-29,10779.2676
2009-06-01,10653.9277
2009-06-02,10612.1484
2009-06-03,11155.2861
2009-06-04,11280.6299
2009-06-05,11740.2100
2009-06-08,11405.9668
2009-06-09,10779.2676
2009-06-10,11071.7295
2009-06-11,10779.2676
2009-06-12,10821.0479
2009-06-15,11071.7295
2009-06-16,11071.7295
2009-06-17,11447.7490
2009-06-18,10946.3867
2009-06-19,11071.7295
2009-06-22,11489.5322
2009-06-23,11238.8496
2009-06-24,11656.6523
2009-06-25,11781.9902
2009-06-26,11573.0908
2009-06-29,11405.9668
2009-06-30,11405.9668
2009-07-01,11531.3086
2009-07-02,12199.7910
2009-07-03,12492.2529
2009-07-06,12575.8115
2009-07-07,12868.2725
2009-07-08,12993.6123
2009-07-09,12951.8311
2009-07-10,12408.6934
2009-07-13,11865.5508
2009-07-14,12325.1328
2009-07-15,12951.8311
2009-07-16,13077.1719
2009-07-17,13035.3936
2009-07-20,13954.5547
2009-07-21,14330.5771
2009-07-22,14163.4580
2009-07-23,13703.8750
2009-07-24,13662.0957
2009-07-27,15040.8340
2009-07-28,14831.9404
2009-07-29,15207.9629
2009-07-30,15166.1797
2009-07-31,14706.6016
2009-08-03,14790.1553
2009-08-04,14915.4971
2009-08-05,14790.1553
2009-08-06,14623.0361
2009-08-07,15166.1797
2009-08-10,15207.9629
2009-08-11,15542.1982
2009-08-12,15792.8779
2009-08-13,15375.0791
2009-08-14,16001.7832
2009-08-17,15709.3154
2009-08-18,16001.7832
2009-08-19,16628.4824
2009-08-20,16795.6016
2009-08-21,16461.3652
2009-08-24,17255.1855
2009-08-25,17296.9609
2009-08-26,17422.3047
2009-08-27,17422.3047
2009-08-28,17840.1016
2009-08-31,18341.4688
2009-09-01,18508.5879
2009-09-02,18675.7090
2009-09-03,18425.0293
2009-09-04,17380.5254
2009-09-07,17505.8633
2009-09-08,17380.5254
2009-09-09,17422.3047
2009-09-10,17881.8887
2009-09-11,17631.2070
2009-09-14,16879.1621
2009-09-15,17255.1855
2009-09-16,17296.9609
2009-09-17,17422.3047
2009-09-18,17046.2832
2009-09-21,17923.6660
2009-09-22,18425.0293
2009-09-23,17422.3047
2009-09-24,17213.4043
2009-09-25,15834.6611
2009-09-28,15876.4355
2009-09-29,16336.0166
2009-09-30,16544.9219
2009-10-01,16419.5801
2009-10-05,15709.3154
2009-10-06,15625.7588
2009-10-07,15375.0791
2009-10-08,16127.1201
2009-10-09,16419.5801
2009-10-12,16712.0410
2009-10-13,17213.4043
2009-10-14,17380.5254
2009-10-15,17171.6211
2009-10-16,16544.9219
2009-10-19,16586.7012
2009-10-20,16586.7012
2009-10-21,16168.8965
2009-10-22,15709.3154
2009-10-23,15667.5449
2009-10-26,15751.1055
2009-10-27,15291.5205
2009-10-28,14790.1553
2009-10-29,15375.0791
2009-10-30,15082.6182
2009-11-02,15082.6182
2009-11-03,15207.9629
2009-11-04,15876.4355
2009-11-05,15333.2969
2009-11-06,15918.2178
2009-11-09,16544.9219
2009-11-10,16544.9219
2009-11-11,16670.2598
2009-11-12,16377.7988
2009-11-13,15751.1055
2009-11-16,16461.3652
2009-11-17,15375.0791
2009-11-18,15667.5449
2009-11-19,16085.3398
2009-11-20,16001.7832
2009-11-23,15918.2178
2009-11-24,15542.1982
2009-11-25,15876.4355
2009-11-26,16043.5596
2009-11-27,15416.8564
2009-11-30,15416.8564
2009-12-01,15082.6182
2009-12-02,16043.5596
2009-12-03,16252.4639
2009-12-04,16461.3652
2009-12-07,16753.8242
2009-12-08,16795.6016
2009-12-09,17171.6211
2009-12-10,17422.3047
2009-12-11,17464.0801
2009-12-14,17296.9609
2009-12-15,17505.8633
2009-12-16,17589.4258
2009-12-17,17631.2070
2009-12-18,18090.7852
2009-12-21,18425.0293
2009-12-22,18299.6875
2009-12-23,18383.2480
2009-12-24,18633.9277
2009-12-28,18550.3711
2009-12-29,18890.7441
2009-12-30,19699.1270
2010-01-04,20507.5156
2010-01-05,19869.3145
2010-01-06,20890.4336
2010-01-07,20762.7988
2010-01-08,20975.5293
2010-01-11,20422.4238
2010-01-12,20464.9688
2010-01-13,20464.9688
2010-01-14,21656.2793
2010-01-15,22209.3848
2010-01-18,22039.1973
2010-01-19,21783.9141
2010-01-20,21613.7285
2010-01-21,22081.7461
2010-01-22,22209.3848
2010-01-25,22166.8398
2010-01-26,20082.0449
2010-01-27,19784.2227
2010-01-28,20082.0449
2010-01-29,19358.7598
2010-02-01,19656.5801
2010-02-02,18720.5488
2010-02-03,18124.8984
2010-02-04,18507.8223
2010-02-05,18124.8984
2010-02-08,18465.2734
2010-02-09,19273.6641
2010-02-10,19316.2051
2010-02-11,18678.0059
2010-02-12,18380.1816
2010-02-16,18124.8984
2010-02-17,19018.3848
2010-02-18,18848.1953
2010-02-19,18209.9961
2010-02-22,18848.1953
2010-02-23,19273.6641
2010-02-24,18890.7441
2010-02-25,18465.2734
2010-02-26,17869.6152
2010-03-02,18252.5430
2010-03-03,18592.9102
2010-03-04,18890.7441
2010-03-05,19146.0156
2010-03-08,19018.3848
2010-03-09,18592.9102
2010-03-10,19188.5703
2010-03-11,19699.1270
2010-03-12,19784.2227
2010-03-15,19996.9531
2010-03-16,20082.0449
2010-03-17,20550.0566
2010-03-18,20379.8770
2010-03-19,20720.2480
2010-03-22,21018.0762
2010-03-23,21230.8086
2010-03-24,21443.5449
2010-03-25,21486.0938
2010-03-26,21443.5449
2010-03-29,22039.1973
2010-03-30,22464.6602
2010-03-31,22719.9395
2010-04-01,24081.4414
2010-04-02,23953.8027
2010-04-05,24762.1836
2010-04-06,24123.9863
2010-04-07,23273.0547
2010-04-08,23953.8027
2010-04-09,23826.1602
2010-04-12,22890.1309
2010-04-13,23570.8770
2010-04-14,23741.0684
2010-04-15,23570.8770
2010-04-16,23400.6914
2010-04-19,22677.3965
2010-04-20,22975.2246
2010-04-21,24294.1738
2010-04-22,24421.8125
2010-04-23,24251.6270
2010-04-26,24251.6270
2010-04-27,23400.6914
2010-04-28,23358.1406
2010-04-29,23570.8770
2010-04-30,24166.5352
2010-05-03,23485.7852
2010-05-04,23017.7695
2010-05-06,22422.1211
2010-05-07,22422.1211
2010-05-10,22890.1309
2010-05-11,22634.8516
2010-05-12,21869.0098
2010-05-13,22847.5859
2010-05-14,22634.8516
2010-05-17,21315.9023
2010-05-18,20550.0566
2010-05-19,20847.8887
2010-05-20,20209.6914
2010-05-24,20507.5156
2010-05-25,20252.2344
2010-05-26,21018.0762
2010-05-27,21826.4668
2010-05-28,21869.0098
2010-05-31,21400.9922
2010-06-01,20932.9824
2010-06-03,21188.2656
2010-06-04,22464.6602
2010-06-07,22677.3965
2010-06-08,22507.2109
2010-06-09,21486.0938
2010-06-10,22039.1973
2010-06-11,21954.1016
2010-06-14,22124.2852
2010-06-15,23060.3203
2010-06-16,23230.5039
2010-06-17,23996.3477
2010-06-18,23953.8027
2010-06-21,24038.8867
2010-06-22,23145.4121
2010-06-23,23017.7695
2010-06-24,23102.8633
2010-06-25,22507.2109
2010-06-28,22166.8398
2010-06-29,21783.9141
2010-06-30,21315.9023
2010-07-01,21698.8281
2010-07-02,21528.6406
2010-07-05,21060.6211
2010-07-06,21996.6543
2010-07-07,21400.9922
2010-07-08,21571.1836
2010-07-09,21869.0098
2010-07-12,22039.1973
2010-07-13,21188.2656
2010-07-14,21911.5566
2010-07-15,21400.9922
2010-07-16,19996.9531
2010-07-19,20167.1445
2010-07-20,20294.7793
2010-07-21,20082.0449
2010-07-22,19231.1152
2010-07-23,19784.2227
2010-07-26,20379.8770
2010-07-27,19996.9531
2010-07-28,19656.5801
2010-07-29,19018.3848
2010-07-30,19146.0156
2010-08-02,18380.1816
2010-08-03,18678.0059
2010-08-04,18380.1816
2010-08-05,18635.4629
2010-08-06,19443.8438
2010-08-09,19316.2051
2010-08-10,19231.1152
2010-08-11,18039.8066
2010-08-12,18039.8066
2010-08-13,18422.7266
2010-08-16,18805.6445
2010-08-17,18805.6445
2010-08-18,18465.2734
2010-08-19,19146.0156
2010-08-20,18720.5488
2010-08-23,18209.9961
2010-08-24,18678.0059
2010-08-25,18763.0977
2010-08-26,19231.1152
2010-08-27,19188.5703
2010-08-30,19146.0156
2010-08-31,17954.7129
2010-09-01,17741.9766
2010-09-02,17954.7129
2010-09-03,18550.3652
2010-09-06,18592.9102
2010-09-07,18295.0859
2010-09-08,17656.8848
2010-09-09,17273.9668
2010-09-10,17571.7930
2010-09-13,17444.1562
2010-09-14,17401.6035
2010-09-15,17869.6152
2010-09-16,17954.7129
2010-09-17,19146.0156
2010-09-20,18805.6445
2010-09-24,17954.7129
2010-09-27,18039.8066
2010-09-28,18167.4434
2010-09-29,18592.9102
2010-09-30,18848.1953
2010-10-01,19103.4727
2010-10-04,19146.0156
2010-10-05,19358.7598
2010-10-06,19911.8613
2010-10-07,19741.6738
2010-10-08,19996.9531
2010-10-11,19018.3848
2010-10-12,19231.1152
2010-10-13,19911.8613
2010-10-14,19869.3145
2010-10-15,20082.0449
2010-10-18,19486.3945
2010-10-19,19443.8438
2010-10-20,20337.3301
2010-10-21,20209.6914
2010-10-22,20592.6152
2010-10-25,20677.7031
2010-10-26,20167.1445
2010-10-27,19486.3945
2010-10-28,19443.8438
2010-10-29,19699.1270
2010-11-01,19316.2051
2010-11-02,18635.4629
2010-11-03,18550.3652
2010-11-04,19528.9453
2010-11-05,20209.6914
2010-11-08,20252.2344
2010-11-09,19954.4062
2010-11-10,20337.3301
2010-11-11,19911.8613
2010-11-12,19401.3027
2010-11-15,20124.5957
2010-11-16,20167.1445
2010-11-17,19869.3145
2010-11-18,20167.1445
2010-11-19,20337.3301
2010-11-22,21528.6406
2010-11-23,21571.1836
2010-11-24,21911.5566
2010-11-25,21443.5449
2010-11-26,20975.5293
2010-11-29,21103.1758
2010-11-30,19996.9531
2010-12-01,19911.8613
2010-12-02,20252.2344
2010-12-03,19954.4062
2010-12-06,20379.8770
2010-12-07,20082.0449
2010-12-08,19826.7695
2010-12-09,20550.0566
2010-12-10,20847.8887
2010-12-13,20720.2480
2010-12-14,21060.6211
2010-12-15,20635.1582
2010-12-16,20592.6152
2010-12-17,20252.2344
2010-12-20,20124.5957
2010-12-21,20209.6914
2010-12-22,19826.7695
2010-12-23,19826.7695
2010-12-24,19699.1270
2010-12-27,19656.5801
2010-12-28,20379.8770
2010-12-29,20896.9141
2010-12-30,20681.4805
2011-01-03,21801.7246
2011-01-04,22060.2402
2011-01-05,22318.7656
2011-01-06,22491.1074
2011-01-07,22491.1074
2011-01-10,21801.7246
2011-01-11,21887.9004
2011-01-12,22706.5449
2011-01-13,23482.0977
2011-01-14,23482.0977
2011-01-17,23180.4902
2011-01-18,23826.7871
2011-01-19,23999.1348
2011-01-20,24300.7383
2011-01-21,24214.5645
2011-01-24,24430.0000
2011-01-25,23611.3555
2011-01-26,24300.7383
2011-01-27,24128.3945
2011-01-28,25420.9863
2011-01-31,25550.2422
2011-02-01,25550.2422
2011-02-07,25593.3359
2011-02-08,25981.1094
2011-02-09,25464.0723
2011-02-10,24817.7754
2011-02-11,24817.7754
2011-02-14,25593.3359
2011-02-15,25636.4141
2011-02-16,25162.4688
2011-02-17,25076.2910
2011-02-18,25334.8125
2011-02-21,24817.7754
2011-02-22,24817.7754
2011-02-23,23783.7051
2011-02-24,23180.4902
2011-02-25,24128.3945
2011-02-28,24430.0000
2011-03-02,23740.6211
2011-03-03,24516.1719
2011-03-04,25162.4688
2011-03-07,24903.9512
2011-03-08,24688.5156
2011-03-09,24473.0859
2011-03-10,23869.8711
2011-03-11,23869.8711
2011-03-14,25938.0273
2011-03-15,24731.6035
2011-03-16,25162.4688
2011-03-17,24947.0352
2011-03-18,24602.3457
2011-03-21,24559.2578
2011-03-22,23999.1348
2011-03-23,25033.2109
2011-03-24,25076.2910
2011-03-25,25765.6816
2011-03-28,26627.4043
2011-03-29,26713.5762
2011-03-30,27187.5254
2011-03-31,26972.0957
2011-04-01,27230.6152
2011-04-04,27402.9629
2011-04-05,27963.0859
2011-04-06,28006.1699
2011-04-07,27575.3047
2011-04-08,26972.0957
2011-04-11,27402.9629
2011-04-12,27316.7910
2011-04-13,27876.9102
2011-04-14,29083.3301
2011-04-15,29428.0234
2011-04-18,29126.4141
2011-04-19,28264.6914
2011-04-20,29557.2832
2011-04-21,31883.9492
2011-04-22,31539.2617
2011-04-25,31410.0000
2011-04-26,29945.0566
2011-04-27,29212.5918
2011-04-28,29600.3730
2011-04-29,29126.4141
2011-05-02,29815.8066
2011-05-03,29686.5391
2011-05-04,27963.0859
2011-05-06,28006.1699
2011-05-09,28695.5566
2011-05-11,29040.2500
2011-05-12,29083.3301
2011-05-13,29729.6289
2011-05-16,29643.4531
2011-05-17,28523.2109
2011-05-18,28264.6914
2011-05-19,27187.5254
2011-05-20,27747.6523
2011-05-23,26584.3223
2011-05-24,26929.0098
2011-05-25,25851.8457
2011-05-26,26799.7461
2011-05-27,26972.0957
2011-05-30,25420.9863
2011-05-31,25938.0273
2011-06-01,24473.0859
2011-06-02,23740.6211
2011-06-03,23826.7871
2011-06-07,24645.4277
2011-06-08,24903.9512
2011-06-09,24731.6035
2011-06-10,23008.1426
2011-06-13,22706.5449
2011-06-14,22965.0586
2011-06-15,23223.5840
2011-06-16,22620.3691
2011-06-17,21241.6016
2011-06-20,21715.5547
2011-06-21,22318.7656
2011-06-22,22491.1074
2011-06-23,22706.5449
2011-06-24,24042.2227
2011-06-27,23008.1426
2011-06-28,22017.1621
2011-06-29,22017.1621
2011-06-30,21586.2949
2011-07-01,23008.1426
2011-07-04,23223.5840
2011-07-05,24128.3945
2011-07-06,22835.8027
2011-07-07,22749.6270
2011-07-08,22921.9785
2011-07-11,22792.7129
2011-07-12,21844.8164
2011-07-13,20940.0000
2011-07-14,20422.9688
2011-07-15,20681.4805
2011-07-18,19776.6660
2011-07-19,20121.3594
2011-07-20,20853.8262
2011-07-21,20379.8750
2011-07-22,20466.0527
2011-07-25,20595.3066
2011-07-26,21112.3418
2011-07-27,20509.1328
2011-07-28,20293.7031
2011-07-29,20896.9141
2011-08-01,22017.1621
2011-08-02,21930.9883
2011-08-03,20940.0000
2011-08-04,20767.6543
2011-08-05,20293.7031
2011-08-08,18828.7637
2011-08-09,17406.9102
2011-08-10,18096.2969
2011-08-11,18828.7637
2011-08-12,17019.1367
2011-08-16,17665.4316
2011-08-17,16889.8730
2011-08-18,14821.7266
2011-08-19,13442.9619
2011-08-22,13572.2217
2011-08-23,14692.4707
2011-08-24,14003.0850
2011-08-25,14907.9033
2011-08-26,15468.0244
2011-08-29,16760.6211
2011-08-30,16372.8359
2011-08-31,16459.0117
2011-09-01,16545.1875
2011-09-02,16459.0117
2011-09-05,15123.3350
2011-09-06,14649.3789
2011-09-07,16803.7012
2011-09-08,16631.3613
2011-09-09,17148.3984
2011-09-14,17105.3047
2011-09-15,18182.4668
2011-09-16,18871.8535
2011-09-19,18096.2969
2011-09-20,18656.4160
2011-09-21,18613.3359
2011-09-22,18570.2441
2011-09-23,17449.9980
2011-09-26,17191.4805
2011-09-27,18311.7305
2011-09-28,17708.5156
2011-09-29,18828.7637
2011-09-30,18397.8984
2011-10-04,17837.7754
2011-10-05,17234.5664
2011-10-06,18268.6426
2011-10-07,18527.1582
2011-10-10,18914.9375
2011-10-11,19173.4609
2011-10-12,19431.9766
2011-10-13,18828.7637
2011-10-14,18914.9375
2011-10-17,18914.9375
2011-10-18,18785.6758
2011-10-19,18742.5957
2011-10-20,18139.3809
2011-10-21,19992.0957
2011-10-24,20595.3066
2011-10-25,20379.8750
2011-10-26,20810.7363
2011-10-27,20509.1328
2011-10-28,19733.5840
2011-10-31,19690.4902
2011-11-01,20595.3066
2011-11-02,20681.4805
2011-11-03,20078.2734
2011-11-04,21413.9473
2011-11-07,20767.6543
2011-11-08,19819.7559
2011-11-09,19001.1113
2011-11-10,18527.1582
2011-11-11,18570.2441
2011-11-14,19216.5430
2011-11-15,19001.1113
2011-11-16,19259.6270
2011-11-17,19992.0957
2011-11-18,20078.2734
2011-11-21,19733.5840
2011-11-22,20035.1875
2011-11-23,18828.7637
2011-11-24,19087.2832
2011-11-25,18742.5957
2011-11-28,20078.2734
2011-11-29,20164.4453
2011-11-30,19776.6660
2011-12-01,20207.5254
2011-12-02,19905.9180
2011-12-05,20035.1875
2011-12-06,19604.3184
2011-12-07,19302.7129
2011-12-08,19001.1113
2011-12-09,18440.9902
2011-12-12,19173.4609
2011-12-13,19518.1484
2011-12-14,19690.4902
2011-12-15,19604.3184
2011-12-16,19087.2832
2011-12-19,17967.0410
2011-12-20,17880.8633
2011-12-21,18397.8984
2011-12-22,18225.5547
2011-12-23,18699.5059
2011-12-26,18613.3359
2011-12-27,18182.4668
2011-12-28,18225.5547
2011-12-29,18914.9375
2012-01-02,20207.5254
2012-01-03,20379.8750
2012-01-04,20552.2227
2012-01-05,20681.4805
2012-01-06,21026.1719
2012-01-09,20552.2227
2012-01-10,20983.0820
2012-01-11,20896.9141
2012-01-12,20810.7363
2012-01-13,21672.4629
2012-01-16,21887.9004
2012-01-17,22017.1621
2012-01-18,21758.6387
2012-01-19,22663.4551
2012-01-20,23223.5840
2012-01-25,23654.4395
2012-01-26,23309.7500
2012-01-27,22404.9355
2012-01-30,22620.3691
2012-01-31,23137.4043
2012-02-01,23439.0117
2012-02-02,23525.1855
2012-02-03,22663.4551
2012-02-06,22491.1074
2012-02-07,21887.9004
2012-02-08,22835.8027
2012-02-09,23309.7500
2012-02-10,23266.6641
2012-02-13,23137.4043
2012-02-14,23740.6211
2012-02-15,24990.1230
2012-02-16,24731.6035
2012-02-17,24860.8633
2012-02-20,24386.9141
2012-02-21,24386.9141
2012-02-22,24990.1230
2012-02-23,24860.8633
2012-02-24,24860.8633
2012-02-27,24085.3066
2012-02-28,25722.5957
2012-02-29,26024.1934
2012-03-02,26239.6328
2012-03-05,25894.9375
2012-03-06,25334.8125
2012-03-07,25076.2910
2012-03-08,25636.4141
2012-03-09,25679.5020
2012-03-12,25507.1602
2012-03-13,25248.6406
2012-03-14,25507.1602
2012-03-15,25205.5547
2012-03-16,24817.7754
2012-03-19,25248.6406
2012-03-20,25119.3809
2012-03-21,24903.9512
2012-03-22,25291.7305
2012-03-23,25981.1094
2012-03-26,26110.3691
2012-03-27,26239.6328
2012-03-28,26325.8008
2012-03-29,26282.7148
2012-03-30,25205.5547
2012-04-02,25291.7305
2012-04-03,26110.3691
2012-04-04,25334.8125
2012-04-05,25722.5957
2012-04-06,25205.5547
2012-04-09,24171.4805
2012-04-10,23912.9590
2012-04-12,23439.0117
2012-04-13,24990.1230
2012-04-16,25205.5547
2012-04-17,24386.9141
2012-04-18,24171.4805
2012-04-19,24817.7754
2012-04-20,23826.7871
2012-04-23,23956.0469
2012-04-24,23482.0977
2012-04-25,23309.7500
2012-04-26,23439.0117
2012-04-27,24171.4805
2012-04-30,24171.4805
2012-05-02,23568.2676
2012-05-03,23482.0977
2012-05-04,24257.6523
2012-05-07,23482.0977
2012-05-08,22965.0586
2012-05-09,22577.2793
2012-05-10,22921.9785
2012-05-11,21887.9004
2012-05-14,22491.1074
2012-05-15,21801.7246
2012-05-16,19862.8418
2012-05-17,21112.3418
2012-05-18,20336.7871
2012-05-21,20164.4453
2012-05-22,20293.7031
2012-05-23,19302.7129
2012-05-24,19302.7129
2012-05-25,18958.0234
2012-05-29,20207.5254
2012-05-30,20207.5254
2012-05-31,19905.9180
2012-06-01,19604.3184
2012-06-04,18570.2441
2012-06-05,18656.4160
2012-06-07,19431.9766
2012-06-08,18742.5957
2012-06-11,19862.8418
2012-06-12,20293.7031
2012-06-13,20379.8750
2012-06-14,20595.3066
2012-06-15,20164.4453
2012-06-18,20336.7871
2012-06-19,20552.2227
2012-06-20,21370.8691
2012-06-21,21155.4297
2012-06-22,20767.6543
2012-06-25,19862.8418
2012-06-26,19905.9180
2012-06-27,19647.4102
2012-06-28,20078.2734
2012-06-29,20552.2227
2012-07-02,20422.9688
2012-07-03,20940.0000
2012-07-04,20724.5664
2012-07-05,20509.1328
2012-07-06,20681.4805
2012-07-09,20422.9688
2012-07-10,20422.9688
2012-07-11,19776.6660
2012-07-12,19173.4609
2012-07-13,19302.7129
2012-07-16,18785.6758
2012-07-17,18354.8145
2012-07-18,17449.9980
2012-07-19,17579.2598
2012-07-20,18311.7305
2012-07-23,17536.1738
2012-07-24,17923.9512
2012-07-25,17579.2598
2012-07-26,17579.2598
2012-07-27,18225.5547
2012-07-30,18354.8145
2012-07-31,18699.5059
2012-08-01,18527.1582
2012-08-02,18570.2441
2012-08-03,18053.2109
2012-08-06,18742.5957
2012-08-07,18958.0234
2012-08-08,19604.3184
2012-08-09,19733.5840
2012-08-10,19819.7559
2012-08-13,19561.2344
2012-08-14,19733.5840
2012-08-16,19130.3750
2012-08-17,19388.8867
2012-08-20,19431.9766
2012-08-21,19905.9180
2012-08-22,19690.4902
2012-08-23,19302.7129
2012-08-24,18785.6758
2012-08-27,18699.5059
2012-08-28,18354.8145
2012-08-29,18484.0781
2012-08-30,18268.6426
2012-08-31,18268.6426
2012-09-03,18440.9902
2012-09-04,18527.1582
2012-09-05,18268.6426
2012-09-06,18010.1211
2012-09-07,19388.8867
2012-09-10,19173.4609
2012-09-11,18914.9375
2012-09-12,19130.3750
2012-09-13,18828.7637
2012-09-14,19776.6660
2012-09-17,19776.6660
2012-09-18,19690.4902
2012-09-19,20250.6152
2012-09-20,20595.3066
2012-09-21,20552.2227
2012-09-24,20250.6152
2012-09-25,19733.5840
2012-09-26,19604.3184
2012-09-27,19733.5840
2012-09-28,19604.3184
2012-10-02,19388.8867
2012-10-04,19949.0117
2012-10-05,20035.1875
2012-10-08,20422.9688
2012-10-09,20293.7031
2012-10-10,19819.7559
2012-10-11,19733.5840
2012-10-12,19431.9766
2012-10-15,19173.4609
2012-10-16,19690.4902
2012-10-17,20250.6152
2012-10-18,20293.7031
2012-10-19,20078.2734
2012-10-22,20164.4453
2012-10-23,19862.8418
2012-10-24,20681.4805
2012-10-25,20940.0000
2012-10-26,20767.6543
2012-10-29,20767.6543
2012-10-30,20940.0000
2012-10-31,21413.9473
2012-11-01,21974.0742
2012-11-02,22361.8496
2012-11-05,22534.1953
2012-11-06,22318.7656
2012-11-07,22404.9355
2012-11-08,22448.0215
2012-11-09,21887.9004
2012-11-12,21801.7246
2012-11-13,21844.8164
2012-11-14,22921.9785
2012-11-15,22534.1953
2012-11-16,21500.1191
2012-11-19,21715.5547
2012-11-20,21844.8164
2012-11-21,21457.0332
2012-11-22,22060.2402
2012-11-23,22146.4160
2012-11-26,22232.5918
2012-11-27,22017.1621
2012-11-28,21844.8164
2012-11-29,21887.9004
2012-11-30,21026.1719
2012-12-03,21026.1719
2012-12-04,21069.2617
2012-12-05,21413.9473
2012-12-06,21413.9473
2012-12-07,22318.7656
2012-12-10,22404.9355
2012-12-11,22361.8496
2012-12-12,22448.0215
2012-12-13,22620.3691
2012-12-14,22577.2793
2012-12-17,22965.0586
2012-12-18,22835.8027
2012-12-20,22663.4551
2012-12-21,21887.9004
2012-12-24,21672.4629
2012-12-26,21930.9883
2012-12-27,22189.5020
2012-12-28,22189.5020
2013-01-02,22921.9785
2013-01-03,22965.0586
2013-01-04,22706.5449
2013-01-07,22318.7656
2013-01-08,22620.3691
2013-01-09,22448.0215
2013-01-10,23094.3223
2013-01-11,23352.8379
2013-01-14,23223.5840
2013-01-15,22361.8496
2013-01-16,22577.2793
2013-01-17,22318.7656
2013-01-18,22060.2402
2013-01-21,22189.5020
2013-01-22,21586.2949
2013-01-23,21241.6016
2013-01-24,20896.9141
2013-01-25,20853.8262
2013-01-28,21026.1719
2013-01-29,20853.8262
2013-01-30,20983.0820
2013-01-31,21026.1719
2013-02-01,20853.8262
2013-02-04,20940.0000
2013-02-05,20422.9688
2013-02-06,21112.3418
2013-02-07,21413.9473
2013-02-08,21327.7754
2013-02-12,21543.2070
2013-02-13,21974.0742
2013-02-14,22146.4160
2013-02-15,22103.3301
2013-02-18,22318.7656
2013-02-19,22275.6797
2013-02-20,22835.8027
2013-02-21,22921.9785
2013-02-22,22749.6270
2013-02-25,22663.4551
2013-02-26,22878.8867
2013-02-27,22620.3691
2013-02-28,22835.8027
2013-03-04,22404.9355
2013-03-05,23266.6641
2013-03-06,24128.3945
2013-03-07,24257.6523
2013-03-08,24343.8223
2013-03-11,24645.4277
2013-03-12,24214.5645
2013-03-13,24386.9141
2013-03-14,24903.9512
2013-03-15,24817.7754
2013-03-18,24473.0859
2013-03-19,24688.5156
2013-03-20,24645.4277
2013-03-21,24171.4805
2013-03-22,24386.9141
2013-03-25,25033.2109
2013-03-26,25420.9863
2013-03-27,25377.8984
2013-03-28,25205.5547
2013-03-29,24774.6895
2013-04-01,24688.5156
2013-04-02,24473.0859
2013-04-03,24903.9512
2013-04-04,25162.4688
2013-04-05,24602.3457
2013-04-08,24042.2227
2013-04-09,23956.0469
2013-04-10,24085.3066
2013-04-11,24990.1230
2013-04-12,24817.7754
2013-04-15,25119.3809
2013-04-16,25076.2910
2013-04-17,24774.6895
2013-04-18,24042.2227
2013-04-19,24817.7754
2013-04-22,24990.1230
2013-04-23,24860.8633
2013-04-24,25076.2910
2013-04-25,25420.9863
2013-04-26,25377.8984
2013-04-29,25464.0723
2013-04-30,25765.6816
2013-05-02,25377.8984
2013-05-03,25464.0723
2013-05-06,24903.9512
2013-05-07,24645.4277
2013-05-08,24602.3457
2013-05-09,25033.2109
2013-05-10,25076.2910
2013-05-13,25076.2910
2013-05-14,25420.9863
2013-05-15,25636.4141
2013-05-16,25894.9375
2013-05-20,26455.0625
2013-05-21,26368.8887
2013-05-22,26972.0957
2013-05-23,27058.2715
2013-05-24,27058.2715
2013-05-27,27058.2715
2013-05-28,27058.2715
2013-05-29,27575.3047
2013-05-30,27446.0508
2013-05-31,27747.6523
2013-06-03,27489.1309
2013-06-04,27790.7383
2013-06-05,26842.8418
2013-06-07,26799.7461
2013-06-10,28135.4258
2013-06-11,28006.1699
2013-06-12,27876.9102
2013-06-13,27618.3945
2013-06-14,27144.4434
2013-06-17,26239.6328
2013-06-18,27359.8730
2013-06-19,27489.1309
2013-06-20,26756.6680
2013-06-21,26541.2324
2013-06-24,25636.4141
2013-06-25,25420.9863
2013-06-26,26067.2793
2013-06-27,26411.9707
2013-06-28,26885.9238
2013-07-01,27187.5254
2013-07-02,24817.7754
2013-07-03,24774.6895
2013-07-04,24774.6895
2013-07-05,24473.0859
2013-07-08,23956.0469
2013-07-09,24430.0000
2013-07-10,23697.5293
2013-07-11,24473.0859
2013-07-12,24559.2578
2013-07-15,24516.1719
2013-07-16,24516.1719
2013-07-17,24645.4277
2013-07-18,25162.4688
2013-07-19,24473.0859
2013-07-22,24128.3945
2013-07-23,24300.7383
2013-07-24,24602.3457
2013-07-25,24645.4277
2013-07-26,24257.6523
2013-07-29,23266.6641
2013-07-30,23352.8379
2013-07-31,23439.0117
2013-08-01,23611.3555
2013-08-02,23654.4395
2013-08-05,23611.3555
2013-08-06,23740.6211
2013-08-07,22878.8867
2013-08-08,22577.2793
2013-08-09,22965.0586
2013-08-12,23266.6641
2013-08-13,24386.9141
2013-08-14,25119.3809
2013-08-16,24731.6035
2013-08-19,24602.3457
2013-08-20,24559.2578
2013-08-21,24300.7383
2013-08-22,24171.4805
2013-08-23,24559.2578
2013-08-26,24430.0000
2013-08-27,24085.3066
2013-08-28,23869.8711
2013-08-29,23654.4395
2013-08-30,24343.8223
2013-09-02,24386.9141
2013-09-03,24516.1719
2013-09-04,24688.5156
2013-09-05,24257.6523
2013-09-06,23352.8379
2013-09-09,24516.1719
2013-09-10,24947.0352
2013-09-11,24903.9512
2013-09-12,24903.9512
2013-09-13,24990.1230
2013-09-16,25679.5020
2013-09-17,26110.3691
2013-09-23,26325.8008
2013-09-24,26282.7148
2013-09-25,25636.4141
2013-09-26,26153.4551
2013-09-27,26153.4551
2013-09-30,26067.2793
2013-10-01,25808.7617
2013-10-02,26842.8418
2013-10-04,27963.0859
2013-10-07,28350.8594
2013-10-08,28221.6035
2013-10-10,28954.0664
2013-10-11,28738.6387
2013-10-14,28523.2109
2013-10-15,28824.8125
2013-10-16,28781.7285
2013-10-17,29126.4141
2013-10-18,29815.8066
2013-10-21,29384.9414
2013-10-22,28092.3457
2013-10-23,28006.1699
2013-10-24,28523.2109
2013-10-25,28092.3457
2013-10-28,28523.2109
2013-10-29,27532.2188
2013-10-30,28307.7773
2013-10-31,27532.2188
2013-11-01,28652.4668
2013-11-04,28480.1230
2013-11-05,28049.2578
2013-11-06,28006.1699
2013-11-07,27876.9102
2013-11-08,27790.7383
2013-11-11,27144.4434
2013-11-12,27532.2188
2013-11-13,27187.5254
2013-11-14,27833.8242
2013-11-15,29040.2500
2013-11-18,29083.3301
2013-11-19,28824.8125
2013-11-20,28006.1699
2013-11-21,27618.3945
2013-11-22,27920.0020
2013-11-25,28652.4668
2013-11-26,28954.0664
2013-11-27,29815.8066
2013-11-28,30548.2715
2013-11-29,30505.1797
2013-12-02,30763.6992
2013-12-03,29901.9688
2013-12-04,29988.1465
2013-12-05,29514.1914
2013-12-06,30591.3633
2013-12-09,31323.8242
2013-12-10,31453.0820
2013-12-11,31711.6113
2013-12-12,31410.0000
2013-12-13,31453.0820
2013-12-16,32013.1992
2013-12-17,31539.2617
2013-12-18,30634.4375
2013-12-19,30074.3164
2013-12-20,30419.0137
2013-12-23,31883.9492
2013-12-24,31668.5176
2013-12-26,31022.2168
2013-12-27,31582.3457
2013-12-30,31711.6113
2014-01-02,30634.4375
2014-01-03,31280.7422
2014-01-06,32444.0684
2014-01-07,32573.3301
2014-01-08,33607.4023
2014-01-09,33478.1445
2014-01-10,33176.5391
2014-01-13,32874.9375
2014-01-14,33090.3750
2014-01-15,31582.3457
2014-01-16,31496.1777
2014-01-17,31022.2168
2014-01-20,31754.6914
2014-01-21,31366.9121
2014-01-22,31280.7422
2014-01-23,30505.1797
2014-01-24,30936.0488
2014-01-27,30375.9355
2014-01-28,31711.6113
2014-01-29,32616.4141
2014-02-03,32702.5957
2014-02-04,31453.0820
2014-02-05,31582.3457
2014-02-06,33262.7227
2014-02-07,33865.9180
2014-02-10,33607.4023
2014-02-11,33607.4023
2014-02-12,34339.8750
2014-02-13,34382.9609
2014-02-14,33650.4844
2014-02-17,33348.8828
2014-02-18,33435.0625
2014-02-19,33736.6641
2014-02-20,33435.0625
2014-02-21,33865.9180
2014-02-24,33478.1445
2014-02-25,33305.8047
2014-02-26,33822.8477
2014-02-27,34038.2734
2014-02-28,33391.9727
2014-03-03,33564.3164
2014-03-04,33564.3164
2014-03-05,33995.1836
2014-03-06,33693.5781
2014-03-07,33219.6250
2014-03-10,32487.1641
2014-03-11,32530.2422
2014-03-12,32228.6367
2014-03-13,32788.7578
2014-03-14,32702.5957
2014-03-17,31625.4297
2014-03-18,31323.8242
2014-03-19,31883.9492
2014-03-20,31840.8574
2014-03-21,33348.8828
2014-03-24,32874.9375
2014-03-25,32400.9844
2014-03-26,33090.3750
2014-03-27,32487.1641
2014-03-28,31927.0371
2014-03-31,31022.2168
2014-04-01,31883.9492
2014-04-02,31927.0371
2014-04-03,31496.1777
2014-04-04,32099.3828
2014-04-07,31883.9492
2014-04-08,31668.5176
2014-04-09,32444.0684
2014-04-10,32487.1641
2014-04-11,31927.0371
2014-04-14,31797.7734
2014-04-15,32228.6367
2014-04-16,32444.0684
2014-04-17,32788.7578
2014-04-18,33779.7461
2014-04-21,33952.1055
2014-04-22,34296.7969
2014-04-23,35115.4336
2014-04-24,35244.6953
2014-04-25,35115.4336
2014-04-28,34899.9961
2014-04-29,34210.6094
2014-04-30,34598.3945
2014-05-02,35029.2539
2014-05-07,35417.0312
2014-05-08,35029.2539
2014-05-09,35460.1172
2014-05-12,35675.5508
2014-05-13,35934.0820
2014-05-14,36278.7617
2014-05-15,36192.5938
2014-05-16,36408.0234
2014-05-19,35244.6953
2014-05-20,36192.5938
2014-05-21,36106.4219
2014-05-22,36537.2852
2014-05-23,36494.1875
2014-05-26,36537.2852
2014-05-27,36364.9336
2014-05-28,36709.6289
2014-05-29,36709.6289
2014-05-30,38045.3086
2014-06-02,38519.2539
2014-06-03,38476.1719
2014-06-05,40027.2852
2014-06-09,39725.6836
2014-06-10,40802.8320
2014-06-11,40501.2305
2014-06-12,40845.9375
2014-06-13,40544.3125
2014-06-16,41664.5664
2014-06-17,42526.2969
2014-06-18,42224.6836
2014-06-19,43689.6328
2014-06-20,42569.3828
2014-06-23,42138.5234
2014-06-24,43344.9258
2014-06-25,42914.0664
2014-06-26,42009.2500
2014-06-27,40932.1055
2014-06-30,41836.9141
2014-07-01,41750.7383
2014-07-02,43431.1094
2014-07-03,43861.9766
2014-07-04,43431.1094
2014-07-07,44465.1836
2014-07-08,44723.6992
2014-07-09,42870.9844
2014-07-10,42483.2031
2014-07-11,42181.5977
2014-07-14,42526.2969
2014-07-15,42870.9844
2014-07-16,43948.1484
2014-07-17,44379.0039
2014-07-18,43775.8008
2014-07-21,43517.2773
2014-07-22,43948.1484
2014-07-23,42612.4727
2014-07-24,40975.1875
2014-07-25,40932.1055
2014-07-28,40113.4609
2014-07-29,38260.7500
2014-07-30,40285.8008
2014-07-31,39165.5508
2014-08-01,39898.0234
2014-08-04,41233.6992
2014-08-05,40759.7500
2014-08-06,39122.4688
2014-08-07,38950.1289
2014-08-08,38088.3906
2014-08-11,38777.7734
2014-08-12,37269.7539
2014-08-13,37829.8750
2014-08-14,37528.2773
2014-08-18,37786.7812
2014-08-19,37743.7070
2014-08-20,39079.3828
2014-08-21,39510.2539
2014-08-22,39596.4141
2014-08-25,40630.4922
2014-08-26,40242.7188
2014-08-27,39079.3828
2014-08-28,39294.8203
2014-08-29,39122.4688
2014-09-01,38346.9219
2014-09-02,37959.1328
2014-09-03,36020.2422
2014-09-04,36235.6602
2014-09-05,37226.6719
2014-09-11,37786.7812
2014-09-12,38346.9219
2014-09-15,36881.9805
2014-09-16,37485.1914
2014-09-17,38002.2227
2014-09-18,36968.1562
2014-09-19,37916.0469
2014-09-22,37269.7539
2014-09-23,36623.4609
2014-09-24,38088.3906
2014-09-25,38433.0859
2014-09-26,39294.8203
2014-09-29,40630.4922
2014-09-30,40285.8008
2014-10-01,39984.1914
2014-10-02,40587.4062
2014-10-06,38519.2539
2014-10-07,38519.2539
2014-10-08,38045.3086
2014-10-10,36364.9336
2014-10-13,35934.0820
2014-10-14,37312.8320
2014-10-15,37399.0117
2014-10-16,38863.9531
2014-10-17,38002.2227
2014-10-20,38691.5977
2014-10-21,38993.1992
2014-10-22,39898.0234
2014-10-23,39208.6367
2014-10-24,39036.2969
2014-10-27,38433.0859
2014-10-28,39639.5117
2014-10-29,40501.2305
2014-10-30,40673.5742
2014-10-31,40889.0117
2014-11-03,41406.0508
2014-11-04,40889.0117
2014-11-05,40673.5742
2014-11-06,41319.8711
2014-11-07,40845.9375
2014-11-10,40975.1875
2014-11-11,41018.2656
2014-11-12,41449.1328
2014-11-13,41449.1328
2014-11-14,42397.0273
2014-11-17,39553.3320
2014-11-18,39984.1914
2014-11-19,40630.4922
2014-11-20,40716.6602
2014-11-21,40027.2852
2014-11-24,40587.4062
2014-11-25,41793.8281
2014-11-26,41880.0000
2014-11-27,41233.6992
2014-11-28,41406.0508
2014-12-01,41319.8711
2014-12-02,41104.4453
2014-12-03,41406.0508
2014-12-04,41966.1641
2014-12-05,41664.5664
2014-12-08,41923.0859
2014-12-09,42612.4727
2014-12-10,42095.4336
2014-12-11,40673.5742
2014-12-12,40975.1875
2014-12-15,41061.3555
2014-12-16,40070.3750
2014-12-17,40242.7188
2014-12-18,41104.4453
2014-12-19,41793.8281
2014-12-22,41578.3906
2014-12-23,40889.0117
2014-12-24,41190.6133
2014-12-26,40501.2305
2014-12-29,41672.0430
2014-12-30,41411.8633
2015-01-02,41411.8633
2015-01-05,41325.1367
2015-01-06,41195.0508
2015-01-07,41108.3320
2015-01-08,43319.8555
2015-01-09,43103.0195
2015-01-12,43623.3789
2015-01-13,42495.9297
2015-01-14,42409.2188
2015-01-15,42929.5703
2015-01-16,41151.6797
2015-01-19,40761.4062
2015-01-20,40804.7773
2015-01-21,41672.0430
2015-01-22,40761.4062
2015-01-23,41195.0508
2015-01-26,41845.4961
2015-01-27,42626.0352
2015-01-28,42669.3906
2015-01-29,41108.3320
2015-01-30,41325.1367
2015-02-02,40414.5117
2015-02-03,40501.2344
2015-02-04,41021.5938
2015-02-05,40891.5039
2015-02-06,39460.5234
2015-02-09,39200.3438
2015-02-10,39156.9727
2015-02-11,40631.3242
2015-02-12,40457.8672
2015-02-13,40804.7773
2015-02-16,41195.0508
2015-02-17,40284.4219
2015-02-23,40934.8633
2015-02-24,41281.7656
2015-02-25,40327.7891
2015-02-26,40848.1445
2015-02-27,40414.5117
2015-03-02,40631.3242
2015-03-03,41021.5938
2015-03-04,39807.4219
2015-03-05,39460.5234
2015-03-06,40067.5977
2015-03-09,39113.6094
2015-03-10,38289.7148
2015-03-11,37639.2617
2015-03-12,37509.1719
2015-03-13,38246.3477
2015-03-16,39720.6992
2015-03-17,40110.9609
2015-03-18,40110.9609
2015-03-19,40241.0547
2015-03-20,40631.3242
2015-03-23,41758.7695
2015-03-24,41628.6797
2015-03-25,41888.8438
2015-03-26,40761.4062
2015-03-27,39720.6992
2015-03-30,39460.5234
2015-03-31,39503.8789
2015-04-01,39026.8828
2015-04-02,38853.4297
2015-04-03,38333.0664
2015-04-06,38810.0703
2015-04-07,38116.2539
2015-04-08,36945.4492
2015-04-09,36338.3672
2015-04-10,37812.7070
2015-04-13,38333.0664
2015-04-14,38159.6250
2015-04-15,38419.8047
2015-04-16,38593.2617
2015-04-17,38636.6133
2015-04-20,38376.4336
2015-04-21,39156.9727
2015-04-22,39243.6914
2015-04-23,39720.6992
2015-04-24,40934.8633
2015-04-27,39720.6992
2015-04-28,40718.0469
2015-04-29,40674.6797
2015-04-30,40024.2305
2015-05-04,40587.9609
2015-05-06,39287.0703
2015-05-07,39807.4219
2015-05-08,39850.7812
2015-05-11,40154.3203
2015-05-12,39937.5195
2015-05-13,39243.6914
2015-05-14,39503.8789
2015-05-15,39287.0703
2015-05-18,39417.1523
2015-05-19,39980.8789
2015-05-20,40631.3242
2015-05-21,40197.6836
2015-05-22,41498.5820
2015-05-26,41628.6797
2015-05-27,42018.9492
2015-05-28,43059.6680
2015-05-29,44317.1992
2015-06-01,43883.5664
2015-06-02,44403.9180
2015-06-03,43189.7500
2015-06-04,41888.8438
2015-06-05,42539.3008
2015-06-08,41672.0430
2015-06-09,41628.6797
2015-06-10,41195.0508
2015-06-11,40848.1445
2015-06-12,40371.1445
2015-06-15,40024.2305
2015-06-16,38333.0664
2015-06-17,38983.5234
2015-06-18,38419.8047
2015-06-19,37769.3555
2015-06-22,38029.5273
2015-06-23,38289.7148
2015-06-24,37595.8906
2015-06-25,37379.0820
2015-06-26,36425.0938
2015-06-29,36945.4492
2015-06-30,36685.2734
2015-07-01,37118.9062
2015-07-02,36511.8164
2015-07-03,36988.8086
2015-07-06,35341.0195
2015-07-07,35861.3633
2015-07-08,35471.1094
2015-07-09,35514.4609
2015-07-10,35427.7344
2015-07-13,35167.5625
2015-07-14,32825.9453
2015-07-15,34083.4766
2015-07-16,34213.5703
2015-07-17,34647.2031
2015-07-20,33519.7656
2015-07-21,33866.6523
2015-07-22,33129.4922
2015-07-23,33823.3047
2015-07-24,33433.0273
2015-07-27,32305.5898
2015-07-28,32175.4941
2015-07-29,32088.7715
2015-07-30,29920.6113
2015-07-31,32175.4941
2015-08-03,31178.1406
2015-08-04,32305.5898
2015-08-05,32348.9590
2015-08-06,31308.2363
2015-08-07,31394.9609
2015-08-10,31481.6953
2015-08-11,31308.2363
2015-08-12,31048.0586
2015-08-13,32002.0391
2015-08-14,32002.0391
2015-08-17,30917.9648
2015-08-18,30397.6055
2015-08-19,28619.7148
2015-08-20,28663.0801
2015-08-21,27752.4473
2015-08-24,26928.5527
2015-08-25,29053.3496
2015-08-26,29009.9844
2015-08-27,30787.8828
2015-08-28,32002.0391
2015-08-31,31048.0586
2015-09-01,29833.8848
2015-09-02,29790.5273
2015-09-03,30701.1426
2015-09-04,30224.1621
2015-09-07,30137.4238
2015-09-08,30137.4238
2015-09-09,31221.5078
2015-09-10,31178.1406
2015-09-11,30354.2441
2015-09-14,30007.3418
2015-09-15,29140.0684
2015-09-16,30440.9707
2015-09-17,31351.5938
2015-09-18,31004.6973
2015-09-21,30180.7891
2015-09-22,30267.5156
2015-09-23,30094.0625
2015-09-24,29356.8906
2015-09-25,29790.5273
2015-09-30,29096.7148
2015-10-01,29226.8027
2015-10-02,29963.9805
2015-10-05,30657.7910
2015-10-06,32262.2148
2015-10-07,32348.9590
2015-10-08,32565.7656
2015-10-12,31958.6797
2015-10-13,31221.5078
2015-10-14,31568.4141
2015-10-15,31871.9551
2015-10-16,31308.2363
2015-10-19,31004.6973
2015-10-20,30961.3242
2015-10-21,29183.4395
2015-10-22,27709.0918
2015-10-23,27839.1797
2015-10-26,28532.9902
2015-10-27,27882.5449
2015-10-28,27275.4590
2015-10-29,27275.4590
2015-10-30,26625.0098
2015-11-02,27882.5449
2015-11-03,27665.7227
2015-11-04,28272.8125
2015-11-05,28316.1699
2015-11-06,27058.6406
2015-11-09,27102.0020
2015-11-10,27015.2812
2015-11-11,26885.1816
2015-11-12,26625.0098
2015-11-13,27015.2812
2015-11-16,26451.5566
2015-11-17,26538.2832
2015-11-18,26494.9141
2015-11-19,27058.6406
2015-11-20,26885.1816
2015-11-23,26581.6406
2015-11-24,26191.3711
2015-11-25,27665.7227
2015-11-26,28402.8984
2015-11-27,27752.4473
2015-11-30,27405.5449
2015-12-01,27188.7285
2015-12-02,27058.6406
2015-12-03,27015.2812
2015-12-04,27058.6406
2015-12-07,26625.0098
2015-12-08,26191.3711
2015-12-09,26234.7363
2015-12-10,26278.1016
2015-12-11,25887.8379
2015-12-14,25150.6602
2015-12-15,25497.5664
2015-12-16,26364.8281
2015-12-17,26234.7363
2015-12-18,26538.2832
2015-12-21,26451.5566
2015-12-22,27925.9023
2015-12-23,28359.5352
2015-12-24,27492.2734
2015-12-28,26798.4590
2015-12-29,27503.6855
2015-12-30,27106.9980
2016-01-04,26578.0781
2016-01-05,26974.7656
2016-01-06,27106.9980
2016-01-07,26622.1562
2016-01-08,26181.3887
2016-01-11,25255.7891
2016-01-12,24506.4863
2016-01-13,24770.9453
2016-01-14,24594.6387
2016-01-15,23624.9570
2016-01-18,23536.8086
2016-01-19,24947.2539
2016-01-20,23624.9570
2016-01-21,23448.6523
2016-01-22,23933.4922
2016-01-25,24682.7891
2016-01-26,24550.5664
2016-01-27,24374.2539
2016-01-28,24374.2539
2016-01-29,24065.7246
2016-02-01,25035.4062
2016-02-02,25079.4824
2016-02-03,24197.9512
2016-02-04,24770.9453
2016-02-05,24770.9453
2016-02-11,23933.4922
2016-02-12,24109.7969
2016-02-15,24418.3379
2016-02-16,25476.1699
2016-02-17,26489.9297
2016-02-18,26622.1562
2016-02-19,26093.2402
2016-02-22,26357.6973
2016-02-23,26798.4590
2016-02-24,27239.2285
2016-02-25,27151.0723
2016-02-26,27151.0723
2016-02-29,26445.8516
2016-03-02,27283.2988
2016-03-03,28164.8281
2016-03-04,28120.7578
2016-03-07,28120.7578
2016-03-08,26886.6191
2016-03-09,26930.6914
2016-03-10,26710.3066
2016-03-11,27062.9180
2016-03-14,26754.3848
2016-03-15,26357.6973
2016-03-16,25740.6270
2016-03-17,25784.7031
2016-03-18,25961.0098
2016-03-21,26049.1621
2016-03-22,26622.1562
2016-03-23,26666.2324
2016-03-24,25961.0098
2016-03-25,25696.5527
2016-03-28,25167.6348
2016-03-29,25476.1699
2016-03-30,25255.7891
2016-03-31,24815.0215
2016-04-01,24859.1055
2016-04-04,24594.6387
2016-04-05,24550.5664
2016-04-06,24242.0312
2016-04-07,23713.1113
2016-04-08,24506.4863
2016-04-11,23933.4922
2016-04-12,23933.4922
2016-04-14,24021.6484
2016-04-15,24374.2539
2016-04-18,23977.5723
2016-04-19,24197.9512
2016-04-20,24286.1055
2016-04-21,24286.1055
2016-04-22,24242.0312
2016-04-25,24242.0312
2016-04-26,25696.5527
2016-04-27,25696.5527
2016-04-28,24594.6387
2016-04-29,24815.0215
2016-05-02,24550.5664
2016-05-03,24374.2539
2016-05-04,23492.7285
2016-05-09,22699.3516
2016-05-10,23272.3477
2016-05-11,23096.0449
2016-05-12,23007.8887
2016-05-13,23007.8887
2016-05-16,23007.8887
2016-05-17,22831.5840
2016-05-18,23096.0449
2016-05-19,23448.6523
2016-05-20,23184.1973
2016-05-23,23977.5723
2016-05-24,23669.0312
2016-05-25,23845.3359
2016-05-26,23801.2676
2016-05-27,25255.7891
2016-05-30,25564.3203
2016-05-31,25299.8652
2016-06-01,25123.5586
2016-06-02,24726.8691
2016-06-03,24330.1816
2016-06-07,25255.7891
2016-06-08,25167.6348
2016-06-09,25564.3203
2016-06-10,25564.3203
2016-06-13,24991.3242
2016-06-14,25608.3984
2016-06-15,26401.7715
2016-06-16,26137.3125
2016-06-17,25564.3203
2016-06-20,26489.9297
2016-06-21,26269.5449
2016-06-22,27283.2988
2016-06-23,27988.5254
2016-06-24,28032.6016
2016-06-27,28252.9824
2016-06-28,27459.6016
2016-06-29,28032.6016
2016-06-30,28561.5156
2016-07-01,28341.1328
2016-07-04,28870.0527
2016-07-05,28076.6758
2016-07-06,26974.7656
2016-07-07,27018.8379
2016-07-08,27371.4609
2016-07-11,28208.9082
2016-07-12,28208.9082
2016-07-13,28781.8965
2016-07-14,29134.5098
2016-07-15,28825.9785
2016-07-18,28870.0527
2016-07-19,28605.5938
2016-07-20,28297.0566
2016-07-21,28341.1328
2016-07-22,28208.9082
2016-07-25,28649.6719
2016-07-26,28252.9824
2016-07-27,29487.1191
2016-07-28,29575.2773
2016-07-29,30324.5703
2016-08-01,30721.2598
2016-08-02,29751.5859
2016-08-03,29575.2773
2016-08-04,29663.4258
2016-08-05,30677.1816
2016-08-08,30809.4121
2016-08-09,30897.5645
2016-08-10,29795.6543
2016-08-11,30677.1816
2016-08-12,30280.5000
2016-08-16,29707.5098
2016-08-17,29575.2773
2016-08-18,30104.1992
2016-08-19,31206.0977
2016-08-22,31735.0234
2016-08-23,31382.4043
2016-08-24,31514.6406
2016-08-25,31470.5586
2016-08-26,31955.4043
2016-08-29,31955.4043
2016-08-30,31999.4844
2016-08-31,32131.7168
2016-09-01,31823.1758
2016-09-02,32308.0156
2016-09-05,33057.3125
2016-09-06,33498.0820
2016-09-07,33409.9258
2016-09-08,34115.1523
2016-09-09,34335.5312
2016-09-12,32616.5547
2016-09-13,33321.7695
2016-09-19,34555.9180
2016-09-20,34599.9805
2016-09-21,34511.8359
2016-09-22,34732.2148
2016-09-23,34688.1406
2016-09-26,34820.3711
2016-09-27,36274.8828
2016-09-28,36318.9688
2016-09-29,35437.4375
2016-09-30,35437.4375
2016-10-04,36847.8789
2016-10-05,37553.1094
2016-10-06,37509.0391
2016-10-07,37200.4844
2016-10-10,36407.1211
2016-10-11,36407.1211
2016-10-12,36363.0508
2016-10-13,36098.5898
2016-10-14,36627.5000
2016-10-17,37288.6445
2016-10-18,36715.6602
2016-10-19,35305.2188
2016-10-20,35305.2188
2016-10-21,36098.5898
2016-10-24,35393.3555
2016-10-25,36186.7422
2016-10-26,37817.5664
2016-10-27,37905.7305
2016-10-28,37420.8789
2016-10-31,36142.6680
2016-11-01,37024.1875
2016-11-02,36142.6680
2016-11-03,36274.8828
2016-11-04,36318.9688
2016-11-07,36583.4219
2016-11-08,36583.4219
2016-11-09,34952.5977
2016-11-10,36142.6680
2016-11-11,35128.9023
2016-11-14,34996.6797
2016-11-15,34996.6797
2016-11-16,36010.4258
2016-11-17,36936.0430
2016-11-18,37024.1875
2016-11-21,35922.2812
2016-11-22,37641.2617
2016-11-23,37949.7891
2016-11-24,37597.1797
2016-11-25,37553.1094
2016-11-28,37553.1094
2016-11-29,37376.8047
2016-11-30,37817.5664
2016-12-01,38963.5469
2016-12-02,39139.8633
2016-12-05,39139.8633
2016-12-06,39845.0781
2016-12-07,39889.1641
2016-12-08,40770.6797
2016-12-09,40109.5391
2016-12-12,39933.2344
2016-12-13,39624.6992
2016-12-14,40418.0664
2016-12-15,40197.6875
2016-12-16,40902.9180
2016-12-19,39800.9961
2016-12-20,39800.9961
2016-12-21,39668.7734
2016-12-22,40109.5391
2016-12-23,40814.7656
2016-12-26,40241.7656
2016-12-27,40241.7656
2016-12-28,40509.7578
2016-12-29,39929.1367
2017-01-02,40911.7266
2017-01-03,42206.9531
2017-01-04,41537.0117
2017-01-05,41938.9805
2017-01-06,42876.9062
2017-01-09,44261.4688
2017-01-10,44440.1445
2017-01-11,46092.6797
2017-01-12,45199.4141
2017-01-13,44931.4219
2017-01-16,44038.1602
2017-01-17,44038.1602
2017-01-18,43636.1953
2017-01-19,44306.1367
2017-01-20,43904.1719
2017-01-23,45378.0703
2017-01-24,46092.6797
2017-01-25,46182.0039
2017-01-26,47611.2383
2017-01-31,47968.5352
2017-02-01,48236.5312
2017-02-02,47164.5977
2017-02-03,47968.5352
2017-02-06,47968.5352
2017-02-07,47611.2383
2017-02-08,48772.4883
2017-02-09,47075.2773
2017-02-10,44663.4531
2017-02-13,45288.7383
2017-02-14,43278.8828
2017-02-15,42787.5859
2017-02-16,44306.1367
2017-02-17,45020.7539
2017-02-20,44574.1289
2017-02-21,45467.3906
2017-02-22,45199.4141
2017-02-23,44842.1055
2017-02-24,42430.2773
2017-02-27,41090.3672
2017-02-28,41715.6719
2017-03-02,42608.9336
2017-03-03,42072.9766
2017-03-06,44082.8203
2017-03-07,43591.5234
2017-03-08,42876.9062
2017-03-09,42876.9062
2017-03-10,43948.8320
2017-03-13,45556.7227
2017-03-14,44931.4219
2017-03-15,43591.5234
2017-03-16,43904.1719
2017-03-17,41760.3242
2017-03-20,42519.6094
2017-03-21,42474.9414
2017-03-22,43457.5352
2017-03-23,43278.8828
2017-03-24,44216.8086
2017-03-27,45288.7383
2017-03-28,45378.0703
2017-03-29,45824.6992
2017-03-30,45467.3906
2017-03-31,45110.0781
2017-04-03,46271.3398
2017-04-04,45556.7227
2017-04-05,44931.4219
2017-04-06,44127.4805
2017-04-07,44484.7969
2017-04-10,43770.1797
2017-04-11,43636.1953
2017-04-12,43770.1797
2017-04-13,44440.1445
2017-04-14,44484.7969
2017-04-17,43948.8320
2017-04-18,44842.1055
2017-04-19,44529.4570
2017-04-20,45914.0273
2017-04-21,46449.9883
2017-04-24,46807.3008
2017-04-25,46807.3008
2017-04-26,47968.5352
2017-04-27,47879.2188
2017-04-28,48236.5312
2017-05-02,49487.0977
2017-05-04,49933.7383
2017-05-08,50827.0156
2017-05-10,49665.7539
2017-05-11,50380.3789
2017-05-12,49397.7695
2017-05-15,49665.7539
2017-05-16,49397.7695
2017-05-17,48861.8086
2017-05-18,49755.0820
2017-05-19,48415.1836
2017-05-22,50023.0586
2017-05-23,49219.1211
2017-05-24,49844.4141
2017-05-25,49844.4141
2017-05-26,51005.6602
2017-05-29,51720.2812
2017-05-30,51273.6406
2017-05-31,50916.3320
2017-06-01,50380.3789
2017-06-02,51005.6602
2017-06-05,50112.3867
2017-06-07,50469.6914
2017-06-08,50648.3516
2017-06-09,52077.5820
2017-06-12,51362.9727
2017-06-13,52524.2148
2017-06-14,52970.8477
2017-06-15,54132.0938
2017-06-16,54042.7773
2017-06-19,56097.2969
2017-06-20,57169.2109
2017-06-21,57883.8242
2017-06-22,58062.4844
2017-06-23,58062.4844
2017-06-26,60295.6602
2017-06-27,61814.2148
2017-06-28,60027.6836
2017-06-29,61188.9258
2017-06-30,60206.3320
2017-07-03,59223.7305
2017-07-04,58777.0938
2017-07-05,60742.2812
2017-07-06,60831.6172
2017-07-07,59491.7070
2017-07-10,60117.0039
2017-07-11,61635.5586
2017-07-12,61546.2227
2017-07-13,63064.7969
2017-07-14,63511.4219
2017-07-17,63600.7500
2017-07-18,63243.4414
2017-07-19,63422.1172
2017-07-20,63690.0820
2017-07-21,63600.7500
2017-07-24,65208.6367
2017-07-25,62886.1367
2017-07-26,59670.3672
2017-07-27,61099.5938
2017-07-28,57705.1797
2017-07-31,58955.7539
2017-08-01,58509.1211
2017-08-02,60742.2812
2017-08-03,58509.1211
2017-08-04,57169.2109
2017-08-07,57258.5430
2017-08-08,59223.7305
2017-08-09,57347.8711
2017-08-10,57526.5234
2017-08-11,54846.7188
2017-08-14,58151.8086
2017-08-16,59045.0781
2017-08-17,59313.0703
2017-08-18,59849.0156
2017-08-21,60027.6836
2017-08-22,60920.9453
2017-08-23,60742.2812
2017-08-24,60831.6172
2017-08-25,61099.5938
2017-08-28,60652.9766
2017-08-29,60384.9805
2017-08-30,61188.9258
2017-08-31,61278.2656
2017-09-01,61367.5859
2017-09-04,60831.6172
2017-09-05,62439.5039
2017-09-06,64047.3828
2017-09-07,63779.4102
2017-09-08,64851.3438
2017-09-11,65923.2578
2017-09-12,66727.2031
2017-09-13,67620.4688
2017-09-14,68603.0625
2017-09-15,68960.3672
2017-09-18,71193.5234
2017-09-19,70746.9062
2017-09-20,72086.7969
2017-09-21,74230.6641
2017-09-25,77089.1250
2017-09-26,77089.1250
2017-09-27,73605.3672
2017-09-28,74319.9766
2017-09-29,74052.0156
2017-10-10,79232.9609
2017-10-11,79590.2891
2017-10-12,79054.3125
2017-10-13,76910.4609
2017-10-16,75213.2578
2017-10-17,74587.9531
2017-10-18,72265.4531
2017-10-19,70568.2422
2017-10-20,72533.4219
2017-10-23,75659.8984
2017-10-24,73069.3906
2017-10-25,72980.0547
2017-10-26,70300.2812
2017-10-27,70032.2969
2017-10-30,71282.8672
2017-10-31,73426.7109
2017-11-01,76195.8281
2017-11-02,74498.6250
2017-11-03,75391.8906
2017-11-06,74587.9531
2017-11-07,73605.3672
2017-11-08,74319.9766
2017-11-09,73605.3672
2017-11-10,73248.0625
2017-11-13,73516.0312
2017-11-14,74498.6250
2017-11-15,73248.0625
2017-11-16,73694.7031
2017-11-17,74141.3281
2017-11-20,73337.3750
2017-11-21,75927.8594
2017-11-22,77535.7422
2017-11-23,75659.8984
2017-11-24,76017.2109
2017-11-27,74230.6641
2017-11-28,73784.0234
2017-11-29,73605.3672
2017-11-30,68603.0625
2017-12-01,69139.0078
2017-12-04,70657.5547
2017-12-05,69585.6484
2017-12-06,69228.3438
2017-12-07,67888.4297
2017-12-08,70300.2812
2017-12-11,70300.2812
2017-12-12,69496.3281
2017-12-13,68603.0625
2017-12-14,67888.4297
2017-12-15,67620.4688
2017-12-18,68960.3672
2017-12-19,71640.2031
2017-12-21,68781.7109
2017-12-22,68513.7422
2017-12-26,66101.9141
2017-12-27,68003.4609
2017-12-28,69271.1641
2018-01-02,69361.7188
2018-01-03,70357.7812
2018-01-04,69814.4844
2018-01-05,71806.6094
2018-01-08,70810.5234
2018-01-09,69633.3828
2018-01-10,66011.3672
2018-01-11,65739.7031
2018-01-12,67369.6172
2018-01-15,65830.2500
2018-01-16,67369.6172
2018-01-17,67097.9766
2018-01-18,68094.0156
2018-01-19,66373.5625
2018-01-22,64381.4492
2018-01-23,64562.5508
2018-01-24,65558.5859
2018-01-25,68637.3203
2018-01-26,68365.6562
2018-01-29,68184.5625
2018-01-30,66192.4609
2018-01-31,66554.6641
2018-02-01,67369.6172
2018-02-02,65377.5078
2018-02-05,63566.4805
2018-02-06,63566.4805
2018-02-07,64381.4492
2018-02-08,66916.8594
2018-02-09,66464.1094
2018-02-12,67460.1562
2018-02-13,70357.7812
2018-02-14,70267.2266
2018-02-19,69271.1641
2018-02-20,68365.6562
2018-02-21,69633.3828
2018-02-22,68727.8750
2018-02-23,69995.5703
2018-02-26,70176.6797
2018-02-27,71263.2812
2018-02-28,69542.8203
2018-03-02,70086.1250
2018-03-05,70901.0781
2018-03-06,74613.6484
2018-03-07,74885.3047
2018-03-08,75609.7188
2018-03-09,75428.6172
2018-03-12,76877.4219
2018-03-13,81495.4844
2018-03-14,82129.3672
2018-03-15,81133.2891
2018-03-16,81314.4062
2018-03-19,81404.9375
2018-03-20,81133.2891
2018-03-21,80046.6875
2018-03-22,80227.7812
2018-03-23,75247.5156
2018-03-26,76062.4688
2018-03-27,73708.1484
2018-03-28,72712.0859
2018-03-29,72712.0859
2018-03-30,73617.6094
2018-04-02,73617.6094
2018-04-03,74070.3438
2018-04-04,72802.6562
2018-04-05,75066.4219
2018-04-06,72712.0859
2018-04-09,72983.7422
2018-04-10,72802.6562
2018-04-11,73527.0391
2018-04-12,76062.4688
2018-04-13,76243.5781
2018-04-16,76062.4688
2018-04-17,74975.8594
2018-04-18,76605.7578
2018-04-19,79593.9609
2018-04-20,76424.6562
2018-04-23,76424.6562
2018-04-24,74341.9766
2018-04-25,74613.6484
2018-04-26,78326.2188
2018-04-27,78869.5234
2018-04-30,76515.2188
2018-05-02,75247.5156
2018-05-03,75066.4219
2018-05-04,75156.9531
2018-05-08,75609.7188
2018-05-09,75519.1562
2018-05-10,77692.3750
2018-05-11,77964.0312
2018-05-14,77330.1719
2018-05-15,76605.7578
2018-05-16,78778.9766
2018-05-17,78507.3359
2018-05-18,79593.9609
2018-05-21,80680.5625
2018-05-23,86294.6719
2018-05-24,85660.8359
2018-05-25,86204.1328
2018-05-28,85570.2734
2018-05-29,85841.9297
2018-05-30,86023.0234
2018-05-31,84574.2266
2018-06-01,82763.2188
2018-06-04,81314.4062
2018-06-05,82401.0078
2018-06-07,82310.4297
2018-06-08,80046.6875
2018-06-11,80771.0781
2018-06-12,80046.6875
2018-06-14,78145.1406
2018-06-15,78778.9766
2018-06-18,76062.4688
2018-06-19,76153.0156
2018-06-20,79503.3750
2018-06-21,80137.2500
2018-06-22,81042.7578
2018-06-25,76786.8594
2018-06-26,76334.1094
2018-06-27,77149.0781
2018-06-28,75609.7188
2018-06-29,77601.8281
2018-07-02,75790.8047
2018-07-03,77964.0312
2018-07-04,76967.9844
2018-07-05,78054.5625
2018-07-06,77239.6016
2018-07-09,79322.2969
2018-07-10,79050.6406
2018-07-11,78597.8750
2018-07-12,77511.2656
2018-07-13,80408.9062
2018-07-16,80861.6406
2018-07-17,80227.7812
2018-07-18,80861.6406
2018-07-19,81767.1641
2018-07-20,79593.9609
2018-07-23,73979.7812
2018-07-24,75700.2500
2018-07-25,72893.1875
2018-07-26,75247.5156
2018-07-27,77964.0312
2018-07-30,77782.9219
2018-07-31,78145.1406
2018-08-01,77511.2656
2018-08-02,75338.0469
2018-08-03,75428.6172
2018-08-06,71897.1328
2018-08-07,73074.2969
2018-08-08,72259.3516
2018-08-09,70629.4297
2018-08-10,68003.4609
2018-08-13,68275.1250
2018-08-14,68727.8750
2018-08-16,67641.2656
2018-08-17,67460.1562
2018-08-20,67641.2656
2018-08-21,70991.6484
2018-08-22,72259.3516
2018-08-23,73436.5078
2018-08-24,74070.3438
2018-08-27,75609.7188
2018-08-28,74613.6484
2018-08-29,74975.8594
2018-08-30,74885.3047
2018-08-31,75156.9531
2018-09-03,72983.7422
2018-09-04,73527.0391
2018-09-05,72440.4297
2018-09-06,71353.8359
2018-09-07,68727.8750
2018-09-10,69271.1641
2018-09-11,69361.7188
2018-09-12,68003.4609
2018-09-13,67460.1562
2018-09-14,70357.7812
2018-09-17,69905.0312
2018-09-18,70629.4297
2018-09-19,71353.8359
2018-09-20,71625.4844
2018-09-21,69452.2891
2018-09-27,67912.9297
2018-09-28,66192.4609
2018-10-01,66735.7656
2018-10-02,64924.7461
2018-10-04,63385.3750
2018-10-05,63657.0469
2018-10-08,64471.9922
2018-10-10,63657.0469
2018-10-11,62479.8828
2018-10-12,65558.5859
2018-10-15,63657.0469
2018-10-16,63113.7305
2018-10-17,63747.5977
2018-10-18,62208.2383
2018-10-19,64109.7930
2018-10-22,63385.3750
2018-10-23,62570.4375
2018-10-24,60397.2188
2018-10-25,58586.2031
2018-10-26,60668.8633
2018-10-29,60487.7734
2018-10-30,61755.4766
2018-10-31,61755.4766
2018-11-01,61846.0430
2018-11-02,65739.7031
2018-11-05,63838.1328
2018-11-06,63475.9414
2018-11-07,64109.7930
2018-11-08,66011.3672
2018-11-09,66011.3672
2018-11-12,67460.1562
2018-11-13,65105.8516
2018-11-14,63747.5977
2018-11-15,65015.3047
2018-11-16,63475.9414
2018-11-19,63204.2930
2018-11-20,61121.6289
2018-11-21,61664.9219
2018-11-22,62751.5234
2018-11-23,62751.5234
2018-11-26,64200.3359
2018-11-27,64109.7930
2018-11-28,65105.8516
2018-11-29,64743.6328
2018-11-30,63023.1836
2018-12-03,63838.1328
2018-12-04,62479.8828
2018-12-05,61755.4766
2018-12-06,59763.3711
2018-12-07,60487.7734
2018-12-10,59310.6094
2018-12-11,58767.3086
2018-12-12,59944.4648
2018-12-13,59310.6094
2018-12-14,55960.2461
2018-12-17,56322.4453
2018-12-18,55326.3867
2018-12-19,54601.9844
2018-12-20,53062.6289
2018-12-21,54330.3281
2018-12-24,54692.5391
2018-12-26,54420.8906
2018-12-27,57206.9336
2018-12-28,56185.3828
2019-01-02,56278.2500
2019-01-03,53585.0664
2019-01-04,54142.2773
2019-01-07,54513.7578
2019-01-08,54978.0977
2019-01-09,59064.3086
2019-01-10,60643.0586
2019-01-11,60457.3320
2019-01-14,57671.2812
2019-01-15,59435.7773
2019-01-16,60178.7148
2019-01-17,60271.5898
2019-01-18,59992.9844
2019-01-21,62221.8203
2019-01-22,61850.3477
2019-01-23,62036.0938
2019-01-24,65472.2109
2019-01-25,69279.8359
2019-01-28,66679.5156
2019-01-29,68165.4062
2019-01-30,70487.1172
2019-01-31,68629.7422
2019-02-01,70487.1172
2019-02-07,71230.0781
2019-02-08,68258.2812
2019-02-11,68815.5000
2019-02-12,70487.1172
2019-02-13,70765.7188
2019-02-14,71880.1328
2019-02-15,68536.8672
2019-02-18,69372.6953
2019-02-19,68444.0156
2019-02-20,70301.3984
2019-02-21,71230.0781
2019-02-22,71230.0781
2019-02-25,70022.7812
2019-02-26,69837.0312
2019-02-27,68444.0156
2019-02-28,65007.8672
2019-03-04,65100.7500
2019-03-05,64729.2656
2019-03-06,63243.3750
2019-03-07,63243.3750
2019-03-08,61943.2227
2019-03-11,61850.3477
2019-03-12,62871.9102
2019-03-13,62036.0938
2019-03-14,62500.4336
2019-03-15,63243.3750
2019-03-18,62964.7695
2019-03-19,63150.5039
2019-03-20,65472.2109
2019-03-21,70487.1172
2019-03-22,70672.8594
2019-03-25,67701.0781
2019-03-26,67515.3203
2019-03-27,68165.4062
2019-03-28,67143.8750
2019-03-29,68908.3359
2019-04-01,71137.1875
2019-04-02,70951.4453
2019-04-03,74201.8594
2019-04-04,72808.8359
2019-04-05,73366.0312
2019-04-08,72344.4922
2019-04-09,72251.6172
2019-04-10,72994.5547
2019-04-11,72808.8359
2019-04-12,72530.2266
2019-04-15,74016.1016
2019-04-16,74666.2031
2019-04-17,74480.4766
2019-04-18,73551.7734
2019-04-19,75966.3438
2019-04-22,74759.0547
2019-04-23,75223.4219
2019-04-24,72901.6719
2019-04-25,74480.4766
2019-04-26,72994.5547
2019-04-29,74294.7031
2019-04-30,73366.0312
2019-05-02,74944.7969
2019-05-03,74666.2031
2019-05-07,74201.8594
2019-05-08,74573.3125
2019-05-09,70579.9688
2019-05-10,69094.0938
2019-05-13,68258.2812
2019-05-14,69279.8359
2019-05-15,69186.9531
2019-05-16,66772.3828
2019-05-17,66493.7734
2019-05-20,65843.6875
2019-05-21,65286.4922
2019-05-22,63986.3125
2019-05-23,63150.5039
2019-05-24,62779.0352
2019-05-27,62128.9570
2019-05-28,61200.2695
2019-05-29,61386.0078
2019-05-30,61200.2695
2019-05-31,60643.0586
2019-06-03,61850.3477
2019-06-04,60457.3320
2019-06-05,60457.3320
2019-06-07,60735.9414
2019-06-10,62036.0938
2019-06-11,62407.5664
2019-06-12,61014.5352
2019-06-13,58971.4297
2019-06-14,58599.9531
2019-06-17,59157.1680
2019-06-18,58878.5625
2019-06-19,62407.5664
2019-06-20,62500.4336
2019-06-21,61200.2695
2019-06-24,62128.9570
2019-06-25,61943.2227
2019-06-26,63986.3125
2019-06-27,65193.6055
2019-06-28,64543.5508
2019-07-01,65007.8672
2019-07-02,66308.0469
2019-07-03,64172.0664
2019-07-04,65193.6055
2019-07-05,63521.9805
2019-07-08,62593.3047
2019-07-09,64822.1484
2019-07-10,67701.0781
2019-07-11,70115.6250
2019-07-12,69372.6953
2019-07-15,70765.7188
2019-07-16,70672.8594
2019-07-17,69279.8359
2019-07-18,69372.6953
2019-07-19,71322.9219
2019-07-22,72808.8359
2019-07-23,73180.2969
2019-07-24,72065.8750
2019-07-25,73551.7734
2019-07-26,74108.9922
2019-07-29,71508.6641
2019-07-30,73273.1719
2019-07-31,71415.8047
2019-08-01,72158.7500
2019-08-02,70672.8594
2019-08-05,70022.7812
2019-08-06,66865.2422
2019-08-07,68072.5391
2019-08-08,67143.8750
2019-08-09,68072.5391
2019-08-12,69186.9531
2019-08-13,69186.9531
2019-08-14,71415.8047
2019-08-16,70951.4453
2019-08-19,69744.1641
2019-08-20,70951.4453
2019-08-21,70394.2422
2019-08-22,68536.8672
2019-08-23,69094.0938
2019-08-26,66679.5156
2019-08-27,67793.9375
2019-08-28,68072.5391
2019-08-29,68072.5391
2019-08-30,71880.1328
2019-09-02,72065.8750
2019-09-03,71508.6641
2019-09-04,74294.7031
2019-09-05,77080.7656
2019-09-06,76059.2188
2019-09-09,78288.0547
2019-09-10,77173.6406
2019-09-11,76709.2891
2019-09-16,73830.3750
2019-09-17,73737.5000
2019-09-18,74480.4766
2019-09-19,76802.1641
2019-09-20,76337.8281
2019-09-23,76895.0312
2019-09-24,77452.2344
2019-09-25,76059.2188
2019-09-26,77359.3828
2019-09-27,75594.8750
2019-09-30,76337.8281
2019-10-01,76152.1016
2019-10-02,73830.3750
2019-10-04,74573.3125
2019-10-07,74573.3125
2019-10-08,75130.5234
2019-10-10,73366.0312
2019-10-11,74294.7031
2019-10-14,74759.0547
2019-10-15,75409.1250
2019-10-16,76523.5547
2019-10-17,75223.4219
2019-10-18,71880.1328
2019-10-21,71973.0078
2019-10-22,73458.8984
2019-10-23,72158.7500
2019-10-24,74294.7031
2019-10-25,76987.9141
2019-10-28,76987.9141
2019-10-29,77080.7656
2019-10-30,75687.7422
2019-10-31,76152.1016
2019-11-01,77173.6406
2019-11-04,78659.5547
2019-11-05,79031.0234
2019-11-06,77545.1172
2019-11-07,77637.9688
2019-11-08,76430.6875
2019-11-11,75502.0156
2019-11-12,77266.4922
2019-11-13,77452.2344
2019-11-14,77452.2344
2019-11-15,79123.8828
2019-11-18,79402.4766
2019-11-19,79216.7188
2019-11-20,76802.1641
2019-11-21,75130.5234
2019-11-22,75873.4609
2019-11-25,75873.4609
2019-11-26,76430.6875
2019-11-27,76802.1641
2019-11-28,76895.0312
2019-11-29,75130.5234
2019-12-02,74759.0547
2019-12-03,73087.4219
2019-12-04,72158.7500
2019-12-05,73180.2969
2019-12-06,74851.9219
2019-12-09,74944.7969
2019-12-10,74944.7969
2019-12-11,74851.9219
2019-12-12,77452.2344
2019-12-13,81631.3438
2019-12-16,82281.3906
2019-12-17,86181.8750
2019-12-18,86367.6172
2019-12-19,86924.8047
2019-12-20,88224.9766
2019-12-23,87853.5156
2019-12-24,87110.5547
2019-12-26,88039.2422
2019-12-27,90104.1094
2019-12-30,88320.8125
2020-01-02,88883.9609
2020-01-03,88696.2578
2020-01-06,88508.5625
2020-01-07,88226.9609
2020-01-08,91418.1562
2020-01-09,92919.8750
2020-01-10,92826.0312
2020-01-13,94327.7578
2020-01-14,94327.7578
2020-01-15,92169.0078
2020-01-16,93107.6016
2020-01-17,92919.8750
2020-01-20,93764.6016
2020-01-21,93201.4453
2020-01-22,94797.0625
2020-01-23,92638.2969
2020-01-28,90385.7188
2020-01-29,91887.4375
2020-01-30,88226.9609
2020-01-31,87757.6641
2020-02-03,88883.9609
2020-02-04,91136.5547
2020-02-05,91699.7188
2020-02-06,94327.7578
2020-02-07,93201.4453
2020-02-10,92732.1562
2020-02-11,93670.7500
2020-02-12,93858.4688
2020-02-13,95735.6562
2020-02-14,98082.0938
2020-02-17,98551.3828
2020-02-18,95735.6562
2020-02-19,97143.5312
2020-02-20,97612.8047
2020-02-21,96674.2422
2020-02-24,93389.1797
2020-02-25,91981.3047
2020-02-26,88790.1250
2020-02-27,87100.6562
2020-02-28,82501.6016
2020-03-02,86443.6484
2020-03-03,87100.6562
2020-03-04,88508.5625
2020-03-05,89071.6797
2020-03-06,86912.9531
2020-03-09,86912.9531
2020-03-10,83627.8984
2020-03-11,80248.9922
2020-03-12,77714.8047
2020-03-13,77433.2344
2020-03-16,75649.9219
2020-03-17,75462.2031
2020-03-18,68610.5234
2020-03-19,64762.3359
2020-03-20,70206.1328
2020-03-23,65137.7695
2020-03-24,73866.6172
2020-03-25,79310.3984
2020-03-26,75743.7812
2020-03-27,78184.1016
2020-03-30,78559.5312
2020-03-31,78184.1016
2020-04-01,73585.0312
2020-04-02,75086.7578
2020-04-03,74711.3438
2020-04-06,77996.3828
2020-04-07,80530.5469
2020-04-08,79310.3984
2020-04-09,79779.6953
2020-04-10,78934.9688
2020-04-13,76400.7891
2020-04-14,77245.5156
2020-04-16,76306.9297
2020-04-17,78934.9688
2020-04-20,76963.9453
2020-04-21,76306.9297
2020-04-22,78747.2656
2020-04-23,77527.1016
2020-04-24,76400.7891
2020-04-27,77527.1016
2020-04-28,78277.9453
2020-04-29,78559.5312
2020-05-04,76025.3750
2020-05-06,77339.3672
2020-05-07,77339.3672
2020-05-08,79779.6953
2020-05-11,79310.3984
2020-05-12,80436.7031
2020-05-13,78465.6797
2020-05-14,75649.9219
2020-05-15,76870.0938
2020-05-18,76119.2266
2020-05-19,77620.9609
2020-05-20,78934.9688
2020-05-21,78277.9453
2020-05-22,76306.9297
2020-05-25,76400.7891
2020-05-26,76870.0938
2020-05-27,76400.7891
2020-05-28,78747.2656
2020-05-29,76494.6641
2020-06-01,78465.6797
2020-06-02,78184.1016
2020-06-03,83252.4531
2020-06-04,82313.8828
2020-06-05,84848.0391
2020-06-08,85411.1953
2020-06-09,84284.8984
2020-06-10,85223.4844
2020-06-11,83064.7422
2020-06-12,79967.4062
2020-06-15,76963.9453
2020-06-16,80155.1250
2020-06-17,81469.1562
2020-06-18,80905.9922
2020-06-19,80155.1250
2020-06-22,79685.8438
2020-06-23,78934.9688
2020-06-24,80718.2891
2020-06-25,79122.6797
2020-06-26,79404.2578
2020-06-29,78465.6797
2020-06-30,79873.5625
2020-07-01,80061.2578
2020-07-02,79216.5312
2020-07-03,80155.1250
2020-07-06,80718.2891
2020-07-07,79591.9688
2020-07-08,78559.5312
2020-07-09,77902.5391
2020-07-10,77714.8047
2020-07-13,77902.5391
2020-07-14,77808.6719
2020-07-15,77902.5391
2020-07-16,77620.9609
2020-07-17,77808.6719
2020-07-20,77151.6484
2020-07-21,78934.9688
2020-07-22,78090.2344
2020-07-23,77339.3672
2020-07-24,78559.5312
2020-07-27,77714.8047
2020-07-28,77996.3828
2020-07-29,78090.2344
2020-07-30,80061.2578
2020-07-31,77714.8047
2020-08-03,76776.2344
2020-08-04,76588.5000
2020-08-05,75743.7812
2020-08-06,76119.2266
2020-08-07,75649.9219
2020-08-10,76400.7891
2020-08-11,76306.9297
2020-08-12,76025.3750
2020-08-13,75743.7812
2020-08-14,75274.5000
2020-08-18,73303.4609
2020-08-19,70393.8516
2020-08-20,67390.3750
2020-08-21,69924.5469
2020-08-24,70863.1328
2020-08-25,72271.0312
2020-08-26,73960.4766
2020-08-27,74242.0312
2020-08-28,73021.8750
2020-08-31,70487.7031
2020-09-01,70581.5703
2020-09-02,70863.1328
2020-09-03,73866.6172
2020-09-04,73866.6172
2020-09-07,73585.0312
2020-09-08,74523.6094
2020-09-09,72552.5938
2020-09-10,71895.5625
2020-09-11,73585.0312
2020-09-14,75086.7578
2020-09-15,76870.0938
2020-09-16,76494.6641
2020-09-17,77151.6484
2020-09-18,78559.5312
2020-09-21,79310.3984
2020-09-22,76306.9297
2020-09-23,78465.6797
2020-09-24,79122.6797
2020-09-25,77808.6719
2020-09-28,77433.2344
2020-09-29,78841.1016
2020-10-05,78090.2344
2020-10-06,77902.5391
2020-10-07,78277.9453
2020-10-08,77808.6719
2020-10-12,80248.9922
2020-10-13,82783.1875
2020-10-14,81187.5781
2020-10-15,81750.7188
2020-10-16,80061.2578
2020-10-19,81375.2812
2020-10-20,79967.4062
2020-10-21,78653.4062
2020-10-22,78184.1016
2020-10-23,78747.2656
2020-10-26,78090.2344
2020-10-27,77527.1016
2020-10-28,77808.6719
2020-10-29,76682.3672
2020-10-30,74992.9219
2020-11-02,74711.3438
2020-11-03,76400.7891
2020-11-04,78090.2344
2020-11-05,80812.1562
2020-11-06,80999.8594
2020-11-09,80718.2891
2020-11-10,81187.5781
2020-11-11,81656.8594
2020-11-12,82689.3047
2020-11-13,84191.0469
2020-11-16,91981.3047
2020-11-17,92075.1406
2020-11-18,91981.3047
2020-11-19,92169.0078
2020-11-20,90854.9922
2020-11-23,93858.4688
2020-11-24,92544.4531
2020-11-25,91230.4297
2020-11-26,93295.3125
2020-11-27,92732.1562
2020-11-30,91512.0000
2020-12-01,94327.7578
2020-12-02,102305.7344
2020-12-03,104652.1953
2020-12-04,107937.2344
2020-12-07,110752.9922
2020-12-08,107937.2344
2020-12-09,113099.4531
2020-12-10,109345.1172
2020-12-11,108406.5312
2020-12-14,109814.3984
2020-12-15,110283.6875
2020-12-16,110283.6875
2020-12-17,112160.8516
2020-12-18,111222.2891
2020-12-21,108875.8203
2020-12-22,105590.7578
2020-12-23,108875.8203
2020-12-24,110752.9922
2020-12-28,108406.5312
2020-12-29,109990.0000
2020-12-30,112360.4844
2021-01-04,119471.9062
2021-01-05,123738.7422
2021-01-06,124212.8516
2021-01-07,127531.5391
2021-01-08,130850.1875
2021-01-11,126109.2188
2021-01-12,122316.4609
2021-01-13,126109.2188
2021-01-14,123738.7422
2021-01-15,120894.1719
2021-01-18,123264.6562
2021-01-19,123738.7422
2021-01-20,123738.7422
2021-01-21,124686.9375
2021-01-22,121842.3828
2021-01-25,128005.6094
2021-01-26,122316.4609
2021-01-27,121842.3828
2021-01-28,116627.3203
2021-01-29,116153.2344
2021-02-01,118523.7031
2021-02-02,123264.6562
2021-02-03,123264.6562
2021-02-04,118523.7031
2021-02-05,120894.1719
2021-02-08,118523.7031
2021-02-09,118997.8125
2021-02-10,119471.9062
2021-02-15,125161.0547
2021-02-16,125635.1406
2021-02-17,123264.6562
2021-02-18,119471.9062
2021-02-19,126109.2188
2021-02-22,129427.8984
2021-02-23,131324.2812
2021-02-24,128953.7969
2021-02-25,140806.1562
2021-02-26,134168.8281
2021-03-02,137013.3906
2021-03-03,139383.8906
2021-03-04,134642.9219
2021-03-05,132746.5625
2021-03-08,128479.7109
2021-03-09,129427.8984
2021-03-10,126109.2188
2021-03-11,129901.9844
2021-03-12,132746.5625
2021-03-15,129427.8984
2021-03-16,133220.6875
2021-03-17,132746.5625
2021-03-18,134642.9219
2021-03-19,130850.1875
2021-03-22,130850.1875
2021-03-23,128005.6094
2021-03-24,126583.3438
2021-03-25,126109.2188
2021-03-26,128005.6094
2021-03-29,125161.0547
2021-03-30,127531.5391
2021-03-31,125635.1406
2021-04-01,133220.6875
2021-04-02,133694.7500
2021-04-05,135591.1406
2021-04-06,135591.1406
2021-04-07,136065.2031
2021-04-08,136539.3125
2021-04-09,132746.5625
2021-04-12,130376.0625
2021-04-13,132272.4531
2021-04-14,129901.9844
2021-04-15,130376.0625
2021-04-16,130376.0625
2021-04-19,130850.1875
2021-04-20,131324.2812
2021-04-21,125635.1406
2021-04-22,126109.2188
2021-04-23,125635.1406
2021-04-26,124686.9375
2021-04-27,128005.6094
2021-04-28,123264.6562
2021-04-29,123264.6562
2021-04-30,121368.2734
2021-05-03,124686.9375
2021-05-04,125161.0547
2021-05-06,122316.4609
2021-05-07,122790.5625
2021-05-10,123264.6562
2021-05-11,116627.3203
2021-05-12,113308.6562
2021-05-13,111412.2812
2021-05-14,112360.4844
2021-05-17,111412.2812
2021-05-18,114730.9531
2021-05-20,116153.2344
2021-05-21,116153.2344
2021-05-24,113308.6562
2021-05-25,116627.3203
2021-05-26,116627.3203
2021-05-27,118997.8125
2021-05-28,118523.7031
2021-05-31,120420.0859
2021-06-01,121842.3828
2021-06-02,119471.9062
2021-06-03,122316.4609
2021-06-04,121842.3828
2021-06-07,121842.3828
2021-06-08,120894.1719
2021-06-09,116153.2344
2021-06-10,116627.3203
2021-06-11,121368.2734
2021-06-14,120420.0859
2021-06-15,121842.3828
2021-06-16,122790.5625
2021-06-17,119945.9922
2021-06-18,118049.6250
2021-06-21,115679.1484
2021-06-22,115679.1484
2021-06-23,117575.5312
2021-06-24,119471.9062
2021-06-25,121842.3828
2021-06-28,119471.9062
2021-06-29,118523.7031
2021-06-30,120894.1719
2021-07-01,118049.6250
2021-07-02,116153.2344
2021-07-05,116627.3203
2021-07-06,118523.7031
2021-07-07,117101.4453
2021-07-08,115205.0625
2021-07-09,113308.6562
2021-07-12,113782.7656
2021-07-13,116627.3203
2021-07-14,117101.4453
2021-07-15,117101.4453
2021-07-16,115205.0625
2021-07-19,112834.5859
2021-07-20,112360.4844
2021-07-21,110938.1875
2021-07-22,113308.6562
2021-07-23,112360.4844
2021-07-26,110938.1875
2021-07-27,109990.0000
2021-07-28,108093.6250
2021-07-29,108093.6250
2021-07-30,106671.3203
2021-08-02,109990.0000
2021-08-03,113782.7656
2021-08-04,114730.9531
2021-08-05,113782.7656
2021-08-06,111886.3906
2021-08-09,109990.0000
2021-08-10,106671.3203
2021-08-11,100034.0156
2021-08-12,95293.0703
2021-08-13,96241.2500
2021-08-17,96241.2500
2021-08-18,98611.7344
2021-08-19,97189.4375
2021-08-20,97189.4375
2021-08-23,97663.5625
2021-08-24,99559.9062
2021-08-25,98137.6484
2021-08-26,98611.7344
2021-08-27,98137.6484
2021-08-30,98137.6484
2021-08-31,100982.2031
2021-09-01,102404.5078
2021-09-02,100982.2031
2021-09-03,101456.3047
2021-09-06,100508.1172
2021-09-07,99085.8203
2021-09-08,100508.1172
2021-09-09,97663.5625
2021-09-10,99559.9062
2021-09-13,100982.2031
2021-09-14,101930.3750
2021-09-15,101930.3750
2021-09-16,98611.7344
2021-09-17,101456.3047
2021-09-23,100034.0156
2021-09-24,98611.7344
2021-09-27,99085.8203
2021-09-28,98137.6484
2021-09-29,94818.9609
2021-09-30,97663.5625
2021-10-01,94818.9609
2021-10-05,92827.7734
2021-10-06,91500.3047
2021-10-07,90741.7656
2021-10-08,89129.8359
2021-10-12,86759.3672
2021-10-13,87233.4453
2021-10-14,88940.2031
2021-10-15,93301.8672
2021-10-18,92069.2031
2021-10-19,92638.1250
2021-10-20,92827.7734
2021-10-21,91310.6875
2021-10-22,93396.6875
2021-10-25,94818.9609
2021-10-26,96715.3594
2021-10-27,96241.2500
2021-10-28,100982.2031
2021-10-29,97663.5625
2021-11-01,100982.2031
2021-11-02,101930.3750
2021-11-03,100034.0156
2021-11-04,100508.1172
2021-11-05,101456.3047
2021-11-08,101930.3750
2021-11-09,103352.6797
2021-11-10,102878.5703
2021-11-11,101930.3750
2021-11-12,100982.2031
2021-11-15,105249.0703
2021-11-16,106197.2422
2021-11-17,104774.9688
2021-11-18,104300.8594
2021-11-19,105723.1641
2021-11-22,113308.6562
2021-11-23,112834.5859
2021-11-24,113308.6562
2021-11-25,111412.2812
2021-11-26,109515.9062
2021-11-29,109990.0000
2021-11-30,108093.6250
2021-12-01,110464.1172
2021-12-02,113782.7656
2021-12-03,111886.3906
2021-12-06,112360.4844
2021-12-07,115205.0625
2021-12-08,113782.7656
2021-12-09,117101.4453
2021-12-10,114256.8594
2021-12-13,115205.0625
2021-12-14,114730.9531
2021-12-15,117101.4453
2021-12-16,117575.5312
2021-12-17,115679.1484
2021-12-20,114256.8594
2021-12-21,118049.6250
2021-12-22,120420.0859
2021-12-23,120894.1719
2021-12-24,121368.2734
2021-12-27,119471.9062
2021-12-28,120894.1719
2021-12-29,121892.3516
2021-12-30,125731.4844
2022-01-04,123332.0391
2022-01-05,120452.6797
2022-01-06,119972.7891
2022-01-07,121892.3516
2022-01-10,119492.8984
2022-01-11,122852.1250
2022-01-12,123332.0391
2022-01-13,124291.8047
2022-01-14,123332.0391
2022-01-17,121892.3516
2022-01-18,121412.4766
2022-01-19,121892.3516
2022-01-20,119972.7891
2022-01-21,114214.1172
2022-01-24,114214.1172
2022-01-25,113254.3203
2022-01-26,113254.3203
2022-01-27,108935.2969
2022-01-28,115653.7656
2022-02-03,119013.0078
2022-02-04,119492.8984
2022-02-07,118053.2109
2022-02-08,118053.2109
2022-02-09,118053.2109
2022-02-10,124291.8047
2022-02-11,126691.2734
2022-02-14,127171.1484
2022-02-15,121892.3516
2022-02-16,125251.6016
2022-02-17,127651.0469
2022-02-18,126211.3828
2022-02-21,126211.3828
2022-02-22,126211.3828
2022-02-23,126211.3828
2022-02-24,117573.3438
2022-02-25,118053.2109
2022-02-28,118053.2109
2022-03-02,119972.7891
2022-03-03,123811.9375
2022-03-04,123811.9375
2022-03-07,114693.9844
2022-03-08,113254.3203
2022-03-10,113254.3203
2022-03-11,113254.3203
2022-03-14,111334.7500
2022-03-15,111334.7500
2022-03-16,111334.7500
2022-03-17,111334.7500
2022-03-18,119013.0078
2022-03-21,119013.0078
2022-03-22,118533.1172
2022-03-23,118533.1172
2022-03-24,115653.7656
2022-03-25,113254.3203
2022-03-28,113254.3203
2022-03-29,115173.8828
2022-03-30,116424.7344
2022-03-31,113538.1641
2022-04-01,111613.7891
2022-04-04,112575.9766
2022-04-05,112094.8750
2022-04-06,108727.2031
2022-04-07,109208.3203
2022-04-08,107765.0469
2022-04-11,107283.9531
2022-04-12,106802.8438
2022-04-13,108727.2031
2022-04-14,105840.6484
2022-04-15,103916.2891
2022-04-18,104878.4766
2022-04-19,108246.1328
2022-04-20,108246.1328
2022-04-21,108727.2031
2022-04-22,106321.7578
2022-04-25,103916.2891
2022-04-26,106802.8438
2022-04-27,104397.3750
2022-04-28,105359.5625
2022-04-29,108246.1328
2022-05-02,106321.7578
2022-05-03,105840.6484
2022-05-04,105359.5625
2022-05-06,103435.1875
2022-05-10,105840.6484
2022-05-11,106321.7578
2022-05-12,104878.4766
2022-05-13,108246.1328
2022-05-16,106321.7578
2022-05-17,108246.1328
2022-05-18,109208.3203
2022-05-19,106802.8438
2022-05-20,108246.1328
2022-05-23,108727.2031
2022-05-24,104397.3750
2022-05-25,103916.2891
2022-05-26,99105.3438
2022-05-27,101991.9141
2022-05-30,102954.1016
2022-05-31,103916.2891
2022-06-02,102954.1016
2022-06-03,102954.1016
2022-06-07,100067.5312
2022-06-08,101991.9141
2022-06-09,101510.8125
2022-06-10,99586.4375
2022-06-13,95256.6016
2022-06-14,95352.8047
2022-06-15,94198.1875
2022-06-16,93717.0859
2022-06-17,92754.9141
2022-06-20,90926.7422
2022-06-21,91600.2812
2022-06-22,88713.7109
2022-06-23,86789.3359
2022-06-24,88136.4062
2022-06-27,91407.8438
2022-06-28,91696.5000
2022-06-29,90731.2656
2022-06-30,87835.5938
2022-07-01,84457.2969
2022-07-04,86001.6641
2022-07-05,89283.4453
2022-07-06,88897.3438
2022-07-07,90634.7578
2022-07-08,91503.4688
2022-07-11,90441.6953
2022-07-12,90055.6094
2022-07-13,90731.2656
2022-07-14,90731.2656
2022-07-15,95267.8359
2022-07-18,97487.8438
2022-07-19,96522.6328
2022-07-20,98453.0859
2022-07-21,98935.6953
2022-07-22,96522.6328
2022-07-25,96522.6328
2022-07-26,97005.2344
2022-07-27,96522.6328
2022-07-28,95943.4922
2022-07-29,94495.6562
2022-08-01,93723.4688
2022-08-02,93144.3438
2022-08-03,94109.5625
2022-08-04,94109.5625
2022-08-05,95074.7969
2022-08-08,92951.2812
2022-08-09,91793.0156
2022-08-10,88607.7656
2022-08-11,90055.6094
2022-08-12,90055.6094
2022-08-16,93337.3906
2022-08-17,93723.4688
2022-08-18,92372.1641
2022-08-19,93047.8125
2022-08-22,91889.5469
2022-08-23,90345.1797
2022-08-24,89959.0781
2022-08-25,90827.7891
2022-08-26,91793.0156
2022-08-29,89283.4453
2022-08-30,89959.0781
2022-08-31,91889.5469
2022-09-01,89186.9141
2022-09-02,88511.2578
2022-09-05,87932.1328
2022-09-06,88607.7656
2022-09-07,87256.4609
2022-09-08,87256.4609
2022-09-13,91503.4688
2022-09-14,89766.0469
2022-09-15,88800.8203
2022-09-16,88028.6406
2022-09-19,86870.3750
2022-09-20,84939.9062
2022-09-21,84939.9062
2022-09-22,83009.4688
2022-09-23,80596.3906
2022-09-26,79631.1719
2022-09-27,79148.5625
2022-09-28,78376.3672
2022-09-29,78279.5156
2022-09-30,80507.7578
2022-10-04,83511.0469
2022-10-05,86998.7422
2022-10-06,87095.6250
2022-10-07,88355.0703
2022-10-11,87386.2734
2022-10-12,91067.7266
2022-10-13,91939.6406
2022-10-14,92520.9453
2022-10-17,92230.3047
2022-10-18,92811.5859
2022-10-19,90002.0469
2022-10-20,87386.2734
2022-10-21,87676.9141
2022-10-24,88936.3516
2022-10-25,90583.3281
2022-10-26,90970.8516
2022-10-27,87192.5078
2022-10-28,80798.3984
2022-10-31,80120.2266
2022-11-01,81282.7891
2022-11-02,81864.0781
2022-11-03,80120.2266
2022-11-04,81864.0781
2022-11-07,83801.6875
2022-11-08,84964.2578
2022-11-09,86417.4609
2022-11-10,86320.6016
2022-11-11,90583.3281
2022-11-14,88064.4297
2022-11-15,88742.5859
2022-11-16,88645.7109
2022-11-17,84964.2578
2022-11-18,85642.4141
2022-11-21,83607.9219
2022-11-22,82542.2422
2022-11-23,82542.2422
2022-11-24,84189.2109
2022-11-25,82445.3750
2022-11-28,80507.7578
2022-11-29,81089.0391
2022-11-30,82348.4766
2022-12-01,82057.8281
2022-12-02,79345.1797
2022-12-05,78473.2500
2022-12-06,78473.2500
2022-12-07,76438.7812
2022-12-08,76341.8906
2022-12-09,78957.6641
2022-12-12,78570.1328
2022-12-13,79732.6875
2022-12-14,79248.3047
2022-12-15,77698.2109
2022-12-16,75954.3516
2022-12-19,76535.6328
2022-12-20,75857.4766
2022-12-21,75566.8359
2022-12-22,76729.4062
2022-12-23,75373.0781
2022-12-26,74598.0391
2022-12-27,74598.0391
2022-12-28,73917.2109
2022-12-29,72944.6328
2023-01-02,73625.4375
2023-01-03,73528.1797
2023-01-04,78780.1875
2023-01-05,79169.2188
2023-01-06,80822.6484
2023-01-09,83643.1719
2023-01-10,84129.4688
2023-01-11,84907.5469
2023-01-12,84421.2422
2023-01-13,83351.3906
2023-01-16,83448.6406
2023-01-17,83643.1719
2023-01-18,82767.8438
2023-01-19,83156.8750
2023-01-20,85199.3125
2023-01-25,88895.1875
2023-01-26,88895.1875
2023-01-27,88992.4375
2023-01-30,88214.3594
2023-01-31,86074.6562
2023-02-01,88895.1875
2023-02-02,88895.1875
2023-02-03,89673.2422
2023-02-06,86658.2266
2023-02-07,88311.6250
2023-02-08,92299.2500
2023-02-09,92299.2500
2023-02-10,90937.6328
2023-02-13,88117.1016
2023-02-14,90840.3828
2023-02-15,89186.9609
2023-02-16,90354.0859
2023-02-17,89478.7422
2023-02-20,89965.0391
2023-02-21,88700.6562
2023-02-22,86658.2266
2023-02-23,90159.5469
2023-02-24,88506.1484
2023-02-27,87533.5469
2023-02-28,86949.9922
2023-03-02,85685.6094
2023-03-03,84907.5469
2023-03-06,87241.7812
2023-03-07,86463.6875
2023-03-08,84421.2422
2023-03-09,83254.1328
2023-03-10,81017.1641
2023-03-13,81989.7500
2023-03-14,78877.4531
2023-03-15,76932.2656
2023-03-16,76834.9922
2023-03-17,81697.9766
2023-03-20,81406.2031
2023-03-21,81308.9453
2023-03-22,84518.5078
2023-03-23,86074.6562
2023-03-24,84907.5469
2023-03-27,83156.8750
2023-03-28,85977.3906
2023-03-29,84518.5078
2023-03-30,86665.6172
2023-03-31,86470.4453
2023-04-03,85104.0781
2023-04-04,82468.9844
2023-04-05,82566.5938
2023-04-06,81785.8203
2023-04-07,86958.4141
2023-04-10,88519.9609
2023-04-11,89593.5078
2023-04-12,88129.5703
2023-04-13,86568.0234
2023-04-14,87153.6172
2023-04-17,86372.8438
2023-04-18,85494.4688
2023-04-19,86080.0547
2023-04-20,85592.0703
2023-04-21,86958.4141
2023-04-24,85104.0781
2023-04-25,83444.9297
2023-04-26,85299.2656
2023-04-27,86665.6172
2023-04-28,87348.8047
2023-05-02,88031.9688
2023-05-03,87641.5859
2023-05-04,86568.0234
2023-05-08,86568.0234
2023-05-09,85201.7031
2023-05-10,84811.3047
2023-05-11,84225.7109
2023-05-12,85104.0781
2023-05-15,84323.3203
2023-05-16,88227.1719
2023-05-17,89691.1172
2023-05-18,91350.2422
2023-05-19,94961.3125
2023-05-22,95839.6953
2023-05-23,95546.8906
2023-05-24,95351.7109
2023-05-25,101012.3125
2023-05-26,106575.3047
2023-05-30,107648.8594
2023-05-31,105989.7109
2023-06-01,107648.8594
2023-06-02,107648.8594
2023-06-05,106087.3203
2023-06-07,105404.1484
2023-06-08,107063.2734
2023-06-09,112626.2812
2023-06-12,112040.7031
2023-06-13,116627.7188
2023-06-14,115944.5547
2023-06-15,116139.7500
2023-06-16,116042.1484
2023-06-19,112040.7031
2023-06-20,113309.4609
2023-06-21,112333.4766
2023-06-22,111259.9219
2023-06-23,110869.5391
2023-06-26,110771.9375
2023-06-27,110283.9609
2023-06-28,111552.7109
2023-06-29,113705.4844
2023-06-30,112726.9531
2023-07-03,115075.4375
2023-07-04,115368.9922
2023-07-05,114194.7500
2023-07-06,111357.0078
2023-07-07,109399.9531
2023-07-10,107932.1406
2023-07-11,110965.5859
2023-07-12,112922.6562
2023-07-13,111650.5703
2023-07-14,115466.8516
2023-07-17,114684.0156
2023-07-18,115271.1250
2023-07-19,114977.5859
2023-07-20,114390.4453
2023-07-21,112629.0938
2023-07-24,111552.7109
2023-07-25,110965.5859
2023-07-26,110574.1875
2023-07-27,121338.0469
2023-07-28,125252.1719
2023-07-31,120750.9141
2023-08-01,122414.4375
2023-08-02,116934.6406
2023-08-03,117423.9141
2023-08-04,117521.7656
2023-08-07,119283.1250
2023-08-08,116053.9609
2023-08-09,115956.1172
2023-08-10,115956.1172
2023-08-11,112824.8125
2023-08-14,112433.3828
2023-08-16,113314.0859
2023-08-17,112335.5469
2023-08-18,114684.0156
2023-08-21,113901.1875
2023-08-22,113999.0312
2023-08-23,113509.7812
2023-08-24,118304.5859
2023-08-25,113999.0312
2023-08-28,113411.9219
2023-08-29,116053.9609
2023-08-30,116836.7812
2023-08-31,119185.2656
2023-09-01,117423.9141
2023-09-04,116641.0859
2023-09-05,116836.7812
2023-09-06,115662.5469
2023-09-07,115956.1172
2023-09-08,111259.1562
2023-09-11,113411.9219
2023-09-12,114194.7500
2023-09-13,115956.1172
2023-09-14,119576.6797
2023-09-15,119772.3984
2023-09-18,116445.3906
2023-09-19,116641.0859
2023-09-20,115466.8516
2023-09-21,113999.0312
2023-09-22,114781.8672
2023-09-25,114488.3125
2023-09-26,112820.5391
2023-09-27,112526.2109
2023-10-04,113212.9609
2023-10-05,117921.9922
2023-10-06,118118.1953
2023-10-10,117235.2422
2023-10-11,116940.9375
2023-10-12,121846.1797
2023-10-13,122336.7031
2023-10-16,121748.0781
2023-10-17,127536.2656
2023-10-18,127536.2656
2023-10-19,123317.7500
2023-10-20,123808.2812
2023-10-23,121649.9766
2023-10-24,124396.9219
2023-10-25,125083.6250
2023-10-26,117725.7734
2023-10-27,116842.8203
2023-10-30,116842.8203
2023-10-31,114095.8984
2023-11-01,118020.1016
2023-11-02,122925.3281
2023-11-03,123415.8594
2023-11-06,130479.3906
2023-11-07,127928.6719
2023-11-08,125181.7344
2023-11-09,125574.1562
2023-11-10,128026.7734
2023-11-13,129302.1406
2023-11-14,127536.2656
2023-11-15,131558.5312
2023-11-16,129792.6641
2023-11-17,127438.1484
2023-11-20,128909.7266
2023-11-21,129498.3516
2023-11-22,128811.6250
2023-11-23,127634.3438
2023-11-24,125574.1562
2023-11-27,128222.9922
2023-11-28,128909.7266
2023-11-29,127928.6719
2023-11-30,131362.3594
2023-12-01,130087.0000
2023-12-04,128615.4062
2023-12-05,123513.9609
2023-12-06,123219.6562
2023-12-07,123219.6562
2023-12-08,125083.6250
2023-12-11,126457.1016
2023-12-12,128517.3047
2023-12-13,128713.5234
2023-12-14,134109.2812
2023-12-15,137346.7344
2023-12-18,137346.7344
2023-12-19,135580.8594
2023-12-20,137837.2656
2023-12-21,137837.2656
2023-12-22,137935.3750
2023-12-26,138229.6719
2023-12-27,138033.0781
2023-12-28,139114.5312
2024-01-02,139999.3281
2024-01-03,134493.7500
2024-01-04,134100.4844
2024-01-05,135181.9375
2024-01-08,133707.2500
2024-01-09,135083.6094
2024-01-10,131249.3594
2024-01-11,133707.2500
2024-01-12,131839.2344
2024-01-15,131839.2344
2024-01-16,129872.9844
2024-01-17,128791.5312
2024-01-18,133903.8594
2024-01-19,138917.9062
2024-01-22,140195.9688
2024-01-23,138426.3281
2024-01-24,139114.5312
2024-01-25,135083.6094
2024-01-26,133707.2500
2024-01-29,132724.0938
2024-01-30,134592.0781
2024-01-31,132429.1406
2024-02-01,130462.8828
2024-02-02,132625.7812
2024-02-05,130069.6094
2024-02-06,135673.5156
2024-02-07,135673.5156
2024-02-08,140392.6094
2024-02-13,147471.2188
2024-02-14,146193.1406
2024-02-15,146389.7656
2024-02-16,144325.1719
2024-02-19,148749.3125
2024-02-20,147077.9531
2024-02-21,146488.0625
2024-02-22,153861.6406
2024-02-23,158679.0312
2024-02-26,159072.3125
2024-02-27,151207.1562
2024-02-28,155336.3438
2024-02-29,153566.6875
2024-03-04,163693.0312
2024-03-05,163004.8594
2024-03-06,160153.7500
2024-03-07,162120.0156
2024-03-08,169002.0312
2024-03-11,163791.3594
2024-03-12,162906.5469
2024-03-13,160841.9375
2024-03-14,159170.6094
2024-03-15,158482.4219
2024-03-18,161530.1250
2024-03-19,157499.2500
2024-03-20,153861.6406
2024-03-21,167134.0469
2024-03-22,166937.3906
2024-03-25,166544.1719
2024-03-26,173622.7656
2024-03-27,178145.2344
2024-03-28,175486.3438
2024-03-29,180213.2656
2024-04-01,182675.1719
2024-04-02,183463.0000
2024-04-03,176471.1250
2024-04-04,185137.1250
2024-04-05,180016.2969
2024-04-08,178440.6562
2024-04-09,180114.7812
2024-04-11,185531.0156
2024-04-12,184546.2500
2024-04-15,185334.0938
2024-04-16,176372.6562
2024-04-17,175978.7031
2024-04-18,179523.9375
2024-04-19,170660.9688
2024-04-22,168986.8594
2024-04-23,168395.9844
2024-04-24,177062.0000
2024-04-25,168002.0938
2024-04-26,175092.4375
2024-04-29,173221.3906
2024-04-30,171547.2656
2024-05-02,170956.4062
2024-05-03,170562.4844
2024-05-07,176865.0312
2024-05-08,175289.4062
2024-05-09,172729.0000
2024-05-10,177160.4688
2024-05-13,181001.0938
2024-05-14,182478.2344
2024-05-16,190060.9844
2024-05-17,187008.1562
2024-05-20,187205.1250
2024-05-21,189076.2031
2024-05-22,194689.4062
2024-05-23,196954.3750
2024-05-24,195575.6719
2024-05-27,198431.5312
2024-05-28,199416.2969
2024-05-29,199416.2969
2024-05-30,192719.8438
2024-05-31,186318.8281
2024-06-03,191242.6562
2024-06-04,190356.4062
2024-06-05,190750.3125
2024-06-07,204340.1562
2024-06-10,204832.5312
2024-06-11,209264.0312
2024-06-12,211725.9531
2024-06-13,218619.3281
2024-06-14,217634.5781
2024-06-17,219604.1406
2024-06-18,230929.0156
2024-06-19,229944.2188
2024-06-20,233883.3125
2024-06-21,230436.6094
2024-06-24,219604.1406
2024-06-25,221573.6562
2024-06-26,233390.9375
2024-06-27,233193.7344
2024-06-28,233193.7344
2024-07-01,232207.7031
2024-07-02,228756.6562
2024-07-03,232700.7344
2024-07-04,226784.5938
2024-07-05,232700.7344
2024-07-08,230235.6875
2024-07-09,235165.7656
2024-07-10,235658.7812
2024-07-11,237630.8125
2024-07-12,229742.6562
2024-07-15,226784.5938
2024-07-16,229742.6562
2024-07-17,217417.4062
2024-07-18,209529.2500
2024-07-19,206571.1875
2024-07-22,202134.1094
2024-07-23,202134.1094
2024-07-24,205585.1719
2024-07-25,187343.7969
2024-07-26,189118.6250
2024-07-29,192865.5156
2024-07-30,186259.1719
2024-07-31,191879.4844
2024-08-01,190597.6719
2024-08-02,170778.6562
2024-08-05,153917.6875
2024-08-06,161411.4688
2024-08-07,166933.1719
2024-08-08,161115.6562
2024-08-09,169102.4375
2024-08-12,174525.5312
2024-08-13,179357.0312
2024-08-14,184089.9375
2024-08-16,196908.1875
2024-08-19,191189.2812
2024-08-20,196908.1875
2024-08-21,189907.4531
2024-08-22,188428.4219
2024-08-23,182906.7188
2024-08-26,177089.1875
2024-08-27,172553.5000
2024-08-28,176793.3906
2024-08-29,167327.5938
2024-08-30,171271.6562
2024-09-02,171567.4844
2024-09-03,165947.1719
2024-09-04,152635.8906
2024-09-05,157171.5781
2024-09-06,154213.5156
2024-09-09,154805.1562
2024-09-10,153326.0938
2024-09-11,155002.3438
2024-09-12,166440.1875
2024-09-13,160524.0625
2024-09-19,150663.8594
2024-09-20,154903.7344
2024-09-23,159735.2188
2024-09-24,161214.2656
2024-09-25,162989.1094
2024-09-26,178371.0156
2024-09-27,181531.5156
2024-09-30,172445.0938
2024-10-02,167012.9688
2024-10-04,171951.2344
2024-10-07,182617.9531
2024-10-08,175803.0938
2024-10-10,184395.7344
2024-10-11,183704.3906
2024-10-14,183704.3906
2024-10-15,190519.2188
2024-10-16,186371.0469
2024-10-17,193580.9531
2024-10-18,184988.3438
2024-10-21,188543.9062
2024-10-22,185482.1562
2024-10-23,193580.9531
2024-10-24,195753.7969
2024-10-25,198519.2344
2024-10-28,193580.9531
2024-10-29,187951.3125
2024-10-30,192593.2812
2024-10-31,184000.6719
2024-11-01,179951.2656
2024-11-04,191605.6250
2024-11-05,190815.5156
2024-11-06,193383.4219
2024-11-07,193383.4219
2024-11-08,198025.4062
2024-11-11,190222.9219
2024-11-12,183506.8438
2024-11-13,180642.6250
2024-11-14,170864.8125
2024-11-15,176000.6406
2024-11-18,169580.8750
2024-11-19,168494.4375
2024-11-20,168494.4375
2024-11-21,166716.6719
2024-11-22,174519.1406
2024-11-25,174815.4531
2024-11-26,174914.2031
2024-11-27,166222.8125
2024-11-28,159111.6875
2024-11-29,157926.5000
2024-12-02,156840.0781
2024-12-03,162864.7969
2024-12-04,165926.5000
2024-12-05,170864.8125
2024-12-06,165037.6406
2024-12-09,166815.4219
2024-12-10,168296.9062
2024-12-11,169679.6250
2024-12-12,173926.5781
2024-12-13,173333.9688
2024-12-16,177087.0469
2024-12-17,181729.0469
2024-12-18,181235.2344
2024-12-19,172840.1250
2024-12-20,166420.3594
2024-12-23,167506.7812
2024-12-24,166420.3594
2024-12-26,168000.6250
2024-12-27,172346.2969
2024-12-30,171753.6875
2025-01-02,169087.0312
2025-01-03,179654.9688
2025-01-06,197334.0469
2025-01-07,192593.2812
2025-01-08,192297.0000
2025-01-09,202469.8750
2025-01-10,200988.3750
2025-01-13,191901.9375
2025-01-14,192593.2812
2025-01-15,195753.7969
2025-01-16,207408.1562
2025-01-17,211852.6250
2025-01-20,209383.4688
2025-01-21,215309.4062
2025-01-22,222716.8594
2025-01-23,216790.9062
2025-01-24,218272.3906
2025-01-31,196741.4531
2025-02-03,188543.9062
2025-02-04,188741.4062
2025-02-05,196346.3906
2025-02-06,200988.3750
2025-02-07,200494.5781
2025-02-10,195655.0312
2025-02-11,197235.2812
2025-02-12,196445.1719
2025-02-13,205926.6875
2025-02-14,207408.1562
2025-02-17,209383.4688
2025-02-18,207408.1562
2025-02-19,215803.2656
2025-02-20,209383.4688
2025-02-21,206914.3281
2025-02-24,202469.8750
2025-02-25,198025.4062
2025-02-26,200494.5781
2025-02-27,198013.4062
2025-02-28,189067.0312
2025-03-04,184991.4531
2025-03-05,191949.7500
2025-03-06,191253.9375
2025-03-07,191253.9375
2025-03-10,186780.7188
2025-03-11,186681.3125
2025-03-12,197715.2188
2025-03-13,198510.4531
2025-03-14,203281.8594
2025-03-17,204772.9219
2025-03-18,201790.7969
2025-03-19,204275.8906
2025-03-20,208749.0938
2025-03-21,214216.3125
2025-03-24,210240.1562
2025-03-25,206761.0000
2025-03-26,212725.2656
2025-03-27,205766.9531
2025-03-28,198112.8281
2025-03-31,189564.0469
2025-04-01,195826.5156
2025-04-02,196721.1562
2025-04-03,193440.8281
2025-04-04,181114.6719
2025-04-07,163818.3438
2025-04-08,168490.3281
2025-04-09,164017.1406
2025-04-10,182108.7500
2025-04-11,179723.0156
2025-04-14,179126.6094
2025-04-15,179524.2188
2025-04-16,172963.5312
2025-04-17,173957.5781
2025-04-18,173957.5781
2025-04-21,175548.0312
2025-04-22,172764.7344
2025-04-23,179921.8281
2025-04-24,177237.9062
2025-04-25,183301.5781
2025-04-28,180915.9062
2025-04-29,179723.0156
2025-04-30,176442.6875
2025-05-02,184892.0625
2025-05-07,189663.4688
2025-05-08,189166.4531
2025-05-09,188967.6250
2025-05-12,193838.4375
2025-05-13,197317.5938
2025-05-14,204772.9219
2025-05-15,199305.6875
2025-05-16,203281.8594
2025-05-19,198212.2188
2025-05-20,200796.7656
2025-05-21,199305.6875
2025-05-22,195727.1250
2025-05-23,198808.6406
2025-05-26,201790.7969
2025-05-27,201293.7656
2025-05-28,206761.0000
2025-05-29,211117.7969
2025-05-30,203649.0156
2025-06-02,206636.5312
2025-06-04,216594.9062
2025-06-05,223565.7812
2025-06-09,228047.0469
2025-06-10,229540.8281
2025-06-11,239001.2812
2025-06-12,234520.0000
2025-06-13,234520.0000
2025-06-16,246967.9688
2025-06-17,247963.8281
2025-06-18,245474.2188
2025-06-19,244976.3125
2025-06-20,255930.5312
2025-06-23,258420.1250
2025-06-24,277341.0625
2025-06-25,284809.8750
2025-06-26,291780.7188
2025-06-27,282818.1562
2025-06-30,290784.9062
2025-07-01,284311.9375
2025-07-02,277838.9688
2025-07-03,277341.0625
2025-07-04,269374.3438
2025-07-07,269872.2500
2025-07-08,280826.5000
2025-07-09,279830.6875
2025-07-10,295764.0938
2025-07-11,293274.4688
2025-07-14,298751.5938
2025-07-15,297257.8125
2025-07-16,294768.2500
2025-07-17,268378.5312
2025-07-18,267880.6250
2025-07-21,271366.0312
2025-07-22,267382.6562
2025-07-23,267880.6250
2025-07-24,268378.5312
2025-07-25,264893.0625
2025-07-28,260909.7344
2025-07-29,261407.6562
2025-07-30,262403.4688
2025-07-31,272361.8750
2025-08-01,256926.3750
2025-08-04,256926.3750
2025-08-05,262403.4688
2025-08-06,257424.2969
2025-08-07,260909.7344
2025-08-08,255432.6094
2025-08-11,265888.9375
2025-08-12,267880.6250
2025-08-13,276843.1250
2025-08-14,275349.4375
2025-08-18,266386.8438
2025-08-19,261905.5781
2025-08-20,254436.7812
2025-08-21,243980.4531
2025-08-22,249955.5000
2025-08-25,258420.1250
2025-08-26,260411.8125
2025-08-27,258918.0469
2025-08-28,267768.8750
2025-08-29,268267.5312
2025-09-01,255302.9219
2025-09-02,259790.6719
2025-09-03,261785.2344
2025-09-04,264777.0625
2025-09-05,272755.2812
2025-09-08,276245.7500
2025-09-09,287215.7812
2025-09-10,303172.2500
2025-09-11,306164.0625
2025-09-12,327605.5000
2025-09-15,330098.6875
2025-09-16,347052.4062
2025-09-17,332591.9062
2025-09-18,354532.0000
2025-09-22,350044.2500
2025-09-23,360017.0312
2025-09-24,356526.5312
2025-09-25,355529.2812
2025-09-26,335583.7188
2025-09-29,348049.6875
2025-09-30,346553.7812
2025-10-01,359019.7500
2025-10-02,394423.0938
2025-10-10,426834.5625
2025-10-13,413869.9688
2025-10-14,410379.5000
2025-10-15,421349.5625
2025-10-16,451267.8750
2025-10-17,464232.4688
2025-10-20,484178.0312
2025-10-21,477695.6875
2025-10-22,480188.9062
2025-10-23,477197.0625
2025-10-24,508611.2812
2025-10-27,533543.1875
2025-10-28,519581.3438
2025-10-29,556480.5625
2025-10-30,566453.3750
2025-10-31,557477.8750
2025-11-03,618311.7500
2025-11-04,584404.3125
2025-11-05,577423.3750
2025-11-06,591385.3125
2025-11-07,578420.6875
2025-11-10,604349.8750
2025-11-11,617314.4375
2025-11-12,615319.8750
2025-11-13,610333.5625
2025-11-14,558475.1250
2025-11-17,604349.8750
2025-11-18,568447.8750
2025-11-19,560469.7500
2025-11-20,569445.2500
2025-11-21,519581.3438
2025-11-24,518584.0625
2025-11-25,517586.7812
2025-11-26,522573.1875
2025-11-27,542907.2500
2025-11-28,528935.3750
2025-12-01,536919.3125
2025-12-02,556879.1250
2025-12-03,550891.1875
2025-12-04,540911.2500
2025-12-05,542907.2500
2025-12-08,575840.9375
2025-12-09,564863.0625
2025-12-10,585820.8750
2025-12-11,563865.1250
2025-12-12,569853.0625
2025-12-15,552887.1875
2025-12-16,528935.3750
2025-12-17,549893.1875
2025-12-18,550891.1875
2025-12-19,545901.2500
2025-12-22,578834.9375
2025-12-23,582826.9375
2025-12-24,586818.8750
2025-12-26,597796.8125
2025-12-29,638714.4375
2025-12-30,649692.3750
2026-01-02,675640.0625
2026-01-05,694601.9375
2026-01-06,724541.6875
2026-01-07,740509.5000
2026-01-08,754481.4375
2026-01-09,742505.5000
2026-01-12,747495.4375
2026-01-13,736517.5625
2026-01-14,740509.5000
2026-01-15,747495.4375
2026-01-16,754481.4375
2026-01-19,762465.3125
2026-01-20,741507.5000
2026-01-21,738513.5000
2026-01-22,753483.3750
2026-01-23,765459.3125
2026-01-26,734521.5625
2026-01-27,798393.0000
2026-01-28,839310.6250
2026-01-29,859270.5000
2026-01-30,907174.0625
2026-02-02,828332.7500
2026-02-03,905178.1250
2026-02-04,898192.1250
2026-02-05,840308.6875
2026-02-06,837314.6875
2026-02-09,885218.2500
2026-02-10,874240.3750
2026-02-11,858272.4375
2026-02-12,886216.2500
2026-02-13,878232.3125
2026-02-19,892204.1875
2026-02-20,947093.6875
2026-02-23,949089.6875
2026-02-24,1002981.2500
2026-02-25,1015955.1250
2026-02-26,1098816.2500
2026-02-27,1060822.6250
2026-03-03,938843.0000
2026-03-04,848858.0625
2026-03-05,940842.6875
2026-03-06,923845.5000
2026-03-09,835860.2500
2026-03-10,937843.1875
2026-03-11,954840.3125
2026-03-12,929844.5000
2026-03-13,909847.8750
2026-03-16,973837.1250
2026-03-17,969837.8125
2026-03-18,1055823.5000
2026-03-19,1012830.6250
2026-03-20,1006831.6250
2026-03-23,932844.0000
2026-03-24,985835.1250
2026-03-25,994833.6250
2026-03-26,932844.0000
2026-03-27,932844.0000
2026-03-30,872854.0625
2026-03-31,806865.0625
2026-04-01,896850.0000
2026-04-02,829861.2500
2026-04-03,875853.5625
2026-04-06,885851.8750
2026-04-07,915846.8750
2026-04-08,1032827.3125
2026-04-09,997833.1250
2026-04-10,1026828.3125
2026-04-13,1039826.1250
2026-04-14,1102815.6250
2026-04-15,1135810.1250
2026-04-16,1154806.8750
2026-04-17,1127811.3750
2026-04-20,1165805.0000
2026-04-21,1223795.3750
2026-04-22,1222795.5000
2026-04-23,1224795.2500
2026-04-24,1221795.7500
2026-04-27,1291784.0000
2026-04-28,1299782.6250
2026-04-29,1292783.8750
2026-04-30,1285785.0000
2026-05-04,1446758.1250
2026-05-06,1600732.3750
2026-05-07,1653723.5000
2026-05-08,1685718.1250
2026-05-11,1879685.6250
2026-05-12,1834693.2500
2026-05-13,1975669.6250
2026-05-14,1969670.6250
2026-05-15,1818695.8750
2026-05-18,1839692.3750
2026-05-19,1744708.2500
2026-05-20,1744708.2500
2026-05-21,1939675.6250
2026-05-22,1940675.5000
2026-05-26,2051656.8750
2026-05-27,2242625.0000
2026-05-28,2289000.0000
2026-05-29,2333000.0000
2026-06-01,2363000.0000
2026-06-02,2360000.0000
2026-06-04,2298000.0000
2026-06-05,2070000.0000
2026-06-08,1911000.0000
2026-06-09,2215000.0000
2026-06-10,2048000.0000
2026-06-11,2101000.0000
2026-06-12,2150000.0000
2026-06-15,2288000.0000
2026-06-16,2382000.0000
2026-06-17,2521000.0000
2026-06-18,2685000.0000
2026-06-19,2764000.0000
2026-06-22,2919000.0000
2026-06-23,2555000.0000
2026-06-24,2621000.0000
2026-06-25,2917000.0000
2026-06-26,2673000.0000
2026-06-29,2628000.0000
2026-06-30,2650000.0000
2026-07-01,2560000.0000
2026-07-02,2187000.0000
2026-07-03,2425000.0000
2026-07-06,2343000.0000
2026-07-07,2201000.0000
2026-07-08,2076000.0000
2026-07-09,2186000.0000
2026-07-10,2180000.0000
2026-07-13,1845000.0000
2026-07-14,1913000.0000
2026-07-15,2082000.0000
2026-07-16,1842000.0000
2026-07-20,1764000.0000
2026-07-21,1836000.0000
2026-07-22,1830000.0000
2026-07-23,1919000.0000
2026-07-24,1759000.0000
2026-07-27,1816000.0000
2026-07-28,1550000.0000
2026-07-29,1401000.0000
2026-07-30,1322000.0000
2026-07-31,1718000.0000
