date,close
1984-01-03,211.8700
1984-01-04,212.8200
1984-01-05,213.5600
1984-01-06,212.0800
1984-01-09,211.9100
1984-01-10,212.6800
1984-01-11,212.2000
1984-01-12,212.4300
1984-01-13,212.9700
1984-01-16,212.6000
1984-01-17,213.3700
1984-01-18,213.6400
1984-01-19,213.5200
1984-01-20,212.2800
1984-01-23,211.1800
1984-01-24,212.2200
1984-01-25,211.7300
1984-01-26,211.8600
1984-01-27,215.0200
1984-01-30,213.3800
1984-01-31,211.5300
1984-02-01,214.9100
1984-02-02,212.7700
1984-02-03,211.3200
1984-02-06,209.8600
1984-02-07,208.7800
1984-02-08,208.6400
1984-02-09,205.6900
1984-02-10,203.3500
1984-02-13,201.0400
1984-02-14,200.4800
1984-02-15,201.7200
1984-02-16,201.7500
1984-02-17,202.9800
1984-02-21,202.8100
1984-02-22,203.9900
1984-02-23,203.7500
1984-02-24,205.3900
1984-02-27,207.8400
1984-02-28,206.0800
1984-02-29,207.3200
1984-03-01,207.9800
1984-03-02,209.6100
1984-03-05,211.4200
1984-03-06,212.1200
1984-03-07,211.0700
1984-03-08,212.4800
1984-03-09,214.0300
1984-03-12,213.1700
1984-03-13,213.4900
1984-03-14,212.3700
1984-03-15,212.8900
1984-03-16,211.7100
1984-03-19,212.3500
1984-03-20,211.9000
1984-03-21,212.7400
1984-03-22,214.8600
1984-03-23,215.8900
1984-03-26,216.7200
1984-03-27,216.5000
1984-03-28,216.3700
1984-03-29,217.0800
1984-03-30,217.1800
1984-04-02,217.9800
1984-04-03,218.8400
1984-04-04,219.4000
1984-04-05,216.9500
1984-04-06,216.2000
1984-04-09,215.9800
1984-04-10,215.5100
1984-04-11,214.9000
1984-04-12,212.3100
1984-04-13,213.1400
1984-04-16,213.4700
1984-04-17,213.2700
1984-04-18,213.8700
1984-04-19,214.2600
1984-04-23,215.7000
1984-04-24,214.6300
1984-04-25,212.6500
1984-04-26,211.6200
1984-04-27,211.1600
1984-04-30,210.7200
1984-05-01,211.1900
1984-05-02,212.8500
1984-05-03,212.7900
1984-05-04,213.5000
1984-05-07,212.5100
1984-05-08,212.7200
1984-05-09,213.6900
1984-05-10,214.1000
1984-05-11,213.4400
1984-05-14,213.7200
1984-05-15,213.0100
1984-05-16,215.6800
1984-05-17,216.1500
1984-05-18,218.1200
1984-05-21,218.7200
1984-05-22,217.8400
1984-05-23,216.9600
1984-05-24,217.1300
1984-05-25,216.7800
1984-05-29,215.1100
1984-05-30,215.1000
1984-05-31,214.5000
1984-06-01,213.9000
1984-06-04,213.8100
1984-06-05,213.6900
1984-06-06,213.1600
1984-06-07,211.9100
1984-06-08,210.6500
1984-06-11,209.4300
1984-06-12,208.8500
1984-06-13,209.2500
1984-06-14,208.9400
1984-06-15,208.9100
1984-06-18,209.2400
1984-06-19,210.3500
1984-06-20,209.8100
1984-06-21,208.4000
1984-06-22,206.9700
1984-06-25,207.5600
1984-06-26,205.6900
1984-06-27,205.7100
1984-06-28,206.4300
1984-06-29,208.0000
1984-07-02,205.8600
1984-07-03,204.7300
1984-07-05,203.2800
1984-07-06,203.2700
1984-07-09,203.5200
1984-07-10,202.7000
1984-07-11,201.0200
1984-07-12,200.8400
1984-07-13,200.4800
1984-07-16,200.3700
1984-07-17,199.8200
1984-07-18,199.2400
1984-07-19,198.7200
1984-07-20,197.8700
1984-07-23,195.7500
1984-07-24,193.8200
1984-07-25,192.6900
1984-07-26,191.5100
1984-07-27,190.5500
1984-07-30,190.7500
1984-07-31,190.9500
1984-08-01,193.7600
1984-08-02,196.4300
1984-08-03,197.0300
1984-08-06,197.4000
1984-08-07,197.5100
1984-08-08,197.1500
1984-08-09,198.9100
1984-08-10,198.1800
1984-08-13,197.8100
1984-08-14,199.0000
1984-08-15,198.5800
1984-08-16,199.5500
1984-08-17,197.8300
1984-08-20,196.4000
1984-08-21,197.5400
1984-08-22,199.0400
1984-08-23,198.5800
1984-08-24,199.9600
1984-08-27,200.2000
1984-08-28,199.9700
1984-08-29,198.9800
1984-08-30,198.5000
1984-08-31,198.6400
1984-09-04,197.9800
1984-09-05,197.4600
1984-09-06,198.6000
1984-09-07,197.9000
1984-09-10,200.0200
1984-09-11,200.3600
1984-09-12,201.1700
1984-09-13,200.9800
1984-09-14,200.6700
1984-09-17,199.4800
1984-09-18,200.0700
1984-09-19,201.0400
1984-09-20,200.6600
1984-09-21,200.3900
1984-09-24,199.7900
1984-09-25,200.1600
1984-09-26,199.9800
1984-09-27,199.8500
1984-09-28,199.1600
1984-10-01,199.8700
1984-10-02,199.9400
1984-10-03,199.9100
1984-10-04,199.9300
1984-10-05,199.1900
1984-10-08,199.1600
1984-10-09,199.8000
1984-10-10,199.8900
1984-10-11,200.0400
1984-10-12,199.2700
1984-10-15,198.7900
1984-10-16,198.6000
1984-10-17,196.4700
1984-10-18,195.0400
1984-10-19,194.5600
1984-10-22,196.3200
1984-10-23,196.9700
1984-10-24,198.2900
1984-10-25,198.4500
1984-10-26,198.9200
1984-10-29,197.4400
1984-10-30,197.3400
1984-10-31,199.3300
1984-11-01,200.9500
1984-11-02,199.9100
1984-11-05,199.9200
1984-11-06,200.6500
1984-11-07,201.5500
1984-11-08,202.7700
1984-11-09,202.6800
1984-11-12,202.6800
1984-11-13,202.9300
1984-11-14,202.9300
1984-11-15,202.9600
1984-11-16,203.6500
1984-11-19,202.5300
1984-11-20,202.9400
1984-11-21,203.2300
1984-11-23,202.8500
1984-11-26,200.4500
1984-11-27,200.1400
1984-11-28,200.2100
1984-11-29,200.5900
1984-11-30,200.6000
1984-12-03,199.7500
1984-12-04,200.1300
1984-12-05,200.7400
1984-12-06,200.6900
1984-12-07,198.8700
1984-12-10,197.2300
1984-12-11,197.0200
1984-12-12,196.6400
1984-12-13,196.4800
1984-12-14,196.3900
1984-12-17,196.7100
1984-12-18,196.2700
1984-12-19,195.1000
1984-12-20,194.5800
1984-12-21,196.4400
1984-12-24,197.0000
1984-12-26,197.5100
1984-12-27,195.7800
1984-12-28,195.5000
1984-12-31,195.5300
1985-01-02,194.2100
1985-01-03,193.1500
1985-01-04,191.7800
1985-01-07,193.2800
1985-01-08,191.0000
1985-01-09,191.6200
1985-01-10,193.1500
1985-01-11,192.6200
1985-01-14,194.4100
1985-01-15,193.8700
1985-01-16,192.4800
1985-01-17,193.5000
1985-01-18,194.1600
1985-01-21,194.3800
1985-01-22,192.0400
1985-01-23,191.9700
1985-01-24,191.4400
1985-01-25,191.5500
1985-01-28,191.9900
1985-01-29,192.6100
1985-01-30,193.2300
1985-01-31,193.7800
1985-02-01,195.4100
1985-02-04,194.9900
1985-02-05,195.9200
1985-02-06,194.2800
1985-02-07,193.3300
1985-02-08,193.6400
1985-02-11,193.6900
1985-02-12,192.0200
1985-02-13,191.5200
1985-02-14,190.8700
1985-02-15,192.2400
1985-02-19,190.5400
1985-02-20,189.7500
1985-02-21,189.1900
1985-02-22,188.0900
1985-02-25,185.8200
1985-02-26,187.7900
1985-02-27,188.1200
1985-02-28,188.2300
1985-03-01,189.4100
1985-03-04,190.1400
1985-03-05,189.2000
1985-03-06,191.0000
1985-03-07,191.6900
1985-03-08,191.8400
1985-03-11,191.9700
1985-03-12,192.7600
1985-03-13,193.3900
1985-03-14,192.6700
1985-03-15,192.7200
1985-03-18,194.3800
1985-03-19,196.5400
1985-03-20,195.0300
1985-03-21,197.1800
1985-03-22,198.0400
1985-03-25,197.9900
1985-03-26,199.6300
1985-03-27,199.3500
1985-03-28,198.3900
1985-03-29,197.9600
1985-04-01,197.9500
1985-04-02,197.5900
1985-04-03,197.2900
1985-04-04,198.2900
1985-04-08,198.2300
1985-04-09,198.0200
1985-04-10,197.1200
1985-04-11,194.6600
1985-04-12,191.2800
1985-04-15,191.9700
1985-04-16,190.9800
1985-04-17,189.4000
1985-04-18,189.5800
1985-04-19,190.4500
1985-04-22,190.6700
1985-04-23,189.2600
1985-04-24,189.3400
1985-04-25,188.6100
1985-04-26,188.4800
1985-04-29,188.9700
1985-04-30,187.4200
1985-05-01,186.9700
1985-05-02,185.6000
1985-05-03,183.2700
1985-05-06,183.3600
1985-05-07,183.5600
1985-05-08,184.4600
1985-05-09,186.4500
1985-05-10,187.3800
1985-05-13,187.7200
1985-05-14,187.9800
1985-05-15,188.2000
1985-05-16,187.2800
1985-05-17,187.0700
1985-05-20,187.9300
1985-05-21,187.4900
1985-05-22,187.4900
1985-05-23,188.4600
1985-05-24,189.9500
1985-05-28,187.9600
1985-05-29,187.7600
1985-05-30,186.9800
1985-05-31,187.6200
1985-06-03,187.9300
1985-06-04,186.2600
1985-06-05,184.7800
1985-06-06,185.7100
1985-06-07,185.9300
1985-06-10,184.4900
1985-06-11,184.9000
1985-06-12,184.9700
1985-06-13,184.8900
1985-06-14,184.2100
1985-06-17,183.6200
1985-06-18,183.3500
1985-06-19,183.1300
1985-06-20,181.7700
1985-06-21,181.7500
1985-06-24,179.8300
1985-06-25,179.6500
1985-06-26,179.9900
1985-06-27,180.0300
1985-06-28,180.0500
1985-07-01,177.1600
1985-07-02,178.3900
1985-07-03,178.8300
1985-07-05,180.0500
1985-07-08,178.6500
1985-07-09,178.7300
1985-07-10,179.7600
1985-07-11,178.7000
1985-07-12,177.7300
1985-07-15,176.3800
1985-07-16,176.9300
1985-07-17,176.8500
1985-07-18,176.2200
1985-07-19,173.9500
1985-07-22,173.8300
1985-07-23,173.5700
1985-07-24,173.2400
1985-07-25,174.7000
1985-07-26,173.9800
1985-07-29,172.2800
1985-07-30,172.2600
1985-07-31,173.5800
1985-08-01,173.7000
1985-08-02,173.9300
1985-08-05,175.3500
1985-08-06,174.6600
1985-08-07,174.4900
1985-08-08,174.5800
1985-08-09,175.4500
1985-08-12,176.6300
1985-08-13,175.0200
1985-08-14,176.4900
1985-08-15,177.8800
1985-08-16,176.7500
1985-08-19,174.5700
1985-08-20,174.2600
1985-08-21,175.2700
1985-08-22,174.7100
1985-08-23,175.6600
1985-08-26,175.2000
1985-08-27,176.3200
1985-08-28,175.7300
1985-08-29,175.0200
1985-08-30,176.5100
1985-09-03,175.6800
1985-09-04,176.0500
1985-09-05,175.8500
1985-09-06,176.8500
1985-09-09,174.7600
1985-09-10,177.5300
1985-09-11,177.4100
1985-09-12,179.4800
1985-09-13,179.4300
1985-09-16,180.5100
1985-09-17,181.7500
1985-09-18,183.1500
1985-09-19,183.1800
1985-09-20,183.8100
1985-09-23,185.2400
1985-09-24,186.0700
1985-09-25,186.5300
1985-09-26,187.2800
1985-09-30,188.5500
1985-10-01,189.0900
1985-10-02,190.0100
1985-10-03,191.0800
1985-10-04,190.6300
1985-10-07,190.4300
1985-10-08,192.1400
1985-10-09,190.3900
1985-10-10,189.8300
1985-10-11,191.5300
1985-10-14,192.0700
1985-10-15,192.5400
1985-10-16,192.3600
1985-10-17,193.1600
1985-10-18,193.8900
1985-10-21,194.9100
1985-10-22,195.5700
1985-10-23,196.6000
1985-10-24,197.0800
1985-10-25,197.3600
1985-10-28,197.8700
1985-10-29,198.3600
1985-10-30,198.9700
1985-10-31,201.0200
1985-11-01,202.1400
1985-11-04,200.9600
1985-11-05,200.5300
1985-11-06,200.4300
1985-11-07,200.6500
1985-11-08,200.1700
1985-11-11,201.0300
1985-11-12,199.5600
1985-11-13,197.6500
1985-11-14,198.4900
1985-11-15,196.5800
1985-11-18,196.8600
1985-11-19,198.3900
1985-11-20,198.9500
1985-11-21,200.8600
1985-11-22,201.0500
1985-11-25,201.0200
1985-11-26,201.7600
1985-11-27,200.6200
1985-11-29,201.5600
1985-12-02,201.8600
1985-12-03,200.3200
1985-12-04,199.2800
1985-12-05,200.3500
1985-12-06,198.3700
1985-12-09,196.7700
1985-12-10,192.6700
1985-12-11,194.0800
1985-12-12,195.0800
1985-12-13,196.2200
1985-12-16,194.8900
1985-12-17,192.3000
1985-12-18,191.8700
1985-12-19,195.0400
1985-12-20,195.3400
1985-12-23,194.9200
1985-12-24,196.8300
1985-12-26,198.2400
1985-12-27,198.1100
1985-12-30,196.0700
1985-12-31,196.0400
1986-01-02,192.9800
1986-01-03,191.0800
1986-01-06,193.0800
1986-01-07,192.7700
1986-01-08,188.7600
1986-01-09,187.5000
1986-01-10,187.9400
1986-01-13,182.9800
1986-01-14,181.8200
1986-01-15,182.7000
1986-01-16,180.6400
1986-01-17,178.9700
1986-01-20,178.4100
1986-01-21,175.9600
1986-01-22,176.1300
1986-01-23,177.8500
1986-01-24,176.6100
1986-01-27,178.4200
1986-01-28,177.8900
1986-01-29,176.7600
1986-01-30,176.1400
1986-01-31,173.9400
1986-02-03,169.2300
1986-02-04,163.9200
1986-02-05,168.2900
1986-02-06,167.9800
1986-02-07,172.5700
1986-02-10,168.8300
1986-02-11,166.7100
1986-02-12,165.0500
1986-02-13,164.6700
1986-02-14,164.0100
1986-02-18,161.7500
1986-02-19,162.4900
1986-02-20,161.3500
1986-02-21,161.5600
1986-02-24,164.5800
1986-02-25,167.5200
1986-02-26,166.7200
1986-02-27,164.4100
1986-02-28,162.9200
1986-03-03,159.9000
1986-03-04,161.4700
1986-03-05,162.1900
1986-03-06,165.9800
1986-03-07,162.7600
1986-03-10,164.2300
1986-03-11,164.9100
1986-03-12,167.8500
1986-03-13,165.9400
1986-03-14,164.5700
1986-03-17,166.3300
1986-03-18,166.6600
1986-03-19,166.8600
1986-03-20,167.0300
1986-03-21,168.8800
1986-03-24,165.7200
1986-03-25,166.9500
1986-03-26,165.0400
1986-03-27,163.6100
1986-03-31,160.0400
1986-04-01,160.3800
1986-04-02,160.0900
1986-04-03,157.7100
1986-04-04,158.0400
1986-04-07,160.9900
1986-04-08,155.9100
1986-04-09,156.5100
1986-04-10,156.0000
1986-04-11,156.1500
1986-04-14,154.8900
1986-04-15,152.8600
1986-04-16,149.9500
1986-04-17,152.2400
1986-04-18,153.1600
1986-04-21,153.6000
1986-04-22,155.4800
1986-04-23,156.0500
1986-04-24,157.1500
1986-04-25,157.8900
1986-04-28,158.3200
1986-04-29,160.8300
1986-04-30,163.5000
1986-05-01,161.3500
1986-05-02,162.1600
1986-05-05,162.7100
1986-05-06,163.1600
1986-05-07,163.8800
1986-05-08,167.0200
1986-05-09,166.4200
1986-05-12,163.0200
1986-05-13,163.4000
1986-05-14,162.9400
1986-05-15,161.5600
1986-05-16,160.9800
1986-05-19,161.0300
1986-05-20,158.2500
1986-05-21,156.4000
1986-05-22,157.3900
1986-05-23,158.8300
1986-05-27,157.4100
1986-05-28,157.8500
1986-05-29,156.2800
1986-05-30,154.1000
1986-06-02,153.2100
1986-06-03,152.5100
1986-06-04,151.1300
1986-06-05,154.0200
1986-06-06,153.2400
1986-06-09,150.1600
1986-06-10,148.1100
1986-06-11,147.7300
1986-06-12,147.7400
1986-06-13,148.6800
1986-06-16,146.6900
1986-06-17,147.8100
1986-06-18,149.4800
1986-06-19,150.3000
1986-06-20,150.4200
1986-06-23,149.9300
1986-06-24,151.0100
1986-06-25,153.0300
1986-06-26,153.8700
1986-06-27,154.7000
1986-06-30,152.4500
1986-07-01,151.1500
1986-07-02,151.4800
1986-07-03,152.0900
1986-07-07,148.5100
1986-07-08,146.6900
1986-07-09,146.0500
1986-07-10,145.5600
1986-07-11,144.3300
1986-07-14,145.1400
1986-07-15,148.3000
1986-07-16,151.4700
1986-07-17,149.2600
1986-07-18,150.9000
1986-07-21,152.6100
1986-07-22,150.8700
1986-07-23,150.1800
1986-07-24,150.1200
1986-07-25,150.8900
1986-07-28,153.2300
1986-07-29,153.4100
1986-07-30,152.4500
1986-07-31,150.3500
1986-08-01,151.7800
1986-08-04,154.5300
1986-08-05,155.8800
1986-08-06,154.9400
1986-08-07,157.1200
1986-08-08,157.0000
1986-08-11,157.3800
1986-08-12,158.5800
1986-08-13,158.6100
1986-08-14,159.0700
1986-08-15,160.2200
1986-08-18,160.5800
1986-08-19,158.0700
1986-08-20,159.0600
1986-08-21,160.4800
1986-08-22,160.3700
1986-08-25,160.3100
1986-08-26,162.0200
1986-08-27,162.5400
1986-08-28,162.5800
1986-08-29,163.9500
1986-09-02,164.9200
1986-09-03,165.8300
1986-09-04,165.7900
1986-09-05,165.7600
1986-09-08,163.5700
1986-09-09,162.1300
1986-09-10,159.6000
1986-09-11,159.6300
1986-09-12,159.6600
1986-09-15,158.6400
1986-09-16,158.8400
1986-09-17,159.9600
1986-09-18,160.6000
1986-09-19,161.8100
1986-09-22,159.2800
1986-09-23,159.8300
1986-09-24,158.1000
1986-09-25,157.2100
1986-09-26,157.8700
1986-09-29,159.4300
1986-09-30,158.2500
1986-10-01,159.1900
1986-10-02,158.5900
1986-10-03,155.9300
1986-10-06,155.7900
1986-10-07,158.6300
1986-10-08,158.1600
1986-10-09,158.9100
1986-10-10,158.0300
1986-10-13,158.5600
1986-10-14,159.2000
1986-10-15,160.1900
1986-10-16,159.7700
1986-10-17,160.1900
1986-10-20,161.5000
1986-10-21,161.3900
1986-10-22,160.5100
1986-10-23,159.1800
1986-10-24,159.1800
1986-10-27,160.4400
1986-10-28,159.5700
1986-10-29,158.0700
1986-10-30,160.6200
1986-10-31,160.2400
1986-11-03,160.6800
1986-11-04,161.9200
1986-11-05,161.6700
1986-11-06,162.5000
1986-11-07,161.7300
1986-11-10,161.8500
1986-11-11,160.9200
1986-11-12,160.5500
1986-11-13,160.8200
1986-11-14,160.1900
1986-11-17,159.3200
1986-11-18,160.1100
1986-11-19,160.3600
1986-11-20,159.7800
1986-11-21,159.3900
1986-11-24,158.7700
1986-11-25,159.2400
1986-11-26,159.7400
1986-11-28,160.7700
1986-12-01,162.6800
1986-12-02,161.0400
1986-12-03,159.7200
1986-12-04,160.1100
1986-12-05,160.1900
1986-12-08,159.0500
1986-12-09,158.0100
1986-12-10,158.9900
1986-12-11,159.9700
1986-12-12,160.3900
1986-12-15,159.7100
1986-12-16,159.1300
1986-12-17,158.1400
1986-12-18,158.1400
1986-12-19,157.6900
1986-12-22,158.5900
1986-12-23,159.1100
1986-12-24,159.7800
1986-12-26,159.5500
1986-12-29,159.2800
1986-12-30,159.2000
1986-12-31,159.2700
1987-01-02,160.1200
1987-01-05,159.7300
1987-01-06,160.4100
1987-01-07,160.4600
1987-01-08,162.2700
1987-01-09,162.8200
1987-01-12,164.2000
1987-01-13,163.3200
1987-01-14,164.6900
1987-01-15,164.0200
1987-01-16,163.8700
1987-01-19,162.1600
1987-01-20,163.5100
1987-01-21,163.3800
1987-01-22,164.6000
1987-01-23,164.4000
1987-01-26,164.7100
1987-01-27,163.7900
1987-01-28,163.9800
1987-01-29,164.5200
1987-01-30,165.5500
1987-02-02,164.4800
1987-02-03,163.6900
1987-02-04,163.0800
1987-02-05,164.1600
1987-02-06,162.9000
1987-02-09,162.0000
1987-02-10,162.1000
1987-02-11,159.3400
1987-02-12,158.2800
1987-02-13,158.0000
1987-02-17,157.6500
1987-02-18,156.1600
1987-02-19,156.2700
1987-02-20,159.2000
1987-02-23,156.1900
1987-02-24,154.8600
1987-02-25,152.8900
1987-02-26,154.4300
1987-02-27,154.3800
1987-03-02,154.1400
1987-03-03,157.4200
1987-03-04,158.2500
1987-03-05,159.3800
1987-03-06,161.2100
1987-03-09,160.9400
1987-03-10,161.2700
1987-03-11,161.4600
1987-03-12,161.7900
1987-03-13,161.4400
1987-03-16,162.3400
1987-03-17,163.7500
1987-03-18,162.2000
1987-03-19,163.6200
1987-03-20,163.2900
1987-03-23,163.3800
1987-03-24,165.6200
1987-03-25,164.1800
1987-03-26,164.1100
1987-03-27,164.4200
1987-03-30,164.4700
1987-03-31,164.6300
1987-04-01,165.0000
1987-04-02,165.1800
1987-04-03,164.7500
1987-04-06,164.7900
1987-04-07,165.5500
1987-04-08,164.3700
1987-04-09,164.6300
1987-04-10,162.1600
1987-04-13,162.0100
1987-04-14,162.2200
1987-04-15,164.3400
1987-04-16,164.9000
1987-04-20,165.0900
1987-04-21,166.5600
1987-04-22,166.0100
1987-04-23,168.5200
1987-04-24,169.6100
1987-04-27,169.5800
1987-04-28,170.0100
1987-04-29,168.6600
1987-04-30,170.1800
1987-05-01,170.6500
1987-05-04,172.4200
1987-05-05,172.8700
1987-05-06,174.6400
1987-05-07,173.2400
1987-05-08,173.8900
1987-05-11,176.2400
1987-05-12,173.2200
1987-05-13,171.2700
1987-05-14,172.3500
1987-05-15,173.5500
1987-05-18,171.9500
1987-05-19,172.9300
1987-05-20,170.9400
1987-05-21,172.8200
1987-05-22,173.4000
1987-05-26,173.6900
1987-05-27,173.7400
1987-05-28,172.7000
1987-05-29,172.3800
1987-06-01,172.9900
1987-06-02,173.7900
1987-06-03,174.3700
1987-06-04,174.8200
1987-06-05,174.9500
1987-06-08,174.8400
1987-06-09,174.2700
1987-06-10,173.6700
1987-06-11,173.5300
1987-06-12,174.1800
1987-06-15,176.1700
1987-06-16,175.8400
1987-06-17,175.2000
1987-06-18,175.8300
1987-06-19,175.7900
1987-06-22,172.5900
1987-06-23,173.5000
1987-06-24,172.5800
1987-06-25,173.5900
1987-06-26,175.7000
1987-06-29,175.5300
1987-06-30,175.7700
1987-07-01,176.7100
1987-07-02,178.0500
1987-07-06,179.6700
1987-07-07,177.9200
1987-07-08,177.2200
1987-07-09,177.5800
1987-07-10,176.2600
1987-07-13,174.6200
1987-07-14,174.7900
1987-07-15,176.1600
1987-07-16,177.0500
1987-07-17,176.7900
1987-07-20,177.8400
1987-07-21,175.1800
1987-07-22,176.3200
1987-07-23,174.6100
1987-07-24,171.9200
1987-07-27,172.6200
1987-07-28,176.2200
1987-07-29,176.7400
1987-07-30,177.2000
1987-07-31,177.8100
1987-08-03,180.8600
1987-08-04,179.7200
1987-08-05,176.8000
1987-08-06,176.2500
1987-08-07,175.8700
1987-08-10,175.4400
1987-08-11,176.6800
1987-08-12,177.3100
1987-08-13,176.0100
1987-08-14,175.3200
1987-08-17,172.7500
1987-08-18,172.5000
1987-08-19,172.0400
1987-08-20,170.3000
1987-08-21,169.6700
1987-08-24,168.7800
1987-08-25,168.8400
1987-08-26,173.4800
1987-08-27,174.0200
1987-08-28,172.2400
1987-08-31,173.8100
1987-09-01,173.5600
1987-09-02,174.1200
1987-09-03,173.6300
1987-09-04,173.3100
1987-09-08,171.9500
1987-09-09,174.2400
1987-09-10,175.1500
1987-09-11,173.5100
1987-09-14,173.6800
1987-09-15,173.7900
1987-09-16,173.5600
1987-09-17,172.3700
1987-09-18,173.4400
1987-09-21,174.9500
1987-09-22,173.7600
1987-09-23,175.6100
1987-09-24,175.4900
1987-09-25,175.0000
1987-09-28,173.7400
1987-09-29,174.4600
1987-09-30,173.6100
1987-10-01,175.1400
1987-10-02,176.2400
1987-10-05,176.3300
1987-10-06,175.1400
1987-10-07,176.1600
1987-10-08,176.3700
1987-10-09,177.0600
1987-10-12,177.3300
1987-10-13,177.5800
1987-10-14,177.9300
1987-10-15,177.9800
1987-10-16,180.1100
1987-10-19,176.6500
1987-10-20,174.9700
1987-10-21,176.9500
1987-10-22,176.9200
1987-10-23,177.2000
1987-10-26,174.7100
1987-10-27,175.2800
1987-10-28,175.5600
1987-10-29,174.6200
1987-10-30,174.2500
1987-11-02,171.6500
1987-11-03,171.1100
1987-11-04,169.6300
1987-11-05,169.9700
1987-11-06,170.1300
1987-11-09,169.4000
1987-11-10,171.2700
1987-11-11,170.9700
1987-11-12,170.3500
1987-11-13,170.0200
1987-11-16,169.3200
1987-11-17,169.9000
1987-11-18,170.8400
1987-11-19,170.1600
1987-11-20,171.4000
1987-11-23,172.6100
1987-11-24,172.9900
1987-11-25,173.1400
1987-11-27,173.5400
1987-11-30,171.6400
1987-12-01,171.4700
1987-12-02,171.7600
1987-12-03,171.7900
1987-12-04,170.3600
1987-12-07,168.5800
1987-12-08,167.2300
1987-12-09,168.6000
1987-12-10,169.1500
1987-12-11,168.2400
1987-12-14,165.0900
1987-12-15,161.3800
1987-12-16,158.5800
1987-12-17,159.6300
1987-12-18,158.3200
1987-12-21,158.4600
1987-12-22,162.3400
1987-12-23,163.3400
1987-12-24,163.3200
1987-12-28,162.9300
1987-12-29,165.0400
1987-12-30,164.9000
1987-12-31,164.3300
1988-01-04,169.7400
1988-01-05,171.0300
1988-01-06,171.7200
1988-01-07,171.3400
1988-01-08,171.2100
1988-01-11,168.1800
1988-01-12,166.4300
1988-01-13,165.9500
1988-01-14,168.8900
1988-01-15,168.7100
1988-01-18,171.0300
1988-01-19,171.6400
1988-01-20,170.8500
1988-01-21,169.8500
1988-01-22,169.7000
1988-01-25,169.7800
1988-01-26,169.7800
1988-01-27,168.1000
1988-01-28,167.6900
1988-01-29,166.6300
1988-02-01,166.3000
1988-02-02,166.9700
1988-02-03,169.0600
1988-02-04,169.9800
1988-02-05,170.6600
1988-02-08,172.1600
1988-02-09,171.6400
1988-02-10,169.8600
1988-02-11,169.4800
1988-02-12,168.0500
1988-02-16,168.3700
1988-02-17,168.4900
1988-02-18,165.8600
1988-02-19,167.5900
1988-02-22,166.7800
1988-02-23,166.3100
1988-02-24,166.0000
1988-02-25,163.7300
1988-02-26,163.1300
1988-02-29,163.7900
1988-03-01,162.5100
1988-03-02,162.4000
1988-03-03,160.2100
1988-03-04,160.8600
1988-03-07,161.1100
1988-03-08,161.4900
1988-03-09,161.3100
1988-03-10,163.0200
1988-03-11,164.4500
1988-03-14,162.7100
1988-03-15,162.7600
1988-03-16,164.2700
1988-03-17,165.4800
1988-03-18,166.4300
1988-03-21,166.4200
1988-03-22,168.3000
1988-03-23,170.3500
1988-03-24,170.8400
1988-03-25,171.8100
1988-03-28,171.9700
1988-03-29,171.8400
1988-03-30,172.3200
1988-03-31,171.2000
1988-04-04,170.8200
1988-04-05,169.7800
1988-04-06,169.9100
1988-04-07,171.0000
1988-04-08,171.3600
1988-04-11,175.7600
1988-04-12,176.1000
1988-04-13,175.0500
1988-04-14,175.8800
1988-04-15,176.1200
1988-04-18,177.0700
1988-04-19,175.5700
1988-04-20,174.9200
1988-04-21,176.3300
1988-04-22,176.2100
1988-04-25,175.8700
1988-04-26,177.0300
1988-04-27,176.7800
1988-04-28,174.8600
1988-04-29,175.0100
1988-05-02,170.7000
1988-05-03,172.5200
1988-05-04,172.1200
1988-05-05,173.5800
1988-05-06,174.9900
1988-05-09,174.9700
1988-05-10,174.6800
1988-05-11,175.2000
1988-05-12,174.6900
1988-05-13,175.5700
1988-05-16,177.2000
1988-05-17,177.1100
1988-05-18,176.7100
1988-05-19,177.2200
1988-05-20,177.7200
1988-05-23,175.3400
1988-05-24,176.0100
1988-05-25,174.7900
1988-05-26,175.6900
1988-05-27,175.7300
1988-05-31,177.9900
1988-06-01,178.3000
1988-06-02,179.1400
1988-06-03,179.0100
1988-06-06,179.5200
1988-06-07,179.8100
1988-06-08,177.5500
1988-06-09,176.1600
1988-06-10,174.5300
1988-06-13,172.7400
1988-06-14,174.4400
1988-06-15,173.5900
1988-06-16,174.9100
1988-06-17,174.9500
1988-06-20,174.9800
1988-06-21,175.7500
1988-06-22,176.1000
1988-06-23,174.7200
1988-06-24,173.1800
1988-06-27,175.6300
1988-06-28,173.7000
1988-06-29,170.8700
1988-06-30,171.2700
1988-07-01,171.5700
1988-07-05,172.1400
1988-07-06,174.3400
1988-07-07,175.7900
1988-07-08,173.7600
1988-07-11,168.8500
1988-07-12,169.5900
1988-07-13,168.0500
1988-07-14,170.0200
1988-07-15,170.2800
1988-07-18,172.3800
1988-07-19,171.1900
1988-07-20,171.5400
1988-07-21,174.5700
1988-07-22,175.0500
1988-07-25,171.8400
1988-07-26,167.2900
1988-07-27,168.6700
1988-07-28,166.9200
1988-07-29,169.4500
1988-08-01,170.0900
1988-08-02,167.9000
1988-08-03,165.4400
1988-08-04,165.9000
1988-08-05,167.6300
1988-08-08,169.1100
1988-08-09,168.4200
1988-08-10,169.9000
1988-08-11,170.0100
1988-08-12,167.8300
1988-08-15,169.8200
1988-08-16,168.4600
1988-08-17,168.8600
1988-08-18,170.2400
1988-08-19,170.6800
1988-08-22,169.3100
1988-08-23,168.2000
1988-08-24,169.2600
1988-08-25,167.7800
1988-08-26,168.3700
1988-08-29,167.5200
1988-08-30,168.2300
1988-08-31,167.5600
1988-09-01,167.7600
1988-09-02,166.8500
1988-09-06,164.2700
1988-09-07,164.8100
1988-09-08,165.2200
1988-09-09,162.5900
1988-09-12,163.7200
1988-09-13,165.8400
1988-09-14,169.5900
1988-09-15,167.1100
1988-09-16,163.9000
1988-09-19,162.6700
1988-09-20,163.6700
1988-09-21,164.1300
1988-09-22,165.4500
1988-09-23,163.4800
1988-09-26,163.8600
1988-09-27,164.2100
1988-09-28,163.6200
1988-09-29,163.5800
1988-09-30,162.1800
1988-10-03,161.1600
1988-10-04,161.4700
1988-10-05,159.3900
1988-10-06,159.9600
1988-10-07,160.4200
1988-10-10,162.5000
1988-10-11,162.0000
1988-10-12,165.1700
1988-10-13,166.2700
1988-10-14,168.7900
1988-10-17,170.3300
1988-10-18,167.2100
1988-10-19,171.0300
1988-10-20,169.6300
1988-10-21,169.6700
1988-10-24,165.2900
1988-10-25,165.2700
1988-10-26,165.6600
1988-10-27,166.1900
1988-10-28,167.3800
1988-10-31,166.9900
1988-11-01,166.4600
1988-11-02,168.2000
1988-11-03,168.6200
1988-11-04,169.6800
1988-11-07,169.9300
1988-11-08,168.8600
1988-11-09,169.1600
1988-11-10,168.1600
1988-11-11,167.2200
1988-11-14,168.7900
1988-11-15,167.3000
1988-11-16,166.8100
1988-11-17,162.4700
1988-11-18,161.9400
1988-11-21,161.8000
1988-11-22,166.2800
1988-11-23,167.7300
1988-11-25,168.4400
1988-11-28,172.0300
1988-11-29,171.9300
1988-11-30,174.0100
1988-12-01,175.4100
1988-12-02,174.7100
1988-12-05,173.0300
1988-12-06,173.5200
1988-12-07,174.2500
1988-12-08,172.9500
1988-12-09,175.6700
1988-12-12,176.4900
1988-12-13,174.4500
1988-12-14,176.8800
1988-12-15,175.9500
1988-12-16,178.7800
1988-12-19,178.2500
1988-12-20,179.5900
1988-12-21,180.4900
1988-12-22,181.4500
1988-12-23,182.9800
1988-12-27,184.0600
1988-12-28,183.3700
1988-12-29,182.4800
1988-12-30,184.4100
1989-01-03,184.6900
1989-01-04,184.2700
1989-01-05,185.6700
1989-01-06,185.7500
1989-01-09,185.3000
1989-01-10,184.5500
1989-01-11,184.2800
1989-01-12,184.3500
1989-01-13,185.4000
1989-01-16,185.4600
1989-01-17,185.9600
1989-01-18,187.8000
1989-01-19,187.3400
1989-01-20,185.8000
1989-01-23,181.5800
1989-01-24,181.8000
1989-01-25,184.2500
1989-01-26,181.7500
1989-01-27,182.7000
1989-01-30,181.9600
1989-01-31,181.6400
1989-02-01,183.0200
1989-02-02,182.8000
1989-02-03,182.4600
1989-02-06,181.0000
1989-02-07,181.4800
1989-02-08,180.4200
1989-02-09,178.6400
1989-02-10,176.3300
1989-02-13,177.1900
1989-02-14,176.4300
1989-02-15,179.2300
1989-02-16,179.7000
1989-02-17,181.2800
1989-02-21,181.2700
1989-02-22,183.2200
1989-02-23,183.9800
1989-02-24,185.3000
1989-02-27,185.9500
1989-02-28,186.3900
1989-03-01,186.8400
1989-03-02,189.3900
1989-03-03,188.1500
1989-03-06,188.7900
1989-03-07,187.7100
1989-03-08,188.1900
1989-03-09,187.8600
1989-03-10,188.7100
1989-03-13,191.4800
1989-03-14,191.9500
1989-03-15,194.2100
1989-03-16,194.2300
1989-03-17,194.2600
1989-03-20,193.3500
1989-03-21,196.1800
1989-03-22,195.5000
1989-03-23,196.0300
1989-03-27,197.8800
1989-03-28,195.5400
1989-03-29,197.4900
1989-03-30,198.5300
1989-03-31,197.6200
1989-04-03,196.1100
1989-04-04,198.0600
1989-04-05,195.3000
1989-04-06,193.4700
1989-04-07,193.2100
1989-04-10,195.8100
1989-04-11,195.3300
1989-04-12,195.2700
1989-04-13,192.7400
1989-04-14,195.0600
1989-04-17,197.9500
1989-04-18,198.1800
1989-04-19,199.3100
1989-04-20,200.3200
1989-04-21,201.6000
1989-04-24,197.9300
1989-04-25,200.5900
1989-04-26,199.8200
1989-04-27,199.4300
1989-04-28,197.6100
1989-05-01,199.3800
1989-05-02,196.4600
1989-05-03,196.7500
1989-05-04,198.2500
1989-05-05,194.6400
1989-05-08,191.1900
1989-05-09,190.7400
1989-05-10,189.1900
1989-05-11,190.3200
1989-05-12,190.3100
1989-05-15,190.1500
1989-05-16,189.2100
1989-05-17,186.8500
1989-05-18,186.9900
1989-05-19,187.1900
1989-05-22,184.4500
1989-05-23,185.7100
1989-05-24,188.4100
1989-05-25,187.7500
1989-05-26,187.6500
1989-05-30,188.7600
1989-05-31,188.5400
1989-06-01,188.2300
1989-06-02,190.7000
1989-06-05,193.0500
1989-06-06,191.4900
1989-06-07,187.1200
1989-06-08,187.5200
1989-06-09,185.3300
1989-06-12,181.8600
1989-06-13,179.7000
1989-06-14,182.0500
1989-06-15,183.0800
1989-06-16,182.1200
1989-06-19,184.9800
1989-06-20,184.0900
1989-06-21,185.8200
1989-06-22,187.0900
1989-06-23,189.1400
1989-06-26,190.7400
1989-06-27,191.8100
1989-06-28,189.2500
1989-06-29,189.6500
1989-06-30,189.2700
1989-07-03,188.4500
1989-07-05,190.2200
1989-07-06,187.3900
1989-07-07,187.1500
1989-07-10,184.5400
1989-07-11,183.7500
1989-07-12,182.6000
1989-07-13,184.3600
1989-07-14,184.6100
1989-07-17,185.4400
1989-07-18,184.8000
1989-07-19,184.4300
1989-07-20,185.3500
1989-07-21,184.5100
1989-07-24,180.7800
1989-07-25,179.5300
1989-07-26,179.0500
1989-07-27,179.1900
1989-07-28,178.1900
1989-07-31,179.5500
1989-08-01,177.8200
1989-08-02,179.2200
1989-08-03,178.8900
1989-08-04,178.5000
1989-08-07,177.4200
1989-08-08,177.9600
1989-08-09,178.5300
1989-08-10,179.7800
1989-08-11,180.3100
1989-08-14,179.6900
1989-08-15,180.2400
1989-08-16,181.7500
1989-08-17,181.7200
1989-08-18,181.5400
1989-08-21,182.2400
1989-08-22,183.1500
1989-08-23,184.0500
1989-08-24,183.3300
1989-08-25,182.4400
1989-08-28,182.1300
1989-08-29,182.9200
1989-08-30,183.5100
1989-08-31,183.9500
1989-09-01,183.2200
1989-09-05,183.4400
1989-09-06,185.1000
1989-09-07,186.1300
1989-09-08,187.3900
1989-09-11,186.7900
1989-09-12,186.4100
1989-09-13,186.7900
1989-09-14,186.5000
1989-09-15,188.0500
1989-09-18,188.1100
1989-09-19,186.9000
1989-09-20,189.5400
1989-09-21,190.5300
1989-09-22,189.0700
1989-09-25,189.9100
1989-09-26,190.0400
1989-09-27,190.2000
1989-09-28,191.6600
1989-09-29,193.2200
1989-10-02,192.3500
1989-10-03,192.8200
1989-10-04,191.8000
1989-10-05,190.9500
1989-10-06,190.2800
1989-10-09,190.4800
1989-10-10,191.6600
1989-10-11,191.8200
1989-10-12,193.3900
1989-10-13,194.3700
1989-10-16,192.7100
1989-10-17,194.0800
1989-10-18,193.3200
1989-10-19,193.9300
1989-10-20,192.6700
1989-10-23,190.5800
1989-10-24,190.0100
1989-10-25,190.2100
1989-10-26,188.4600
1989-10-27,189.4900
1989-10-30,188.6800
1989-10-31,189.8100
1989-11-01,191.4800
1989-11-02,190.7800
1989-11-03,191.2800
1989-11-06,191.1600
1989-11-07,191.5500
1989-11-08,190.6100
1989-11-09,191.2300
1989-11-10,191.0500
1989-11-13,190.2400
1989-11-14,189.2000
1989-11-15,190.0400
1989-11-16,191.3400
1989-11-17,192.5800
1989-11-20,192.9900
1989-11-21,193.0500
1989-11-22,193.3100
1989-11-24,193.8500
1989-11-27,192.0000
1989-11-28,189.7200
1989-11-29,189.6500
1989-11-30,192.0500
1989-12-01,193.5300
1989-12-04,193.0700
1989-12-05,193.9300
1989-12-06,195.0000
1989-12-07,194.8400
1989-12-08,194.4200
1989-12-11,195.4700
1989-12-12,194.9700
1989-12-13,194.9600
1989-12-14,194.4100
1989-12-15,196.6300
1989-12-18,200.0900
1989-12-19,199.3700
1989-12-20,198.1100
1989-12-21,200.9300
1989-12-22,200.5600
1989-12-26,204.1600
1989-12-27,206.2000
1989-12-28,205.1900
1989-12-29,207.2500
1990-01-02,212.0900
1990-01-03,215.6400
1990-01-04,212.1400
1990-01-05,206.9200
1990-01-08,199.7500
1990-01-09,200.4000
1990-01-10,203.7100
1990-01-11,203.8600
1990-01-12,202.9200
1990-01-15,200.0800
1990-01-16,199.8300
1990-01-17,197.6300
1990-01-18,198.6400
1990-01-19,200.3000
1990-01-22,198.5200
1990-01-23,197.1800
1990-01-24,196.7500
1990-01-25,198.7200
1990-01-26,199.3900
1990-01-29,200.5800
1990-01-30,199.0200
1990-01-31,198.8300
1990-02-01,198.5200
1990-02-02,200.9500
1990-02-05,198.3200
1990-02-06,198.2200
1990-02-07,197.5300
1990-02-08,196.5800
1990-02-09,195.2800
1990-02-12,197.0300
1990-02-13,197.0000
1990-02-14,197.9000
1990-02-15,199.7700
1990-02-16,198.4700
1990-02-20,197.9700
1990-02-21,196.8000
1990-02-22,197.8200
1990-02-23,197.3000
1990-02-26,198.5500
1990-02-27,196.6800
1990-02-28,195.9400
1990-03-01,192.8600
1990-03-02,194.6800
1990-03-05,197.9100
1990-03-06,196.3600
1990-03-07,195.7200
1990-03-08,196.2700
1990-03-09,194.6600
1990-03-12,194.1800
1990-03-13,194.2800
1990-03-14,194.6800
1990-03-15,197.5200
1990-03-16,196.1300
1990-03-19,195.4700
1990-03-20,194.8000
1990-03-21,195.8500
1990-03-22,195.7100
1990-03-23,197.6100
1990-03-26,197.4300
1990-03-27,197.3400
1990-03-28,197.0000
1990-03-29,197.5000
1990-03-30,198.6100
1990-04-02,200.4000
1990-04-03,200.6100
1990-04-04,198.5800
1990-04-05,197.0100
1990-04-06,195.8800
1990-04-09,193.3600
1990-04-10,190.9500
1990-04-11,192.4500
1990-04-12,190.8200
1990-04-16,192.0500
1990-04-17,191.4700
1990-04-18,190.1200
1990-04-19,193.7300
1990-04-20,193.5600
1990-04-23,195.3600
1990-04-24,194.8400
1990-04-25,193.5700
1990-04-26,193.2900
1990-04-27,193.8200
1990-04-30,193.9400
1990-05-01,196.1800
1990-05-02,195.8800
1990-05-03,192.9900
1990-05-04,193.3500
1990-05-07,195.2300
1990-05-08,194.7600
1990-05-09,197.2800
1990-05-10,196.6100
1990-05-11,194.4700
1990-05-14,196.8300
1990-05-15,196.7300
1990-05-16,196.8000
1990-05-17,197.4400
1990-05-18,197.1700
1990-05-21,195.6300
1990-05-22,195.3400
1990-05-23,191.9400
1990-05-24,192.2300
1990-05-25,192.0200
1990-05-29,193.8200
1990-05-30,193.3400
1990-05-31,189.8100
1990-06-01,189.2900
1990-06-04,187.6800
1990-06-05,186.5700
1990-06-06,187.2100
1990-06-07,185.7200
1990-06-08,184.8800
1990-06-11,184.5500
1990-06-12,187.5100
1990-06-13,187.3700
1990-06-14,185.4000
1990-06-15,184.5200
1990-06-19,182.7600
1990-06-20,182.6600
1990-06-21,183.0800
1990-06-22,184.8600
1990-06-25,185.8500
1990-06-26,184.4600
1990-06-27,182.9000
1990-06-28,184.6800
1990-06-29,184.1800
1990-07-02,184.4700
1990-07-03,184.1800
1990-07-05,182.7900
1990-07-06,181.5600
1990-07-09,181.8900
1990-07-10,182.8900
1990-07-11,184.4300
1990-07-12,188.7300
1990-07-13,190.9000
1990-07-16,193.6800
1990-07-17,193.4000
1990-07-18,191.8000
1990-07-19,192.0900
1990-07-20,192.4100
1990-07-23,193.6500
1990-07-24,194.6300
1990-07-25,194.8200
1990-07-26,195.6100
1990-07-27,194.4300
1990-07-30,195.1400
1990-07-31,196.8000
1990-08-01,199.3400
1990-08-02,205.1600
1990-08-03,209.9000
1990-08-06,226.3200
1990-08-07,227.2000
1990-08-08,216.0000
1990-08-09,215.0000
1990-08-10,218.5700
1990-08-13,218.3300
1990-08-14,219.3700
1990-08-15,220.1900
1990-08-16,224.2300
1990-08-17,228.8400
1990-08-20,233.4000
1990-08-21,237.0400
1990-08-22,247.2000
1990-08-23,253.4100
1990-08-24,247.0100
1990-08-27,233.2300
1990-08-28,229.4700
1990-08-29,219.2500
1990-08-30,223.4200
1990-08-31,225.4500
1990-09-04,236.4200
1990-09-05,237.6900
1990-09-06,245.2300
1990-09-07,238.5000
1990-09-10,242.1500
1990-09-11,238.5900
1990-09-12,237.8800
1990-09-13,237.0700
1990-09-14,237.5500
1990-09-17,242.2400
1990-09-18,243.5100
1990-09-19,244.1800
1990-09-20,247.0800
1990-09-21,254.2600
1990-09-24,263.4400
1990-09-25,263.5600
1990-09-26,266.7100
1990-09-27,270.4100
1990-09-28,270.1900
1990-10-01,260.3100
1990-10-02,247.4300
1990-10-03,261.1800
1990-10-04,259.3400
1990-10-05,263.3100
1990-10-08,265.4800
1990-10-09,270.4100
1990-10-10,262.0500
1990-10-11,266.1400
1990-10-12,265.1100
1990-10-15,258.6300
1990-10-16,261.7800
1990-10-17,261.0700
1990-10-18,252.9100
1990-10-19,244.6000
1990-10-22,233.0600
1990-10-23,228.3200
1990-10-24,236.2200
1990-10-25,246.0900
1990-10-26,242.6600
1990-10-29,247.0200
1990-10-30,247.1100
1990-10-31,249.3700
1990-11-01,250.0500
1990-11-02,245.2100
1990-11-05,238.4500
1990-11-06,241.6600
1990-11-07,251.3800
1990-11-08,250.4000
1990-11-09,243.3100
1990-11-12,236.5800
1990-11-13,238.2000
1990-11-14,232.7300
1990-11-15,232.0800
1990-11-16,228.3400
1990-11-19,232.6000
1990-11-20,225.0900
1990-11-21,228.0900
1990-11-23,236.4900
1990-11-26,240.9700
1990-11-27,240.2000
1990-11-28,240.7300
1990-11-29,239.6100
1990-11-30,227.6100
1990-12-03,223.7200
1990-12-04,228.4900
1990-12-05,215.8500
1990-12-06,212.4400
1990-12-07,212.7100
1990-12-10,215.3500
1990-12-11,212.1100
1990-12-12,206.8500
1990-12-13,208.5600
1990-12-14,209.6800
1990-12-17,210.8700
1990-12-18,212.9100
1990-12-19,213.9600
1990-12-20,212.5000
1990-12-21,211.3100
1990-12-24,211.3600
1990-12-26,216.2400
1990-12-27,215.5000
1990-12-28,217.2300
1990-12-31,219.9700
1991-01-02,211.2800
1991-01-03,206.9400
1991-01-04,204.6000
1991-01-07,216.6800
1991-01-08,212.7700
1991-01-09,215.2900
1991-01-10,214.9900
1991-01-11,212.3600
1991-01-14,226.3400
1991-01-15,221.4000
1991-01-16,228.3500
1991-01-17,189.8700
1991-01-18,184.6500
1991-01-21,188.9200
1991-01-22,194.4900
1991-01-23,194.9600
1991-01-24,194.6600
1991-01-25,194.2700
1991-01-28,192.8700
1991-01-29,195.7900
1991-01-30,192.8200
1991-01-31,194.4500
1991-02-01,193.1800
1991-02-04,193.0300
1991-02-05,191.7900
1991-02-06,195.1500
1991-02-07,192.5600
1991-02-08,194.2800
1991-02-11,195.8900
1991-02-12,195.9300
1991-02-13,193.1800
1991-02-14,192.1600
1991-02-15,186.5500
1991-02-19,185.8800
1991-02-20,188.9200
1991-02-21,184.9600
1991-02-22,183.3200
1991-02-25,184.3000
1991-02-26,187.0500
1991-02-27,189.3300
1991-02-28,191.2300
1991-03-01,192.3300
1991-03-04,196.7200
1991-03-05,199.1900
1991-03-06,197.2900
1991-03-07,195.6900
1991-03-08,195.3000
1991-03-11,193.1000
1991-03-12,194.9700
1991-03-13,195.8200
1991-03-14,194.4000
1991-03-15,192.8900
1991-03-18,191.4200
1991-03-19,194.8600
1991-03-20,195.6700
1991-03-21,197.2700
1991-03-22,195.9800
1991-03-25,193.0100
1991-03-26,193.5300
1991-03-27,192.9700
1991-03-28,194.1300
1991-04-01,192.8800
1991-04-02,195.1000
1991-04-03,193.1900
1991-04-04,194.4800
1991-04-05,194.5100
1991-04-08,195.7600
1991-04-09,195.2100
1991-04-10,197.6900
1991-04-11,196.0000
1991-04-12,198.0600
1991-04-15,199.9400
1991-04-16,199.2400
1991-04-17,199.7500
1991-04-18,197.4800
1991-04-19,197.9500
1991-04-22,199.5900
1991-04-23,197.6500
1991-04-24,197.4700
1991-04-25,197.6300
1991-04-26,198.2100
1991-04-29,197.7400
1991-04-30,196.0000
1991-05-01,197.5900
1991-05-02,197.0000
1991-05-03,198.1500
1991-05-06,199.5800
1991-05-07,198.0400
1991-05-08,197.7100
1991-05-09,198.5400
1991-05-10,195.3200
1991-05-13,194.5100
1991-05-14,193.7400
1991-05-15,194.0000
1991-05-16,193.9200
1991-05-17,194.3500
1991-05-20,194.3100
1991-05-21,194.2000
1991-05-22,192.9200
1991-05-23,193.6800
1991-05-24,193.9500
1991-05-28,194.5700
1991-05-29,193.2900
1991-05-30,194.0300
1991-05-31,192.8900
1991-06-03,193.1300
1991-06-04,192.8100
1991-06-05,189.8600
1991-06-06,189.6200
1991-06-07,189.2800
1991-06-10,186.6700
1991-06-11,187.1700
1991-06-12,186.9800
1991-06-13,185.5100
1991-06-14,185.1800
1991-06-17,185.9400
1991-06-18,185.9000
1991-06-19,184.9700
1991-06-20,185.6200
1991-06-21,184.7600
1991-06-24,183.6200
1991-06-25,184.2700
1991-06-26,184.5100
1991-06-27,185.6400
1991-06-28,185.4500
1991-07-01,186.1100
1991-07-02,186.8800
1991-07-03,185.5800
1991-07-05,185.9400
1991-07-08,186.7100
1991-07-09,186.4100
1991-07-10,186.9300
1991-07-11,186.0600
1991-07-12,188.6300
1991-07-15,187.3900
1991-07-16,188.5300
1991-07-17,190.2600
1991-07-18,189.1400
1991-07-19,190.3300
1991-07-22,190.0500
1991-07-23,188.9000
1991-07-24,189.3200
1991-07-25,189.2100
1991-07-26,189.6600
1991-07-29,189.1700
1991-07-30,189.7100
1991-07-31,191.8900
1991-08-01,190.8000
1991-08-02,191.2000
1991-08-05,191.0100
1991-08-06,189.6100
1991-08-07,188.6600
1991-08-08,189.1800
1991-08-09,189.5200
1991-08-12,189.5100
1991-08-13,188.7400
1991-08-14,187.2800
1991-08-15,188.3600
1991-08-16,188.4800
1991-08-19,192.3400
1991-08-20,192.9100
1991-08-21,190.2300
1991-08-22,191.9800
1991-08-23,191.7600
1991-08-26,192.1800
1991-08-27,191.8300
1991-08-28,190.3000
1991-08-29,190.9300
1991-08-30,192.6400
1991-09-03,192.1600
1991-09-04,190.5500
1991-09-05,190.6000
1991-09-06,190.6600
1991-09-09,189.7200
1991-09-10,189.8800
1991-09-11,190.8500
1991-09-12,190.6900
1991-09-13,191.3700
1991-09-16,191.7500
1991-09-17,190.4300
1991-09-18,192.2700
1991-09-19,192.2800
1991-09-20,192.8800
1991-09-23,193.5500
1991-09-24,194.2400
1991-09-25,194.5700
1991-09-26,194.1400
1991-09-27,194.9000
1991-09-30,193.9300
1991-10-01,193.9400
1991-10-02,194.3100
1991-10-03,195.5400
1991-10-04,195.8100
1991-10-07,197.2300
1991-10-08,197.3700
1991-10-09,197.6800
1991-10-10,196.6900
1991-10-11,196.9300
1991-10-14,198.1300
1991-10-15,198.9300
1991-10-16,199.6800
1991-10-17,200.6900
1991-10-18,201.7100
1991-10-21,201.7800
1991-10-22,201.1600
1991-10-23,198.8200
1991-10-24,200.3300
1991-10-25,198.1500
1991-10-28,198.1100
1991-10-29,197.8600
1991-10-30,197.9900
1991-10-31,198.5500
1991-11-01,200.2200
1991-11-04,200.2100
1991-11-05,200.7200
1991-11-06,198.8300
1991-11-07,197.5000
1991-11-08,197.1700
1991-11-11,194.4700
1991-11-12,193.7500
1991-11-13,193.3900
1991-11-14,194.8800
1991-11-15,195.9400
1991-11-18,193.8900
1991-11-19,192.6900
1991-11-20,193.3400
1991-11-21,192.5800
1991-11-22,190.1400
1991-11-25,190.5100
1991-11-26,188.9100
1991-11-27,189.7800
1991-11-29,190.1000
1991-12-02,188.0900
1991-12-03,185.1200
1991-12-04,186.1400
1991-12-05,184.2200
1991-12-06,182.3100
1991-12-09,179.4900
1991-12-10,179.5900
1991-12-11,179.9400
1991-12-12,181.3400
1991-12-13,182.3700
1991-12-16,181.4800
1991-12-17,180.3700
1991-12-18,179.3200
1991-12-19,177.3900
1991-12-20,174.8000
1991-12-23,176.3100
1991-12-24,177.5500
1991-12-26,174.9300
1991-12-27,175.5800
1991-12-30,174.4300
1991-12-31,176.9200
1992-01-02,177.8300
1992-01-03,177.0600
1992-01-06,177.2200
1992-01-07,175.2900
1992-01-08,172.6500
1992-01-09,172.9600
1992-01-10,175.8500
1992-01-13,178.9700
1992-01-14,177.5300
1992-01-15,179.7400
1992-01-16,180.8300
1992-01-17,181.8100
1992-01-20,180.6600
1992-01-21,179.3300
1992-01-22,180.5500
1992-01-23,180.4500
1992-01-24,182.1600
1992-01-27,183.8600
1992-01-28,182.4100
1992-01-29,182.3600
1992-01-30,181.5700
1992-01-31,182.3500
1992-02-03,182.9400
1992-02-04,185.4500
1992-02-05,186.3400
1992-02-06,186.4600
1992-02-07,188.4600
1992-02-10,189.2800
1992-02-11,185.7600
1992-02-12,186.4000
1992-02-13,187.9500
1992-02-14,187.1900
1992-02-18,181.3300
1992-02-19,183.5000
1992-02-20,183.6100
1992-02-21,182.4600
1992-02-24,179.9100
1992-02-25,180.3900
1992-02-26,180.3200
1992-02-27,181.8700
1992-02-28,181.7800
1992-03-02,180.0200
1992-03-03,180.8700
1992-03-04,181.9100
1992-03-05,181.6500
1992-03-06,181.3100
1992-03-09,182.4000
1992-03-10,183.0000
1992-03-11,181.9400
1992-03-12,183.5500
1992-03-13,184.7000
1992-03-16,184.8100
1992-03-17,184.8600
1992-03-18,183.8900
1992-03-19,185.3400
1992-03-20,183.4200
1992-03-23,183.6300
1992-03-24,183.6900
1992-03-25,183.0200
1992-03-26,183.7700
1992-03-27,183.1900
1992-03-30,183.1500
1992-03-31,184.7400
1992-04-01,186.5000
1992-04-02,186.3100
1992-04-03,189.0900
1992-04-06,189.9200
1992-04-07,188.2400
1992-04-08,189.5300
1992-04-09,188.4800
1992-04-10,188.7000
1992-04-13,187.2900
1992-04-14,185.6200
1992-04-15,186.0200
1992-04-16,187.8000
1992-04-20,188.6500
1992-04-21,189.0600
1992-04-22,186.9000
1992-04-23,187.9800
1992-04-24,188.6500
1992-04-27,188.6400
1992-04-28,189.0700
1992-04-29,189.7900
1992-04-30,190.1200
1992-05-01,190.6700
1992-05-04,193.6200
1992-05-05,191.6400
1992-05-06,191.5400
1992-05-07,191.9700
1992-05-08,191.8300
1992-05-11,191.6900
1992-05-12,190.6800
1992-05-13,190.0200
1992-05-14,188.5500
1992-05-15,188.8800
1992-05-18,188.3800
1992-05-19,185.7300
1992-05-20,185.1700
1992-05-21,186.7200
1992-05-22,187.4000
1992-05-26,192.6500
1992-05-27,192.2200
1992-05-28,192.0600
1992-05-29,193.0200
1992-06-01,193.0400
1992-06-02,193.5800
1992-06-03,195.6400
1992-06-04,196.0300
1992-06-05,195.8700
1992-06-08,195.6300
1992-06-09,195.0900
1992-06-10,195.5000
1992-06-11,194.3600
1992-06-12,194.4500
1992-06-15,193.8300
1992-06-16,193.6300
1992-06-17,194.4400
1992-06-18,194.0200
1992-06-19,194.6600
1992-06-22,194.5200
1992-06-23,194.7900
1992-06-24,195.6900
1992-06-25,194.6200
1992-06-26,194.2000
1992-06-29,193.7600
1992-06-30,190.8900
1992-07-01,191.2100
1992-07-02,192.0200
1992-07-06,190.2300
1992-07-07,188.0100
1992-07-08,187.1300
1992-07-09,187.2300
1992-07-10,186.4900
1992-07-13,186.6700
1992-07-14,187.1500
1992-07-15,188.5300
1992-07-16,188.9300
1992-07-17,188.3100
1992-07-20,188.4000
1992-07-21,187.7600
1992-07-22,188.8000
1992-07-23,189.1900
1992-07-24,189.4100
1992-07-27,189.2600
1992-07-28,188.8000
1992-07-29,187.9800
1992-07-30,186.9400
1992-07-31,186.6900
1992-08-03,185.7200
1992-08-04,184.8000
1992-08-05,183.8900
1992-08-06,185.2500
1992-08-07,184.2200
1992-08-10,183.5000
1992-08-11,182.9000
1992-08-12,183.3600
1992-08-13,184.6500
1992-08-14,184.7500
1992-08-17,185.4900
1992-08-18,185.5200
1992-08-19,184.4000
1992-08-20,184.8900
1992-08-21,183.7800
1992-08-24,187.0400
1992-08-25,185.1600
1992-08-26,185.0200
1992-08-27,184.2400
1992-08-28,185.2300
1992-08-31,186.4000
1992-09-01,187.1800
1992-09-02,188.1800
1992-09-03,187.8600
1992-09-04,188.4400
1992-09-08,189.2300
1992-09-09,188.4900
1992-09-10,187.9600
1992-09-11,187.6300
1992-09-14,189.1200
1992-09-15,188.7200
1992-09-16,189.0000
1992-09-17,188.0600
1992-09-18,186.9800
1992-09-21,187.0200
1992-09-22,186.7400
1992-09-23,187.7000
1992-09-24,187.2000
1992-09-25,186.9100
1992-09-28,187.2300
1992-09-29,186.7500
1992-09-30,187.0500
1992-10-01,188.0300
1992-10-02,188.2100
1992-10-05,186.9900
1992-10-06,187.0100
1992-10-07,187.3400
1992-10-08,188.0600
1992-10-09,190.0800
1992-10-12,190.6900
1992-10-13,189.3600
1992-10-14,189.7100
1992-10-15,190.7800
1992-10-16,189.6200
1992-10-19,189.4600
1992-10-20,189.1500
1992-10-21,187.2000
1992-10-22,185.7700
1992-10-23,184.8600
1992-10-26,185.3500
1992-10-27,184.5700
1992-10-28,184.0600
1992-10-29,182.1500
1992-10-30,182.4100
1992-11-02,183.9600
1992-11-03,183.4100
1992-11-04,181.3500
1992-11-05,182.3000
1992-11-06,180.4900
1992-11-09,181.9200
1992-11-10,180.9500
1992-11-11,181.3500
1992-11-12,180.9400
1992-11-13,180.5700
1992-11-16,182.5100
1992-11-17,181.7600
1992-11-18,180.9300
1992-11-19,182.5400
1992-11-20,182.5500
1992-11-23,181.4900
1992-11-24,181.4800
1992-11-25,181.9800
1992-11-27,181.7200
1992-11-30,180.1000
1992-12-01,178.2400
1992-12-02,177.6300
1992-12-03,176.0200
1992-12-04,175.4200
1992-12-07,177.3500
1992-12-08,175.9400
1992-12-09,176.3100
1992-12-10,178.5000
1992-12-11,178.4500
1992-12-14,178.5500
1992-12-15,177.9300
1992-12-16,180.4500
1992-12-17,181.4900
1992-12-18,181.6200
1992-12-21,182.4200
1992-12-22,181.8700
1992-12-23,182.9500
1992-12-24,183.1100
1992-12-28,182.2000
1992-12-29,180.9000
1992-12-30,180.7800
1992-12-31,181.0100
1993-01-04,179.2800
1993-01-05,179.9800
1993-01-06,178.8900
1993-01-07,178.7200
1993-01-08,179.0700
1993-01-11,179.5800
1993-01-12,177.5400
1993-01-13,178.0500
1993-01-14,179.0200
1993-01-15,180.0200
1993-01-18,179.6800
1993-01-19,179.0900
1993-01-20,178.0100
1993-01-21,178.4800
1993-01-22,178.6100
1993-01-25,181.7000
1993-01-26,181.5200
1993-01-27,181.3600
1993-01-28,183.8200
1993-01-29,183.3500
1993-02-01,183.3900
1993-02-02,181.8100
1993-02-03,181.9700
1993-02-04,182.9100
1993-02-05,182.6100
1993-02-08,182.4300
1993-02-09,182.8800
1993-02-10,184.7000
1993-02-11,184.9400
1993-02-12,183.3300
1993-02-16,181.5900
1993-02-17,181.2900
1993-02-18,182.0100
1993-02-19,183.1400
1993-02-22,185.1700
1993-02-23,186.0200
1993-02-24,185.9800
1993-02-25,186.2900
1993-02-26,186.5000
1993-03-01,186.3000
1993-03-02,186.2900
1993-03-03,186.8400
1993-03-04,189.6900
1993-03-05,189.2800
1993-03-08,188.3800
1993-03-09,188.4800
1993-03-10,187.6300
1993-03-11,186.3500
1993-03-12,187.3900
1993-03-15,187.6100
1993-03-16,187.5700
1993-03-17,187.8500
1993-03-18,189.3900
1993-03-19,189.6900
1993-03-22,187.2800
1993-03-23,187.7000
1993-03-24,188.4000
1993-03-25,189.6600
1993-03-26,189.8500
1993-03-29,189.2900
1993-03-30,188.8100
1993-03-31,190.1700
1993-04-01,190.5100
1993-04-02,190.7500
1993-04-05,189.6800
1993-04-06,187.8100
1993-04-07,187.8200
1993-04-08,187.4500
1993-04-12,188.6800
1993-04-13,188.8200
1993-04-14,188.5700
1993-04-15,187.3200
1993-04-16,186.0100
1993-04-19,186.0000
1993-04-20,185.9600
1993-04-21,186.2000
1993-04-22,185.5700
1993-04-23,185.9000
1993-04-26,186.4100
1993-04-27,186.1600
1993-04-28,185.9300
1993-04-29,188.0500
1993-04-30,187.6700
1993-05-03,188.0300
1993-05-04,186.8000
1993-05-05,186.8400
1993-05-06,187.2400
1993-05-07,186.8100
1993-05-10,186.3000
1993-05-11,185.8900
1993-05-12,185.4300
1993-05-13,183.6300
1993-05-14,182.8200
1993-05-17,182.8500
1993-05-18,182.0700
1993-05-19,181.9600
1993-05-20,183.4300
1993-05-21,183.5500
1993-05-24,182.1900
1993-05-25,182.8200
1993-05-26,182.0600
1993-05-27,181.8500
1993-05-28,181.2200
1993-06-01,181.3600
1993-06-02,180.5400
1993-06-03,179.3100
1993-06-04,180.0300
1993-06-07,179.5800
1993-06-08,179.5800
1993-06-09,179.7400
1993-06-10,178.1700
1993-06-11,177.3900
1993-06-14,176.8200
1993-06-15,174.9700
1993-06-16,175.8500
1993-06-17,175.8000
1993-06-18,175.8100
1993-06-21,175.6500
1993-06-22,174.6600
1993-06-23,175.7800
1993-06-24,176.0000
1993-06-25,175.9200
1993-06-28,176.2200
1993-06-29,175.7400
1993-06-30,175.9700
1993-07-01,175.4500
1993-07-02,175.2300
1993-07-06,177.4300
1993-07-07,176.0200
1993-07-08,174.7200
1993-07-09,174.7900
1993-07-12,174.7300
1993-07-13,174.3700
1993-07-14,171.9400
1993-07-15,172.1000
1993-07-16,170.7000
1993-07-19,174.1800
1993-07-20,172.7500
1993-07-21,173.1500
1993-07-22,172.6400
1993-07-23,173.7300
1993-07-26,174.6900
1993-07-27,176.6000
1993-07-28,175.6400
1993-07-29,175.3900
1993-07-30,174.0600
1993-08-02,174.8500
1993-08-03,174.7600
1993-08-04,174.5700
1993-08-05,173.1100
1993-08-06,173.2800
1993-08-09,174.0700
1993-08-10,173.6500
1993-08-11,175.6200
1993-08-12,176.2200
1993-08-13,176.5400
1993-08-16,175.5600
1993-08-17,176.1700
1993-08-18,174.9900
1993-08-19,175.0500
1993-08-20,175.5300
1993-08-23,176.4600
1993-08-24,175.7600
1993-08-25,175.1300
1993-08-26,175.3700
1993-08-27,177.9100
1993-08-30,177.8900
1993-08-31,175.8400
1993-09-01,174.3700
1993-09-02,174.5900
1993-09-03,174.1100
1993-09-07,170.5700
1993-09-08,171.2800
1993-09-09,171.0500
1993-09-10,170.8400
1993-09-13,171.9600
1993-09-14,171.7700
1993-09-15,171.5000
1993-09-16,171.3700
1993-09-17,172.5400
1993-09-20,174.6500
1993-09-21,174.5500
1993-09-22,172.8700
1993-09-23,173.7700
1993-09-24,173.3000
1993-09-27,172.7100
1993-09-28,173.1900
1993-09-29,176.3500
1993-09-30,177.3600
1993-10-01,177.3300
1993-10-04,176.8000
1993-10-05,176.3500
1993-10-06,176.4000
1993-10-07,177.3500
1993-10-08,177.8800
1993-10-11,178.8900
1993-10-12,179.7000
1993-10-13,179.2600
1993-10-14,178.5800
1993-10-15,177.7300
1993-10-18,176.9900
1993-10-19,176.9500
1993-10-20,177.1900
1993-10-21,177.4200
1993-10-22,175.5800
1993-10-25,173.4000
1993-10-26,172.6300
1993-10-27,173.6300
1993-10-28,172.2900
1993-10-29,171.4200
1993-11-01,173.0800
1993-11-02,171.6600
1993-11-03,171.9000
1993-11-04,171.9800
1993-11-05,171.2900
1993-11-08,170.0300
1993-11-09,170.0800
1993-11-10,171.4600
1993-11-11,173.9300
1993-11-12,173.0600
1993-11-15,173.1200
1993-11-16,173.0900
1993-11-17,175.0000
1993-11-18,173.9800
1993-11-19,173.7700
1993-11-22,173.7200
1993-11-23,171.1100
1993-11-24,170.4500
1993-11-26,170.5400
1993-11-29,165.5500
1993-11-30,165.0700
1993-12-01,165.6600
1993-12-02,163.6700
1993-12-03,164.3000
1993-12-06,162.7500
1993-12-07,163.7500
1993-12-08,163.6000
1993-12-09,163.9500
1993-12-10,166.8100
1993-12-13,164.8300
1993-12-14,165.2500
1993-12-15,165.2000
1993-12-16,164.9400
1993-12-17,164.7100
1993-12-20,164.2900
1993-12-21,163.2400
1993-12-22,164.2700
1993-12-23,163.5400
1993-12-27,162.3000
1993-12-28,162.2700
1993-12-29,164.2200
1993-12-30,163.5100
1993-12-31,163.5500
1994-01-03,164.5300
1994-01-04,165.7900
1994-01-05,169.0500
1994-01-06,169.7800
1994-01-07,170.7600
1994-01-10,168.2800
1994-01-11,170.5400
1994-01-12,169.3300
1994-01-13,169.7300
1994-01-14,172.1200
1994-01-17,173.1300
1994-01-18,170.6000
1994-01-19,170.4000
1994-01-20,169.8600
1994-01-21,170.9200
1994-01-24,173.2000
1994-01-25,173.2200
1994-01-26,175.6800
1994-01-27,175.8700
1994-01-28,176.8500
1994-01-31,177.3500
1994-02-01,180.8500
1994-02-02,181.8500
1994-02-03,178.6200
1994-02-04,177.2300
1994-02-07,175.0300
1994-02-08,175.3500
1994-02-09,172.7700
1994-02-10,172.4400
1994-02-11,172.7200
1994-02-14,170.2900
1994-02-15,170.1400
1994-02-16,170.2600
1994-02-17,170.4200
1994-02-18,170.5700
1994-02-22,171.9100
1994-02-23,171.0600
1994-02-24,173.0900
1994-02-25,172.7800
1994-02-28,171.2300
1994-03-01,171.1900
1994-03-02,170.7800
1994-03-03,170.1500
1994-03-04,170.5300
1994-03-07,168.4700
1994-03-08,168.7800
1994-03-09,169.0400
1994-03-10,168.8600
1994-03-11,169.9000
1994-03-14,169.7500
1994-03-15,171.2900
1994-03-16,172.8400
1994-03-17,171.5400
1994-03-18,171.6400
1994-03-21,172.1900
1994-03-22,172.3000
1994-03-23,171.9400
1994-03-24,171.6300
1994-03-25,171.9700
1994-03-28,167.6000
1994-03-29,168.0300
1994-03-30,168.2900
1994-03-31,170.3900
1994-04-04,174.4200
1994-04-05,172.8800
1994-04-06,173.5500
1994-04-07,172.3100
1994-04-08,171.8200
1994-04-11,172.1800
1994-04-12,171.9800
1994-04-13,172.5800
1994-04-14,173.7500
1994-04-15,175.3100
1994-04-18,174.9200
1994-04-19,172.9200
1994-04-20,173.3500
1994-04-21,174.4500
1994-04-22,176.1400
1994-04-25,176.6000
1994-04-26,174.2700
1994-04-28,172.8600
1994-04-29,174.5600
1994-05-02,174.3000
1994-05-03,172.8400
1994-05-04,172.7300
1994-05-05,173.3000
1994-05-06,174.1700
1994-05-09,174.6500
1994-05-10,173.7600
1994-05-11,174.1500
1994-05-12,174.9400
1994-05-13,175.0400
1994-05-16,175.2900
1994-05-17,174.5500
1994-05-18,175.2200
1994-05-19,176.3400
1994-05-20,176.6700
1994-05-23,177.4500
1994-05-24,174.8300
1994-05-25,172.6100
1994-05-26,172.5200
1994-05-27,173.8100
1994-05-31,176.7600
1994-06-01,175.5500
1994-06-02,176.2500
1994-06-03,174.6800
1994-06-06,174.4000
1994-06-07,173.3000
1994-06-08,175.8000
1994-06-09,176.0500
1994-06-10,177.0400
1994-06-13,178.5100
1994-06-14,178.4400
1994-06-15,182.5400
1994-06-16,181.9500
1994-06-17,184.3700
1994-06-20,182.4600
1994-06-21,180.6200
1994-06-22,178.8100
1994-06-23,178.8600
1994-06-24,179.2000
1994-06-27,177.4200
1994-06-28,180.0900
1994-06-29,178.3100
1994-06-30,180.0800
1994-07-01,180.5700
1994-07-05,178.1100
1994-07-06,176.4700
1994-07-07,175.6800
1994-07-08,176.8900
1994-07-11,180.2200
1994-07-12,181.1900
1994-07-13,181.2200
1994-07-14,181.5200
1994-07-15,180.6500
1994-07-18,179.6500
1994-07-19,180.0100
1994-07-20,178.9200
1994-07-21,179.2000
1994-07-22,179.8200
1994-07-25,178.7700
1994-07-26,178.6700
1994-07-27,178.9300
1994-07-28,179.7500
1994-07-29,182.5200
1994-08-01,183.9900
1994-08-02,182.0400
1994-08-03,180.6200
1994-08-04,180.9500
1994-08-05,177.6800
1994-08-08,177.3000
1994-08-09,177.6500
1994-08-10,177.6500
1994-08-11,176.7600
1994-08-12,174.5400
1994-08-15,174.4700
1994-08-16,173.7100
1994-08-17,175.5700
1994-08-18,173.7400
1994-08-19,171.7700
1994-08-22,168.5500
1994-08-23,168.5200
1994-08-24,170.3000
1994-08-25,169.5600
1994-08-26,168.8700
1994-08-29,170.9100
1994-08-30,170.2900
1994-08-31,170.2600
1994-09-01,170.3400
1994-09-02,169.9300
1994-09-06,171.2000
1994-09-07,171.8800
1994-09-08,172.2600
1994-09-09,172.3400
1994-09-12,173.2900
1994-09-13,172.2300
1994-09-14,171.0400
1994-09-15,169.3700
1994-09-16,170.3800
1994-09-19,171.6600
1994-09-20,171.3600
1994-09-21,170.3200
1994-09-22,171.6300
1994-09-23,171.5900
1994-09-26,170.1600
1994-09-27,169.0400
1994-09-28,169.1000
1994-09-29,170.3700
1994-09-30,171.4200
1994-10-03,171.2200
1994-10-04,170.7400
1994-10-05,169.9900
1994-10-06,170.8100
1994-10-07,172.0400
1994-10-10,172.2400
1994-10-11,173.5600
1994-10-12,173.2600
1994-10-13,174.3300
1994-10-14,174.0700
1994-10-17,174.6100
1994-10-18,174.0500
1994-10-19,174.7400
1994-10-20,176.9000
1994-10-21,175.3000
1994-10-24,177.3700
1994-10-25,177.5700
1994-10-26,179.9100
1994-10-27,180.1100
1994-10-28,180.2400
1994-10-31,179.0400
1994-11-01,180.5000
1994-11-02,180.7900
1994-11-03,180.2400
1994-11-04,179.6000
1994-11-07,176.8100
1994-11-08,178.9200
1994-11-09,177.9800
1994-11-10,179.0300
1994-11-11,179.3100
1994-11-14,177.4900
1994-11-15,177.7500
1994-11-16,175.2300
1994-11-17,175.7600
1994-11-18,176.1900
1994-11-21,175.7100
1994-11-22,177.0500
1994-11-23,177.8200
1994-11-25,177.5500
1994-11-28,177.5300
1994-11-29,175.9300
1994-11-30,175.1700
1994-12-01,174.1800
1994-12-02,170.9000
1994-12-05,170.9400
1994-12-06,171.0200
1994-12-07,172.6800
1994-12-08,175.6000
1994-12-09,176.2200
1994-12-12,175.9100
1994-12-13,174.2200
1994-12-14,174.3100
1994-12-15,174.4600
1994-12-16,174.2700
1994-12-19,172.9100
1994-12-20,173.2600
1994-12-21,173.9100
1994-12-22,174.7800
1994-12-23,175.3000
1994-12-27,178.5800
1994-12-28,179.6900
1994-12-29,179.6300
1994-12-30,180.7600
1995-01-03,178.6800
1995-01-04,177.8700
1995-01-05,178.3800
1995-01-06,176.9600
1995-01-09,175.3300
1995-01-10,175.0600
1995-01-11,175.9600
1995-01-12,175.6200
1995-01-13,173.9200
1995-01-16,175.7600
1995-01-17,178.5600
1995-01-18,179.2400
1995-01-19,178.4000
1995-01-20,179.2500
1995-01-23,177.2700
1995-01-24,177.9000
1995-01-25,176.8800
1995-01-26,176.7600
1995-01-27,175.6400
1995-01-30,175.4600
1995-01-31,176.0000
1995-02-01,176.1400
1995-02-02,177.3000
1995-02-03,178.4600
1995-02-06,178.0600
1995-02-07,175.8600
1995-02-08,174.4100
1995-02-09,175.9300
1995-02-10,176.7600
1995-02-13,175.1500
1995-02-14,175.6600
1995-02-15,175.1800
1995-02-16,176.1900
1995-02-17,177.4300
1995-02-21,177.3600
1995-02-22,177.8400
1995-02-23,177.2600
1995-02-24,178.0300
1995-02-27,177.3300
1995-02-28,177.1100
1995-03-01,176.2200
1995-03-02,175.6300
1995-03-03,176.5900
1995-03-06,176.3200
1995-03-07,176.6600
1995-03-08,175.4600
1995-03-09,174.7500
1995-03-10,174.3200
1995-03-13,175.4100
1995-03-14,174.5000
1995-03-15,175.5600
1995-03-16,176.3600
1995-03-17,176.3700
1995-03-20,177.0100
1995-03-21,176.6100
1995-03-22,179.9000
1995-03-23,179.2800
1995-03-24,177.9400
1995-03-27,179.0000
1995-03-28,178.4800
1995-03-29,178.3900
1995-03-30,178.9500
1995-03-31,179.0600
1995-04-03,179.1500
1995-04-04,180.5500
1995-04-05,181.7700
1995-04-06,182.5900
1995-04-07,182.2800
1995-04-10,182.0400
1995-04-11,183.2200
1995-04-12,182.4000
1995-04-13,180.4600
1995-04-17,182.4700
1995-04-18,183.3100
1995-04-19,183.5700
1995-04-20,183.7000
1995-04-21,184.3000
1995-04-24,183.8900
1995-04-25,183.7100
1995-04-26,182.4400
1995-04-27,183.8900
1995-04-28,183.6300
1995-05-01,185.0600
1995-05-02,183.2900
1995-05-03,182.3400
1995-05-04,183.1600
1995-05-05,182.4300
1995-05-08,181.9700
1995-05-09,179.8700
1995-05-10,180.5600
1995-05-11,179.4200
1995-05-12,180.4400
1995-05-15,182.2300
1995-05-16,183.2100
1995-05-17,182.7900
1995-05-18,184.0600
1995-05-19,184.2700
1995-05-22,184.8500
1995-05-23,185.7900
1995-05-24,184.4100
1995-05-25,184.0800
1995-05-26,181.9600
1995-05-30,180.4600
1995-05-31,180.8100
1995-06-01,182.0900
1995-06-02,182.4500
1995-06-05,183.3200
1995-06-06,181.9500
1995-06-07,181.6900
1995-06-08,180.8400
1995-06-09,179.9900
1995-06-12,179.6100
1995-06-13,179.0700
1995-06-14,180.1300
1995-06-15,179.2300
1995-06-16,177.8200
1995-06-19,176.7600
1995-06-20,176.7000
1995-06-21,175.1800
1995-06-22,175.6500
1995-06-23,175.4700
1995-06-26,175.0500
1995-06-27,175.2800
1995-06-28,176.4900
1995-06-29,175.3400
1995-06-30,174.4900
1995-07-03,174.2300
1995-07-05,171.8600
1995-07-06,172.9700
1995-07-07,171.8500
1995-07-10,173.9000
1995-07-11,173.5400
1995-07-12,174.0300
1995-07-13,172.3800
1995-07-14,173.4700
1995-07-17,173.9600
1995-07-18,174.4900
1995-07-19,173.3000
1995-07-20,172.4200
1995-07-21,173.1000
1995-07-24,173.2600
1995-07-25,173.1900
1995-07-26,175.8100
1995-07-27,175.8900
1995-07-28,175.9600
1995-07-31,177.3400
1995-08-01,175.5400
1995-08-02,175.0000
1995-08-03,174.9900
1995-08-04,174.9000
1995-08-07,174.6500
1995-08-08,175.1600
1995-08-09,175.8800
1995-08-10,175.8100
1995-08-11,176.2500
1995-08-14,175.6700
1995-08-15,175.8000
1995-08-16,175.3000
1995-08-17,176.4000
1995-08-18,177.3700
1995-08-21,179.7400
1995-08-22,179.7800
1995-08-23,180.2600
1995-08-24,179.9200
1995-08-25,179.7000
1995-08-28,178.9800
1995-08-29,178.7700
1995-08-30,178.5700
1995-08-31,180.5300
1995-09-01,181.5800
1995-09-05,183.2500
1995-09-06,181.5100
1995-09-07,181.1200
1995-09-08,181.7500
1995-09-11,181.8500
1995-09-12,183.1200
1995-09-13,182.9900
1995-09-14,183.3800
1995-09-15,183.8500
1995-09-18,184.4700
1995-09-19,183.8900
1995-09-20,182.5100
1995-09-21,181.9300
1995-09-22,180.1400
1995-09-25,180.6500
1995-09-26,180.3300
1995-09-27,180.4400
1995-09-28,181.5600
1995-09-29,181.0800
1995-10-02,182.8400
1995-10-03,181.2200
1995-10-04,180.5900
1995-10-05,178.2100
1995-10-06,178.4400
1995-10-09,180.4100
1995-10-10,180.4000
1995-10-11,180.1800
1995-10-12,179.6100
1995-10-13,181.0100
1995-10-16,180.8500
1995-10-17,180.0100
1995-10-18,179.9000
1995-10-19,179.7300
1995-10-20,180.6300
1995-10-23,180.6500
1995-10-24,180.4800
1995-10-25,180.8800
1995-10-26,182.3900
1995-10-27,182.0900
1995-10-30,182.7100
1995-10-31,183.1200
1995-11-01,183.5300
1995-11-02,184.7000
1995-11-03,183.9600
1995-11-06,183.5600
1995-11-07,183.6600
1995-11-08,184.4100
1995-11-09,184.1100
1995-11-10,185.2900
1995-11-13,184.9900
1995-11-14,184.4200
1995-11-15,184.5600
1995-11-16,186.0800
1995-11-17,187.9600
1995-11-20,187.9400
1995-11-21,187.2800
1995-11-22,188.4000
1995-11-24,188.7000
1995-11-27,189.6100
1995-11-28,188.2500
1995-11-29,188.4500
1995-11-30,187.9300
1995-12-01,189.7000
1995-12-04,191.2100
1995-12-05,193.2100
1995-12-06,193.4000
1995-12-07,193.3800
1995-12-08,194.4500
1995-12-11,193.4800
1995-12-12,193.2200
1995-12-13,194.7700
1995-12-14,195.2700
1995-12-15,195.7100
1995-12-18,197.9100
1995-12-19,198.8700
1995-12-20,200.3500
1995-12-21,202.3000
1995-12-22,198.8100
1995-12-26,200.8800
1995-12-27,206.7900
1995-12-28,201.8900
1995-12-29,203.5000
1996-01-02,207.4200
1996-01-03,208.8400
1996-01-04,208.1800
1996-01-05,208.8900
1996-01-08,208.0700
1996-01-09,204.3600
1996-01-10,200.6700
1996-01-11,194.0300
1996-01-12,190.1300
1996-01-15,187.1100
1996-01-16,183.8800
1996-01-17,186.8300
1996-01-18,187.6500
1996-01-19,186.7900
1996-01-22,185.7800
1996-01-23,187.4500
1996-01-24,188.1300
1996-01-25,184.9700
1996-01-26,187.4500
1996-01-29,190.6600
1996-01-30,193.8300
1996-01-31,196.8100
1996-02-01,194.9300
1996-02-02,195.4400
1996-02-05,189.5000
1996-02-06,193.5300
1996-02-07,192.9400
1996-02-08,192.1700
1996-02-09,192.4000
1996-02-12,191.2600
1996-02-13,195.3300
1996-02-14,194.6600
1996-02-15,194.0400
1996-02-16,192.9900
1996-02-20,194.5300
1996-02-21,197.0500
1996-02-22,198.2300
1996-02-23,195.6600
1996-02-26,198.7200
1996-02-27,199.2200
1996-02-28,197.6700
1996-02-29,197.7000
1996-03-01,195.5000
1996-03-04,195.1500
1996-03-05,194.9900
1996-03-06,196.5900
1996-03-07,194.7400
1996-03-08,193.6800
1996-03-11,195.3100
1996-03-12,195.7900
1996-03-13,196.7200
1996-03-14,197.1200
1996-03-15,198.5000
1996-03-18,202.7600
1996-03-19,202.8800
1996-03-20,203.8900
1996-03-21,205.3200
1996-03-22,207.9500
1996-03-25,209.1300
1996-03-26,208.0700
1996-03-27,208.2100
1996-03-28,206.1300
1996-03-29,206.6600
1996-04-01,209.2500
1996-04-02,211.2100
1996-04-03,210.8300
1996-04-04,213.3900
1996-04-08,214.0500
1996-04-09,212.7600
1996-04-10,215.5500
1996-04-11,216.6800
1996-04-12,213.1200
1996-04-15,213.4000
1996-04-16,208.5500
1996-04-17,208.0900
1996-04-18,207.7400
1996-04-19,209.1600
1996-04-22,212.3500
1996-04-23,215.6200
1996-04-24,214.7800
1996-04-25,215.1700
1996-04-26,214.7000
1996-04-29,214.7500
1996-04-30,209.3300
1996-05-01,209.9900
1996-05-02,208.7100
1996-05-03,209.5000
1996-05-06,209.0000
1996-05-07,210.2600
1996-05-08,210.5900
1996-05-09,209.9300
1996-05-10,209.3200
1996-05-13,211.3700
1996-05-14,210.7400
1996-05-15,210.4200
1996-05-16,208.0000
1996-05-17,207.6100
1996-05-20,212.0300
1996-05-21,209.7300
1996-05-22,211.0900
1996-05-23,210.4000
1996-05-24,210.8500
1996-05-28,209.1900
1996-05-29,207.1000
1996-05-30,203.9300
1996-05-31,203.8700
1996-06-03,203.5200
1996-06-04,203.3100
1996-06-05,200.0900
1996-06-06,201.2200
1996-06-07,203.4500
1996-06-10,204.4700
1996-06-11,201.4700
1996-06-12,199.7600
1996-06-13,199.4200
1996-06-14,199.4400
1996-06-17,202.6200
1996-06-18,202.4500
1996-06-19,200.1200
1996-06-20,200.8200
1996-06-21,200.9700
1996-06-24,200.6300
1996-06-25,199.9700
1996-06-26,202.0900
1996-06-27,204.2700
1996-06-28,206.5200
1996-07-01,207.5200
1996-07-02,206.3600
1996-07-03,208.1800
1996-07-05,207.8800
1996-07-08,207.5700
1996-07-09,207.4600
1996-07-10,208.5700
1996-07-11,209.7000
1996-07-12,210.4400
1996-07-15,211.0100
1996-07-16,209.2000
1996-07-17,205.6600
1996-07-18,201.7400
1996-07-19,198.5400
1996-07-22,195.5800
1996-07-23,198.7900
1996-07-24,196.2900
1996-07-25,196.3300
1996-07-26,193.0100
1996-07-29,192.5200
1996-07-30,193.7500
1996-07-31,194.6500
1996-08-01,198.7500
1996-08-02,200.4800
1996-08-05,198.0400
1996-08-06,196.8900
1996-08-07,197.0300
1996-08-08,197.9100
1996-08-09,198.2900
1996-08-12,201.0100
1996-08-13,200.6500
1996-08-14,199.8100
1996-08-15,198.3100
1996-08-16,201.3800
1996-08-19,204.1500
1996-08-20,200.7600
1996-08-21,199.0000
1996-08-22,199.9100
1996-08-23,199.4900
1996-08-26,197.6000
1996-08-27,196.7000
1996-08-28,196.5200
1996-08-29,199.0600
1996-08-30,198.5200
1996-09-03,201.1100
1996-09-04,199.0700
1996-09-05,200.4700
1996-09-06,202.7300
1996-09-09,202.4400
1996-09-10,202.9900
1996-09-11,204.3100
1996-09-12,205.1000
1996-09-13,203.6400
1996-09-16,200.3200
1996-09-17,200.0900
1996-09-18,203.2200
1996-09-19,201.9600
1996-09-20,201.2500
1996-09-23,200.0200
1996-09-24,203.0700
1996-09-25,204.9900
1996-09-26,204.3400
1996-09-27,206.1800
1996-09-30,205.2200
1996-10-01,204.3100
1996-10-02,204.1500
1996-10-03,208.4300
1996-10-04,208.7500
1996-10-07,211.3900
1996-10-08,213.4800
1996-10-09,211.6500
1996-10-10,207.3800
1996-10-11,208.4800
1996-10-14,210.5600
1996-10-15,211.6500
1996-10-16,209.4600
1996-10-17,210.0800
1996-10-18,210.8600
1996-10-21,211.0800
1996-10-22,213.2300
1996-10-23,210.7000
1996-10-24,207.5700
1996-10-25,211.1800
1996-10-28,211.4400
1996-10-29,210.1700
1996-10-30,210.8200
1996-10-31,204.9200
1996-11-01,203.7500
1996-11-04,202.2500
1996-11-05,202.4600
1996-11-06,203.0600
1996-11-07,203.1400
1996-11-08,206.0700
1996-11-11,206.2000
1996-11-12,205.1900
1996-11-13,208.2200
1996-11-14,210.9900
1996-11-15,211.3400
1996-11-18,210.0300
1996-11-19,215.7800
1996-11-20,215.1700
1996-11-21,217.0800
1996-11-22,218.5200
1996-11-25,218.2600
1996-11-26,220.0100
1996-11-27,219.5200
1996-11-29,218.9800
1996-12-02,218.8700
1996-12-03,220.4700
1996-12-04,221.2300
1996-12-05,227.7600
1996-12-06,222.5100
1996-12-09,216.5400
1996-12-10,214.5400
1996-12-11,211.4600
1996-12-12,212.2000
1996-12-13,217.7600
1996-12-16,227.6600
1996-12-17,223.7000
1996-12-18,224.8500
1996-12-19,228.4100
1996-12-20,228.2900
1996-12-23,224.0500
1996-12-24,225.3600
1996-12-26,220.7200
1996-12-27,216.1100
1996-12-30,212.2400
1996-12-31,215.2600
1997-01-02,217.0700
1997-01-03,218.9500
1997-01-06,228.8600
1997-01-07,224.3600
1997-01-08,226.5200
1997-01-09,223.4600
1997-01-10,219.0400
1997-01-13,214.8900
1997-01-14,214.9500
1997-01-15,219.7500
1997-01-16,214.7500
1997-01-17,212.5200
1997-01-20,210.9600
1997-01-21,208.3700
1997-01-22,209.0600
1997-01-23,207.6000
1997-01-24,207.4600
1997-01-27,208.4000
1997-01-28,206.9900
1997-01-29,207.0600
1997-01-30,209.0300
1997-01-31,204.9100
1997-02-03,203.8200
1997-02-04,205.3200
1997-02-05,204.1500
1997-02-06,200.1500
1997-02-07,194.7100
1997-02-10,195.0900
1997-02-11,195.9000
1997-02-12,192.8300
1997-02-13,192.3900
1997-02-14,192.7900
1997-02-18,193.4100
1997-02-19,195.1700
1997-02-20,192.5600
1997-02-21,192.4500
1997-02-24,188.6900
1997-02-25,191.0800
1997-02-26,191.7600
1997-02-27,190.7600
1997-02-28,188.8200
1997-03-03,188.8300
1997-03-04,191.6800
1997-03-05,189.2800
1997-03-06,191.8600
1997-03-07,194.0700
1997-03-10,192.7100
1997-03-11,192.0100
1997-03-12,192.9800
1997-03-13,192.8600
1997-03-14,195.3900
1997-03-17,192.5000
1997-03-18,194.9500
1997-03-19,195.8100
1997-03-20,196.3200
1997-03-21,194.1900
1997-03-24,192.2800
1997-03-25,193.2200
1997-03-26,191.9600
1997-03-27,193.4400
1997-03-31,192.4300
1997-04-01,191.3600
1997-04-02,187.9300
1997-04-03,187.5000
1997-04-04,186.5500
1997-04-07,187.1000
1997-04-08,187.0700
1997-04-09,187.6200
1997-04-10,189.6000
1997-04-11,189.6200
1997-04-14,191.7800
1997-04-15,190.8500
1997-04-16,189.2000
1997-04-17,191.4900
1997-04-18,193.6900
1997-04-21,194.9800
1997-04-22,194.1400
1997-04-23,193.1900
1997-04-24,194.1300
1997-04-25,194.3400
1997-04-28,192.7100
1997-04-29,195.6700
1997-04-30,196.7700
1997-05-01,196.7900
1997-05-02,194.7600
1997-05-05,194.0000
1997-05-06,194.7600
1997-05-07,195.5800
1997-05-08,197.3000
1997-05-09,197.8100
1997-05-12,200.0200
1997-05-13,199.8200
1997-05-14,199.8700
1997-05-15,199.2800
1997-05-16,202.9400
1997-05-19,201.8600
1997-05-20,199.7300
1997-05-21,201.2600
1997-05-22,200.9200
1997-05-23,200.7500
1997-05-27,198.4100
1997-05-28,198.8200
1997-05-29,198.8500
1997-05-30,197.3700
1997-06-02,195.5100
1997-06-03,193.4200
1997-06-04,192.2000
1997-06-05,190.7600
1997-06-06,187.7700
1997-06-09,186.8000
1997-06-10,185.8100
1997-06-11,184.9900
1997-06-12,184.5900
1997-06-13,185.4200
1997-06-16,185.1000
1997-06-17,186.3900
1997-06-18,184.0800
1997-06-19,184.3300
1997-06-20,183.6300
1997-06-23,184.1900
1997-06-24,184.2500
1997-06-25,185.3000
1997-06-26,182.5300
1997-06-27,184.1700
1997-06-30,185.1700
1997-07-01,185.5800
1997-07-02,185.3200
1997-07-03,182.8300
1997-07-07,181.1500
1997-07-08,182.7800
1997-07-09,182.7200
1997-07-10,181.9600
1997-07-11,182.6400
1997-07-14,182.9900
1997-07-15,184.9900
1997-07-16,184.5900
1997-07-17,185.5700
1997-07-18,184.2800
1997-07-21,182.7600
1997-07-22,183.9600
1997-07-23,185.7000
1997-07-24,186.9400
1997-07-25,188.2000
1997-07-28,189.4500
1997-07-29,189.3700
1997-07-30,191.6200
1997-07-31,192.2900
1997-08-01,194.5200
1997-08-04,198.0000
1997-08-05,197.3600
1997-08-06,196.3400
1997-08-07,195.3700
1997-08-08,194.2000
1997-08-11,194.4300
1997-08-12,194.1400
1997-08-13,195.4000
1997-08-14,194.5200
1997-08-15,193.8500
1997-08-18,192.5500
1997-08-19,194.8800
1997-08-20,193.8600
1997-08-21,191.4600
1997-08-22,192.9900
1997-08-25,191.0300
1997-08-26,190.9200
1997-08-27,192.9700
1997-08-28,194.9000
1997-08-29,195.7700
1997-09-02,197.5100
1997-09-03,197.6400
1997-09-04,194.2400
1997-09-05,195.2400
1997-09-08,194.2500
1997-09-09,194.7200
1997-09-10,194.6000
1997-09-11,196.0800
1997-09-12,195.9600
1997-09-15,194.9900
1997-09-16,195.1900
1997-09-17,194.2600
1997-09-18,196.2000
1997-09-19,195.2400
1997-09-22,197.8300
1997-09-23,198.4500
1997-09-24,198.3800
1997-09-25,203.0600
1997-09-26,203.8000
1997-09-29,202.0100
1997-09-30,201.7300
1997-10-01,201.4300
1997-10-02,203.9100
1997-10-03,207.5400
1997-10-06,202.8200
1997-10-07,202.3100
1997-10-08,203.9900
1997-10-09,204.6000
1997-10-10,207.3300
1997-10-13,205.1100
1997-10-14,202.1500
1997-10-15,202.1600
1997-10-16,205.6900
1997-10-17,204.1200
1997-10-20,206.5600
1997-10-21,206.8800
1997-10-22,211.0200
1997-10-23,208.1700
1997-10-24,208.8900
1997-10-27,211.4600
1997-10-28,204.6900
1997-10-29,205.6100
1997-10-30,207.6400
1997-10-31,208.1500
1997-11-03,205.6300
1997-11-04,204.7900
1997-11-05,204.0900
1997-11-06,203.6600
1997-11-07,203.5300
1997-11-10,204.3400
1997-11-11,206.0000
1997-11-12,205.6700
1997-11-13,204.4800
1997-11-14,202.5900
1997-11-17,199.6300
1997-11-18,198.6400
1997-11-19,196.7300
1997-11-20,192.3000
1997-11-21,193.7400
1997-11-24,192.7100
1997-11-25,191.6700
1997-11-26,188.8200
1997-11-28,188.6900
1997-12-01,189.3800
1997-12-02,188.9400
1997-12-03,187.4500
1997-12-04,185.0100
1997-12-05,185.7300
1997-12-08,185.9000
1997-12-09,186.4400
1997-12-10,183.0000
1997-12-11,181.7100
1997-12-12,181.1100
1997-12-15,179.8100
1997-12-16,180.7500
1997-12-17,181.7400
1997-12-18,182.1200
1997-12-19,181.7900
1997-12-22,179.0200
1997-12-23,177.9200
1997-12-24,178.7100
1997-12-26,178.4000
1997-12-29,176.4200
1997-12-30,175.7300
1997-12-31,175.6200
1998-01-02,173.2900
1998-01-05,171.5900
1998-01-06,170.8700
1998-01-07,170.1800
1998-01-08,169.3200
1998-01-09,168.4600
1998-01-12,167.2700
1998-01-13,169.0300
1998-01-14,169.8100
1998-01-15,169.6400
1998-01-16,171.0100
1998-01-20,170.5000
1998-01-21,169.5200
1998-01-22,169.0600
1998-01-23,168.6400
1998-01-26,172.6000
1998-01-27,172.8300
1998-01-28,174.1400
1998-01-29,176.8700
1998-01-30,174.2600
1998-02-02,174.0600
1998-02-03,171.1600
1998-02-04,170.1700
1998-02-05,171.1000
1998-02-06,171.6500
1998-02-09,171.3600
1998-02-10,171.5300
1998-02-11,170.6000
1998-02-12,171.0500
1998-02-13,170.8400
1998-02-17,167.8500
1998-02-18,170.3100
1998-02-19,169.8000
1998-02-20,168.4800
1998-02-23,164.2400
1998-02-24,163.4700
1998-02-25,164.4900
1998-02-26,164.1900
1998-02-27,165.1000
1998-03-02,164.9500
1998-03-03,163.7100
1998-03-04,163.4500
1998-03-05,162.8700
1998-03-06,161.7600
1998-03-09,160.2200
1998-03-10,160.8300
1998-03-11,161.8700
1998-03-12,162.5600
1998-03-13,161.6900
1998-03-16,158.5000
1998-03-17,158.0800
1998-03-18,162.9500
1998-03-19,162.4000
1998-03-20,162.6300
1998-03-23,170.9600
1998-03-24,167.9900
1998-03-25,169.7300
1998-03-26,170.6600
1998-03-27,170.5300
1998-03-30,169.0500
1998-03-31,166.7200
1998-04-01,165.4300
1998-04-02,166.2900
1998-04-03,166.8600
1998-04-06,163.6700
1998-04-07,164.0700
1998-04-08,166.0600
1998-04-09,166.7100
1998-04-13,165.4200
1998-04-14,165.8700
1998-04-15,167.8700
1998-04-16,169.3200
1998-04-17,167.8800
1998-04-20,167.6100
1998-04-21,169.0600
1998-04-22,165.8700
1998-04-23,164.1500
1998-04-24,163.9900
1998-04-27,164.3300
1998-04-28,166.2100
1998-04-29,164.0600
1998-04-30,163.9000
1998-05-01,166.5200
1998-05-04,166.3900
1998-05-05,165.0400
1998-05-06,164.2900
1998-05-07,163.9700
1998-05-08,163.8400
1998-05-11,163.8400
1998-05-12,164.8100
1998-05-13,164.0400
1998-05-14,164.4100
1998-05-15,162.0900
1998-05-18,160.5000
1998-05-19,160.0900
1998-05-20,157.3900
1998-05-21,158.0000
1998-05-22,158.7300
1998-05-26,157.0300
1998-05-27,156.8800
1998-05-28,156.4500
1998-05-29,158.2700
1998-06-01,157.1100
1998-06-02,156.9700
1998-06-03,155.8800
1998-06-04,156.5300
1998-06-05,156.4400
1998-06-08,154.6400
1998-06-09,152.9400
1998-06-10,152.6500
1998-06-11,152.2000
1998-06-12,152.6100
1998-06-15,149.4600
1998-06-16,150.0500
1998-06-17,153.2600
1998-06-18,151.4500
1998-06-19,153.3800
1998-06-22,155.0300
1998-06-23,158.6900
1998-06-24,158.8800
1998-06-25,155.9000
1998-06-26,155.5400
1998-06-29,154.2700
1998-06-30,155.2000
1998-07-01,154.9600
1998-07-02,154.8500
1998-07-06,152.4500
1998-07-07,151.8800
1998-07-08,152.6200
1998-07-09,152.2300
1998-07-10,150.9300
1998-07-13,150.7100
1998-07-14,152.5700
1998-07-15,152.3600
1998-07-16,150.8700
1998-07-17,150.5500
1998-07-20,147.1100
1998-07-21,147.0700
1998-07-22,146.9500
1998-07-23,145.4300
1998-07-24,145.7200
1998-07-27,145.9200
1998-07-28,145.3800
1998-07-29,144.2100
1998-07-30,144.4800
1998-07-31,143.6000
1998-08-03,141.2200
1998-08-04,142.0700
1998-08-05,141.8400
1998-08-06,142.7300
1998-08-07,144.1200
1998-08-10,141.5200
1998-08-11,139.6800
1998-08-12,140.1300
1998-08-13,142.5600
1998-08-14,142.8800
1998-08-17,143.1500
1998-08-18,141.8100
1998-08-19,141.4800
1998-08-20,143.2200
1998-08-21,140.6200
1998-08-24,141.4400
1998-08-25,141.0200
1998-08-26,139.6100
1998-08-27,137.5700
1998-08-28,137.9200
1998-08-31,136.9600
1998-09-01,139.3500
1998-09-02,138.8000
1998-09-03,143.1500
1998-09-04,142.9900
1998-09-08,143.6100
1998-09-09,143.1400
1998-09-10,147.1000
1998-09-11,146.4300
1998-09-14,147.8200
1998-09-15,149.6000
1998-09-16,149.2400
1998-09-17,149.6500
1998-09-18,152.4700
1998-09-21,152.2100
1998-09-22,153.2000
1998-09-23,152.5300
1998-09-24,153.6600
1998-09-25,152.6900
1998-09-28,152.2400
1998-09-29,153.3400
1998-09-30,153.7700
1998-10-01,150.7700
1998-10-02,152.2500
1998-10-05,151.5700
1998-10-06,152.2400
1998-10-07,152.1800
1998-10-08,149.3800
1998-10-09,150.7100
1998-10-12,149.7800
1998-10-13,150.5900
1998-10-14,149.3900
1998-10-15,149.4100
1998-10-16,150.1600
1998-10-19,146.9200
1998-10-20,146.9500
1998-10-21,148.6900
1998-10-22,148.2600
1998-10-23,148.7200
1998-10-26,149.9900
1998-10-27,148.2100
1998-10-28,148.5500
1998-10-29,147.8100
1998-10-30,148.4900
1998-11-02,148.2500
1998-11-03,148.2300
1998-11-04,147.8500
1998-11-05,147.9000
1998-11-06,148.1900
1998-11-09,146.5400
1998-11-10,148.0700
1998-11-11,148.7500
1998-11-12,150.8500
1998-11-13,149.1500
1998-11-16,145.1900
1998-11-17,143.5100
1998-11-18,143.1600
1998-11-19,142.8400
1998-11-20,142.6000
1998-11-23,139.2900
1998-11-24,138.1400
1998-11-25,137.4900
1998-11-27,137.6400
1998-11-30,133.4800
1998-12-01,133.1300
1998-12-02,133.0200
1998-12-03,132.5700
1998-12-04,132.3300
1998-12-07,133.8900
1998-12-08,132.4200
1998-12-09,131.4700
1998-12-10,130.2200
1998-12-11,130.4100
1998-12-14,132.9900
1998-12-15,133.4300
1998-12-16,136.9600
1998-12-17,131.3600
1998-12-18,131.0000
1998-12-21,128.8900
1998-12-22,129.0600
1998-12-23,129.9100
1998-12-24,129.9400
1998-12-28,130.6600
1998-12-29,131.9800
1998-12-30,131.6700
1998-12-31,133.0200
1999-01-04,134.7600
1999-01-05,133.5800
1999-01-06,137.5400
1999-01-07,137.8100
1999-01-08,138.7500
1999-01-11,140.4400
1999-01-12,138.4200
1999-01-13,135.6200
1999-01-14,135.4000
1999-01-15,135.0800
1999-01-19,133.5800
1999-01-20,132.4400
1999-01-21,134.6400
1999-01-22,135.2500
1999-01-25,133.4500
1999-01-26,132.1700
1999-01-27,133.1700
1999-01-28,134.3600
1999-01-29,135.2700
1999-02-01,133.4900
1999-02-02,133.9100
1999-02-03,133.9300
1999-02-04,133.1200
1999-02-05,133.0400
1999-02-08,133.1000
1999-02-09,132.8400
1999-02-10,132.9700
1999-02-11,133.1100
1999-02-12,132.8700
1999-02-16,130.0000
1999-02-17,130.2900
1999-02-18,132.2100
1999-02-19,131.4100
1999-02-22,131.1900
1999-02-23,133.0900
1999-02-24,132.7000
1999-02-25,133.2400
1999-02-26,130.8100
1999-03-01,131.1100
1999-03-02,132.6200
1999-03-03,134.1600
1999-03-04,136.2600
1999-03-05,137.2200
1999-03-08,139.2700
1999-03-09,140.2200
1999-03-10,144.7300
1999-03-11,142.9700
1999-03-12,142.8800
1999-03-15,142.0000
1999-03-16,142.4200
1999-03-17,145.5700
1999-03-18,145.2500
1999-03-19,146.4100
1999-03-22,149.2700
1999-03-23,148.2300
1999-03-24,147.0400
1999-03-25,149.5000
1999-03-26,152.2100
1999-03-29,152.9000
1999-03-30,154.3000
1999-03-31,153.9400
1999-04-01,152.8600
1999-04-05,153.9200
1999-04-06,153.8600
1999-04-07,150.2900
1999-04-08,149.2600
1999-04-09,152.7200
1999-04-12,152.1100
1999-04-13,153.8100
1999-04-14,152.5200
1999-04-15,154.1800
1999-04-16,155.7300
1999-04-19,157.1200
1999-04-20,156.5500
1999-04-21,157.7400
1999-04-22,158.2400
1999-04-23,157.7400
1999-04-26,156.7600
1999-04-27,157.2700
1999-04-28,160.0200
1999-04-29,160.7600
1999-04-30,160.9800
1999-05-03,161.6300
1999-05-04,162.3300
1999-05-05,162.4400
1999-05-06,159.8400
1999-05-07,158.8000
1999-05-10,160.0600
1999-05-11,158.7000
1999-05-12,156.9400
1999-05-13,158.8700
1999-05-14,158.5100
1999-05-17,157.9200
1999-05-18,154.7200
1999-05-19,153.8700
1999-05-20,153.8900
1999-05-21,154.7600
1999-05-24,152.1700
1999-05-25,152.6200
1999-05-26,153.5200
1999-05-27,152.7000
1999-05-28,152.2200
1999-06-01,149.9900
1999-06-02,151.9700
1999-06-03,152.6500
1999-06-04,155.1200
1999-06-07,157.9400
1999-06-08,157.2000
1999-06-09,158.9500
1999-06-10,158.5700
1999-06-11,161.4900
1999-06-14,161.6600
1999-06-15,161.6900
1999-06-16,159.3200
1999-06-17,159.9900
1999-06-18,159.8600
1999-06-21,158.3100
1999-06-22,157.8000
1999-06-23,160.2500
1999-06-24,159.5000
1999-06-25,159.6200
1999-06-28,158.6400
1999-06-29,159.7900
1999-06-30,163.3600
1999-07-01,162.6500
1999-07-02,162.6200
1999-07-06,161.5700
1999-07-07,162.0000
1999-07-08,162.1900
1999-07-09,162.7800
1999-07-12,162.9200
1999-07-13,163.9600
1999-07-14,163.6700
1999-07-15,165.2300
1999-07-16,165.8700
1999-07-19,166.0500
1999-07-20,162.8300
1999-07-21,163.4900
1999-07-22,165.9100
1999-07-23,170.4200
1999-07-26,169.3400
1999-07-27,168.0000
1999-07-28,168.8100
1999-07-29,170.6000
1999-07-30,169.1700
1999-08-02,171.2000
1999-08-03,170.9200
1999-08-04,172.9400
1999-08-05,173.6300
1999-08-06,175.7000
1999-08-09,177.6900
1999-08-10,178.3500
1999-08-11,178.7500
1999-08-12,177.5600
1999-08-13,178.9300
1999-08-16,178.2300
1999-08-17,179.9200
1999-08-18,179.4200
1999-08-19,181.1100
1999-08-20,180.9300
1999-08-23,181.4000
1999-08-24,179.8400
1999-08-25,176.4400
1999-08-26,177.3500
1999-08-27,178.1200
1999-08-30,180.7400
1999-08-31,181.6200
1999-09-01,181.2500
1999-09-02,178.2500
1999-09-03,180.5000
1999-09-07,184.8700
1999-09-08,184.5100
1999-09-09,187.8000
1999-09-10,189.1500
1999-09-13,190.3100
1999-09-14,188.3800
1999-09-15,187.6300
1999-09-16,187.8000
1999-09-17,188.7700
1999-09-20,186.9200
1999-09-21,186.5200
1999-09-22,187.3600
1999-09-23,191.7600
1999-09-24,191.8400
1999-09-27,192.4700
1999-09-28,192.2900
1999-09-29,192.9800
1999-09-30,191.0600
1999-10-01,191.0700
1999-10-04,187.3900
1999-10-05,185.6900
1999-10-06,185.0100
1999-10-07,182.0400
1999-10-08,175.8100
1999-10-11,178.0800
1999-10-12,184.3100
1999-10-13,187.7300
1999-10-14,184.4100
1999-10-15,186.5400
1999-10-18,185.8900
1999-10-19,185.5400
1999-10-20,185.0900
1999-10-21,185.6000
1999-10-22,188.9900
1999-10-25,188.4000
1999-10-26,187.2100
1999-10-27,186.5200
1999-10-28,180.9100
1999-10-29,181.3900
1999-11-01,183.6000
1999-11-02,182.7900
1999-11-03,184.2500
1999-11-04,185.9300
1999-11-05,185.7400
1999-11-08,186.2900
1999-11-09,189.6700
1999-11-10,191.7500
1999-11-11,191.1000
1999-11-12,193.8400
1999-11-15,194.9800
1999-11-16,195.8500
1999-11-17,197.4000
1999-11-18,193.9200
1999-11-19,196.5500
1999-11-22,198.9200
1999-11-23,197.0400
1999-11-24,198.3100
1999-11-26,197.9800
1999-11-29,194.7700
1999-11-30,189.6600
1999-12-01,190.9800
1999-12-02,194.5000
1999-12-03,194.0200
1999-12-06,196.7700
1999-12-07,194.6400
1999-12-08,195.0800
1999-12-09,192.2300
1999-12-10,189.4900
1999-12-13,189.7200
1999-12-14,192.1100
1999-12-15,193.9900
1999-12-16,197.2200
1999-12-17,197.7700
1999-12-20,197.7300
1999-12-21,196.5000
1999-12-22,193.8100
1999-12-23,195.2400
1999-12-27,195.9000
1999-12-28,197.5700
1999-12-29,197.2800
1999-12-30,194.5400
1999-12-31,194.5400
2000-01-03,194.2200
2000-01-04,192.3700
2000-01-05,190.5200
2000-01-06,190.4200
2000-01-07,188.5500
2000-01-10,189.8300
2000-01-11,193.4600
2000-01-12,195.7600
2000-01-13,197.1500
2000-01-14,202.0800
2000-01-18,205.8600
2000-01-19,206.8900
2000-01-20,208.3100
2000-01-21,208.4600
2000-01-24,206.7500
2000-01-25,209.0000
2000-01-26,206.5900
2000-01-27,205.0000
2000-01-28,204.4400
2000-01-31,206.3700
2000-02-01,209.3400
2000-02-02,206.9000
2000-02-03,208.7200
2000-02-04,212.2100
2000-02-07,208.9800
2000-02-08,205.6000
2000-02-09,208.3000
2000-02-10,211.0800
2000-02-11,210.6400
2000-02-14,212.7800
2000-02-15,212.4400
2000-02-16,213.0300
2000-02-17,210.6800
2000-02-18,209.7600
2000-02-22,210.5700
2000-02-23,211.4400
2000-02-24,213.5700
2000-02-25,214.6300
2000-02-28,214.2300
2000-02-29,216.0100
2000-03-01,222.5100
2000-03-02,222.1700
2000-03-03,221.9400
2000-03-06,224.6100
2000-03-07,230.4000
2000-03-08,217.7900
2000-03-09,219.0200
2000-03-10,216.8300
2000-03-13,216.8700
2000-03-14,216.0000
2000-03-15,213.1700
2000-03-16,214.0100
2000-03-17,213.6700
2000-03-20,207.0300
2000-03-21,208.2200
2000-03-22,207.4200
2000-03-23,206.9900
2000-03-24,209.3300
2000-03-27,209.1500
2000-03-28,207.4200
2000-03-29,203.9200
2000-03-30,205.0200
2000-03-31,206.8800
2000-04-03,204.6800
2000-04-04,199.5300
2000-04-05,201.2300
2000-04-06,200.0800
2000-04-07,198.0600
2000-04-10,193.1000
2000-04-11,193.3900
2000-04-12,199.3800
2000-04-13,199.4800
2000-04-14,197.3700
2000-04-17,198.9000
2000-04-18,200.1200
2000-04-19,204.1900
2000-04-20,204.2700
2000-04-24,205.0100
2000-04-25,202.8600
2000-04-26,200.2600
2000-04-27,202.0600
2000-04-28,203.2100
2000-05-01,205.4600
2000-05-02,210.2300
2000-05-03,208.6100
2000-05-04,209.9200
2000-05-05,209.6000
2000-05-08,212.6900
2000-05-09,215.1300
2000-05-10,215.2300
2000-05-11,219.0300
2000-05-12,220.6600
2000-05-15,221.5200
2000-05-16,222.1300
2000-05-17,222.4400
2000-05-18,225.5800
2000-05-19,224.7800
2000-05-22,220.7400
2000-05-23,221.1500
2000-05-24,226.4600
2000-05-25,229.0200
2000-05-26,227.7200
2000-05-30,227.7600
2000-05-31,223.2000
2000-06-01,226.2000
2000-06-02,227.2500
2000-06-05,226.1700
2000-06-06,226.1500
2000-06-07,224.2000
2000-06-08,224.3600
2000-06-09,225.7100
2000-06-12,229.3000
2000-06-13,231.2800
2000-06-14,230.7900
2000-06-15,231.0400
2000-06-16,227.3900
2000-06-19,223.9000
2000-06-20,227.9400
2000-06-21,231.9100
2000-06-22,236.2100
2000-06-23,235.5900
2000-06-26,233.7400
2000-06-27,236.0200
2000-06-28,234.3400
2000-06-29,237.8300
2000-06-30,235.7100
2000-07-03,235.4000
2000-07-05,226.7100
2000-07-06,223.8200
2000-07-07,225.7000
2000-07-10,223.3700
2000-07-11,223.6900
2000-07-12,223.9900
2000-07-13,227.0800
2000-07-14,225.5500
2000-07-17,222.7900
2000-07-18,226.9300
2000-07-19,224.7400
2000-07-20,222.8400
2000-07-21,218.4000
2000-07-24,214.7300
2000-07-25,214.0200
2000-07-26,214.4000
2000-07-27,215.7700
2000-07-28,216.5500
2000-07-31,213.3300
2000-08-01,215.3200
2000-08-02,218.5000
2000-08-03,219.7100
2000-08-04,224.1800
2000-08-07,220.2300
2000-08-08,221.5100
2000-08-09,225.7100
2000-08-10,229.3100
2000-08-11,228.8800
2000-08-14,229.9300
2000-08-15,229.0300
2000-08-16,230.2200
2000-08-17,231.9300
2000-08-18,233.4100
2000-08-21,236.8100
2000-08-22,232.7300
2000-08-23,237.0300
2000-08-24,235.7400
2000-08-25,237.8100
2000-08-28,240.9900
2000-08-29,241.8100
2000-08-30,244.7100
2000-08-31,244.4000
2000-09-01,245.3100
2000-09-05,248.3900
2000-09-06,252.6100
2000-09-07,255.0000
2000-09-08,247.5000
2000-09-11,253.8500
2000-09-12,250.1200
2000-09-13,246.5100
2000-09-14,247.3800
2000-09-15,252.6900
2000-09-18,255.9100
2000-09-19,253.3500
2000-09-20,253.5300
2000-09-21,249.5600
2000-09-22,244.0400
2000-09-25,241.0600
2000-09-26,241.0300
2000-09-27,241.6900
2000-09-28,235.0300
2000-09-29,237.4800
2000-10-02,243.5400
2000-10-03,243.4500
2000-10-04,240.8300
2000-10-05,236.7100
2000-10-06,236.8500
2000-10-09,241.4600
2000-10-10,247.8700
2000-10-11,250.6600
2000-10-12,261.2700
2000-10-13,253.1600
2000-10-16,245.4600
2000-10-17,245.1600
2000-10-18,244.0300
2000-10-19,240.1700
2000-10-20,243.5400
2000-10-23,246.7700
2000-10-24,244.5400
2000-10-25,241.1600
2000-10-26,242.3500
2000-10-27,237.6900
2000-10-30,237.2600
2000-10-31,236.7100
2000-11-01,239.3900
2000-11-02,237.7000
2000-11-03,239.5400
2000-11-06,239.9500
2000-11-07,243.2200
2000-11-08,244.1400
2000-11-09,247.4500
2000-11-10,247.1800
2000-11-13,249.3200
2000-11-14,252.9600
2000-11-15,258.0800
2000-11-16,254.2300
2000-11-17,257.9900
2000-11-20,260.2700
2000-11-21,261.0000
2000-11-22,262.6500
2000-11-24,262.9100
2000-11-27,261.9400
2000-11-28,255.0500
2000-11-29,256.3000
2000-11-30,256.3800
2000-12-01,249.9300
2000-12-04,252.3900
2000-12-05,245.9800
2000-12-06,253.4800
2000-12-07,249.8700
2000-12-08,246.6600
2000-12-11,254.3700
2000-12-12,246.9100
2000-12-13,239.6600
2000-12-14,234.4800
2000-12-15,241.8100
2000-12-18,245.3300
2000-12-19,244.8400
2000-12-20,236.9900
2000-12-21,239.6600
2000-12-22,238.8100
2000-12-26,241.4500
2000-12-27,242.7600
2000-12-28,240.5100
2000-12-29,246.9200
2001-01-02,239.3000
2001-01-03,240.5800
2001-01-04,245.3200
2001-01-05,246.2100
2001-01-08,244.6700
2001-01-09,244.8100
2001-01-10,246.4000
2001-01-11,243.2800
2001-01-12,242.1900
2001-01-16,239.4700
2001-01-17,230.6800
2001-01-18,235.1700
2001-01-19,241.5700
2001-01-22,240.5600
2001-01-23,237.1600
2001-01-24,235.1200
2001-01-25,236.7200
2001-01-26,238.1000
2001-01-29,230.9600
2001-01-30,230.7300
2001-01-31,226.9700
2001-02-01,235.2400
2001-02-02,242.9500
2001-02-05,234.8400
2001-02-06,234.9600
2001-02-07,240.6900
2001-02-08,241.1200
2001-02-09,238.6900
2001-02-12,234.4500
2001-02-13,235.2100
2001-02-14,231.1100
2001-02-15,227.9500
2001-02-16,228.9300
2001-02-20,226.6800
2001-02-21,224.7700
2001-02-22,225.1500
2001-02-23,226.0800
2001-02-26,223.7600
2001-02-27,224.0000
2001-02-28,221.9900
2001-03-01,222.8100
2001-03-02,224.2500
2001-03-05,227.9800
2001-03-06,227.1300
2001-03-07,229.3900
2001-03-08,226.6600
2001-03-09,223.9300
2001-03-12,224.2300
2001-03-13,221.8000
2001-03-14,216.2500
2001-03-15,215.7000
2001-03-16,216.0900
2001-03-19,214.1500
2001-03-20,214.6400
2001-03-21,215.7900
2001-03-22,215.0300
2001-03-23,218.9400
2001-03-26,220.0600
2001-03-27,223.5100
2001-03-28,216.9100
2001-03-29,215.2200
2001-03-30,212.7400
2001-04-02,210.8100
2001-04-03,213.8600
2001-04-04,219.0500
2001-04-05,221.1500
2001-04-06,219.7200
2001-04-09,221.7400
2001-04-10,227.5800
2001-04-11,226.3300
2001-04-12,227.2800
2001-04-16,230.5200
2001-04-17,228.2000
2001-04-18,226.6900
2001-04-19,225.0500
2001-04-20,223.0600
2001-04-23,222.6700
2001-04-24,219.9600
2001-04-25,221.0200
2001-04-26,225.1000
2001-04-27,224.1000
2001-04-30,224.2300
2001-05-01,225.9400
2001-05-02,221.1300
2001-05-03,224.3500
2001-05-04,224.1500
2001-05-07,220.9600
2001-05-08,219.7600
2001-05-09,221.5800
2001-05-10,223.1900
2001-05-11,221.9500
2001-05-14,222.3000
2001-05-15,224.5800
2001-05-16,222.4300
2001-05-17,223.0300
2001-05-18,227.6000
2001-05-21,226.6500
2001-05-22,225.2300
2001-05-23,224.2600
2001-05-24,220.0800
2001-05-25,218.3900
2001-05-29,218.2400
2001-05-30,218.3800
2001-05-31,217.6200
2001-06-01,216.8400
2001-06-04,217.3100
2001-06-05,217.1500
2001-06-06,214.6800
2001-06-07,214.6000
2001-06-08,217.8500
2001-06-11,221.3000
2001-06-12,223.1500
2001-06-13,221.4400
2001-06-14,221.3900
2001-06-15,218.7600
2001-06-18,214.8600
2001-06-19,215.0400
2001-06-20,208.2000
2001-06-21,208.1900
2001-06-22,208.6000
2001-06-25,208.4900
2001-06-26,207.7400
2001-06-27,201.2600
2001-06-28,200.4900
2001-06-29,202.6600
2001-07-02,201.1700
2001-07-03,201.9300
2001-07-05,204.0700
2001-07-06,208.9500
2001-07-09,206.5700
2001-07-10,206.3700
2001-07-11,205.7900
2001-07-12,206.6800
2001-07-13,203.7000
2001-07-16,201.3100
2001-07-17,201.8900
2001-07-18,198.2800
2001-07-19,196.4500
2001-07-20,199.3000
2001-07-23,199.9000
2001-07-24,200.4100
2001-07-25,204.2900
2001-07-26,203.6100
2001-07-27,204.3100
2001-07-30,203.1900
2001-07-31,201.7200
2001-08-01,201.5200
2001-08-02,205.7400
2001-08-03,203.7500
2001-08-06,204.3400
2001-08-07,205.3200
2001-08-08,204.2600
2001-08-09,204.3600
2001-08-10,206.4200
2001-08-13,206.2300
2001-08-14,206.9200
2001-08-15,206.9800
2001-08-16,205.3900
2001-08-17,201.2900
2001-08-20,201.7200
2001-08-21,203.6400
2001-08-22,201.3500
2001-08-23,202.5300
2001-08-24,203.5200
2001-08-27,202.2200
2001-08-28,203.2000
2001-08-29,203.1300
2001-08-30,200.2900
2001-08-31,203.0000
2001-09-04,201.4200
2001-09-05,202.1700
2001-09-06,203.9600
2001-09-07,206.5500
2001-09-10,205.0100
2001-09-17,210.3600
2001-09-18,204.2700
2001-09-19,197.9700
2001-09-20,197.0200
2001-09-21,193.9400
2001-09-24,176.9100
2001-09-25,176.4500
2001-09-26,179.0000
2001-09-27,179.9200
2001-09-28,181.7200
2001-10-01,180.5000
2001-10-02,178.4300
2001-10-03,176.4600
2001-10-04,179.3900
2001-10-05,177.9000
2001-10-08,178.4400
2001-10-09,179.4400
2001-10-10,180.6200
2001-10-11,184.1200
2001-10-12,179.1600
2001-10-15,176.9500
2001-10-16,177.5400
2001-10-17,176.0200
2001-10-18,174.0100
2001-10-19,177.8200
2001-10-22,177.5900
2001-10-23,175.8300
2001-10-24,178.7700
2001-10-25,177.4600
2001-10-26,177.7900
2001-10-29,179.0400
2001-10-30,177.3500
2001-10-31,175.3800
2001-11-01,172.0500
2001-11-02,170.6600
2001-11-05,168.2200
2001-11-06,167.1600
2001-11-07,168.8000
2001-11-08,174.5300
2001-11-09,179.5400
2001-11-12,175.0700
2001-11-13,178.8400
2001-11-14,171.0000
2001-11-15,161.9600
2001-11-16,165.0100
2001-11-19,165.9900
2001-11-20,169.1700
2001-11-21,168.3100
2001-11-23,169.1200
2001-11-26,166.4900
2001-11-27,169.8900
2001-11-28,167.3200
2001-11-29,165.0100
2001-11-30,169.5800
2001-12-03,171.1900
2001-12-04,168.5600
2001-12-05,167.5000
2001-12-06,163.5200
2001-12-07,165.4800
2001-12-10,163.6300
2001-12-11,163.4000
2001-12-12,163.9900
2001-12-13,163.6900
2001-12-14,168.8100
2001-12-17,168.1500
2001-12-18,168.3900
2001-12-19,169.1200
2001-12-20,167.0000
2001-12-21,169.3900
2001-12-24,169.6600
2001-12-26,174.7600
2001-12-27,173.3000
2001-12-28,172.4500
2001-12-31,169.1600
2002-01-02,173.2100
2002-01-03,170.3200
2002-01-04,175.5100
2002-01-07,175.4400
2002-01-08,174.9200
2002-01-09,171.1800
2002-01-10,172.2400
2002-01-11,170.9400
2002-01-14,167.7300
2002-01-15,168.2200
2002-01-16,169.4200
2002-01-17,165.0800
2002-01-18,164.5400
2002-01-22,164.4100
2002-01-23,166.4700
2002-01-24,167.3800
2002-01-25,168.3900
2002-01-28,167.5200
2002-01-29,165.8600
2002-01-30,163.6200
2002-01-31,166.0300
2002-02-01,170.2400
2002-02-04,168.7000
2002-02-05,168.4000
2002-02-06,166.9900
2002-02-07,167.2600
2002-02-08,170.8400
2002-02-11,176.1200
2002-02-12,174.7900
2002-02-13,176.7100
2002-02-14,175.9400
2002-02-15,176.1000
2002-02-19,174.2500
2002-02-20,171.6800
2002-02-21,173.9800
2002-02-22,174.1300
2002-02-25,170.5300
2002-02-26,174.1600
2002-02-27,174.9700
2002-02-28,176.5300
2002-03-01,180.3000
2002-03-04,181.0700
2002-03-05,184.2900
2002-03-06,184.9800
2002-03-07,189.4700
2002-03-08,190.3100
2002-03-11,194.2700
2002-03-12,193.8100
2002-03-13,193.4900
2002-03-14,195.1300
2002-03-15,195.6900
2002-03-18,199.0500
2002-03-19,198.4000
2002-03-20,196.5900
2002-03-21,200.1200
2002-03-22,198.0600
2002-03-25,196.8700
2002-03-26,198.3100
2002-03-27,200.2700
2002-03-28,201.2300
2002-04-01,204.6000
2002-04-02,210.0900
2002-04-03,207.4200
2002-04-04,202.6900
2002-04-05,199.6600
2002-04-08,201.6300
2002-04-09,198.4500
2002-04-10,198.7500
2002-04-11,193.2700
2002-04-12,186.5700
2002-04-15,192.8800
2002-04-16,194.0100
2002-04-17,199.1000
2002-04-18,199.7300
2002-04-19,200.2000
2002-04-22,200.3000
2002-04-23,200.9900
2002-04-24,198.6600
2002-04-25,199.2500
2002-04-26,201.0400
2002-04-29,203.6000
2002-04-30,204.2300
2002-05-01,201.4000
2002-05-02,198.4700
2002-05-03,200.0800
2002-05-06,198.0800
2002-05-07,199.7900
2002-05-08,203.5500
2002-05-09,202.7300
2002-05-10,204.7500
2002-05-13,206.6800
2002-05-14,210.3700
2002-05-15,204.8200
2002-05-16,203.9200
2002-05-17,203.7000
2002-05-20,203.4400
2002-05-21,199.2100
2002-05-22,199.4300
2002-05-23,198.8600
2002-05-24,197.3800
2002-05-28,194.7900
2002-05-29,197.5800
2002-05-30,191.3500
2002-05-31,194.2900
2002-06-03,193.9800
2002-06-04,194.9700
2002-06-05,193.4600
2002-06-06,192.8600
2002-06-07,192.4100
2002-06-10,190.5200
2002-06-11,190.0000
2002-06-12,192.3700
2002-06-13,198.3200
2002-06-14,199.7500
2002-06-17,200.6400
2002-06-18,197.9100
2002-06-19,197.4900
2002-06-20,198.4400
2002-06-21,197.2900
2002-06-24,201.6600
2002-06-25,201.4200
2002-06-26,201.7600
2002-06-27,202.5900
2002-06-28,202.7800
2002-07-01,203.8100
2002-07-02,203.5600
2002-07-03,203.2900
2002-07-05,203.8000
2002-07-08,198.9600
2002-07-09,199.9500
2002-07-10,202.6000
2002-07-11,202.7900
2002-07-12,204.5200
2002-07-15,203.3100
2002-07-16,207.0400
2002-07-17,207.3300
2002-07-18,206.9500
2002-07-19,207.3300
2002-07-22,203.5300
2002-07-23,200.3500
2002-07-24,203.2500
2002-07-25,202.0800
2002-07-26,200.8500
2002-07-29,199.8300
2002-07-30,203.5900
2002-07-31,203.4000
2002-08-01,200.2900
2002-08-02,201.6500
2002-08-05,199.1700
2002-08-06,201.9100
2002-08-07,199.2700
2002-08-08,199.9800
2002-08-09,201.3500
2002-08-12,206.0000
2002-08-13,206.8900
2002-08-14,207.7300
2002-08-15,212.6200
2002-08-16,212.7800
2002-08-19,213.8400
2002-08-20,212.4200
2002-08-21,214.8300
2002-08-22,215.1300
2002-08-23,214.2900
2002-08-26,217.1400
2002-08-27,215.8300
2002-08-28,213.4100
2002-08-29,214.3300
2002-08-30,215.2300
2002-09-03,209.7000
2002-09-04,213.3200
2002-09-05,217.7300
2002-09-06,221.0000
2002-09-09,223.8400
2002-09-10,224.7900
2002-09-11,225.1600
2002-09-12,221.6900
2002-09-13,225.8300
2002-09-16,225.6100
2002-09-17,223.8900
2002-09-18,226.4200
2002-09-19,225.8800
2002-09-20,225.5100
2002-09-23,228.5800
2002-09-24,228.1700
2002-09-25,226.6600
2002-09-26,226.8800
2002-09-27,227.9400
2002-09-30,227.5300
2002-10-01,229.1200
2002-10-02,228.3900
2002-10-03,222.7200
2002-10-04,221.9100
2002-10-07,222.6000
2002-10-08,223.5400
2002-10-09,223.2900
2002-10-10,220.9600
2002-10-11,224.0300
2002-10-14,227.2700
2002-10-15,228.0200
2002-10-16,227.3800
2002-10-17,228.3300
2002-10-18,227.7300
2002-10-21,221.8200
2002-10-22,220.0500
2002-10-23,220.9900
2002-10-24,221.1600
2002-10-25,216.5800
2002-10-28,217.6600
2002-10-29,215.4300
2002-10-30,215.9500
2002-10-31,217.4200
2002-11-01,217.1100
2002-11-04,215.0900
2002-11-05,211.3000
2002-11-06,209.2600
2002-11-07,207.5400
2002-11-08,207.8300
2002-11-11,208.0800
2002-11-12,207.6800
2002-11-13,204.5800
2002-11-14,205.3400
2002-11-15,207.2400
2002-11-18,212.9600
2002-11-19,212.6200
2002-11-20,215.1400
2002-11-21,216.5200
2002-11-22,218.4100
2002-11-25,215.6600
2002-11-26,215.7500
2002-11-27,217.8000
2002-11-29,217.5100
2002-12-02,220.1000
2002-12-03,219.0900
2002-12-04,216.6000
2002-12-05,219.0500
2002-12-06,217.1600
2002-12-09,217.9500
2002-12-10,221.8300
2002-12-11,221.2200
2002-12-12,225.5400
2002-12-13,228.9200
2002-12-16,235.7300
2002-12-17,234.7100
2002-12-18,236.9900
2002-12-19,235.7800
2002-12-20,236.0600
2002-12-23,242.0100
2002-12-24,243.1500
2002-12-26,243.0400
2002-12-27,243.7600
2002-12-30,236.7500
2002-12-31,235.1500
2003-01-02,240.8500
2003-01-03,246.8800
2003-01-06,240.7300
2003-01-07,237.3200
2003-01-08,235.7200
2003-01-09,241.6600
2003-01-10,237.9500
2003-01-13,240.0100
2003-01-14,240.0400
2003-01-15,243.8000
2003-01-16,246.3000
2003-01-17,246.2300
2003-01-21,246.5100
2003-01-22,246.8600
2003-01-23,244.1600
2003-01-24,248.7100
2003-01-27,244.2400
2003-01-28,246.8000
2003-01-29,252.9200
2003-01-30,254.1500
2003-01-31,253.4500
2003-02-03,251.4500
2003-02-04,255.4400
2003-02-05,257.2900
2003-02-06,259.5100
2003-02-07,264.9000
2003-02-10,260.1800
2003-02-11,262.8900
2003-02-12,259.5800
2003-02-13,260.1900
2003-02-14,261.2300
2003-02-18,261.1000
2003-02-19,263.2000
2003-02-20,259.8800
2003-02-21,265.6600
2003-02-24,276.6700
2003-02-25,268.1200
2003-02-26,277.6000
2003-02-27,276.0900
2003-02-28,278.5700
2003-03-03,271.0900
2003-03-04,273.8000
2003-03-05,272.3400
2003-03-06,273.1300
2003-03-07,276.1500
2003-03-10,270.3700
2003-03-11,263.3900
2003-03-12,264.3200
2003-03-13,253.8600
2003-03-14,248.2000
2003-03-17,243.9900
2003-03-18,233.5800
2003-03-19,230.9900
2003-03-20,225.8800
2003-03-21,218.5800
2003-03-24,225.2700
2003-03-25,221.0600
2003-03-26,223.1000
2003-03-27,230.4300
2003-03-28,228.9900
2003-03-31,232.2800
2003-04-01,227.3600
2003-04-02,222.2000
2003-04-03,222.7300
2003-04-04,221.4800
2003-04-07,220.2500
2003-04-08,219.6100
2003-04-09,223.5800
2003-04-10,219.6400
2003-04-11,220.9200
2003-04-14,221.2500
2003-04-15,224.4500
2003-04-16,224.2900
2003-04-17,228.8000
2003-04-21,230.1800
2003-04-22,226.5400
2003-04-23,220.7800
2003-04-24,220.1100
2003-04-25,219.0800
2003-04-28,213.6600
2003-04-29,212.5900
2003-04-30,215.6400
2003-05-01,215.9200
2003-05-02,213.9400
2003-05-05,218.8800
2003-05-06,216.3300
2003-05-07,219.0200
2003-05-08,222.6600
2003-05-09,226.9000
2003-05-12,226.8000
2003-05-13,232.2400
2003-05-14,235.0400
2003-05-15,233.1800
2003-05-16,234.2700
2003-05-19,231.0400
2003-05-20,231.5100
2003-05-21,234.9100
2003-05-22,233.0600
2003-05-23,234.1500
2003-05-27,233.5100
2003-05-28,230.2800
2003-05-29,232.9500
2003-05-30,235.2400
2003-06-02,240.6400
2003-06-03,239.7700
2003-06-04,236.9700
2003-06-05,240.7100
2003-06-06,242.4200
2003-06-09,241.6500
2003-06-10,242.5300
2003-06-11,242.8600
2003-06-12,235.8400
2003-06-13,230.7500
2003-06-16,231.5000
2003-06-17,232.2100
2003-06-18,229.5300
2003-06-19,230.1400
2003-06-20,232.9400
2003-06-23,231.4900
2003-06-24,228.8000
2003-06-25,234.3800
2003-06-26,227.7900
2003-06-27,229.2300
2003-06-30,233.2000
2003-07-01,233.8200
2003-07-02,232.7200
2003-07-03,233.4700
2003-07-07,233.2200
2003-07-08,234.5100
2003-07-09,237.8800
2003-07-10,236.2700
2003-07-11,236.5600
2003-07-14,235.7900
2003-07-15,234.9200
2003-07-16,231.4900
2003-07-17,233.2600
2003-07-18,234.9900
2003-07-21,234.5800
2003-07-22,227.5200
2003-07-23,229.0200
2003-07-24,230.6600
2003-07-25,230.9100
2003-07-28,231.0400
2003-07-29,231.2900
2003-07-30,232.8500
2003-07-31,233.1600
2003-08-01,241.8100
2003-08-04,238.6400
2003-08-05,240.4600
2003-08-06,239.4200
2003-08-07,243.9000
2003-08-08,242.4300
2003-08-11,242.0100
2003-08-12,242.9100
2003-08-13,238.9100
2003-08-14,238.3900
2003-08-15,238.1100
2003-08-18,238.7800
2003-08-19,237.9000
2003-08-20,240.8900
2003-08-21,245.3800
2003-08-22,245.9100
2003-08-25,243.4800
2003-08-26,244.2100
2003-08-27,240.5900
2003-08-28,241.9600
2003-08-29,242.4600
2003-09-02,232.1800
2003-09-03,233.1700
2003-09-04,232.1500
2003-09-05,231.5900
2003-09-08,231.3300
2003-09-09,232.9100
2003-09-10,234.7600
2003-09-11,231.8300
2003-09-12,229.4100
2003-09-15,228.6500
2003-09-16,225.4200
2003-09-17,222.8100
2003-09-18,221.8300
2003-09-19,221.3000
2003-09-22,222.4900
2003-09-23,222.3500
2003-09-24,228.1000
2003-09-25,228.2200
2003-09-26,226.8200
2003-09-29,229.4300
2003-09-30,232.6300
2003-10-01,233.2700
2003-10-02,235.3400
2003-10-03,237.7100
2003-10-06,238.3100
2003-10-07,240.0700
2003-10-08,238.6600
2003-10-09,246.6000
2003-10-10,252.2900
2003-10-13,252.9400
2003-10-14,251.4500
2003-10-15,251.1900
2003-10-16,249.5700
2003-10-17,243.4100
2003-10-20,241.0100
2003-10-21,241.3200
2003-10-22,240.5100
2003-10-23,243.2700
2003-10-24,242.5300
2003-10-27,240.5400
2003-10-28,239.5800
2003-10-29,238.4600
2003-10-30,234.8000
2003-10-31,238.4900
2003-11-03,235.6300
2003-11-04,234.9600
2003-11-05,243.4500
2003-11-06,241.3700
2003-11-07,244.7900
2003-11-10,245.3900
2003-11-11,248.1300
2003-11-12,248.7200
2003-11-13,251.2700
2003-11-14,254.9200
2003-11-17,250.0900
2003-11-18,256.2200
2003-11-19,251.5900
2003-11-20,249.9700
2003-11-21,249.3500
2003-11-24,241.3300
2003-11-25,241.9400
2003-11-26,244.6400
2003-11-28,245.8000
2003-12-01,246.9500
2003-12-02,252.5300
2003-12-03,254.9800
2003-12-04,258.0600
2003-12-05,254.4400
2003-12-08,264.2600
2003-12-09,261.4900
2003-12-10,261.1800
2003-12-11,259.9100
2003-12-12,267.8100
2003-12-15,267.8100
2003-12-16,265.7600
2003-12-17,269.3800
2003-12-18,271.6900
2003-12-19,268.2700
2003-12-22,259.0600
2003-12-23,258.2100
2003-12-24,261.1000
2003-12-26,261.4400
2003-12-29,259.4100
2003-12-30,263.0000
2003-12-31,260.5400
2004-01-02,261.6600
2004-01-05,271.8500
2004-01-06,272.2300
2004-01-07,270.4600
2004-01-08,273.5600
2004-01-09,276.3300
2004-01-12,276.0500
2004-01-13,271.0600
2004-01-14,270.2200
2004-01-15,261.0700
2004-01-16,268.5100
2004-01-20,274.7400
2004-01-21,273.3800
2004-01-22,272.5900
2004-01-23,272.5500
2004-01-26,267.9300
2004-01-27,266.2300
2004-01-28,263.7700
2004-01-29,259.6700
2004-01-30,260.0900
2004-02-02,266.5400
2004-02-03,263.8000
2004-02-04,259.5300
2004-02-05,259.5200
2004-02-06,256.6300
2004-02-09,258.3400
2004-02-10,262.1500
2004-02-11,262.9000
2004-02-12,264.3800
2004-02-13,267.4800
2004-02-17,269.7700
2004-02-18,268.3100
2004-02-19,268.8200
2004-02-20,266.2100
2004-02-23,267.2000
2004-02-24,269.0000
2004-02-25,274.3100
2004-02-26,275.6900
2004-02-27,278.6600
2004-03-01,282.9800
2004-03-02,280.9300
2004-03-03,274.2500
2004-03-04,277.7900
2004-03-05,279.8500
2004-03-08,274.7100
2004-03-09,273.1000
2004-03-10,272.1500
2004-03-11,277.4200
2004-03-12,274.3700
2004-03-15,281.3400
2004-03-16,281.8200
2004-03-17,286.8500
2004-03-18,286.1800
2004-03-19,286.2900
2004-03-22,285.0600
2004-03-23,286.2300
2004-03-24,283.7900
2004-03-25,276.6000
2004-03-26,278.0600
2004-03-29,276.9100
2004-03-30,283.3400
2004-03-31,282.1200
2004-04-01,276.7800
2004-04-02,276.0000
2004-04-05,275.0800
2004-04-06,278.4200
2004-04-07,283.9500
2004-04-08,288.2200
2004-04-12,290.1600
2004-04-13,285.2300
2004-04-14,285.9400
2004-04-15,287.0500
2004-04-16,286.5100
2004-04-19,285.2300
2004-04-20,283.8200
2004-04-21,278.3900
2004-04-22,282.8600
2004-04-23,281.2100
2004-04-26,284.8700
2004-04-27,289.2000
2004-04-28,288.0200
2004-04-29,288.7300
2004-04-30,289.5100
2004-05-03,294.9400
2004-05-04,300.8500
2004-05-05,303.2400
2004-05-06,301.5600
2004-05-07,303.8600
2004-05-10,296.2800
2004-05-11,301.9400
2004-05-12,304.7900
2004-05-13,306.0700
2004-05-14,305.6100
2004-05-17,305.6100
2004-05-18,300.1000
2004-05-19,308.4400
2004-05-20,303.7800
2004-05-21,300.1900
2004-05-24,310.8800
2004-05-25,307.8800
2004-05-26,306.3300
2004-05-27,300.0800
2004-05-28,301.4100
2004-06-01,315.6000
2004-06-02,303.9700
2004-06-03,298.6600
2004-06-04,294.5800
2004-06-07,295.2400
2004-06-08,288.9700
2004-06-09,289.5000
2004-06-10,292.2000
2004-06-14,289.3300
2004-06-15,287.1000
2004-06-16,289.2800
2004-06-17,295.8900
2004-06-18,296.0900
2004-06-21,290.5400
2004-06-22,292.1000
2004-06-23,291.0000
2004-06-24,293.9000
2004-06-25,291.7200
2004-06-28,283.4100
2004-06-29,280.3400
2004-06-30,286.3600
2004-07-01,294.2500
2004-07-02,293.2100
2004-07-06,299.9300
2004-07-07,297.9200
2004-07-08,301.0500
2004-07-09,298.7300
2004-07-12,295.2600
2004-07-13,293.6500
2004-07-14,300.9100
2004-07-15,298.6500
2004-07-16,299.7700
2004-07-19,299.8600
2004-07-20,295.2300
2004-07-21,294.8600
2004-07-22,299.8100
2004-07-23,301.2300
2004-07-26,298.6100
2004-07-27,299.8800
2004-07-28,304.9500
2004-07-29,304.0500
2004-07-30,307.4800
2004-08-02,305.9600
2004-08-03,307.4200
2004-08-04,300.8200
2004-08-05,307.6000
2004-08-06,304.7600
2004-08-09,308.8500
2004-08-10,307.3500
2004-08-11,306.7500
2004-08-12,309.1800
2004-08-13,315.2600
2004-08-16,312.8000
2004-08-17,315.3900
2004-08-18,315.3400
2004-08-19,322.0600
2004-08-20,318.4100
2004-08-23,314.8200
2004-08-24,310.7100
2004-08-25,302.3600
2004-08-26,299.1400
2004-08-27,298.6200
2004-08-30,297.1100
2004-08-31,295.6000
2004-09-01,303.7900
2004-09-02,302.5200
2004-09-03,300.0800
2004-09-07,297.4400
2004-09-08,296.3400
2004-09-09,305.7100
2004-09-10,299.0600
2004-09-13,305.9300
2004-09-14,309.2700
2004-09-15,305.1400
2004-09-16,305.9600
2004-09-17,314.0100
2004-09-20,316.4000
2004-09-21,322.6000
2004-09-22,329.5600
2004-09-23,330.2000
2004-09-24,329.6900
2004-09-27,332.1800
2004-09-28,335.2200
2004-09-29,337.2900
2004-09-30,337.7300
2004-10-01,339.3000
2004-10-04,337.2000
2004-10-05,344.3600
2004-10-06,347.8600
2004-10-07,352.2900
2004-10-08,356.3700
2004-10-11,358.4500
2004-10-12,353.2700
2004-10-13,356.7000
2004-10-14,360.9100
2004-10-15,361.1300
2004-10-18,355.3500
2004-10-19,356.8700
2004-10-20,365.4100
2004-10-21,367.1400
2004-10-22,371.0600
2004-10-25,367.4300
2004-10-26,373.2000
2004-10-27,359.4600
2004-10-28,352.4700
2004-10-29,355.2500
2004-11-01,346.9500
2004-11-02,344.0500
2004-11-03,350.2500
2004-11-04,340.0900
2004-11-05,342.1100
2004-11-08,339.8200
2004-11-09,333.6400
2004-11-10,342.4400
2004-11-11,336.2400
2004-11-12,335.5000
2004-11-15,334.5100
2004-11-16,330.5200
2004-11-17,337.5700
2004-11-18,334.0800
2004-11-19,344.3200
2004-11-22,340.7200
2004-11-23,343.0100
2004-11-24,350.0700
2004-11-26,349.4100
2004-11-29,347.1300
2004-11-30,342.5000
2004-12-01,326.5900
2004-12-02,311.7700
2004-12-03,309.0400
2004-12-06,311.3600
2004-12-07,303.2400
2004-12-08,305.7900
2004-12-09,310.7400
2004-12-10,303.4600
2004-12-13,309.3400
2004-12-14,312.7800
2004-12-15,323.4500
2004-12-16,320.4400
2004-12-17,332.5000
2004-12-20,326.4700
2004-12-21,326.2400
2004-12-22,319.3800
2004-12-23,318.2100
2004-12-27,305.1400
2004-12-28,306.7900
2004-12-29,310.7200
2004-12-30,310.6600
2004-12-31,310.4700
2005-01-03,304.1900
2005-01-04,308.8000
2005-01-05,306.2500
2005-01-06,317.2000
2005-01-07,316.8400
2005-01-10,317.8800
2005-01-11,319.0200
2005-01-12,320.3400
2005-01-13,330.3800
2005-01-14,330.4500
2005-01-18,329.2700
2005-01-19,328.2200
2005-01-20,326.1700
2005-01-21,331.9300
2005-01-24,334.3400
2005-01-25,338.1700
2005-01-26,336.1100
2005-01-27,334.7900
2005-01-28,326.9900
2005-01-31,331.4800
2005-02-01,326.8200
2005-02-02,323.8300
2005-02-03,320.9000
2005-02-04,320.3500
2005-02-07,315.6600
2005-02-08,318.1000
2005-02-09,319.9900
2005-02-10,328.8100
2005-02-11,329.3200
2005-02-14,330.3400
2005-02-15,330.5300
2005-02-16,334.1200
2005-02-17,331.4100
2005-02-18,334.6000
2005-02-22,348.6700
2005-02-23,350.0400
2005-02-24,350.6000
2005-02-25,352.9100
2005-02-28,355.8500
2005-03-01,355.0800
2005-03-02,362.0900
2005-03-03,364.7800
2005-03-04,365.0600
2005-03-07,365.3400
2005-03-08,371.5800
2005-03-09,373.6700
2005-03-10,368.8200
2005-03-11,374.0000
2005-03-14,376.0700
2005-03-15,378.5800
2005-03-16,384.9800
2005-03-17,384.8200
2005-03-18,385.2600
2005-03-21,385.1400
2005-03-22,380.4200
2005-03-23,371.6700
2005-03-24,374.9000
2005-03-28,372.2900
2005-03-29,373.4200
2005-03-30,374.2600
2005-03-31,383.6200
2005-04-01,391.6000
2005-04-04,389.4400
2005-04-05,384.8700
2005-04-06,382.9100
2005-04-07,374.9100
2005-04-08,370.1100
2005-04-11,372.9500
2005-04-12,367.6600
2005-04-13,361.2000
2005-04-14,364.4100
2005-04-15,360.8500
2005-04-18,357.8400
2005-04-19,369.0200
2005-04-20,372.4300
2005-04-21,373.5900
2005-04-22,378.8300
2005-04-25,376.2900
2005-04-26,374.4900
2005-04-27,361.9200
2005-04-28,362.0300
2005-04-29,353.6900
2005-05-02,357.1400
2005-05-03,349.8900
2005-05-04,352.6000
2005-05-05,354.2100
2005-05-06,354.7200
2005-05-09,358.4400
2005-05-10,361.4600
2005-05-11,355.7000
2005-05-12,348.0100
2005-05-13,346.4500
2005-05-16,344.4800
2005-05-17,347.3600
2005-05-18,342.4700
2005-05-19,341.6000
2005-05-20,341.0300
2005-05-23,343.8400
2005-05-24,345.7500
2005-05-25,351.7700
2005-05-26,352.0800
2005-05-27,354.8500
2005-05-31,354.8900
2005-06-01,368.9700
2005-06-02,366.1200
2005-06-03,373.6200
2005-06-06,373.8300
2005-06-07,371.6800
2005-06-08,366.5700
2005-06-09,375.8300
2005-06-10,372.4500
2005-06-13,382.9800
2005-06-14,379.8800
2005-06-15,383.0000
2005-06-16,387.4800
2005-06-17,395.5600
2005-06-20,399.0600
2005-06-21,393.8200
2005-06-22,389.8700
2005-06-23,395.7500
2005-06-24,396.6500
2005-06-27,398.2300
2005-06-28,387.1200
2005-06-29,382.9000
2005-06-30,379.7900
2005-07-01,390.7300
2005-07-05,398.5800
2005-07-06,408.2900
2005-07-07,404.5500
2005-07-08,399.8600
2005-07-11,396.2100
2005-07-12,405.7400
2005-07-13,403.4700
2005-07-14,394.8400
2005-07-15,396.7500
2005-07-18,392.0900
2005-07-19,391.8700
2005-07-20,389.0300
2005-07-21,383.4600
2005-07-22,390.4200
2005-07-25,391.0200
2005-07-26,392.8800
2005-07-27,394.3200
2005-07-28,398.7600
2005-07-29,402.0000
2005-08-01,408.7100
2005-08-02,411.8500
2005-08-03,406.9600
2005-08-04,409.8100
2005-08-05,414.7600
2005-08-08,422.4200
2005-08-09,418.8800
2005-08-10,430.5500
2005-08-11,437.8000
2005-08-12,441.0100
2005-08-15,437.8900
2005-08-16,438.2600
2005-08-17,424.2000
2005-08-18,420.7200
2005-08-19,429.9900
2005-08-22,432.3000
2005-08-23,432.8700
2005-08-24,441.0900
2005-08-25,441.2600
2005-08-26,436.0100
2005-08-29,448.6500
2005-08-30,467.5700
2005-08-31,465.1500
2005-09-01,475.2500
2005-09-02,462.1100
2005-09-06,454.5900
2005-09-07,443.8600
2005-09-08,444.4700
2005-09-09,442.6200
2005-09-12,435.7900
2005-09-13,435.7600
2005-09-14,447.6100
2005-09-15,445.6300
2005-09-16,435.3300
2005-09-19,464.7400
2005-09-20,457.2900
2005-09-21,461.4100
2005-09-22,463.3200
2005-09-23,450.6500
2005-09-26,462.1000
2005-09-27,460.5600
2005-09-28,473.2300
2005-09-29,473.6400
2005-09-30,469.5600
2005-10-03,467.0000
2005-10-04,460.7100
2005-10-05,454.9600
2005-10-06,442.7300
2005-10-07,444.3300
2005-10-10,443.5300
2005-10-11,453.8500
2005-10-12,456.3600
2005-10-13,450.1500
2005-10-14,445.6800
2005-10-17,455.8600
2005-10-18,446.4000
2005-10-19,442.1800
2005-10-20,432.5700
2005-10-21,433.6400
2005-10-24,430.7100
2005-10-25,448.0800
2005-10-26,438.7700
2005-10-27,437.5400
2005-10-28,434.9700
2005-10-31,422.8800
2005-11-01,421.0500
2005-11-02,418.4500
2005-11-03,427.8500
2005-11-04,421.8300
2005-11-07,421.2900
2005-11-08,423.7400
2005-11-09,422.8500
2005-11-10,417.5400
2005-11-11,420.3800
2005-11-14,420.9300
2005-11-15,416.4400
2005-11-16,423.7700
2005-11-17,417.2100
2005-11-18,413.8500
2005-11-21,414.8300
2005-11-22,420.0800
2005-11-23,417.5100
2005-11-25,416.6100
2005-11-28,410.1500
2005-11-29,407.7400
2005-11-30,415.9100
2005-12-01,425.4100
2005-12-02,434.2300
2005-12-05,436.1400
2005-12-06,433.5800
2005-12-07,432.7800
2005-12-08,447.4800
2005-12-09,440.0700
2005-12-12,451.5200
2005-12-13,457.5500
2005-12-14,451.8900
2005-12-15,443.4000
2005-12-16,434.1900
2005-12-19,431.7700
2005-12-20,432.1700
2005-12-21,435.4600
2005-12-22,428.6800
2005-12-23,425.4500
2005-12-27,417.0100
2005-12-28,426.7600
2005-12-29,427.1400
2005-12-30,431.7200
2006-01-03,438.1800
2006-01-04,438.5500
2006-01-05,432.1000
2006-01-06,437.9100
2006-01-09,433.5900
2006-01-10,432.5600
2006-01-11,432.8800
2006-01-12,433.0300
2006-01-13,434.4200
2006-01-17,446.9000
2006-01-18,440.7000
2006-01-19,446.4100
2006-01-20,454.6500
2006-01-23,450.4600
2006-01-24,447.0600
2006-01-25,441.0900
2006-01-26,442.1200
2006-01-27,449.0500
2006-01-30,456.6700
2006-01-31,453.9200
2006-02-01,445.3500
2006-02-02,436.2700
2006-02-03,440.7300
2006-02-06,435.9900
2006-02-07,426.6000
2006-02-08,425.3700
2006-02-09,426.3600
2006-02-10,420.8300
2006-02-13,418.4300
2006-02-14,412.2100
2006-02-15,405.4700
2006-02-16,409.4600
2006-02-17,416.1700
2006-02-21,425.1100
2006-02-22,415.7800
2006-02-23,415.2700
2006-02-24,423.9400
2006-02-27,411.9900
2006-02-28,415.8600
2006-03-01,418.3700
2006-03-02,427.0500
2006-03-03,429.6900
2006-03-06,420.1000
2006-03-07,415.8000
2006-03-08,410.9600
2006-03-09,415.9900
2006-03-10,415.1900
2006-03-13,425.4000
2006-03-14,434.0800
2006-03-15,429.2800
2006-03-16,433.9000
2006-03-17,430.4300
2006-03-20,420.0300
2006-03-21,422.8100
2006-03-22,419.3100
2006-03-23,430.2000
2006-03-24,432.0100
2006-03-27,431.2200
2006-03-28,439.8000
2006-03-29,442.6500
2006-03-30,447.3800
2006-03-31,442.5200
2006-04-03,445.1800
2006-04-04,441.2500
2006-04-05,446.6500
2006-04-06,451.4800
2006-04-07,448.5600
2006-04-10,458.0600
2006-04-11,461.9500
2006-04-12,464.1000
2006-04-13,469.2100
2006-04-17,477.3100
2006-04-18,487.8300
2006-04-19,492.9000
2006-04-20,488.0500
2006-04-21,496.1800
2006-04-24,485.9200
2006-04-25,485.1000
2006-04-26,481.2300
2006-04-27,470.9100
2006-04-28,474.7900
2006-05-01,484.0200
2006-05-02,488.9300
2006-05-03,477.2400
2006-05-04,469.8700
2006-05-05,473.9100
2006-05-08,471.9600
2006-05-09,479.9000
2006-05-10,491.8400
2006-05-11,500.5300
2006-05-12,492.0600
2006-05-15,475.0600
2006-05-16,475.8500
2006-05-17,470.4300
2006-05-18,472.0600
2006-05-19,464.9900
2006-05-22,469.9400
2006-05-23,482.0300
2006-05-24,467.5700
2006-05-25,475.1100
2006-05-26,477.6200
2006-05-30,478.9600
2006-05-31,474.5500
2006-06-01,471.2800
2006-06-02,482.1400
2006-06-05,481.5300
2006-06-06,478.0100
2006-06-07,472.0400
2006-06-08,468.7500
2006-06-09,475.5600
2006-06-12,471.1000
2006-06-13,459.9300
2006-06-14,462.5200
2006-06-15,468.9500
2006-06-16,469.6100
2006-06-19,462.7100
2006-06-20,461.1600
2006-06-21,467.2600
2006-06-22,469.5500
2006-06-23,468.0800
2006-06-26,472.7100
2006-06-27,473.4500
2006-06-28,473.4700
2006-06-29,481.9200
2006-06-30,484.6800
2006-07-03,485.4300
2006-07-05,489.0800
2006-07-06,490.9000
2006-07-07,484.7100
2006-07-10,482.0100
2006-07-11,488.6700
2006-07-12,494.3500
2006-07-13,504.9700
2006-07-14,509.6300
2006-07-17,496.6700
2006-07-18,488.4300
2006-07-19,486.4700
2006-07-20,484.1100
2006-07-21,484.0700
2006-07-24,489.1900
2006-07-25,483.9400
2006-07-26,487.1900
2006-07-27,491.6500
2006-07-28,486.6200
2006-07-31,498.2500
2006-08-01,498.4200
2006-08-02,505.6300
2006-08-03,498.6600
2006-08-04,497.0000
2006-08-07,504.9900
2006-08-08,503.3700
2006-08-09,506.7800
2006-08-10,495.2800
2006-08-11,495.6000
2006-08-14,487.2600
2006-08-15,485.8200
2006-08-16,482.2400
2006-08-17,471.6700
2006-08-18,475.1200
2006-08-21,480.5200
2006-08-22,482.3300
2006-08-23,475.5200
2006-08-24,479.1000
2006-08-25,481.0900
2006-08-28,468.4100
2006-08-29,464.8500
2006-08-30,464.2700
2006-08-31,465.8700
2006-09-01,459.0100
2006-09-05,457.1400
2006-09-06,453.2600
2006-09-07,450.2300
2006-09-08,446.4100
2006-09-11,441.6200
2006-09-12,437.2400
2006-09-13,438.3900
2006-09-14,433.7300
2006-09-15,431.5800
2006-09-18,434.9700
2006-09-19,426.5100
2006-09-20,418.3200
2006-09-21,423.5700
2006-09-22,418.0200
2006-09-25,418.9300
2006-09-26,419.2000
2006-09-27,426.0000
2006-09-28,426.6300
2006-09-29,428.0500
2006-10-02,420.1700
2006-10-03,409.6800
2006-10-04,413.8100
2006-10-05,420.1800
2006-10-06,422.7800
2006-10-09,430.2900
2006-10-10,426.5000
2006-10-11,426.8500
2006-10-12,429.8900
2006-10-13,434.7600
2006-10-16,444.4400
2006-10-17,440.2100
2006-10-18,434.0700
2006-10-19,439.8400
2006-10-20,435.2700
2006-10-23,432.3500
2006-10-24,435.8900
2006-10-25,447.0100
2006-10-26,441.2800
2006-10-27,441.8600
2006-10-30,428.4300
2006-10-31,429.2200
2006-11-01,429.5600
2006-11-02,428.2400
2006-11-03,434.0400
2006-11-06,437.1000
2006-11-07,436.3300
2006-11-08,442.2800
2006-11-09,452.5200
2006-11-10,444.1600
2006-11-13,441.7800
2006-11-14,441.1100
2006-11-15,445.2800
2006-11-16,434.5600
2006-11-17,436.9600
2006-11-20,437.0700
2006-11-21,445.0000
2006-11-22,438.5300
2006-11-24,441.9000
2006-11-27,446.7900
2006-11-28,450.1300
2006-11-29,458.6200
2006-11-30,463.6600
2006-12-01,462.4200
2006-12-04,453.1300
2006-12-05,453.1900
2006-12-06,449.2500
2006-12-07,449.5000
2006-12-08,448.1500
2006-12-11,445.4500
2006-12-12,444.4900
2006-12-13,446.8500
2006-12-14,452.5000
2006-12-15,453.0400
2006-12-18,445.0800
2006-12-19,447.9400
2006-12-20,447.6200
2006-12-21,443.0900
2006-12-22,442.2900
2006-12-26,433.8900
2006-12-27,431.0500
2006-12-28,432.3500
2006-12-29,433.6500
2007-01-03,417.2300
2007-01-04,405.2600
2007-01-05,406.3500
2007-01-08,406.8200
2007-01-09,406.0500
2007-01-10,403.3700
2007-01-11,395.4200
2007-01-12,402.4100
2007-01-16,394.7600
2007-01-17,397.9600
2007-01-18,392.6500
2007-01-19,402.5800
2007-01-22,402.5000
2007-01-23,414.7400
2007-01-24,414.4600
2007-01-25,408.7600
2007-01-26,414.3100
2007-01-29,405.2000
2007-01-30,420.6700
2007-01-31,427.2200
2007-02-01,422.5300
2007-02-02,427.7100
2007-02-05,427.6200
2007-02-06,427.7500
2007-02-07,423.6500
2007-02-08,433.6400
2007-02-09,436.6200
2007-02-12,424.8500
2007-02-13,434.3600
2007-02-14,428.0100
2007-02-15,429.1700
2007-02-16,436.4900
2007-02-20,431.4900
2007-02-21,439.4100
2007-02-22,446.8400
2007-02-23,450.0300
2007-02-26,450.9600
2007-02-27,449.2800
2007-02-28,448.4900
2007-03-01,448.5100
2007-03-02,445.6000
2007-03-05,437.3900
2007-03-06,441.5500
2007-03-07,448.7000
2007-03-08,449.8600
2007-03-09,443.2200
2007-03-12,440.1400
2007-03-13,439.2900
2007-03-14,440.3500
2007-03-15,438.8100
2007-03-16,438.0600
2007-03-19,437.8200
2007-03-20,436.4000
2007-03-21,438.5000
2007-03-22,448.7600
2007-03-23,449.4300
2007-03-26,453.3700
2007-03-27,454.0900
2007-03-28,459.8800
2007-03-29,468.1500
2007-03-30,468.1200
2007-04-02,467.1600
2007-04-03,462.3200
2007-04-04,465.9400
2007-04-05,466.7900
2007-04-09,459.3200
2007-04-10,466.6700
2007-04-11,468.9500
2007-04-12,475.7200
2007-04-13,477.8400
2007-04-16,471.8800
2007-04-17,467.2600
2007-04-18,466.6700
2007-04-19,463.8100
2007-04-20,467.1600
2007-04-23,475.3100
2007-04-24,469.2700
2007-04-25,476.4700
2007-04-26,471.1500
2007-04-27,477.6900
2007-04-30,474.4600
2007-05-01,470.9700
2007-05-02,467.1700
2007-05-03,467.9600
2007-05-04,465.7100
2007-05-07,457.4300
2007-05-08,458.0000
2007-05-09,454.8400
2007-05-10,464.8400
2007-05-11,472.1200
2007-05-14,469.6900
2007-05-15,473.7600
2007-05-16,471.0500
2007-05-17,478.5800
2007-05-18,477.3700
2007-05-21,482.6700
2007-05-22,474.6400
2007-05-23,475.7800
2007-05-24,471.4000
2007-05-25,475.6500
2007-05-29,465.3600
2007-05-30,467.5900
2007-05-31,470.6500
2007-06-01,475.7600
2007-06-04,483.2400
2007-06-05,480.4100
2007-06-06,479.9800
2007-06-07,482.4800
2007-06-08,471.1600
2007-06-11,479.2400
2007-06-12,477.3400
2007-06-13,483.6400
2007-06-14,492.4800
2007-06-15,495.6000
2007-06-18,498.0300
2007-06-19,493.3600
2007-06-20,490.6200
2007-06-21,489.1800
2007-06-22,488.8100
2007-06-25,487.9200
2007-06-26,481.1500
2007-06-27,485.2800
2007-06-28,485.5200
2007-06-29,489.1500
2007-07-02,492.0300
2007-07-03,493.0500
2007-07-05,496.9700
2007-07-06,500.6600
2007-07-09,499.9100
2007-07-10,504.6600
2007-07-11,503.7600
2007-07-12,504.7100
2007-07-13,509.5900
2007-07-16,504.1500
2007-07-17,501.3700
2007-07-18,509.8600
2007-07-19,514.7100
2007-07-20,513.1300
2007-07-23,505.5300
2007-07-24,499.6900
2007-07-25,505.8100
2007-07-26,502.5000
2007-07-27,509.6500
2007-07-30,509.9900
2007-07-31,515.9400
2007-08-01,508.9400
2007-08-02,508.8700
2007-08-03,503.2200
2007-08-06,489.1300
2007-08-07,491.3300
2007-08-08,490.8300
2007-08-09,489.4900
2007-08-10,489.8200
2007-08-13,491.4700
2007-08-14,493.1000
2007-08-15,496.9600
2007-08-16,481.9500
2007-08-17,489.0700
2007-08-20,480.8100
2007-08-21,475.2900
2007-08-22,475.4600
2007-08-23,479.9700
2007-08-24,485.2400
2007-08-27,486.4800
2007-08-28,485.6000
2007-08-29,492.3500
2007-08-30,493.0200
2007-08-31,495.3000
2007-09-04,501.2700
2007-09-05,503.8400
2007-09-06,506.2000
2007-09-07,507.4500
2007-09-10,513.1700
2007-09-11,519.2000
2007-09-12,527.7600
2007-09-13,527.0300
2007-09-14,526.2700
2007-09-17,533.1200
2007-09-18,536.2700
2007-09-19,539.2500
2007-09-20,543.6100
2007-09-21,544.5700
2007-09-24,544.0400
2007-09-25,537.4500
2007-09-26,539.6400
2007-09-27,551.4900
2007-09-28,546.1300
2007-10-01,540.7300
2007-10-02,537.9300
2007-10-03,537.8900
2007-10-04,543.5100
2007-10-05,541.5900
2007-10-08,528.6100
2007-10-09,534.5300
2007-10-10,541.3200
2007-10-11,549.8000
2007-10-12,550.7000
2007-10-15,561.7100
2007-10-16,566.1200
2007-10-17,564.4500
2007-10-18,572.3300
2007-10-19,567.8500
2007-10-22,562.5800
2007-10-23,558.6400
2007-10-24,564.3100
2007-10-25,579.0900
2007-10-26,585.6700
2007-10-29,594.7400
2007-10-30,581.7600
2007-10-31,599.3100
2007-11-01,594.4600
2007-11-02,604.7000
2007-11-05,595.7800
2007-11-06,608.4800
2007-11-07,606.2100
2007-11-08,603.9400
2007-11-09,607.2400
2007-11-12,599.0400
2007-11-13,585.2400
2007-11-14,597.1700
2007-11-15,591.9200
2007-11-16,599.4000
2007-11-19,599.4000
2007-11-20,613.7200
2007-11-21,611.2400
2007-11-23,617.7400
2007-11-26,615.6800
2007-11-27,601.8500
2007-11-28,587.5000
2007-11-29,589.0900
2007-11-30,577.9900
2007-12-03,578.8300
2007-12-04,576.7400
2007-12-05,573.4400
2007-12-06,583.7400
2007-12-07,578.3800
2007-12-10,576.3100
2007-12-11,584.3700
2007-12-12,605.3100
2007-12-13,596.7900
2007-12-14,594.4700
2007-12-17,591.4300
2007-12-18,587.1500
2007-12-19,593.9400
2007-12-20,592.0100
2007-12-21,601.1700
2007-12-24,602.5900
2007-12-26,611.1600
2007-12-27,614.1300
2007-12-28,610.2300
2007-12-31,610.1700
2008-01-02,629.9800
2008-01-03,630.7400
2008-01-04,624.9400
2008-01-07,611.6700
2008-01-08,620.9100
2008-01-09,616.8900
2008-01-10,607.4300
2008-01-11,605.8500
2008-01-14,615.2800
2008-01-15,604.9500
2008-01-16,596.7300
2008-01-17,594.4700
2008-01-18,597.1600
2008-01-22,589.5300
2008-01-23,576.7400
2008-01-24,590.0700
2008-01-25,599.5200
2008-01-28,603.2900
2008-01-29,607.3400
2008-01-30,609.1300
2008-01-31,608.3800
2008-02-01,595.5600
2008-02-04,602.3800
2008-02-05,595.3600
2008-02-06,592.6400
2008-02-07,599.8400
2008-02-08,619.9400
2008-02-11,628.5200
2008-02-12,623.0500
2008-02-13,625.0300
2008-02-14,638.9700
2008-02-15,638.0000
2008-02-19,660.6100
2008-02-20,660.5900
2008-02-21,656.5800
2008-02-22,660.4300
2008-02-25,665.3600
2008-02-26,676.3000
2008-02-27,672.8700
2008-02-28,685.6900
2008-02-29,679.7800
2008-03-03,685.2800
2008-03-04,669.1900
2008-03-05,694.5600
2008-03-06,696.5200
2008-03-07,692.9300
2008-03-10,703.0400
2008-03-11,708.4600
2008-03-12,715.3000
2008-03-13,718.4600
2008-03-14,712.6900
2008-03-17,681.7700
2008-03-18,703.5900
2008-03-19,671.1200
2008-03-20,661.5800
2008-03-24,662.6300
2008-03-25,669.2600
2008-03-26,688.1300
2008-03-27,695.4000
2008-03-28,686.3500
2008-03-31,668.9100
2008-04-01,662.5300
2008-04-02,681.0200
2008-04-03,676.9600
2008-04-04,688.4900
2008-04-07,701.4000
2008-04-08,697.6800
2008-04-09,712.9300
2008-04-10,710.9900
2008-04-11,708.7200
2008-04-14,714.8200
2008-04-15,725.7000
2008-04-16,734.0900
2008-04-17,732.5700
2008-04-18,738.1700
2008-04-21,737.3300
2008-04-22,745.9600
2008-04-23,746.1500
2008-04-24,735.0300
2008-04-25,744.9200
2008-04-28,748.1300
2008-04-29,730.1200
2008-04-30,721.0700
2008-05-01,711.3400
2008-05-02,731.3300
2008-05-05,747.5900
2008-05-06,758.1900
2008-05-07,765.8900
2008-05-08,769.7200
2008-05-09,782.7000
2008-05-12,774.4300
2008-05-13,782.7400
2008-05-14,774.9700
2008-05-15,773.9700
2008-05-16,783.1300
2008-05-19,782.8000
2008-05-20,796.3300
2008-05-21,816.7500
2008-05-22,805.8100
2008-05-23,812.1900
2008-05-27,797.5200
2008-05-28,805.3500
2008-05-29,781.7400
2008-05-30,786.5800
2008-06-02,792.1800
2008-06-03,777.6100
2008-06-04,767.1600
2008-06-05,792.9100
2008-06-06,842.2400
2008-06-09,825.3000
2008-06-10,815.4000
2008-06-11,842.6800
2008-06-12,845.8200
2008-06-13,839.9000
2008-06-16,842.4100
2008-06-17,840.4400
2008-06-18,852.1900
2008-06-19,830.3500
2008-06-20,843.1300
2008-06-23,848.6800
2008-06-24,847.8200
2008-06-25,837.4300
2008-06-26,865.0900
2008-06-27,866.9400
2008-06-30,862.8100
2008-07-01,869.3400
2008-07-02,882.8600
2008-07-03,890.2900
2008-07-07,864.9900
2008-07-08,836.9700
2008-07-09,838.1500
2008-07-10,865.3700
2008-07-11,879.6400
2008-07-14,877.4600
2008-07-15,846.3800
2008-07-16,830.0600
2008-07-17,803.4200
2008-07-18,795.9800
2008-07-21,803.6900
2008-07-22,786.7400
2008-07-23,766.8100
2008-07-24,767.5100
2008-07-25,759.0800
2008-07-28,765.5700
2008-07-29,753.4100
2008-07-30,771.9600
2008-07-31,760.2000
2008-08-01,762.5200
2008-08-04,738.4700
2008-08-05,727.4200
2008-08-06,723.0100
2008-08-07,730.4400
2008-08-08,704.1800
2008-08-11,702.6800
2008-08-12,696.1800
2008-08-13,714.1300
2008-08-14,708.9800
2008-08-15,699.3500
2008-08-18,698.1300
2008-08-19,706.2100
2008-08-20,712.7500
2008-08-21,743.9700
2008-08-22,711.4000
2008-08-25,711.6300
2008-08-26,717.9400
2008-08-27,725.6800
2008-08-28,710.3600
2008-08-29,708.1600
2008-09-02,677.0600
2008-09-03,675.2600
2008-09-04,668.9400
2008-09-05,657.6500
2008-09-08,659.7900
2008-09-09,644.9300
2008-09-10,639.8800
2008-09-11,634.6400
2008-09-12,640.3200
2008-09-15,615.3700
2008-09-16,590.9400
2008-09-17,619.1400
2008-09-18,617.5900
2008-09-19,640.4500
2008-09-22,672.8700
2008-09-23,660.8500
2008-09-24,657.0700
2008-09-25,665.4200
2008-09-26,657.0200
2008-09-29,606.6600
2008-09-30,622.2400
2008-10-01,613.2100
2008-10-02,585.7100
2008-10-03,583.4400
2008-10-06,547.0200
2008-10-07,554.0700
2008-10-08,550.0200
2008-10-09,544.1200
2008-10-10,500.0500
2008-10-13,520.4400
2008-10-14,509.3900
2008-10-15,485.6800
2008-10-16,464.1100
2008-10-17,474.7400
2008-10-20,483.6700
2008-10-21,473.2500
2008-10-22,445.2200
2008-10-23,447.2800
2008-10-24,427.9600
2008-10-27,427.1600
2008-10-28,425.4200
2008-10-29,454.2700
2008-10-30,440.8000
2008-10-31,449.4600
2008-11-03,434.7300
2008-11-04,467.2600
2008-11-05,442.5100
2008-11-06,418.9500
2008-11-07,420.3900
2008-11-10,431.3700
2008-11-11,414.8600
2008-11-12,401.0000
2008-11-13,410.2800
2008-11-14,405.2200
2008-11-17,395.9900
2008-11-18,391.5800
2008-11-19,388.7800
2008-11-20,366.3900
2008-11-21,368.3900
2008-11-24,393.9400
2008-11-25,376.6200
2008-11-26,394.2700
2008-11-28,390.6500
2008-12-01,365.7900
2008-12-02,354.7000
2008-12-03,351.5400
2008-12-04,334.1700
2008-12-05,318.0000
2008-12-08,336.1200
2008-12-09,330.7800
2008-12-10,340.2300
2008-12-11,363.3200
2008-12-12,356.5600
2008-12-15,352.1300
2008-12-16,351.4700
2008-12-17,345.3800
2008-12-18,333.8200
2008-12-19,333.7100
2008-12-22,324.2300
2008-12-23,322.2600
2008-12-24,308.5800
2008-12-26,318.0100
2008-12-29,327.1600
2008-12-30,324.8500
2008-12-31,349.0400
2009-01-02,359.0200
2009-01-05,371.3300
2009-01-06,377.0500
2009-01-07,351.2500
2009-01-08,347.3200
2009-01-09,349.6100
2009-01-12,337.1300
2009-01-13,345.4400
2009-01-14,345.6700
2009-01-15,344.0300
2009-01-16,343.1000
2009-01-20,330.7900
2009-01-21,339.4000
2009-01-22,337.5500
2009-01-23,350.5100
2009-01-26,350.5100
2009-01-27,332.1400
2009-01-28,337.0800
2009-01-29,335.5300
2009-01-30,336.2000
2009-02-02,327.2200
2009-02-03,328.2600
2009-02-04,328.2400
2009-02-05,335.1100
2009-02-06,337.9200
2009-02-09,341.4400
2009-02-10,335.4300
2009-02-11,334.4300
2009-02-12,337.2200
2009-02-13,333.8700
2009-02-17,313.2200
2009-02-18,306.7700
2009-02-19,317.9100
2009-02-20,315.0000
2009-02-23,310.3000
2009-02-24,317.2400
2009-02-25,327.1600
2009-02-26,339.0400
2009-02-27,336.2400
2009-03-02,314.6100
2009-03-03,321.0900
2009-03-04,338.1300
2009-03-05,327.2700
2009-03-06,335.8600
2009-03-09,339.0800
2009-03-10,337.4400
2009-03-11,325.0700
2009-03-12,345.0300
2009-03-13,342.8300
2009-03-16,347.7400
2009-03-17,356.5900
2009-03-18,350.5400
2009-03-19,370.8600
2009-03-20,372.1700
2009-03-23,381.7500
2009-03-24,381.3100
2009-03-25,374.2300
2009-03-26,379.1600
2009-03-27,368.5800
2009-03-30,351.1000
2009-03-31,358.5300
2009-04-01,352.2400
2009-04-02,373.3500
2009-04-03,375.5500
2009-04-06,368.6500
2009-04-07,363.3900
2009-04-08,367.1200
2009-04-09,379.2000
2009-04-13,374.3500
2009-04-14,376.6000
2009-04-15,374.1600
2009-04-16,375.8500
2009-04-17,377.5700
2009-04-20,357.5300
2009-04-21,358.2000
2009-04-22,358.9600
2009-04-23,360.7300
2009-04-24,368.5900
2009-04-27,359.3700
2009-04-28,357.5400
2009-04-29,364.6300
2009-04-30,365.8500
2009-05-01,379.0100
2009-05-04,385.5800
2009-05-05,383.1600
2009-05-06,396.0200
2009-05-07,401.0600
2009-05-08,411.4400
2009-05-11,410.5300
2009-05-12,414.0500
2009-05-13,410.6400
2009-05-14,412.5300
2009-05-15,399.8500
2009-05-18,411.7300
2009-05-19,413.2000
2009-05-20,421.7400
2009-05-21,415.6800
2009-05-22,420.0800
2009-05-26,423.0900
2009-05-27,427.4000
2009-05-28,436.4700
2009-05-29,443.0500
2009-06-01,458.4600
2009-06-02,458.0200
2009-06-03,442.4100
2009-06-04,457.0400
2009-06-05,455.4000
2009-06-08,452.7500
2009-06-09,463.2600
2009-06-10,468.1200
2009-06-11,478.1500
2009-06-12,472.2000
2009-06-15,463.6500
2009-06-16,463.2900
2009-06-17,466.0700
2009-06-18,465.8700
2009-06-19,457.2000
2009-06-22,442.4100
2009-06-23,450.3500
2009-06-24,448.8000
2009-06-25,456.0800
2009-06-26,450.9700
2009-06-29,460.1500
2009-06-30,450.2200
2009-07-01,448.9300
2009-07-02,435.7700
2009-07-06,421.7800
2009-07-07,414.9600
2009-07-08,402.1800
2009-07-09,406.6300
2009-07-10,404.5100
2009-07-13,405.1400
2009-07-14,407.9800
2009-07-15,418.1500
2009-07-16,421.7700
2009-07-17,430.1800
2009-07-20,435.1500
2009-07-21,435.5500
2009-07-22,435.7100
2009-07-23,445.1000
2009-07-24,448.0100
2009-07-27,450.1100
2009-07-28,444.1800
2009-07-29,426.8800
2009-07-30,446.5500
2009-07-31,457.4100
2009-08-03,472.2900
2009-08-04,472.5400
2009-08-05,476.6400
2009-08-06,471.2400
2009-08-07,468.1300
2009-08-10,469.0500
2009-08-11,464.6000
2009-08-12,469.7300
2009-08-13,472.9100
2009-08-14,458.3600
2009-08-17,451.7000
2009-08-18,460.6000
2009-08-19,471.4500
2009-08-20,466.1200
2009-08-21,470.2900
2009-08-24,474.7100
2009-08-25,464.0200
2009-08-26,460.9000
2009-08-27,464.4300
2009-08-28,466.7000
2009-08-31,453.7900
2009-09-01,443.2100
2009-09-02,442.4400
2009-09-03,440.3600
2009-09-04,439.0100
2009-09-08,454.3300
2009-09-09,457.1600
2009-09-10,461.1300
2009-09-11,451.4200
2009-09-14,452.5500
2009-09-15,462.7200
2009-09-16,473.0000
2009-09-17,472.4600
2009-09-18,468.9200
2009-09-21,455.6100
2009-09-22,465.3300
2009-09-23,454.9300
2009-09-24,441.6900
2009-09-25,440.9200
2009-09-28,444.6500
2009-09-29,444.4800
2009-09-30,462.7500
2009-10-01,459.6600
2009-10-02,454.2800
2009-10-05,457.3800
2009-10-06,463.0600
2009-10-07,459.0400
2009-10-08,472.5200
2009-10-09,472.2300
2009-10-12,483.7100
2009-10-13,488.2600
2009-10-14,492.3900
2009-10-15,503.1900
2009-10-16,508.2000
2009-10-19,515.0300
2009-10-20,512.2300
2009-10-21,525.0600
2009-10-22,523.3300
2009-10-23,519.2800
2009-10-26,508.8400
2009-10-27,510.9500
2009-10-28,498.3400
2009-10-29,511.3700
2009-10-30,496.8100
2009-11-02,503.6300
2009-11-03,510.2500
2009-11-04,513.3600
2009-11-05,508.4200
2009-11-06,497.0200
2009-11-09,510.2900
2009-11-10,509.3400
2009-11-11,513.1900
2009-11-12,503.7300
2009-11-13,501.8500
2009-11-16,517.8700
2009-11-17,519.5800
2009-11-18,520.1900
2009-11-19,510.6500
2009-11-20,508.6600
2009-11-23,510.2700
2009-11-24,501.8600
2009-11-25,514.7400
2009-11-27,506.6700
2009-11-30,512.5700
2009-12-01,517.8300
2009-12-02,509.3100
2009-12-03,508.4900
2009-12-04,503.3300
2009-12-07,500.0100
2009-12-08,495.9400
2009-12-09,486.1000
2009-12-10,487.8500
2009-12-11,489.3200
2009-12-14,491.9300
2009-12-15,494.7800
2009-12-16,503.5500
2009-12-17,499.3700
2009-12-18,501.4000
2009-12-21,497.8800
2009-12-22,499.7300
2009-12-23,511.8700
2009-12-24,515.8400
2009-12-28,523.5200
2009-12-29,523.7800
2009-12-30,525.0400
2009-12-31,524.6200
2010-01-04,537.9400
2010-01-05,538.4800
2010-01-06,547.8800
2010-01-07,542.5900
2010-01-08,543.2200
2010-01-11,541.5700
2010-01-12,531.5400
2010-01-13,528.5900
2010-01-14,527.7200
2010-01-15,520.3700
2010-01-19,522.9600
2010-01-20,515.2300
2010-01-21,508.4000
2010-01-22,501.5300
2010-01-25,504.5400
2010-01-26,500.0000
2010-01-27,492.2500
2010-01-28,490.0500
2010-01-29,486.1500
2010-02-01,493.2300
2010-02-02,507.2800
2010-02-03,504.1200
2010-02-04,485.8600
2010-02-05,475.6500
2010-02-08,480.7000
2010-02-09,490.1500
2010-02-10,494.0600
2010-02-11,501.5900
2010-02-12,495.5900
2010-02-16,511.7000
2010-02-17,511.8200
2010-02-18,518.5500
2010-02-19,521.9800
2010-02-22,522.4000
2010-02-23,513.2500
2010-02-24,518.7600
2010-02-25,508.5100
2010-02-26,517.4800
2010-03-01,512.7400
2010-03-02,518.5700
2010-03-03,525.4400
2010-03-04,519.7300
2010-03-05,526.3400
2010-03-08,527.7400
2010-03-09,525.1600
2010-03-10,527.6600
2010-03-11,526.5400
2010-03-12,523.8000
2010-03-15,516.4100
2010-03-16,525.5700
2010-03-17,532.2000
2010-03-18,529.3800
2010-03-19,521.5000
2010-03-22,522.7800
2010-03-23,522.8700
2010-03-24,516.9200
2010-03-25,515.1100
2010-03-26,512.9900
2010-03-29,524.5900
2010-03-30,526.4600
2010-03-31,530.1600
2010-04-01,537.7100
2010-04-05,546.5500
2010-04-06,547.1900
2010-04-07,544.1000
2010-04-08,540.7300
2010-04-09,542.1400
2010-04-12,542.5200
2010-04-13,543.9200
2010-04-14,552.4100
2010-04-15,553.3100
2010-04-16,544.1800
2010-04-19,534.8900
2010-04-20,540.2200
2010-04-21,541.3900
2010-04-22,542.6500
2010-04-23,548.8600
2010-04-26,545.7000
2010-04-27,536.9100
2010-04-28,538.9400
2010-04-29,544.4200
2010-04-30,549.9400
2010-05-03,553.0300
2010-05-04,535.6700
2010-05-05,521.8100
2010-05-06,508.6500
2010-05-07,503.4700
2010-05-10,514.8200
2010-05-11,516.8200
2010-05-12,520.9500
2010-05-13,519.5800
2010-05-14,501.5700
2010-05-17,487.4000
2010-05-18,486.9600
2010-05-19,481.9700
2010-05-20,473.9400
2010-05-21,473.7400
2010-05-24,473.7900
2010-05-25,465.4600
2010-05-26,477.3200
2010-05-27,492.2300
2010-05-28,488.1900
2010-06-01,481.1100
2010-06-02,482.9800
2010-06-03,490.0100
2010-06-04,474.8000
2010-06-07,475.1600
2010-06-08,478.2600
2010-06-09,488.8400
2010-06-10,495.1100
2010-06-11,493.1000
2010-06-14,500.1000
2010-06-15,507.9600
2010-06-16,511.5200
2010-06-17,511.6300
2010-06-18,510.5600
2010-06-21,512.8300
2010-06-22,508.7100
2010-06-23,500.4300
2010-06-24,501.8000
2010-06-25,511.8600
2010-06-28,508.3700
2010-06-29,493.6600
2010-06-30,495.1800
2010-07-01,484.2100
2010-07-02,480.3100
2010-07-06,480.7700
2010-07-07,491.0400
2010-07-08,497.5000
2010-07-09,500.7600
2010-07-12,494.6700
2010-07-13,505.4500
2010-07-14,505.8500
2010-07-15,506.7600
2010-07-16,502.5800
2010-07-19,503.9200
2010-07-20,506.3500
2010-07-21,503.8900
2010-07-22,517.6200
2010-07-23,515.6700
2010-07-26,515.6500
2010-07-27,508.7800
2010-07-28,509.9900
2010-07-29,518.4100
2010-07-30,524.8100
2010-08-02,536.9000
2010-08-03,540.9500
2010-08-04,544.1300
2010-08-05,542.5700
2010-08-06,534.1400
2010-08-09,536.7100
2010-08-10,530.5300
2010-08-11,520.9900
2010-08-12,514.5700
2010-08-13,512.3600
2010-08-16,510.2000
2010-08-17,515.2600
2010-08-18,513.9700
2010-08-19,509.6900
2010-08-20,505.1600
2010-08-23,502.3600
2010-08-24,494.3900
2010-08-25,495.8000
2010-08-26,502.3800
2010-08-27,510.4900
2010-08-30,510.2000
2010-08-31,499.1600
2010-09-01,509.1200
2010-09-02,514.0900
2010-09-03,515.6700
2010-09-07,516.1700
2010-09-08,519.2100
2010-09-09,519.0700
2010-09-10,526.2700
2010-09-13,532.0700
2010-09-14,534.6400
2010-09-15,532.0400
2010-09-16,527.7600
2010-09-17,527.0400
2010-09-20,531.2500
2010-09-21,525.8700
2010-09-22,525.3000
2010-09-23,527.1700
2010-09-24,534.2300
2010-09-27,532.6100
2010-09-28,531.8200
2010-09-29,539.1900
2010-09-30,546.0600
2010-10-01,549.5200
2010-10-04,547.8500
2010-10-05,556.4300
2010-10-06,558.8000
2010-10-07,551.8700
2010-10-08,564.0900
2010-10-11,564.9800
2010-10-12,565.7700
2010-10-13,571.9400
2010-10-14,570.2200
2010-10-15,562.1300
2010-10-18,569.4100
2010-10-19,552.7800
2010-10-20,565.6200
2010-10-21,556.1000
2010-10-22,560.6300
2010-10-25,565.5700
2010-10-26,567.1800
2010-10-27,563.4200
2010-10-28,566.3400
2010-10-29,564.1600
2010-11-01,569.3700
2010-11-02,574.6600
2010-11-03,577.6000
2010-11-04,590.6000
2010-11-05,594.3900
2010-11-08,598.0800
2010-11-09,601.8600
2010-11-10,604.0400
2010-11-11,602.4200
2010-11-12,582.0100
2010-11-15,584.1300
2010-11-16,565.6600
2010-11-17,560.0600
2010-11-18,571.2500
2010-11-19,565.9400
2010-11-22,564.3800
2010-11-23,562.4100
2010-11-24,575.6600
2010-11-26,574.6300
2010-11-29,582.0900
2010-11-30,575.8400
2010-12-01,593.0700
2010-12-02,601.0600
2010-12-03,608.7500
2010-12-06,609.8300
2010-12-07,607.1400
2010-12-08,607.7300
2010-12-09,607.9600
2010-12-10,605.2100
2010-12-13,612.8500
2010-12-14,610.7900
2010-12-15,611.6100
2010-12-16,607.2400
2010-12-17,610.9900
2010-12-20,617.3800
2010-12-21,620.8700
2010-12-22,625.0300
2010-12-23,628.3200
2010-12-27,626.2000
2010-12-28,630.3200
2010-12-29,629.3600
2010-12-30,621.8400
2010-12-31,631.8300
2011-01-03,634.1300
2011-01-04,623.3600
2011-01-05,629.5500
2011-01-06,620.6100
2011-01-07,617.6800
2011-01-10,625.8600
2011-01-11,636.1000
2011-01-12,642.9100
2011-01-13,641.4500
2011-01-14,643.0600
2011-01-18,643.7800
2011-01-19,642.5100
2011-01-20,634.7400
2011-01-21,638.0100
2011-01-24,633.6100
2011-01-25,623.2000
2011-01-26,634.8300
2011-01-27,629.9900
2011-01-28,642.1100
2011-01-31,655.2600
2011-02-01,655.3300
2011-02-02,658.9200
2011-02-03,654.9100
2011-02-04,648.1300
2011-02-07,645.8600
2011-02-08,648.2100
2011-02-09,654.5500
2011-02-10,654.6800
2011-02-11,652.9300
2011-02-14,656.8000
2011-02-15,649.7700
2011-02-16,653.8900
2011-02-17,657.4000
2011-02-18,657.6200
2011-02-22,670.2600
2011-02-23,684.9100
2011-02-24,681.9900
2011-02-25,690.5600
2011-02-28,690.8500
2011-03-01,702.2800
2011-03-02,711.9800
2011-03-03,711.6800
2011-03-04,719.6200
2011-03-07,719.2200
2011-03-08,713.3600
2011-03-09,715.9600
2011-03-10,707.1900
2011-03-11,701.0600
2011-03-14,699.9200
2011-03-15,673.3100
2011-03-16,677.5200
2011-03-17,700.4300
2011-03-18,702.1700
2011-03-21,707.6900
2011-03-22,715.0000
2011-03-23,716.5300
2011-03-24,719.0800
2011-03-25,718.7300
2011-03-28,710.4800
2011-03-29,712.9600
2011-03-30,711.2100
2011-03-31,725.6200
2011-04-01,731.4400
2011-04-04,738.0200
2011-04-05,740.7500
2011-04-06,742.0900
2011-04-07,745.0100
2011-04-08,760.3300
2011-04-11,750.2700
2011-04-12,730.6300
2011-04-13,735.2500
2011-04-14,736.2300
2011-04-15,742.7600
2011-04-18,733.6900
2011-04-19,735.4900
2011-04-20,748.4100
2011-04-21,752.0600
2011-04-25,752.5400
2011-04-26,751.9000
2011-04-27,752.3000
2011-04-28,751.2000
2011-04-29,758.7900
2011-05-02,754.3400
2011-05-03,742.8700
2011-05-04,731.5400
2011-05-05,683.8300
2011-05-06,674.1600
2011-05-09,698.4600
2011-05-10,708.5100
2011-05-11,681.0000
2011-05-12,681.1400
2011-05-13,683.6100
2011-05-16,675.7400
2011-05-17,672.9200
2011-05-18,691.0400
2011-05-19,683.2600
2011-05-20,688.5200
2011-05-23,676.8100
2011-05-24,684.7700
2011-05-25,696.5300
2011-05-26,694.5600
2011-05-27,698.7200
2011-05-31,707.2600
2011-06-01,696.5700
2011-06-02,698.5000
2011-06-03,699.7700
2011-06-06,692.0400
2011-06-07,696.6200
2011-06-08,703.5600
2011-06-09,710.2700
2011-06-10,701.7900
2011-06-13,695.1400
2011-06-14,701.4400
2011-06-15,677.7100
2011-06-16,674.8100
2011-06-17,669.1100
2011-06-20,666.9800
2011-06-21,668.4700
2011-06-22,673.2200
2011-06-23,648.7500
2011-06-24,644.8900
2011-06-27,642.8200
2011-06-28,656.9600
2011-06-29,670.4700
2011-06-30,668.8500
2011-07-01,664.3100
2011-07-05,675.3500
2011-07-06,673.7300
2011-07-07,690.8800
2011-07-08,685.6000
2011-07-11,680.2800
2011-07-12,689.8000
2011-07-13,698.0400
2011-07-14,688.4100
2011-07-15,693.9400
2011-07-18,687.6200
2011-07-19,694.6100
2011-07-20,696.4000
2011-07-21,695.4100
2011-07-22,701.5700
2011-07-25,697.5000
2011-07-26,701.3700
2011-07-27,694.8200
2011-07-28,693.1800
2011-07-29,686.0800
2011-08-01,684.0800
2011-08-02,683.8100
2011-08-03,671.5900
2011-08-04,644.9500
2011-08-05,645.7500
2011-08-08,620.6000
2011-08-09,614.5800
2011-08-10,630.0800
2011-08-11,643.4100
2011-08-12,643.0800
2011-08-15,653.3500
2011-08-16,650.4100
2011-08-17,656.9200
2011-08-18,635.3000
2011-08-19,641.4600
2011-08-22,646.0600
2011-08-23,652.4600
2011-08-24,650.5900
2011-08-25,653.0700
2011-08-26,657.8400
2011-08-29,662.9400
2011-08-30,672.5200
2011-08-31,674.6900
2011-09-01,670.3800
2011-09-02,661.6300
2011-09-06,657.0800
2011-09-07,671.9900
2011-09-08,669.7200
2011-09-09,657.0800
2011-09-12,656.3200
2011-09-13,658.5100
2011-09-14,654.7500
2011-09-15,658.5800
2011-09-16,653.1000
2011-09-19,638.9600
2011-09-20,643.6500
2011-09-21,638.5400
2011-09-22,607.4900
2011-09-23,599.2500
2011-09-26,600.3700
2011-09-27,620.0200
2011-09-28,603.5500
2011-09-29,606.7900
2011-09-30,591.0000
2011-10-03,585.6200
2011-10-04,576.0100
2011-10-05,592.0300
2011-10-06,606.5200
2011-10-07,606.6200
2011-10-10,619.0600
2011-10-11,624.6500
2011-10-12,625.4600
2011-10-13,622.7400
2011-10-14,637.9000
2011-10-17,632.9000
2011-10-18,637.2200
2011-10-19,626.4700
2011-10-20,624.6600
2011-10-21,630.6300
2011-10-24,645.4500
2011-10-25,649.2500
2011-10-26,637.7600
2011-10-27,657.1400
2011-10-28,652.5500
2011-10-31,647.9600
2011-11-01,641.6900
2011-11-02,643.0300
2011-11-03,651.0100
2011-11-04,653.7100
2011-11-07,660.2500
2011-11-08,665.5900
2011-11-09,654.6000
2011-11-10,661.3600
2011-11-11,665.9200
2011-11-14,661.1100
2011-11-15,666.6800
2011-11-16,672.8900
2011-11-17,653.6200
2011-11-18,648.5200
2011-11-21,641.9400
2011-11-22,648.2600
2011-11-23,638.3100
2011-11-25,636.1200
2011-11-28,644.8400
2011-11-29,653.4900
2011-11-30,658.0200
2011-12-01,654.4400
2011-12-02,658.3200
2011-12-05,657.5200
2011-12-06,659.7000
2011-12-07,653.5700
2011-12-08,645.9800
2011-12-09,647.1200
2011-12-12,638.9300
2011-12-13,648.2400
2011-12-14,621.9300
2011-12-15,618.2300
2011-12-16,617.9000
2011-12-19,619.5000
2011-12-20,634.4800
2011-12-21,640.9100
2011-12-22,645.0300
2011-12-23,645.8800
2011-12-27,653.3500
2011-12-28,645.4400
2011-12-29,645.8100
2011-12-30,644.9100
2012-01-03,666.5500
2012-01-04,670.1500
2012-01-05,661.3200
2012-01-06,661.9000
2012-01-09,662.5700
2012-01-10,668.4300
2012-01-11,663.4900
2012-01-12,655.2300
2012-01-13,651.5400
2012-01-17,659.5600
2012-01-18,657.3100
2012-01-19,659.7700
2012-01-20,652.0100
2012-01-23,658.8500
2012-01-24,658.8400
2012-01-25,661.5100
2012-01-26,664.9200
2012-01-27,666.6400
2012-01-30,661.2200
2012-01-31,660.6800
2012-02-01,660.7600
2012-02-02,657.7100
2012-02-03,666.4300
2012-02-06,668.5300
2012-02-07,672.9600
2012-02-08,674.9600
2012-02-09,680.3700
2012-02-10,673.3700
2012-02-13,680.1000
2012-02-14,678.6000
2012-02-15,682.8400
2012-02-16,686.4000
2012-02-17,688.4400
2012-02-21,699.9200
2012-02-22,703.1100
2012-02-23,707.7400
2012-02-24,715.5200
2012-02-27,711.6200
2012-02-28,703.4600
2012-02-29,703.5000
2012-03-01,713.1800
2012-03-02,704.3700
2012-03-05,703.4300
2012-03-06,692.6100
2012-03-07,697.6200
2012-03-08,703.0600
2012-03-09,707.2200
2012-03-12,704.2700
2012-03-13,708.9300
2012-03-14,703.0200
2012-03-15,700.8500
2012-03-16,710.3700
2012-03-19,712.3100
2012-03-20,701.5300
2012-03-21,703.0100
2012-03-22,695.5700
2012-03-23,703.3300
2012-03-26,705.2900
2012-03-27,704.2400
2012-03-28,695.6100
2012-03-29,683.7200
2012-03-30,688.7100
2012-04-02,700.4000
2012-04-03,697.5600
2012-04-04,683.5000
2012-04-05,689.1400
2012-04-09,684.8500
2012-04-10,674.4200
2012-04-11,679.5300
2012-04-12,687.3600
2012-04-13,682.1700
2012-04-16,675.5900
2012-04-17,678.7700
2012-04-18,671.5800
2012-04-19,672.6300
2012-04-20,676.3800
2012-04-23,674.4400
2012-04-24,674.8300
2012-04-25,677.5700
2012-04-26,682.0800
2012-04-27,684.4500
2012-04-30,684.8800
2012-05-01,687.6100
2012-05-02,678.6500
2012-05-03,669.3600
2012-05-04,653.6000
2012-05-07,652.2700
2012-05-08,648.6000
2012-05-09,648.2800
2012-05-10,647.5000
2012-05-11,642.5800
2012-05-14,635.7700
2012-05-15,636.1000
2012-05-16,633.4000
2012-05-17,630.6200
2012-05-18,629.5000
2012-05-21,633.6800
2012-05-22,628.2300
2012-05-23,616.2900
2012-05-24,618.7800
2012-05-25,620.5100
2012-05-29,617.6700
2012-05-30,603.2800
2012-05-31,596.2000
2012-06-01,580.9900
2012-06-04,584.3900
2012-06-05,585.2200
2012-06-06,593.0600
2012-06-07,592.0500
2012-06-08,588.1700
2012-06-11,582.4300
2012-06-12,581.0200
2012-06-13,576.8700
2012-06-14,581.8700
2012-06-15,582.6200
2012-06-18,581.4500
2012-06-19,586.3100
2012-06-20,575.2900
2012-06-21,559.0000
2012-06-22,563.7200
2012-06-25,567.6000
2012-06-26,572.6400
2012-06-27,577.0000
2012-06-28,567.4700
2012-06-29,599.4400
2012-07-02,597.4000
2012-07-03,618.0000
2012-07-05,620.1500
2012-07-06,605.1500
2012-07-09,615.9400
2012-07-10,605.9100
2012-07-11,612.4400
2012-07-12,614.9100
2012-07-13,621.1900
2012-07-16,630.6300
2012-07-17,632.5200
2012-07-18,639.7500
2012-07-19,654.7300
2012-07-20,651.8700
2012-07-23,633.4700
2012-07-24,630.1800
2012-07-25,633.9200
2012-07-26,635.4300
2012-07-27,641.7700
2012-07-30,644.6000
2012-07-31,635.8200
2012-08-01,637.6100
2012-08-02,630.3300
2012-08-03,647.6500
2012-08-06,650.3400
2012-08-07,657.5100
2012-08-08,658.7200
2012-08-09,661.6500
2012-08-10,656.2100
2012-08-13,653.6100
2012-08-14,655.5300
2012-08-15,662.1400
2012-08-16,667.5700
2012-08-17,667.5600
2012-08-20,669.2700
2012-08-21,675.5500
2012-08-22,676.6900
2012-08-23,674.1300
2012-08-24,670.5100
2012-08-27,666.9600
2012-08-28,668.5000
2012-08-29,668.7100
2012-08-30,666.9600
2012-08-31,675.0300
2012-09-04,672.5500
2012-09-05,668.7200
2012-09-06,671.7200
2012-09-07,676.6400
2012-09-10,677.8800
2012-09-11,681.0500
2012-09-12,682.7900
2012-09-13,687.2200
2012-09-14,694.2100
2012-09-17,678.6800
2012-09-18,670.1300
2012-09-19,656.7300
2012-09-20,658.3500
2012-09-21,663.9700
2012-09-24,657.6800
2012-09-25,658.6600
2012-09-26,651.8700
2012-09-27,660.2600
2012-09-28,665.7300
2012-10-01,666.9700
2012-10-02,664.1800
2012-10-03,648.9000
2012-10-04,665.1900
2012-10-05,659.6300
2012-10-08,656.6400
2012-10-09,667.2500
2012-10-10,664.7600
2012-10-11,671.8400
2012-10-12,665.3100
2012-10-15,663.0800
2012-10-16,664.2400
2012-10-17,664.9400
2012-10-18,665.1300
2012-10-19,656.0500
2012-10-22,648.5000
2012-10-23,639.3000
2012-10-24,636.7500
2012-10-25,637.4700
2012-10-26,638.9700
2012-10-31,637.7400
2012-11-01,638.8600
2012-11-02,626.0700
2012-11-05,629.8500
2012-11-06,644.6100
2012-11-07,629.0000
2012-11-08,631.5300
2012-11-09,636.4100
2012-11-12,634.5200
2012-11-13,633.3200
2012-11-14,637.3900
2012-11-15,634.1000
2012-11-16,637.0100
2012-11-19,650.5800
2012-11-20,642.7200
2012-11-21,646.0100
2012-11-23,649.8000
2012-11-26,646.9900
2012-11-27,645.9600
2012-11-28,642.5900
2012-11-29,649.3400
2012-11-30,650.0500
2012-12-03,650.7800
2012-12-04,644.9500
2012-12-05,643.2600
2012-12-06,635.6900
2012-12-07,632.8800
2012-12-10,631.4000
2012-12-11,631.9300
2012-12-12,637.0500
2012-12-13,631.3800
2012-12-14,637.1400
2012-12-17,636.9200
2012-12-18,640.1800
2012-12-19,644.7300
2012-12-20,643.4900
2012-12-21,639.0900
2012-12-24,637.8400
2012-12-26,646.3100
2012-12-27,645.7800
2012-12-28,644.4300
2012-12-31,646.5800
2013-01-02,652.5600
2013-01-03,650.0500
2013-01-04,646.7100
2013-01-07,648.6900
2013-01-08,650.1800
2013-01-09,649.3100
2013-01-10,653.1100
2013-01-11,649.5800
2013-01-14,655.1900
2013-01-15,652.1800
2013-01-16,653.3100
2013-01-17,658.2100
2013-01-18,660.8300
2013-01-22,664.0700
2013-01-23,661.9800
2013-01-24,664.2200
2013-01-25,662.7500
2013-01-28,665.3300
2013-01-29,670.5100
2013-01-30,675.9500
2013-01-31,675.3700
2013-02-01,679.0500
2013-02-04,673.8700
2013-02-05,676.7000
2013-02-06,676.1400
2013-02-07,674.0100
2013-02-08,678.1400
2013-02-11,677.6600
2013-02-12,678.9000
2013-02-13,679.2000
2013-02-14,679.3700
2013-02-15,675.9500
2013-02-19,675.6300
2013-02-20,668.2800
2013-02-21,657.3100
2013-02-22,658.1200
2013-02-25,658.6400
2013-02-26,653.5600
2013-02-27,650.1300
2013-02-28,648.2100
2013-03-01,642.6500
2013-03-04,640.4100
2013-03-05,645.9400
2013-03-06,641.7400
2013-03-07,646.6500
2013-03-08,648.8100
2013-03-11,648.7200
2013-03-12,649.6200
2013-03-13,647.1700
2013-03-14,650.2300
2013-03-15,652.5000
2013-03-18,650.3000
2013-03-19,643.1600
2013-03-20,648.7000
2013-03-21,644.5500
2013-03-22,646.5000
2013-03-25,649.0300
2013-03-26,654.5400
2013-03-27,657.7800
2013-03-28,655.0500
2013-04-01,653.1000
2013-04-02,651.8700
2013-04-03,638.6700
2013-04-04,633.0000
2013-04-05,628.2600
2013-04-08,632.3100
2013-04-09,637.0900
2013-04-10,636.0300
2013-04-11,631.6100
2013-04-12,623.1600
2013-04-15,608.8300
2013-04-16,609.9100
2013-04-17,600.9700
2013-04-18,606.0100
2013-04-19,607.5000
2013-04-22,609.1000
2013-04-23,607.1100
2013-04-24,614.6500
2013-04-25,625.1500
2013-04-26,622.2900
2013-04-29,629.9900
2013-04-30,624.4300
2013-05-01,611.0600
2013-05-02,622.6200
2013-05-03,631.0800
2013-05-06,632.7400
2013-05-07,630.4700
2013-05-08,632.8500
2013-05-09,634.9100
2013-05-10,629.3600
2013-05-13,627.8700
2013-05-14,625.5400
2013-05-15,624.9100
2013-05-16,627.9900
2013-05-17,632.0500
2013-05-20,635.0200
2013-05-21,631.0200
2013-05-22,625.9600
2013-05-23,624.8600
2013-05-24,624.4000
2013-05-28,630.5700
2013-05-29,623.3500
2013-05-30,622.4600
2013-05-31,615.4600
2013-06-03,622.5600
2013-06-04,625.6400
2013-06-05,626.5800
2013-06-06,628.7000
2013-06-07,631.0500
2013-06-10,626.8600
2013-06-11,622.4200
2013-06-12,623.6200
2013-06-13,626.3600
2013-06-14,631.2400
2013-06-17,630.5200
2013-06-18,633.0100
2013-06-19,635.8400
2013-06-20,616.4600
2013-06-21,610.0400
2013-06-24,610.3000
2013-06-25,611.8300
2013-06-26,610.9300
2013-06-27,615.8800
2013-06-28,611.3000
2013-07-01,616.0200
2013-07-02,621.0300
2013-07-03,629.3800
2013-07-05,634.0200
2013-07-08,634.8300
2013-07-09,637.1700
2013-07-10,644.3100
2013-07-11,641.5600
2013-07-12,644.6300
2013-07-15,644.4000
2013-07-16,645.9900
2013-07-17,646.6500
2013-07-18,651.0500
2013-07-19,650.6600
2013-07-22,648.4300
2013-07-23,648.6200
2013-07-24,642.1000
2013-07-25,640.6800
2013-07-26,636.8100
2013-07-29,636.4800
2013-07-30,632.0900
2013-07-31,638.6400
2013-08-01,646.7700
2013-08-02,642.7400
2013-08-05,639.5900
2013-08-06,634.8300
2013-08-07,629.7000
2013-08-08,627.9500
2013-08-09,634.7100
2013-08-12,638.8800
2013-08-13,641.2300
2013-08-14,643.6800
2013-08-15,648.8600
2013-08-16,649.9200
2013-08-19,649.5200
2013-08-20,645.4500
2013-08-21,642.3000
2013-08-22,643.2900
2013-08-23,649.4000
2013-08-26,650.6600
2013-08-27,662.9600
2013-08-28,668.6000
2013-08-29,663.4800
2013-08-30,657.0500
2013-09-03,660.6600
2013-09-04,656.0700
2013-09-05,657.0700
2013-09-06,664.3300
2013-09-09,657.1300
2013-09-10,647.1300
2013-09-11,647.5100
2013-09-12,652.2600
2013-09-13,650.0200
2013-09-16,644.1900
2013-09-17,636.3000
2013-09-18,645.9200
2013-09-19,643.2700
2013-09-20,638.6300
2013-09-23,633.4200
2013-09-24,632.5900
2013-09-25,633.8200
2013-09-26,637.0300
2013-09-27,636.3900
2013-09-30,632.4000
2013-10-01,629.4900
2013-10-02,637.1800
2013-10-03,635.7300
2013-10-04,637.2400
2013-10-07,638.0200
2013-10-08,640.4200
2013-10-09,633.3600
2013-10-10,642.0500
2013-10-11,638.4500
2013-10-14,639.4400
2013-10-15,636.3800
2013-10-16,641.2700
2013-10-17,634.9600
2013-10-18,638.6200
2013-10-21,634.8100
2013-10-22,632.6500
2013-10-23,623.9100
2013-10-24,622.8400
2013-10-25,624.3600
2013-10-28,629.6900
2013-10-29,627.6700
2013-10-30,627.2100
2013-10-31,622.5200
2013-11-01,612.2400
2013-11-04,610.6600
2013-11-05,606.7700
2013-11-06,609.7300
2013-11-07,605.0200
2013-11-08,609.9500
2013-11-11,614.2000
2013-11-12,609.2500
2013-11-13,613.7000
2013-11-14,616.8000
2013-11-15,616.9200
2013-11-18,613.9500
2013-11-19,611.6700
2013-11-20,614.1900
2013-11-21,622.2300
2013-11-22,624.3700
2013-11-25,622.5800
2013-11-26,622.4000
2013-11-27,620.7600
2013-11-29,620.1200
2013-12-02,623.5300
2013-12-03,629.8100
2013-12-04,631.8500
2013-12-05,630.1600
2013-12-06,631.9400
2013-12-09,628.3500
2013-12-10,630.0500
2013-12-11,629.9500
2013-12-12,626.3800
2013-12-13,623.5900
2013-12-16,627.3900
2013-12-17,624.2900
2013-12-18,627.8800
2013-12-19,632.0000
2013-12-20,637.1000
2013-12-23,635.6100
2013-12-24,637.0400
2013-12-26,637.7600
2013-12-27,640.6700
2013-12-30,635.7900
2013-12-31,632.2900
2014-01-02,620.3600
2014-01-03,614.4300
2014-01-06,613.8400
2014-01-07,615.2200
2014-01-08,610.6700
2014-01-09,605.8100
2014-01-10,610.3000
2014-01-13,609.4800
2014-01-14,610.1700
2014-01-15,614.7200
2014-01-16,613.4400
2014-01-17,615.5600
2014-01-21,616.4100
2014-01-22,623.2400
2014-01-23,623.6000
2014-01-24,624.8700
2014-01-27,618.3100
2014-01-28,623.9100
2014-01-29,626.9100
2014-01-30,626.6400
2014-01-31,622.2600
2014-02-03,619.1100
2014-02-04,623.4400
2014-02-05,624.1100
2014-02-06,626.7100
2014-02-07,635.1100
2014-02-10,632.4900
2014-02-11,634.8300
2014-02-12,636.2200
2014-02-13,637.9100
2014-02-14,640.0600
2014-02-18,649.7900
2014-02-19,653.3800
2014-02-20,652.7800
2014-02-21,650.8800
2014-02-24,652.5200
2014-02-25,649.0700
2014-02-26,649.6400
2014-02-27,647.0700
2014-02-28,649.6400
2014-03-03,660.2200
2014-03-04,655.9600
2014-03-05,648.5700
2014-03-06,650.6600
2014-03-07,653.2400
2014-03-10,646.8400
2014-03-11,645.7300
2014-03-12,641.1100
2014-03-13,639.2000
2014-03-14,644.0500
2014-03-17,637.1900
2014-03-18,642.1800
2014-03-19,641.7100
2014-03-20,639.5400
2014-03-21,641.0900
2014-03-24,641.4900
2014-03-25,642.4100
2014-03-26,643.3200
2014-03-27,649.5500
2014-03-28,650.6700
2014-03-31,648.8600
2014-04-01,640.8300
2014-04-02,637.0400
2014-04-03,642.5400
2014-04-04,645.1900
2014-04-07,642.3700
2014-04-08,650.8900
2014-04-09,654.2200
2014-04-10,653.1000
2014-04-11,652.2600
2014-04-14,658.0400
2014-04-15,658.4600
2014-04-16,659.6200
2014-04-17,661.2900
2014-04-21,660.7100
2014-04-22,657.8100
2014-04-23,657.4900
2014-04-24,661.4900
2014-04-25,657.7000
2014-04-28,654.7700
2014-04-29,658.8400
2014-04-30,652.5100
2014-05-01,648.6100
2014-05-02,650.9400
2014-05-05,648.9400
2014-05-06,648.9900
2014-05-07,651.4300
2014-05-08,649.5800
2014-05-09,647.3000
2014-05-12,648.9700
2014-05-13,652.0300
2014-05-14,655.2300
2014-05-15,652.0400
2014-05-16,652.8600
2014-05-19,653.8000
2014-05-20,654.0400
2014-05-21,658.3500
2014-05-22,657.1700
2014-05-23,658.4100
2014-05-27,655.4400
2014-05-28,652.8400
2014-05-29,654.2600
2014-05-30,649.6300
2014-06-02,648.4600
2014-06-03,647.6000
2014-06-04,645.9900
2014-06-05,646.6300
2014-06-06,646.6300
2014-06-09,651.2800
2014-06-10,648.0500
2014-06-11,647.5400
2014-06-12,658.5500
2014-06-13,660.4600
2014-06-16,661.3200
2014-06-17,661.9200
2014-06-18,663.3900
2014-06-19,668.0300
2014-06-20,668.8600
2014-06-23,665.7500
2014-06-24,667.1900
2014-06-25,666.6200
2014-06-26,664.1300
2014-06-27,663.4400
2014-06-30,658.5700
2014-07-01,657.6800
2014-07-02,654.5600
2014-07-03,653.3000
2014-07-07,647.8100
2014-07-08,643.8700
2014-07-09,638.6000
2014-07-10,638.9100
2014-07-11,630.7200
2014-07-14,632.2700
2014-07-15,627.8400
2014-07-16,630.2000
2014-07-17,633.7300
2014-07-18,630.9200
2014-07-21,633.2900
2014-07-22,631.4500
2014-07-23,634.0100
2014-07-24,630.9100
2014-07-25,634.1700
2014-07-28,631.8900
2014-07-29,630.2300
2014-07-30,627.2000
2014-07-31,621.7000
2014-08-01,617.5000
2014-08-04,620.2300
2014-08-05,616.0400
2014-08-06,618.2600
2014-08-07,619.1100
2014-08-08,617.0700
2014-08-11,618.2000
2014-08-12,612.0600
2014-08-13,613.3100
2014-08-14,602.5500
2014-08-15,607.4500
2014-08-18,600.3300
2014-08-19,599.4500
2014-08-20,601.3200
2014-08-21,603.7200
2014-08-22,602.9700
2014-08-25,603.0400
2014-08-26,604.8100
2014-08-27,605.5800
2014-08-28,606.8400
2014-08-29,610.9200
2014-09-02,598.8500
2014-09-03,607.3500
2014-09-04,603.2900
2014-09-05,600.3500
2014-09-08,597.2000
2014-09-09,594.8700
2014-09-10,589.3000
2014-09-11,588.7200
2014-09-12,585.6600
2014-09-15,586.3000
2014-09-16,592.2000
2014-09-17,590.9000
2014-09-18,583.8200
2014-09-19,583.0000
2014-09-22,577.7700
2014-09-23,578.3000
2014-09-24,581.5000
2014-09-25,580.9700
2014-09-26,582.5200
2014-09-29,586.9600
2014-09-30,574.2900
2014-10-01,573.0800
2014-10-02,570.0000
2014-10-03,565.7900
2014-10-06,570.2200
2014-10-07,567.1300
2014-10-08,561.3300
2014-10-09,555.5100
2014-10-10,554.2900
2014-10-13,554.2800
2014-10-14,539.8400
2014-10-15,533.5600
2014-10-16,538.6000
2014-10-17,540.2300
2014-10-20,537.2400
2014-10-21,541.0300
2014-10-22,534.9600
2014-10-23,541.9300
2014-10-24,537.1000
2014-10-27,537.2900
2014-10-28,540.5500
2014-10-29,546.7500
2014-10-30,541.6300
2014-10-31,539.5900
2014-11-03,535.7800
2014-11-04,526.8400
2014-11-05,529.2500
2014-11-06,529.7100
2014-11-07,534.1000
2014-11-10,529.1500
2014-11-11,530.2300
2014-11-12,528.1300
2014-11-13,514.4400
2014-11-14,520.9700
2014-11-17,521.4500
2014-11-18,517.3600
2014-11-19,516.4200
2014-11-20,521.5900
2014-11-21,525.2000
2014-11-24,521.1400
2014-11-25,516.6200
2014-11-26,514.9300
2014-11-28,482.1100
2014-12-01,492.9400
2014-12-02,482.0000
2014-12-03,480.0400
2014-12-04,478.0500
2014-12-05,475.8300
2014-12-08,463.5900
2014-12-09,467.8100
2014-12-10,456.3100
2014-12-11,454.2200
2014-12-12,447.6900
2014-12-15,441.5300
2014-12-16,436.5500
2014-12-17,440.3300
2014-12-18,433.1500
2014-12-19,440.7100
2014-12-22,433.2200
2014-12-23,439.8700
2014-12-24,431.6000
2014-12-26,429.1600
2014-12-29,424.1900
2014-12-30,423.8400
2014-12-31,418.1200
2015-01-02,414.9600
2015-01-05,404.6100
2015-01-06,397.9500
2015-01-07,396.6800
2015-01-08,397.1000
2015-01-09,395.0100
2015-01-12,384.7900
2015-01-13,381.0200
2015-01-14,388.9800
2015-01-15,382.7200
2015-01-16,391.4400
2015-01-20,381.2400
2015-01-21,386.1500
2015-01-22,381.6800
2015-01-23,379.7400
2015-01-26,377.6500
2015-01-27,382.2000
2015-01-28,376.7300
2015-01-29,375.0800
2015-01-30,389.6800
2015-02-02,396.3400
2015-02-03,412.7000
2015-02-04,395.9000
2015-02-05,404.0600
2015-02-06,410.4100
2015-02-09,417.0900
2015-02-10,408.5900
2015-02-11,404.2400
2015-02-12,416.9800
2015-02-13,425.9900
2015-02-17,426.2500
2015-02-18,420.5700
2015-02-19,418.3600
2015-02-20,416.1700
2015-02-23,410.5900
2015-02-24,410.1900
2015-02-25,418.4000
2015-02-26,411.7200
2015-02-27,421.2400
2015-03-02,413.0600
2015-03-03,417.2100
2015-03-04,417.3700
2015-03-05,414.7100
2015-03-06,411.7800
2015-03-09,410.5800
2015-03-10,402.9200
2015-03-11,405.5100
2015-03-12,403.3600
2015-03-13,393.3500
2015-03-16,389.7300
2015-03-17,386.9100
2015-03-18,395.9100
2015-03-19,392.0200
2015-03-20,398.1700
2015-03-23,401.8200
2015-03-24,400.1700
2015-03-25,404.7200
2015-03-26,413.4000
2015-03-27,402.7100
2015-03-30,402.4000
2015-03-31,396.6500
2015-04-01,406.7100
2015-04-02,400.9700
2015-04-06,413.1400
2015-04-07,417.8700
2015-04-08,404.0700
2015-04-09,406.3500
2015-04-10,412.3700
2015-04-13,412.7600
2015-04-14,417.9500
2015-04-15,430.8300
2015-04-16,434.6700
2015-04-17,431.7100
2015-04-20,430.8200
2015-04-21,426.1600
2015-04-22,426.5600
2015-04-23,435.0700
2015-04-24,435.4200
2015-04-27,434.0200
2015-04-28,434.6700
2015-04-29,440.9000
2015-04-30,445.5800
2015-05-01,443.8300
2015-05-04,444.0300
2015-05-05,450.6000
2015-05-06,450.9700
2015-05-07,441.8500
2015-05-08,444.3100
2015-05-11,442.2800
2015-05-12,450.8300
2015-05-13,451.5200
2015-05-14,451.8400
2015-05-15,450.7600
2015-05-18,448.7400
2015-05-19,437.3900
2015-05-20,440.5900
2015-05-21,448.0800
2015-05-22,441.9300
2015-05-26,432.5900
2015-05-27,427.2000
2015-05-28,429.1600
2015-05-29,439.0900
2015-06-01,438.4800
2015-06-02,443.4900
2015-06-03,436.1900
2015-06-04,428.7600
2015-06-05,432.8800
2015-06-08,432.2100
2015-06-09,442.5400
2015-06-10,447.2500
2015-06-11,442.9200
2015-06-12,437.9300
2015-06-15,434.3900
2015-06-16,435.7200
2015-06-17,436.4300
2015-06-18,437.4700
2015-06-19,431.5500
2015-06-22,433.1500
2015-06-23,438.7900
2015-06-24,435.1600
2015-06-25,434.1600
2015-06-26,435.7400
2015-06-29,431.6100
2015-06-30,440.6900
2015-07-01,432.6400
2015-07-02,433.8100
2015-07-06,412.5100
2015-07-07,409.2900
2015-07-08,409.3600
2015-07-09,415.4500
2015-07-10,415.4800
2015-07-13,413.6600
2015-07-14,414.7900
2015-07-15,407.8500
2015-07-16,406.1500
2015-07-17,404.7300
2015-07-20,400.1100
2015-07-21,400.8600
2015-07-22,395.3500
2015-07-23,391.0100
2015-07-24,386.6400
2015-07-27,380.6600
2015-07-28,383.5400
2015-07-29,384.7600
2015-07-30,383.6500
2015-07-31,378.3800
2015-08-03,368.6800
2015-08-04,371.3300
2015-08-05,369.3200
2015-08-06,367.4300
2015-08-07,365.4200
2015-08-10,375.0400
2015-08-11,367.0500
2015-08-12,367.8900
2015-08-13,365.6700
2015-08-14,365.0200
2015-08-17,362.4000
2015-08-18,362.2700
2015-08-19,354.7900
2015-08-20,355.2000
2015-08-21,348.1100
2015-08-24,336.8800
2015-08-25,339.7500
2015-08-26,335.5100
2015-08-27,353.6200
2015-08-28,365.6500
2015-08-31,380.8500
2015-09-01,364.1400
2015-09-02,366.6400
2015-09-03,369.6700
2015-09-04,364.8700
2015-09-08,366.9300
2015-09-09,359.9200
2015-09-10,366.6400
2015-09-11,363.4700
2015-09-14,359.6100
2015-09-15,360.4400
2015-09-16,368.3700
2015-09-17,365.7600
2015-09-18,357.5900
2015-09-21,364.5800
2015-09-22,362.2800
2015-09-23,357.2600
2015-09-24,358.3100
2015-09-25,362.0100
2015-09-28,355.7000
2015-09-29,358.6700
2015-09-30,359.3400
2015-10-01,356.7000
2015-10-02,358.2500
2015-10-05,363.6500
2015-10-06,374.6500
2015-10-07,372.5700
2015-10-08,378.0000
2015-10-09,379.5200
2015-10-12,370.2600
2015-10-13,368.5900
2015-10-14,368.1900
2015-10-15,366.5800
2015-10-16,369.2100
2015-10-19,361.6100
2015-10-20,362.7300
2015-10-21,359.1500
2015-10-22,359.9600
2015-10-23,357.0900
2015-10-26,354.6500
2015-10-27,351.2400
2015-10-28,361.5800
2015-10-29,360.4400
2015-10-30,363.4400
2015-11-02,360.5400
2015-11-03,368.1700
2015-11-04,360.0700
2015-11-05,355.4100
2015-11-06,353.6800
2015-11-09,350.9800
2015-11-10,351.5400
2015-11-11,348.0700
2015-11-12,343.6800
2015-11-13,339.4800
2015-11-16,339.2900
2015-11-17,335.8900
2015-11-18,337.0200
2015-11-19,337.4600
2015-11-20,337.7200
2015-11-23,338.7400
2015-11-24,343.3900
2015-11-25,343.7200
2015-11-27,337.2900
2015-11-30,336.1500
2015-12-01,337.7000
2015-12-02,328.3100
2015-12-03,333.4400
2015-12-04,331.3600
2015-12-07,320.0600
2015-12-08,319.0000
2015-12-09,319.0700
2015-12-10,319.5500
2015-12-11,313.9200
2015-12-14,312.4000
2015-12-15,314.2400
2015-12-16,307.7400
2015-12-17,305.4900
2015-12-18,307.3900
2015-12-21,305.9400
2015-12-22,305.0100
2015-12-23,311.7300
2015-12-24,314.0100
2015-12-28,309.4600
2015-12-29,315.2300
2015-12-30,309.1200
2015-12-31,311.6500
2016-01-04,309.6400
2016-01-05,307.1600
2016-01-06,297.9500
2016-01-07,295.7100
2016-01-08,295.5700
2016-01-11,287.6200
2016-01-12,284.7600
2016-01-13,284.6500
2016-01-14,287.0200
2016-01-15,279.1700
2016-01-19,277.9000
2016-01-20,271.8100
2016-01-21,278.0400
2016-01-22,290.2000
2016-01-25,283.1500
2016-01-26,288.8300
2016-01-27,293.4100
2016-01-28,296.2600
2016-01-29,300.6700
2016-02-01,292.9200
2016-02-02,285.5400
2016-02-03,295.3000
2016-02-04,293.7000
2016-02-05,291.6400
2016-02-08,288.8900
2016-02-09,280.6100
2016-02-10,282.2900
2016-02-11,281.7000
2016-02-12,294.9800
2016-02-16,290.9700
2016-02-17,300.4200
2016-02-18,299.1700
2016-02-19,293.7300
2016-02-22,300.7000
2016-02-23,294.4600
2016-02-24,297.8500
2016-02-25,300.7000
2016-02-26,300.0000
2016-02-29,303.6300
2016-03-01,304.7300
2016-03-02,306.3900
2016-03-03,307.1600
2016-03-04,314.6800
2016-03-07,324.2100
2016-03-08,320.5800
2016-03-09,328.7300
2016-03-10,327.4000
2016-03-11,331.4100
2016-03-14,327.1300
2016-03-15,323.8300
2016-03-16,330.7000
2016-03-17,337.8800
2016-03-18,335.3000
2016-03-21,336.1500
2016-03-22,337.5300
2016-03-23,329.3700
2016-03-24,327.9100
2016-03-28,327.8400
2016-03-29,324.2100
2016-03-30,323.3000
2016-03-31,323.4200
2016-04-01,316.4000
2016-04-04,311.3700
2016-04-05,310.4100
2016-04-06,317.5900
2016-04-07,316.2300
2016-04-08,329.0200
2016-04-11,332.0000
2016-04-12,341.5800
2016-04-13,341.9800
2016-04-14,339.6700
2016-04-15,336.2500
2016-04-18,335.8500
2016-04-19,343.5700
2016-04-20,352.4800
2016-04-21,348.3300
2016-04-22,347.9800
2016-04-25,345.2300
2016-04-26,351.6800
2016-04-27,356.0900
2016-04-28,359.5600
2016-04-29,360.4100
2016-05-02,355.1300
2016-05-03,348.3400
2016-05-04,347.7100
2016-05-05,347.8100
2016-05-06,350.6200
2016-05-09,342.8900
2016-05-10,351.7200
2016-05-11,361.1500
2016-05-12,362.9200
2016-05-13,361.7200
2016-05-16,367.6600
2016-05-17,370.7600
2016-05-18,369.9800
2016-05-19,366.9500
2016-05-20,367.3000
2016-05-23,364.8900
2016-05-24,366.1200
2016-05-25,370.6800
2016-05-26,371.6000
2016-05-27,371.8800
2016-05-31,370.9500
2016-06-01,371.6700
2016-06-02,374.5500
2016-06-03,374.0200
2016-06-06,378.7700
2016-06-07,382.3700
2016-06-08,389.8300
2016-06-09,387.7600
2016-06-10,381.2600
2016-06-13,381.3000
2016-06-14,379.1600
2016-06-15,376.1700
2016-06-16,367.8100
2016-06-17,376.8500
2016-06-20,382.8900
2016-06-21,380.1600
2016-06-22,377.0300
2016-06-23,380.7200
2016-06-24,369.2300
2016-06-27,364.0700
2016-06-28,372.1000
2016-06-29,380.3300
2016-06-30,374.0300
2016-07-01,376.4400
2016-07-05,364.3100
2016-07-06,365.9600
2016-07-07,355.2700
2016-07-08,358.0400
2016-07-11,355.9100
2016-07-12,365.5400
2016-07-13,358.0900
2016-07-14,362.2500
2016-07-15,361.1200
2016-07-18,358.4300
2016-07-19,355.3400
2016-07-20,354.9900
2016-07-21,350.8900
2016-07-22,349.0300
2016-07-25,345.1500
2016-07-26,344.3500
2016-07-27,339.4000
2016-07-28,336.6800
2016-07-29,339.4000
2016-08-01,332.4300
2016-08-02,330.8500
2016-08-03,336.8100
2016-08-04,340.6700
2016-08-05,342.0300
2016-08-08,346.9400
2016-08-09,345.2800
2016-08-10,341.6300
2016-08-11,349.7100
2016-08-12,353.1200
2016-08-15,359.6500
2016-08-16,363.1500
2016-08-17,365.0800
2016-08-18,370.7700
2016-08-19,370.4400
2016-08-22,364.4000
2016-08-23,367.0300
2016-08-24,361.5200
2016-08-25,363.1500
2016-08-26,363.0700
2016-08-29,359.1400
2016-08-30,355.7200
2016-08-31,348.2100
2016-09-01,341.8700
2016-09-02,347.1800
2016-09-06,348.1900
2016-09-07,352.1800
2016-09-08,361.9900
2016-09-09,354.7700
2016-09-12,356.8100
2016-09-13,350.6000
2016-09-14,346.4700
2016-09-15,349.4900
2016-09-16,348.1000
2016-09-19,348.9600
2016-09-20,350.1900
2016-09-21,354.9000
2016-09-22,358.8900
2016-09-23,351.5300
2016-09-26,356.4600
2016-09-27,350.3900
2016-09-28,360.2200
2016-09-29,363.3300
2016-09-30,364.4700
2016-10-03,366.8100
2016-10-04,367.4200
2016-10-05,371.7400
2016-10-06,372.8500
2016-10-07,371.8100
2016-10-10,378.3400
2016-10-11,375.6300
2016-10-12,372.7600
2016-10-13,375.8100
2016-10-14,375.6300
2016-10-17,374.6200
2016-10-18,375.5600
2016-10-19,379.4900
2016-10-20,374.0900
2016-10-21,375.7800
2016-10-24,374.9500
2016-10-25,373.1100
2016-10-26,370.4700
2016-10-27,373.7400
2016-10-28,370.0100
2016-10-31,361.6200
2016-11-01,360.6000
2016-11-02,354.9000
2016-11-03,352.2900
2016-11-04,349.1000
2016-11-07,352.9200
2016-11-08,354.6500
2016-11-09,356.5500
2016-11-10,356.2400
2016-11-11,351.2000
2016-11-14,349.7700
2016-11-15,359.3600
2016-11-16,357.5600
2016-11-17,357.9700
2016-11-18,359.7100
2016-11-21,370.5500
2016-11-22,370.9800
2016-11-23,371.2400
2016-11-25,365.1400
2016-11-28,370.4000
2016-11-29,360.0000
2016-11-30,377.2200
2016-12-01,384.7700
2016-12-02,386.3900
2016-12-05,390.1800
2016-12-06,387.1200
2016-12-07,383.4200
2016-12-08,387.0100
2016-12-09,390.8400
2016-12-12,396.4000
2016-12-13,396.9000
2016-12-14,391.1400
2016-12-15,389.2500
2016-12-16,393.4600
2016-12-19,392.0800
2016-12-20,392.3300
2016-12-21,390.7000
2016-12-22,391.9500
2016-12-23,391.8900
2016-12-27,398.2200
2016-12-28,399.1800
2016-12-29,398.4800
2016-12-30,398.2000
2017-01-03,390.6600
2017-01-04,396.1400
2017-01-05,397.8400
2017-01-06,398.1800
2017-01-09,390.4800
2017-01-10,389.0100
2017-01-11,394.6400
2017-01-12,400.6800
2017-01-13,399.8500
2017-01-17,400.9100
2017-01-18,395.1700
2017-01-19,394.9600
2017-01-20,399.4100
2017-01-23,398.7700
2017-01-24,400.1700
2017-01-25,397.9300
2017-01-26,400.6800
2017-01-27,397.4700
2017-01-30,393.5100
2017-01-31,395.8300
2017-02-01,401.7000
2017-02-02,400.3500
2017-02-03,400.3800
2017-02-06,396.7600
2017-02-07,395.5000
2017-02-08,398.7800
2017-02-09,401.7600
2017-02-10,407.8300
2017-02-13,403.7800
2017-02-14,405.1000
2017-02-15,405.4800
2017-02-16,403.7100
2017-02-17,403.0300
2017-02-21,404.5100
2017-02-22,401.5800
2017-02-23,403.7400
2017-02-24,401.8300
2017-02-27,401.0600
2017-02-28,402.2200
2017-03-01,403.2300
2017-03-02,396.1200
2017-03-03,398.5600
2017-03-06,398.7800
2017-03-07,397.4400
2017-03-08,387.6700
2017-03-09,382.6000
2017-03-10,380.0600
2017-03-13,380.1600
2017-03-14,377.2100
2017-03-15,381.8900
2017-03-16,382.2600
2017-03-17,383.1200
2017-03-20,382.1600
2017-03-21,379.4100
2017-03-22,378.2200
2017-03-23,377.4400
2017-03-24,378.1300
2017-03-27,376.7100
2017-03-28,380.0400
2017-03-29,384.8100
2017-03-30,387.1600
2017-03-31,388.2200
2017-04-03,385.6000
2017-04-04,389.4100
2017-04-05,390.7100
2017-04-06,392.8400
2017-04-07,395.2000
2017-04-10,398.8400
2017-04-11,400.6300
2017-04-12,400.0600
2017-04-13,401.5800
2017-04-17,399.3100
2017-04-18,396.5400
2017-04-19,388.8300
2017-04-20,387.7000
2017-04-21,383.0300
2017-04-24,381.2400
2017-04-25,383.5700
2017-04-26,383.2900
2017-04-27,380.3800
2017-04-28,382.7700
2017-05-01,381.6400
2017-05-02,378.1400
2017-05-03,378.8000
2017-05-04,367.8200
2017-05-05,371.3900
2017-05-08,371.1000
2017-05-09,368.8800
2017-05-10,375.5400
2017-05-11,378.2900
2017-05-12,379.5000
2017-05-15,382.6300
2017-05-16,381.7700
2017-05-17,384.3500
2017-05-18,384.1100
2017-05-19,391.0400
2017-05-22,393.6700
2017-05-23,393.0400
2017-05-24,391.9200
2017-05-25,383.1100
2017-05-26,385.5000
2017-05-30,382.8600
2017-05-31,377.8500
2017-06-01,377.3600
2017-06-02,374.3400
2017-06-05,371.7200
2017-06-06,374.5500
2017-06-07,366.9900
2017-06-08,367.9000
2017-06-09,369.8100
2017-06-12,368.3500
2017-06-13,369.8800
2017-06-14,362.0600
2017-06-15,361.8500
2017-06-16,364.1700
2017-06-19,361.3800
2017-06-20,357.1000
2017-06-21,352.7000
2017-06-22,352.5200
2017-06-23,353.8000
2017-06-26,355.5000
2017-06-27,359.6500
2017-06-28,362.6100
2017-06-29,365.3300
2017-06-30,372.3800
2017-07-03,377.7200
2017-07-05,369.9200
2017-07-06,371.3100
2017-07-07,365.5100
2017-07-10,366.9200
2017-07-11,370.2500
2017-07-12,370.2200
2017-07-13,370.3400
2017-07-14,373.4600
2017-07-17,371.9000
2017-07-18,373.5700
2017-07-19,377.9000
2017-07-20,376.8800
2017-07-21,371.1700
2017-07-24,371.2100
2017-07-25,376.8400
2017-07-26,381.3200
2017-07-27,383.9300
2017-07-28,386.6200
2017-07-31,388.0700
2017-08-01,382.9600
2017-08-02,385.7700
2017-08-03,383.1700
2017-08-04,384.5100
2017-08-07,384.8000
2017-08-08,384.9100
2017-08-09,386.8900
2017-08-10,381.9300
2017-08-11,383.0000
2017-08-14,378.0200
2017-08-15,376.6500
2017-08-16,374.2900
2017-08-17,374.9000
2017-08-18,380.6800
2017-08-21,376.5000
2017-08-22,377.4500
2017-08-23,379.9900
2017-08-24,378.9900
2017-08-25,379.0600
2017-08-28,376.9600
2017-08-29,377.4800
2017-08-30,375.8500
2017-08-31,386.0000
2017-09-01,386.3800
2017-09-05,389.9700
2017-09-06,392.4300
2017-09-07,392.3400
2017-09-08,387.1800
2017-09-11,388.1600
2017-09-12,388.6500
2017-09-13,392.4100
2017-09-14,394.2300
2017-09-15,395.9000
2017-09-18,394.9400
2017-09-19,393.5000
2017-09-20,398.7000
2017-09-21,397.2700
2017-09-22,398.0400
2017-09-25,404.2500
2017-09-26,401.5700
2017-09-27,402.2700
2017-09-28,400.2000
2017-09-29,399.3100
2017-10-02,393.9800
2017-10-03,393.8500
2017-10-04,393.7300
2017-10-05,398.7000
2017-10-06,391.8500
2017-10-09,392.4600
2017-10-10,398.5100
2017-10-11,399.6400
2017-10-12,398.1000
2017-10-13,402.8000
2017-10-16,404.6600
2017-10-17,403.2400
2017-10-18,403.3200
2017-10-19,401.0300
2017-10-20,402.3800
2017-10-23,402.9400
2017-10-24,406.7600
2017-10-25,406.4400
2017-10-26,408.5400
2017-10-27,412.0400
2017-10-30,413.8000
2017-10-31,415.1400
2017-11-01,415.1600
2017-11-02,415.7000
2017-11-03,420.5900
2017-11-06,429.4400
2017-11-07,427.5800
2017-11-08,427.3900
2017-11-09,429.1900
2017-11-10,428.5900
2017-11-13,428.5300
2017-11-14,421.8400
2017-11-15,420.6200
2017-11-16,418.7500
2017-11-17,425.3500
2017-11-20,422.8200
2017-11-21,424.6600
2017-11-22,429.0200
2017-11-24,431.2300
2017-11-27,429.6200
2017-11-28,428.7900
2017-11-29,426.1100
2017-11-30,424.2600
2017-12-01,429.4800
2017-12-04,423.5600
2017-12-05,422.7400
2017-12-06,414.6400
2017-12-07,416.7000
2017-12-08,420.3300
2017-12-11,423.4000
2017-12-12,418.4800
2017-12-13,415.8300
2017-12-14,418.7600
2017-12-15,419.7000
2017-12-18,421.1100
2017-12-19,422.8200
2017-12-20,425.9800
2017-12-21,427.8000
2017-12-22,429.3400
2017-12-26,437.2600
2017-12-27,437.5800
2017-12-28,439.9000
2017-12-29,442.4400
2018-01-02,442.7200
2018-01-03,447.1400
2018-01-04,447.8300
2018-01-05,443.7600
2018-01-08,443.7600
2018-01-09,448.4000
2018-01-10,450.4500
2018-01-11,451.2200
2018-01-12,453.2300
2018-01-16,450.9100
2018-01-17,452.7400
2018-01-18,453.1200
2018-01-19,450.3700
2018-01-22,452.3500
2018-01-23,455.6700
2018-01-24,461.3600
2018-01-25,460.8600
2018-01-26,463.4500
2018-01-29,460.5900
2018-01-30,456.6100
2018-01-31,456.5300
2018-02-01,460.2300
2018-02-02,456.5300
2018-02-05,451.6000
2018-02-06,447.3800
2018-02-07,440.3400
2018-02-08,438.0600
2018-02-09,428.5300
2018-02-12,430.5000
2018-02-13,431.7000
2018-02-14,439.1400
2018-02-15,441.5300
2018-02-16,443.5900
2018-02-20,444.2100
2018-02-21,444.5700
2018-02-22,448.8400
2018-02-23,451.5300
2018-02-26,453.6800
2018-02-27,450.0900
2018-02-28,443.3800
2018-03-01,441.0400
2018-03-02,441.5600
2018-03-05,447.5400
2018-03-06,448.2200
2018-03-07,441.5400
2018-03-08,437.7000
2018-03-09,444.4000
2018-03-12,441.5000
2018-03-13,440.5700
2018-03-14,441.6100
2018-03-15,441.3200
2018-03-16,444.6300
2018-03-19,441.2900
2018-03-20,446.1500
2018-03-21,453.4700
2018-03-22,450.3000
2018-03-23,455.1700
2018-03-26,453.4200
2018-03-27,453.0500
2018-03-28,450.0300
2018-03-29,452.9400
2018-04-02,445.0700
2018-04-03,446.9000
2018-04-04,445.7200
2018-04-05,448.4600
2018-04-06,443.7200
2018-04-09,451.9100
2018-04-10,461.1500
2018-04-11,466.7200
2018-04-12,466.8700
2018-04-13,468.3100
2018-04-16,464.5100
2018-04-17,464.8500
2018-04-18,474.7800
2018-04-19,474.0300
2018-04-20,473.7700
2018-04-23,473.5200
2018-04-24,470.4200
2018-04-25,472.0000
2018-04-26,473.5300
2018-04-27,473.1500
2018-04-30,475.7600
2018-05-01,470.9200
2018-05-02,472.5200
2018-05-03,474.2800
2018-05-04,479.4600
2018-05-07,482.5500
2018-05-08,477.0100
2018-05-09,485.6400
2018-05-10,487.1400
2018-05-11,484.4300
2018-05-14,486.7100
2018-05-15,487.5100
2018-05-16,489.2000
2018-05-17,490.2200
2018-05-18,489.1300
2018-05-21,493.0600
2018-05-22,494.8300
2018-05-23,495.1100
2018-05-24,491.4900
2018-05-25,482.0700
2018-05-29,477.0800
2018-05-30,483.6900
2018-05-31,481.4300
2018-06-01,477.1100
2018-06-04,470.5000
2018-06-05,472.2000
2018-06-06,471.2800
2018-06-07,477.4300
2018-06-08,476.1700
2018-06-11,475.3500
2018-06-12,476.4700
2018-06-13,478.0200
2018-06-14,474.1400
2018-06-15,463.6200
2018-06-18,467.3900
2018-06-19,462.6500
2018-06-20,463.7600
2018-06-21,460.7300
2018-06-22,471.4500
2018-06-25,466.2700
2018-06-26,473.0600
2018-06-27,481.2300
2018-06-28,481.5500
2018-06-29,487.4400
2018-07-02,479.5700
2018-07-03,481.0000
2018-07-05,478.6100
2018-07-06,480.7300
2018-07-09,481.1100
2018-07-10,480.6400
2018-07-11,459.3800
2018-07-12,461.4700
2018-07-13,463.3700
2018-07-16,450.7300
2018-07-17,451.5800
2018-07-18,454.3000
2018-07-19,455.1800
2018-07-20,457.5800
2018-07-23,457.8700
2018-07-24,460.6100
2018-07-25,465.3000
2018-07-26,467.0100
2018-07-27,464.6600
2018-07-30,469.4100
2018-07-31,464.8300
2018-08-01,457.5200
2018-08-02,462.0300
2018-08-03,462.1500
2018-08-06,464.5000
2018-08-07,466.6700
2018-08-08,458.4100
2018-08-09,457.1700
2018-08-10,458.1800
2018-08-13,455.0900
2018-08-14,454.9900
2018-08-15,445.1200
2018-08-16,449.3700
2018-08-17,451.6300
2018-08-20,452.3600
2018-08-21,453.8200
2018-08-22,460.3300
2018-08-23,459.3000
2018-08-24,463.7900
2018-08-27,465.0600
2018-08-28,463.3300
2018-08-29,467.9900
2018-08-30,469.2900
2018-08-31,468.6900
2018-09-04,468.1000
2018-09-05,463.4800
2018-09-06,459.7900
2018-09-07,461.0300
2018-09-10,462.5100
2018-09-11,467.2800
2018-09-12,471.3900
2018-09-13,464.2700
2018-09-14,464.3800
2018-09-17,463.4100
2018-09-18,467.8000
2018-09-19,471.9500
2018-09-20,471.2700
2018-09-21,473.8400
2018-09-24,480.3600
2018-09-25,482.5000
2018-09-26,479.6900
2018-09-27,481.2400
2018-09-28,486.2800
2018-10-01,496.0400
2018-10-02,497.9400
2018-10-03,502.5500
2018-10-04,495.1600
2018-10-05,494.3100
2018-10-08,493.5100
2018-10-09,496.3900
2018-10-10,488.3500
2018-10-11,478.6700
2018-10-12,480.6600
2018-10-15,483.9400
2018-10-16,484.6900
2018-10-17,477.9900
2018-10-18,472.8000
2018-10-19,474.7200
2018-10-22,475.3200
2018-10-23,464.0400
2018-10-24,463.9200
2018-10-25,465.1100
2018-10-26,468.0800
2018-10-29,465.4100
2018-10-30,459.7700
2018-10-31,456.3200
2018-11-01,450.8200
2018-11-02,450.5400
2018-11-05,451.2900
2018-11-06,446.9700
2018-11-07,447.2300
2018-11-08,443.3500
2018-11-09,440.5500
2018-11-12,441.4700
2018-11-13,426.4200
2018-11-14,432.8300
2018-11-15,429.9800
2018-11-16,432.3800
2018-11-19,435.2400
2018-11-20,418.3700
2018-11-21,422.1300
2018-11-23,403.5600
2018-11-26,407.8900
2018-11-27,406.2000
2018-11-28,404.3800
2018-11-29,408.1300
2018-11-30,406.5200
2018-12-03,414.7600
2018-12-04,417.0600
2018-12-06,407.6800
2018-12-07,416.2100
2018-12-10,408.3500
2018-12-11,409.5500
2018-12-12,407.9200
2018-12-13,412.9100
2018-12-14,406.0900
2018-12-17,400.4800
2018-12-18,387.8700
2018-12-19,392.6300
2018-12-20,381.7800
2018-12-21,380.3200
2018-12-24,367.2900
2018-12-26,380.2300
2018-12-27,374.1700
2018-12-28,374.9800
2018-12-31,374.3300
2019-01-02,377.9100
2019-01-03,381.2000
2019-01-04,386.8000
2019-01-07,389.1900
2019-01-08,394.4700
2019-01-09,405.3600
2019-01-10,405.7700
2019-01-11,402.9300
2019-01-14,399.6400
2019-01-15,404.4000
2019-01-16,406.2700
2019-01-17,406.0500
2019-01-18,413.2000
2019-01-22,406.6000
2019-01-23,405.7500
2019-01-24,406.6500
2019-01-25,409.6900
2019-01-28,401.2800
2019-01-29,407.1000
2019-01-30,410.3800
2019-01-31,407.8900
2019-02-01,413.3000
2019-02-04,412.6700
2019-02-05,410.2100
2019-02-06,412.0000
2019-02-07,406.1800
2019-02-08,407.8900
2019-02-11,406.2700
2019-02-12,410.3600
2019-02-13,414.6900
2019-02-14,416.2400
2019-02-15,423.4000
2019-02-19,424.2100
2019-02-20,427.1000
2019-02-21,428.1900
2019-02-22,429.4500
2019-02-25,420.5300
2019-02-26,421.5100
2019-02-27,426.7700
2019-02-28,426.3500
2019-03-01,421.3500
2019-03-04,423.0500
2019-03-05,424.3900
2019-03-06,422.7200
2019-03-07,423.3700
2019-03-08,421.8400
2019-03-11,423.7900
2019-03-12,426.0500
2019-03-13,431.4900
2019-03-14,431.8100
2019-03-15,432.4800
2019-03-18,434.5200
2019-03-19,435.3800
2019-03-20,439.4900
2019-03-21,438.4100
2019-03-22,434.1700
2019-03-25,434.2900
2019-03-26,437.1100
2019-03-27,434.7400
2019-03-28,432.8000
2019-03-29,434.1300
2019-04-01,439.7000
2019-04-02,442.6900
2019-04-03,443.5100
2019-04-04,443.9300
2019-04-05,447.2700
2019-04-08,451.4400
2019-04-09,449.6800
2019-04-10,453.8400
2019-04-11,449.8500
2019-04-12,452.4700
2019-04-15,450.0700
2019-04-16,450.9700
2019-04-17,449.8600
2019-04-18,450.8500
2019-04-22,456.2500
2019-04-23,457.1800
2019-04-24,455.0900
2019-04-25,452.8300
2019-04-26,445.3400
2019-04-29,444.8200
2019-04-30,446.4500
2019-05-01,446.3900
2019-05-02,440.2300
2019-05-03,440.8300
2019-05-06,439.6600
2019-05-07,435.1400
2019-05-08,436.7800
2019-05-09,434.0000
2019-05-10,434.3400
2019-05-13,431.4700
2019-05-14,436.8900
2019-05-15,439.6300
2019-05-16,445.1500
2019-05-17,443.0000
2019-05-20,443.4900
2019-05-21,443.1200
2019-05-22,436.0700
2019-05-23,422.6900
2019-05-24,427.1300
2019-05-28,432.0000
2019-05-29,429.5100
2019-05-30,421.8800
2019-05-31,407.7600
2019-06-03,405.2600
2019-06-04,406.9600
2019-06-05,398.5600
2019-06-06,402.9300
2019-06-07,407.1700
2019-06-10,405.6700
2019-06-11,407.3500
2019-06-12,399.7800
2019-06-13,405.0100
2019-06-14,406.9600
2019-06-17,404.5600
2019-06-18,410.4100
2019-06-19,408.4900
2019-06-20,420.1600
2019-06-21,421.1600
2019-06-24,422.8100
2019-06-25,424.6300
2019-06-26,430.8700
2019-06-27,430.5500
2019-06-28,425.3600
2019-07-01,425.4400
2019-07-02,414.5000
2019-07-03,421.0000
2019-07-05,422.3400
2019-07-08,421.5400
2019-07-09,422.3500
2019-07-10,434.1200
2019-07-11,433.6000
2019-07-12,434.6300
2019-07-15,430.9300
2019-07-16,423.0200
2019-07-17,419.8900
2019-07-18,412.6000
2019-07-19,415.9200
2019-07-22,416.8600
2019-07-23,419.7400
2019-07-24,417.7200
2019-07-25,417.4600
2019-07-26,416.6900
2019-07-29,418.5200
2019-07-30,421.6500
2019-07-31,422.4400
2019-08-01,403.1700
2019-08-02,407.6700
2019-08-05,401.9000
2019-08-06,397.5200
2019-08-07,387.4700
2019-08-08,394.2500
2019-08-09,399.7300
2019-08-12,397.1500
2019-08-13,405.5500
2019-08-14,398.0700
2019-08-15,394.5200
2019-08-16,395.8800
2019-08-19,399.3400
2019-08-20,399.8600
2019-08-21,400.0200
2019-08-22,397.9800
2019-08-23,393.3600
2019-08-26,392.5100
2019-08-27,396.0300
2019-08-28,400.3700
2019-08-29,403.6100
2019-08-30,397.0600
2019-09-03,392.4400
2019-09-04,403.7200
2019-09-05,404.2700
2019-09-06,404.4700
2019-09-09,409.6800
2019-09-10,410.3900
2019-09-11,404.2000
2019-09-12,403.4400
2019-09-13,403.8300
2019-09-16,436.0800
2019-09-17,420.6500
2019-09-18,417.0100
2019-09-19,418.5200
2019-09-20,417.4100
2019-09-23,420.3800
2019-09-24,414.8000
2019-09-25,411.7200
2019-09-26,411.3900
2019-09-27,409.6000
2019-09-30,403.6100
2019-10-01,402.3100
2019-10-02,397.1800
2019-10-03,397.3600
2019-10-04,399.4700
2019-10-07,399.2100
2019-10-08,399.4900
2019-10-09,400.1800
2019-10-10,402.1600
2019-10-11,409.4200
2019-10-14,405.2500
2019-10-15,403.3800
2019-10-16,405.3200
2019-10-17,407.0900
2019-10-18,406.7000
2019-10-21,404.0100
2019-10-22,406.9000
2019-10-23,412.7500
2019-10-24,414.4900
2019-10-25,416.2300
2019-10-28,414.0300
2019-10-29,413.9700
2019-10-30,411.7300
2019-10-31,407.5100
2019-11-01,416.8800
2019-11-04,419.2000
2019-11-05,421.9300
2019-11-06,416.9300
2019-11-07,418.7000
2019-11-08,419.1100
2019-11-11,416.5200
2019-11-12,417.3200
2019-11-13,418.0300
2019-11-14,417.1500
2019-11-15,420.5000
2019-11-18,415.6500
2019-11-19,409.6700
2019-11-20,415.3800
2019-11-21,420.8200
2019-11-22,418.9300
2019-11-25,420.0200
2019-11-26,422.0600
2019-11-27,420.3400
2019-11-29,409.1900
2019-12-02,410.7900
2019-12-03,410.7500
2019-12-04,418.7500
2019-12-05,419.6600
2019-12-06,422.7400
2019-12-09,421.6400
2019-12-10,423.2000
2019-12-11,420.2800
2019-12-12,423.6400
2019-12-13,428.0500
2019-12-16,431.0900
2019-12-17,433.8000
2019-12-18,433.1100
2019-12-19,434.9600
2019-12-20,433.3000
2019-12-23,433.0400
2019-12-24,435.9900
2019-12-26,439.7000
2019-12-27,440.2700
2019-12-30,439.5800
2019-12-31,436.2200
2020-01-02,436.8200
2020-01-03,443.3500
2020-01-06,444.6300
2020-01-07,442.3500
2020-01-08,431.0400
2020-01-09,430.6000
2020-01-10,430.1200
2020-01-13,426.2700
2020-01-14,427.7200
2020-01-15,425.4500
2020-01-16,425.8400
2020-01-17,426.9100
2020-01-21,425.1400
2020-01-22,418.5300
2020-01-23,413.6500
2020-01-24,406.2700
2020-01-27,398.3400
2020-01-28,400.3900
2020-01-29,398.7500
2020-01-30,392.0200
2020-01-31,388.8000
2020-02-03,381.3500
2020-02-04,380.3300
2020-02-05,386.2800
2020-02-06,387.1900
2020-02-07,386.2000
2020-02-10,382.1800
2020-02-11,384.5600
2020-02-12,392.0400
2020-02-13,394.0100
2020-02-14,396.2300
2020-02-18,398.3400
2020-02-19,403.6400
2020-02-20,403.2200
2020-02-21,400.5400
2020-02-24,389.2600
2020-02-25,382.8200
2020-02-26,376.2000
2020-02-27,367.9000
2020-02-28,358.4400
2020-03-02,368.8200
2020-03-03,371.0600
2020-03-04,370.1100
2020-03-05,365.2700
2020-03-06,345.1400
2020-03-09,305.2900
2020-03-10,318.9100
2020-03-11,313.2900
2020-03-12,300.4500
2020-03-13,298.4000
2020-03-16,279.0000
2020-03-17,273.8700
2020-03-18,251.0200
2020-03-19,269.5300
2020-03-20,261.5900
2020-03-23,263.6300
2020-03-24,270.5800
2020-03-25,273.3800
2020-03-26,266.1700
2020-03-27,261.5400
2020-03-30,254.6400
2020-03-31,255.5400
2020-04-01,247.1200
2020-04-02,263.9500
2020-04-03,275.4400
2020-04-06,271.7000
2020-04-07,270.5600
2020-04-08,277.0800
2020-04-09,276.4100
2020-04-13,280.1200
2020-04-14,278.5400
2020-04-15,270.9500
2020-04-16,270.6600
2020-04-17,270.5700
2020-04-20,258.6900
2020-04-21,228.2400
2020-04-22,236.8000
2020-04-23,243.3500
2020-04-24,241.4500
2020-04-27,230.4500
2020-04-28,239.9700
2020-04-29,246.0300
2020-04-30,257.0400
2020-05-01,256.4900
2020-05-04,259.0900
2020-05-05,274.1700
2020-05-06,268.7600
2020-05-07,271.3400
2020-05-08,278.1300
2020-05-11,274.1000
2020-05-12,276.8400
2020-05-13,272.9000
2020-05-14,279.9400
2020-05-15,285.1500
2020-05-18,296.3600
2020-05-19,296.4900
2020-05-20,301.5200
2020-05-21,301.5200
2020-05-22,297.9200
2020-05-26,303.4900
2020-05-27,297.3000
2020-05-28,299.5100
2020-05-29,307.0800
2020-06-01,307.3500
2020-06-02,312.6700
2020-06-03,313.9100
2020-06-04,316.0000
2020-06-05,325.5400
2020-06-08,321.6300
2020-06-09,324.4100
2020-06-10,327.4300
2020-06-11,314.7900
2020-06-12,314.2800
2020-06-15,317.2000
2020-06-16,322.3100
2020-06-17,321.6300
2020-06-18,324.4000
2020-06-19,327.6400
2020-06-22,330.6300
2020-06-23,329.7700
2020-06-24,319.0200
2020-06-25,320.2200
2020-06-26,318.0900
2020-06-29,324.5100
2020-06-30,325.4800
2020-07-01,328.7400
2020-07-02,332.8600
2020-07-06,334.2800
2020-07-07,335.1800
2020-07-08,337.2500
2020-07-09,333.8800
2020-07-10,337.9000
2020-07-13,336.2400
2020-07-14,335.7500
2020-07-15,339.9500
2020-07-16,338.3000
2020-07-17,337.4600
2020-07-20,337.3000
2020-07-21,343.2000
2020-07-22,343.6700
2020-07-23,341.6600
2020-07-24,342.0100
2020-07-27,342.5600
2020-07-28,341.3600
2020-07-29,343.3800
2020-07-30,337.7600
2020-07-31,339.8200
2020-08-03,344.7100
2020-08-04,346.6700
2020-08-05,350.3000
2020-08-06,349.2800
2020-08-07,345.1500
2020-08-10,348.7700
2020-08-11,347.0900
2020-08-12,351.8200
2020-08-13,352.0500
2020-08-14,352.1700
2020-08-17,357.2100
2020-08-18,358.2300
2020-08-19,358.5300
2020-08-20,356.3100
2020-08-21,353.3600
2020-08-24,356.1800
2020-08-25,360.0400
2020-08-26,359.8700
2020-08-27,358.8300
2020-08-28,359.9500
2020-08-31,358.2100
2020-09-01,359.7600
2020-09-02,353.7200
2020-09-03,350.8600
2020-09-04,347.1100
2020-09-08,335.5800
2020-09-09,341.0600
2020-09-10,339.7600
2020-09-11,341.0500
2020-09-14,342.4900
2020-09-15,345.1400
2020-09-16,351.9900
2020-09-17,356.2300
2020-09-18,358.0300
2020-09-21,347.3600
2020-09-22,347.9600
2020-09-23,347.7300
2020-09-24,348.4700
2020-09-25,348.2300
2020-09-28,350.5600
2020-09-29,344.8800
2020-09-30,350.1800
2020-10-01,343.4700
2020-10-02,337.4800
2020-10-05,347.3800
2020-10-06,353.7400
2020-10-07,353.4800
2020-10-08,359.0800
2020-10-09,360.5800
2020-10-12,355.7900
2020-10-13,358.4100
2020-10-14,362.2000
2020-10-15,363.2200
2020-10-16,362.6100
2020-10-19,362.1400
2020-10-20,364.7900
2020-10-21,360.1100
2020-10-22,361.4800
2020-10-23,358.7700
2020-10-26,353.1400
2020-10-27,357.2600
2020-10-28,346.5600
2020-10-29,341.1600
2020-10-30,340.7800
2020-11-02,345.0000
2020-11-03,348.4700
2020-11-04,354.7900
2020-11-05,354.9000
2020-11-06,349.6200
2020-11-09,361.2900
2020-11-10,368.9400
2020-11-11,369.6800
2020-11-12,368.3500
2020-11-13,364.5000
2020-11-16,369.0300
2020-11-17,369.9500
2020-11-18,372.6800
2020-11-19,370.1900
2020-11-20,373.8700
2020-11-23,377.4900
2020-11-24,385.7000
2020-11-25,387.5700
2020-11-27,388.0600
2020-11-30,385.5900
2020-12-01,383.5600
2020-12-02,386.2700
2020-12-03,386.6800
2020-12-04,388.5500
2020-12-07,386.3700
2020-12-08,385.5200
2020-12-09,387.1200
2020-12-10,394.3700
2020-12-11,393.7200
2020-12-14,395.2600
2020-12-15,398.3600
2020-12-16,400.1300
2020-12-17,404.5100
2020-12-18,408.0200
2020-12-21,402.1800
2020-12-22,398.6900
2020-12-23,404.5400
2020-12-24,404.6700
2020-12-28,401.8300
2020-12-29,404.6800
2020-12-30,407.8300
2020-12-31,409.4600
2021-01-04,408.0500
2021-01-05,420.6300
2021-01-06,422.7000
2021-01-07,423.3500
2021-01-08,427.5600
2021-01-11,426.0200
2021-01-12,433.5500
2021-01-13,433.3300
2021-01-14,436.9400
2021-01-15,431.7400
2021-01-19,432.3300
2021-01-20,433.6600
2021-01-21,433.3600
2021-01-22,427.4100
2021-01-25,431.4900
2021-01-26,433.8400
2021-01-27,433.3100
2021-01-28,430.5500
2021-01-29,430.9900
2021-02-01,437.2800
2021-02-02,441.0000
2021-02-03,445.6200
2021-02-04,447.2500
2021-02-05,450.6100
2021-02-08,457.7300
2021-02-09,459.6500
2021-02-10,459.4900
2021-02-11,458.7400
2021-02-12,463.9500
2021-02-16,470.2700
2021-02-17,473.1500
2021-02-18,472.7800
2021-02-19,470.0900
2021-02-22,480.9000
2021-02-23,481.1600
2021-02-24,489.3000
2021-02-25,488.6700
2021-02-26,476.9900
2021-03-01,472.6200
2021-03-02,471.9600
2021-03-03,474.6100
2021-03-04,481.3500
2021-03-05,491.4300
2021-03-08,487.6200
2021-03-09,484.8700
2021-03-10,485.4600
2021-03-11,493.4100
2021-03-12,492.2200
2021-03-15,491.9100
2021-03-16,490.1800
2021-03-17,488.6100
2021-03-18,469.2800
2021-03-19,475.1000
2021-03-22,475.6300
2021-03-23,461.3900
2021-03-24,474.2200
2021-03-25,462.3000
2021-03-26,474.0100
2021-03-29,474.5800
2021-03-30,468.9600
2021-03-31,467.4100
2021-04-01,474.0200
2021-04-05,464.3300
2021-04-06,468.5700
2021-04-07,469.9500
2021-04-08,472.6600
2021-04-09,471.1600
2021-04-12,470.3800
2021-04-13,473.6900
2021-04-14,487.5200
2021-04-15,490.1500
2021-04-16,488.7200
2021-04-19,490.5800
2021-04-20,489.3200
2021-04-21,487.1900
2021-04-22,490.2600
2021-04-23,494.1000
2021-04-26,497.8100
2021-04-27,501.9600
2021-04-28,504.9200
2021-04-29,508.6500
2021-04-30,505.8500
2021-05-03,509.6300
2021-05-04,516.5200
2021-05-05,519.2100
2021-05-06,518.8600
2021-05-07,523.0300
2021-05-10,520.8400
2021-05-11,524.4100
2021-05-12,526.6500
2021-05-13,511.5300
2021-05-14,515.0000
2021-05-17,520.9200
2021-05-18,519.4300
2021-05-19,507.4500
2021-05-20,502.4300
2021-05-21,506.4000
2021-05-24,514.2500
2021-05-25,512.5100
2021-05-26,513.9000
2021-05-27,521.1200
2021-05-28,519.2300
2021-06-01,528.0800
2021-06-02,531.2300
2021-06-03,527.0400
2021-06-04,533.7400
2021-06-07,529.6500
2021-06-08,532.7400
2021-06-09,531.9200
2021-06-10,532.6200
2021-06-11,532.0300
2021-06-14,529.5300
2021-06-15,529.6800
2021-06-16,529.9800
2021-06-17,515.5100
2021-06-18,520.0300
2021-06-21,525.5200
2021-06-22,525.3500
2021-06-23,528.3500
2021-06-24,528.6300
2021-06-25,529.9700
2021-06-28,528.8600
2021-06-29,530.0300
2021-06-30,535.9800
2021-07-01,540.5300
2021-07-02,541.4600
2021-07-06,528.8300
2021-07-07,523.8400
2021-07-08,524.9600
2021-07-09,531.7600
2021-07-12,531.7500
2021-07-13,536.7200
2021-07-14,531.4300
2021-07-15,527.3400
2021-07-16,528.1700
2021-07-19,506.5100
2021-07-20,512.6300
2021-07-21,525.4400
2021-07-22,531.6900
2021-07-23,532.4800
2021-07-26,535.3300
2021-07-27,532.9200
2021-07-28,535.5800
2021-07-29,543.3400
2021-07-30,541.1300
2021-08-02,533.4500
2021-08-03,530.1500
2021-08-04,521.9000
2021-08-05,526.0400
2021-08-06,522.3400
2021-08-09,512.5300
2021-08-10,521.3300
2021-08-11,525.0800
2021-08-12,525.8700
2021-08-13,524.7400
2021-08-16,520.5200
2021-08-17,515.4300
2021-08-18,511.2900
2021-08-19,500.4000
2021-08-20,494.4300
2021-08-23,510.6500
2021-08-24,520.1000
2021-08-25,524.3300
2021-08-26,521.5900
2021-08-27,529.1000
2021-08-30,529.7000
2021-08-31,527.3700
2021-09-01,526.0900
2021-09-02,532.6400
2021-09-03,531.8700
2021-09-07,525.1000
2021-09-08,528.8400
2021-09-09,525.1000
2021-09-10,531.4200
2021-09-13,533.3800
2021-09-14,533.9200
2021-09-15,545.0100
2021-09-16,542.5800
2021-09-17,538.8500
2021-09-20,529.5500
2021-09-21,529.1000
2021-09-22,539.3100
2021-09-23,546.0100
2021-09-24,549.7200
2021-09-27,558.6900
2021-09-28,557.6100
2021-09-29,554.5100
2021-09-30,557.7100
2021-10-01,561.9100
2021-10-04,571.1600
2021-10-05,579.2800
2021-10-06,569.1600
2021-10-07,573.8600
2021-10-08,576.8800
2021-10-11,581.2300
2021-10-12,579.4900
2021-10-13,579.2000
2021-10-14,585.9200
2021-10-15,591.7300
2021-10-18,588.4100
2021-10-19,589.8800
2021-10-20,595.7800
2021-10-21,585.8300
2021-10-22,590.0600
2021-10-25,596.5200
2021-10-26,598.0700
2021-10-27,590.0000
2021-10-28,589.2000
2021-10-29,588.2100
2021-11-01,592.3800
2021-11-02,592.9500
2021-11-03,580.7200
2021-11-04,573.6200
2021-11-05,580.2600
2021-11-08,582.5600
2021-11-09,586.5500
2021-11-10,579.2100
2021-11-11,582.5700
2021-11-12,579.6200
2021-11-15,579.9400
2021-11-16,580.3600
2021-11-17,572.2800
2021-11-18,575.0300
2021-11-19,567.1300
2021-11-22,571.3500
2021-11-23,580.4700
2021-11-24,581.0100
2021-11-26,539.9300
2021-11-29,542.4800
2021-11-30,522.4400
2021-12-01,521.2900
2021-12-02,524.1900
2021-12-03,525.1500
2021-12-06,534.3100
2021-12-07,544.6100
2021-12-08,547.2700
2021-12-09,541.6100
2021-12-10,544.3300
2021-12-13,541.8200
2021-12-14,538.8600
2021-12-15,536.2900
2021-12-16,546.0700
2021-12-17,540.2900
2021-12-20,530.6800
2021-12-21,544.6400
2021-12-22,553.8600
2021-12-23,558.3500
2021-12-27,566.5300
2021-12-28,566.1800
2021-12-29,568.8000
2021-12-30,567.9700
2021-12-31,561.1800
2022-01-03,564.4800
2022-01-04,570.9800
2022-01-05,575.1500
2022-01-06,578.0400
2022-01-07,578.1100
2022-01-10,574.4200
2022-01-11,587.9900
2022-01-12,595.5500
2022-01-13,590.0700
2022-01-14,596.7600
2022-01-18,603.7200
2022-01-19,610.9800
2022-01-20,611.4200
2022-01-21,608.8800
2022-01-24,601.5800
2022-01-25,611.0400
2022-01-26,619.5500
2022-01-27,616.7400
2022-01-28,620.3500
2022-01-31,623.7800
2022-02-01,626.6900
2022-02-02,630.8900
2022-02-03,635.0300
2022-02-04,643.0100
2022-02-07,639.9300
2022-02-08,631.7000
2022-02-09,636.9800
2022-02-10,635.4600
2022-02-11,643.0800
2022-02-14,652.3800
2022-02-15,638.6500
2022-02-16,647.9800
2022-02-17,641.9200
2022-02-18,643.6000
2022-02-22,656.2200
2022-02-23,658.8500
2022-02-24,667.6000
2022-02-25,652.6200
2022-02-28,673.0500
2022-03-01,710.8000
2022-03-02,746.0700
2022-03-03,745.8500
2022-03-04,783.3200
2022-03-07,803.7500
2022-03-08,822.3000
2022-03-09,745.7300
2022-03-10,757.8800
2022-03-11,740.8400
2022-03-14,716.1000
2022-03-15,693.0100
2022-03-16,684.9300
2022-03-17,723.1500
2022-03-18,725.6100
2022-03-21,755.9500
2022-03-22,755.0000
2022-03-23,782.8500
2022-03-24,774.7600
2022-03-25,781.5900
2022-03-28,746.6300
2022-03-29,731.8100
2022-03-30,750.9200
2022-03-31,724.1900
2022-04-01,721.2100
2022-04-04,737.6600
2022-04-05,734.8300
2022-04-06,713.6100
2022-04-07,709.1100
2022-04-08,720.3600
2022-04-11,706.8100
2022-04-12,734.0200
2022-04-13,751.1500
2022-04-14,764.9000
2022-04-18,776.2800
2022-04-19,749.8800
2022-04-20,751.0500
2022-04-21,754.9700
2022-04-22,745.0000
2022-04-25,726.9400
2022-04-26,742.0300
2022-04-27,749.3500
2022-04-28,757.0500
2022-04-29,756.7500
2022-05-02,760.6100
2022-05-03,747.7300
2022-05-04,771.3700
2022-05-05,774.4600
2022-05-06,769.3700
2022-05-09,733.7300
2022-05-10,723.2400
2022-05-11,745.6600
2022-05-12,744.5300
2022-05-13,759.6800
2022-05-16,776.4000
2022-05-17,772.3800
2022-05-18,754.7300
2022-05-19,766.4400
2022-05-20,765.7600
2022-05-23,772.1700
2022-05-24,769.0200
2022-05-25,771.9000
2022-05-26,785.8100
2022-05-27,792.7500
2022-05-31,786.4500
2022-06-01,793.4800
2022-06-02,800.3400
2022-06-03,808.3000
2022-06-06,816.4400
2022-06-07,814.2700
2022-06-08,818.6300
2022-06-09,816.8100
2022-06-10,804.8000
2022-06-13,794.0700
2022-06-14,781.1700
2022-06-15,776.4700
2022-06-16,783.0700
2022-06-17,753.6100
2022-06-21,755.4400
2022-06-22,742.0100
2022-06-23,724.6300
2022-06-24,735.0300
2022-06-27,737.1600
2022-06-28,744.9100
2022-06-29,737.1600
2022-06-30,709.2300
2022-07-01,719.6700
2022-07-05,674.6900
2022-07-06,664.1500
2022-07-07,691.2000
2022-07-08,697.6900
2022-07-11,696.3100
2022-07-12,657.7500
2022-07-13,659.7100
2022-07-14,648.0900
2022-07-15,658.4700
2022-07-18,680.5300
2022-07-19,679.9400
2022-07-20,681.8900
2022-07-21,665.6500
2022-07-22,663.4500
2022-07-25,672.8000
2022-07-26,674.3700
2022-07-27,683.9900
2022-07-28,683.9200
2022-07-29,692.6400
2022-08-01,671.6900
2022-08-02,666.9800
2022-08-03,656.8400
2022-08-04,649.4700
2022-08-05,649.2700
2022-08-08,650.7200
2022-08-09,655.1600
2022-08-10,664.0100
2022-08-11,677.6100
2022-08-12,672.6900
2022-08-15,659.5300
2022-08-16,652.2000
2022-08-17,657.5500
2022-08-18,665.5500
2022-08-19,670.0900
2022-08-22,672.3300
2022-08-23,684.9300
2022-08-24,691.7400
2022-08-25,683.9400
2022-08-26,688.9600
2022-08-29,702.2300
2022-08-30,676.1000
2022-08-31,665.9300
2022-09-01,648.8200
2022-09-02,651.4500
2022-09-06,647.6600
2022-09-07,630.9700
2022-09-08,633.8000
2022-09-09,649.8900
2022-09-12,657.6600
2022-09-13,652.6100
2022-09-14,653.9300
2022-09-15,632.9400
2022-09-16,631.5800
2022-09-19,634.1600
2022-09-20,633.9400
2022-09-21,629.9700
2022-09-22,631.2900
2022-09-23,606.3200
2022-09-26,593.9200
2022-09-27,601.0100
2022-09-28,618.6300
2022-09-29,615.7900
2022-09-30,607.7600
2022-10-03,623.2300
2022-10-04,642.0300
2022-10-05,650.6100
2022-10-06,654.3000
2022-10-07,666.7300
2022-10-10,658.2600
2022-10-11,646.8900
2022-10-12,639.9300
2022-10-13,647.9000
2022-10-14,631.8900
2022-10-17,630.9200
2022-10-18,620.7800
2022-10-19,624.2200
2022-10-20,624.6000
2022-10-21,625.5800
2022-10-24,626.2900
2022-10-25,631.0200
2022-10-26,642.0400
2022-10-27,643.8300
2022-10-28,636.5300
2022-10-31,636.8400
2022-11-01,641.5300
2022-11-02,649.2700
2022-11-03,644.8400
2022-11-04,665.9500
2022-11-07,662.5000
2022-11-08,649.7100
2022-11-09,634.1100
2022-11-10,637.3600
2022-11-11,646.7300
2022-11-14,637.6200
2022-11-15,643.4700
2022-11-16,638.3100
2022-11-17,623.9400
2022-11-18,618.8500
2022-11-21,617.8400
2022-11-22,623.9800
2022-11-23,614.8800
2022-11-25,604.9100
2022-11-28,603.4100
2022-11-29,608.2900
2022-11-30,621.1100
2022-12-01,620.9200
2022-12-02,611.5200
2022-12-05,593.7600
2022-12-06,579.2300
2022-12-07,573.0500
2022-12-08,572.5000
2022-12-09,572.4400
2022-12-12,582.6400
2022-12-13,596.3900
2022-12-14,602.8700
2022-12-15,597.8000
2022-12-16,588.2100
2022-12-19,586.5200
2022-12-20,588.2200
2022-12-21,599.4200
2022-12-22,596.0200
2022-12-23,605.7900
2022-12-27,610.7100
2022-12-28,605.9000
2022-12-29,602.8400
2022-12-30,610.0700
2023-01-03,590.6300
2023-01-04,571.2400
2023-01-05,571.1300
2023-01-06,573.2900
2023-01-09,580.2400
2023-01-10,581.1300
2023-01-11,592.4900
2023-01-12,599.5600
2023-01-13,605.7900
2023-01-17,609.0600
2023-01-18,606.6900
2023-01-19,609.5800
2023-01-20,616.1600
2023-01-23,618.9400
2023-01-24,612.2200
2023-01-25,610.1200
2023-01-26,615.1900
2023-01-27,608.9000
2023-01-30,599.8700
2023-01-31,606.0600
2023-02-01,591.0000
2023-02-02,587.8900
2023-02-03,574.5000
2023-02-06,574.1900
2023-02-07,587.8600
2023-02-08,592.0800
2023-02-09,589.2300
2023-02-10,597.6000
2023-02-13,599.6800
2023-02-14,597.6000
2023-02-15,591.8100
2023-02-16,590.6200
2023-02-17,581.5100
2023-02-21,584.3100
2023-02-22,573.8200
2023-02-23,576.1800
2023-02-24,577.5800
2023-02-27,577.5200
2023-02-28,581.8700
2023-03-01,587.8700
2023-03-02,588.1200
2023-03-03,595.8500
2023-03-06,594.2400
2023-03-07,582.0100
2023-03-08,577.6600
2023-03-09,570.8600
2023-03-10,575.9200
2023-03-13,570.8000
2023-03-14,559.7900
2023-03-15,540.6600
2023-03-16,545.2600
2023-03-17,541.6200
2023-03-20,543.4500
2023-03-21,548.2800
2023-03-22,552.4600
2023-03-23,550.1600
2023-03-24,549.3800
2023-03-27,562.6200
2023-03-28,565.8300
2023-03-29,563.2200
2023-03-30,566.6500
2023-03-31,574.0200
2023-04-03,589.8500
2023-04-04,588.3500
2023-04-05,590.1500
2023-04-06,588.6900
2023-04-10,586.9200
2023-04-11,592.0300
2023-04-12,597.7300
2023-04-13,593.7200
2023-04-14,594.9000
2023-04-17,591.3900
2023-04-18,593.1600
2023-04-19,583.6600
2023-04-20,574.3000
2023-04-21,573.9000
2023-04-24,577.5800
2023-04-25,567.9600
2023-04-26,556.9400
2023-04-27,556.2600
2023-04-28,564.9700
2023-05-01,560.1100
2023-05-02,543.2700
2023-05-03,532.0700
2023-05-04,532.7700
2023-05-05,545.5900
2023-05-08,553.5200
2023-05-09,554.1700
2023-05-10,550.5200
2023-05-11,540.7000
2023-05-12,538.9100
2023-05-15,546.3800
2023-05-16,542.6700
2023-05-17,549.2700
2023-05-18,545.0000
2023-05-19,543.4200
2023-05-22,544.4400
2023-05-23,546.4700
2023-05-24,551.2500
2023-05-25,541.4300
2023-05-26,546.8600
2023-05-30,532.5700
2023-05-31,528.2200
2023-06-01,537.4100
2023-06-02,545.5800
2023-06-05,547.6900
2023-06-06,548.2000
2023-06-07,549.0100
2023-06-08,545.5100
2023-06-09,539.8100
2023-06-12,527.3900
2023-06-13,536.6400
2023-06-14,533.3500
2023-06-15,547.9700
2023-06-16,557.2200
2023-06-20,550.6100
2023-06-21,559.9200
2023-06-22,547.0400
2023-06-23,541.5600
2023-06-26,542.6400
2023-06-27,533.7100
2023-06-28,535.3800
2023-06-29,535.5500
2023-06-30,540.4600
2023-07-03,536.6600
2023-07-05,545.7600
2023-07-06,544.1400
2023-07-07,551.8400
2023-07-10,549.8900
2023-07-11,557.6800
2023-07-12,559.2200
2023-07-13,565.4200
2023-07-14,562.5200
2023-07-17,555.8300
2023-07-18,564.2000
2023-07-19,567.8200
2023-07-20,569.8900
2023-07-21,574.7200
2023-07-24,586.0500
2023-07-25,588.8700
2023-07-26,585.2200
2023-07-27,588.4100
2023-07-28,590.9400
2023-07-31,593.4000
2023-08-01,591.6800
2023-08-02,580.7100
2023-08-03,587.4000
2023-08-04,591.6900
2023-08-07,588.3200
2023-08-08,590.5000
2023-08-09,597.7000
2023-08-10,591.9000
2023-08-11,590.7500
2023-08-14,586.3400
2023-08-15,577.4600
2023-08-16,573.5600
2023-08-17,577.1800
2023-08-18,582.0400
2023-08-21,579.5100
2023-08-22,578.1300
2023-08-23,577.7500
2023-08-24,579.0900
2023-08-25,585.0200
2023-08-28,585.1200
2023-08-29,586.7300
2023-08-30,586.7700
2023-08-31,591.1800
2023-09-01,598.9800
2023-09-05,604.2100
2023-09-06,605.1000
2023-09-07,603.8800
2023-09-08,606.9900
2023-09-11,609.2800
2023-09-12,612.4000
2023-09-13,613.0100
2023-09-14,619.6300
2023-09-15,618.0500
2023-09-18,616.9200
2023-09-19,617.5200
2023-09-20,614.4700
2023-09-21,612.1000
2023-09-22,611.2400
2023-09-25,609.1900
2023-09-26,609.0500
2023-09-27,618.3000
2023-09-28,615.7200
2023-09-29,609.6700
2023-10-02,602.0100
2023-10-03,600.2800
2023-10-04,579.7300
2023-10-05,573.2700
2023-10-06,575.7100
2023-10-09,587.6400
2023-10-10,585.0900
2023-10-11,577.2100
2023-10-12,577.9800
2023-10-13,595.8500
2023-10-16,591.3300
2023-10-17,591.4000
2023-10-18,598.9800
2023-10-19,602.4100
2023-10-20,600.8000
2023-10-23,590.7700
2023-10-24,583.4600
2023-10-25,589.0100
2023-10-26,582.7800
2023-10-27,591.4100
2023-10-30,579.5100
2023-10-31,576.9700
2023-11-01,575.2900
2023-11-02,584.1800
2023-11-03,577.8900
2023-11-06,578.6700
2023-11-07,562.5800
2023-11-08,555.7600
2023-11-09,554.8000
2023-11-10,558.0500
2023-11-13,566.9700
2023-11-14,567.5600
2023-11-15,563.5200
2023-11-16,547.6100
2023-11-17,556.7500
2023-11-20,565.0000
2023-11-21,566.3500
2023-11-22,561.7100
2023-11-24,554.5400
2023-11-27,549.7400
2023-11-28,558.4800
2023-11-29,563.3800
2023-11-30,555.7700
2023-12-01,548.7100
2023-12-04,543.0500
2023-12-05,539.9000
2023-12-06,525.0500
2023-12-07,525.1400
2023-12-08,531.9000
2023-12-11,530.4000
2023-12-12,520.2600
2023-12-13,522.7100
2023-12-14,535.4800
2023-12-15,537.5600
2023-12-18,541.5500
2023-12-19,546.2700
2023-12-20,545.8200
2023-12-21,543.7900
2023-12-22,543.7300
2023-12-26,551.1500
2023-12-27,547.0600
2023-12-28,538.9000
2023-12-29,535.6400
2024-01-02,530.4900
2024-01-03,539.1600
2024-01-04,536.9900
2024-01-05,541.7600
2024-01-08,530.1900
2024-01-09,538.1900
2024-01-10,533.7300
2024-01-11,537.0700
2024-01-12,538.3300
2024-01-16,537.0100
2024-01-17,534.3100
2024-01-18,540.6400
2024-01-19,538.8300
2024-01-22,543.8600
2024-01-23,545.4300
2024-01-24,549.8600
2024-01-25,558.6500
2024-01-26,561.4500
2024-01-29,556.1800
2024-01-30,561.2300
2024-01-31,555.0700
2024-02-01,547.5700
2024-02-02,540.0100
2024-02-05,541.2900
2024-02-06,544.6900
2024-02-07,547.7500
2024-02-08,556.1000
2024-02-09,558.9900
2024-02-12,558.0700
2024-02-13,559.3000
2024-02-14,552.7000
2024-02-15,556.0900
2024-02-16,558.9500
2024-02-20,553.8700
2024-02-21,557.3300
2024-02-22,559.2900
2024-02-23,550.9400
2024-02-26,555.9200
2024-02-27,561.2400
2024-02-28,557.7400
2024-02-29,557.9300
2024-03-01,564.6600
2024-03-04,561.2300
2024-03-05,557.5300
2024-03-06,562.0200
2024-03-07,563.5600
2024-03-08,559.4600
2024-03-11,561.7600
2024-03-12,561.3200
2024-03-13,570.2900
2024-03-14,573.8500
2024-03-15,575.3400
2024-03-18,582.4000
2024-03-19,582.9100
2024-03-20,577.1500
2024-03-21,576.9500
2024-03-22,574.4400
2024-03-25,579.7600
2024-03-26,575.5700
2024-03-27,573.8900
2024-03-28,582.4800
2024-04-01,583.8800
2024-04-02,590.5700
2024-04-03,595.0300
2024-04-04,599.1800
2024-04-05,601.9100
2024-04-08,599.1700
2024-04-09,595.7000
2024-04-10,598.0900
2024-04-11,594.1300
2024-04-12,598.3200
2024-04-15,596.9500
2024-04-16,596.8100
2024-04-17,587.1500
2024-04-18,586.4600
2024-04-19,590.2700
2024-04-22,589.9600
2024-04-23,593.8200
2024-04-24,592.1600
2024-04-25,594.6000
2024-04-26,595.9400
2024-04-29,592.5600
2024-04-30,586.1700
2024-05-01,572.6700
2024-05-02,573.1700
2024-05-03,573.1900
2024-05-06,576.9500
2024-05-07,577.7400
2024-05-08,577.2900
2024-05-09,578.9500
2024-05-10,577.1500
2024-05-13,579.5000
2024-05-14,575.5200
2024-05-15,578.8700
2024-05-16,581.5700
2024-05-17,587.4800
2024-05-20,591.0500
2024-05-21,588.9400
2024-05-22,583.1900
2024-05-23,579.8900
2024-05-24,581.6900
2024-05-28,592.4400
2024-05-29,587.5300
2024-05-30,578.3100
2024-05-31,573.2800
2024-06-03,563.8200
2024-06-04,557.9000
2024-06-05,560.0100
2024-06-06,569.1200
2024-06-07,564.4200
2024-06-10,571.7000
2024-06-11,573.0000
2024-06-12,576.4800
2024-06-13,577.0300
2024-06-14,575.0900
2024-06-17,577.3500
2024-06-18,582.3300
2024-06-20,583.0200
2024-06-21,579.0600
2024-06-24,582.2100
2024-06-25,577.3700
2024-06-26,577.6700
2024-06-27,580.4900
2024-06-28,578.3900
2024-07-01,584.5500
2024-07-02,584.4500
2024-07-03,588.7200
2024-07-05,587.1000
2024-07-08,579.8300
2024-07-09,573.7800
2024-07-10,573.0200
2024-07-11,574.3300
2024-07-12,572.3900
2024-07-15,568.8100
2024-07-16,564.2100
2024-07-17,568.4600
2024-07-18,566.7200
2024-07-19,555.8500
2024-07-22,556.8900
2024-07-23,551.4100
2024-07-24,553.9200
2024-07-25,554.9900
2024-07-26,549.2800
2024-07-29,543.1400
2024-07-30,539.1100
2024-07-31,551.4400
2024-08-01,544.3700
2024-08-02,533.0600
2024-08-05,529.3500
2024-08-06,530.7600
2024-08-07,537.3700
2024-08-08,539.4000
2024-08-09,542.0800
2024-08-12,551.8300
2024-08-13,544.4100
2024-08-14,541.8500
2024-08-15,546.5100
2024-08-16,540.0800
2024-08-19,536.7500
2024-08-20,534.3300
2024-08-21,530.5100
2024-08-22,532.1400
2024-08-23,540.4600
2024-08-26,549.3000
2024-08-27,544.5400
2024-08-28,538.1500
2024-08-29,544.0800
2024-08-30,536.7500
2024-09-03,524.7900
2024-09-04,520.2000
2024-09-05,520.1500
2024-09-06,511.0600
2024-09-09,514.8200
2024-09-10,504.2200
2024-09-11,510.8000
2024-09-12,518.9700
2024-09-13,519.1000
2024-09-16,523.5800
2024-09-17,527.6400
2024-09-18,528.5800
2024-09-19,533.9900
2024-09-20,533.4100
2024-09-23,534.3600
2024-09-24,541.1400
2024-09-25,536.8000
2024-09-26,531.1900
2024-09-27,532.9300
2024-09-30,532.8800
2024-10-01,540.8700
2024-10-02,543.5100
2024-10-03,555.5400
2024-10-04,557.3700
2024-10-07,566.6500
2024-10-08,550.8100
2024-10-09,547.7700
2024-10-10,559.2500
2024-10-11,559.6400
2024-10-14,550.4000
2024-10-15,536.7600
2024-10-16,536.0600
2024-10-17,537.0200
2024-10-18,531.9900
2024-10-21,536.4900
2024-10-22,545.3700
2024-10-23,542.0000
2024-10-24,540.4500
2024-10-25,546.3200
2024-10-28,527.5000
2024-10-29,527.5100
2024-10-30,533.3900
2024-10-31,534.2000
2024-11-01,534.8000
2024-11-04,543.0400
2024-11-05,545.5000
2024-11-06,541.4800
2024-11-07,547.2200
2024-11-08,538.4200
2024-11-11,530.4200
2024-11-12,530.5000
2024-11-13,531.4800
2024-11-14,530.3400
2024-11-15,527.1900
2024-11-18,538.0500
2024-11-19,539.2600
2024-11-20,539.2700
2024-11-21,543.8400
2024-11-22,547.1900
2024-11-25,538.5900
2024-11-26,538.9900
2024-11-27,536.7900
2024-11-29,535.7100
2024-12-02,533.2800
2024-12-03,540.0200
2024-12-04,535.1700
2024-12-05,534.6200
2024-12-06,531.4800
2024-12-09,537.2300
2024-12-10,538.8600
2024-12-11,545.3600
2024-12-12,543.1700
2024-12-13,546.3000
2024-12-16,543.1500
2024-12-17,538.7600
2024-12-18,539.9400
2024-12-19,535.8800
2024-12-20,539.0700
2024-12-23,537.3300
2024-12-24,541.7500
2024-12-26,540.0000
2024-12-27,543.1500
2024-12-30,547.9100
2024-12-31,549.6400
2025-01-02,555.6300
2025-01-03,553.6400
2025-01-06,555.8200
2025-01-07,557.3400
2025-01-08,552.8800
2025-01-10,570.9700
2025-01-13,576.1300
2025-01-14,571.9000
2025-01-15,581.7700
2025-01-16,579.3300
2025-01-17,577.9600
2025-01-21,572.9900
2025-01-22,572.2700
2025-01-23,570.2600
2025-01-24,571.1400
2025-01-27,562.4900
2025-01-28,564.3400
2025-01-29,564.3800
2025-01-30,564.3800
2025-01-31,561.9200
2025-02-03,566.9400
2025-02-04,567.5700
2025-02-05,562.8700
2025-02-06,561.9700
2025-02-07,563.2300
2025-02-10,570.4400
2025-02-11,574.4000
2025-02-12,569.1600
2025-02-13,569.8900
2025-02-14,569.4300
2025-02-18,575.9600
2025-02-19,577.2600
2025-02-20,578.5600
2025-02-21,569.4000
2025-02-24,567.1200
2025-02-25,559.9500
2025-02-26,557.0900
2025-02-27,560.2800
2025-02-28,553.5800
2025-03-03,549.8300
2025-03-04,549.6300
2025-03-05,546.4600
2025-03-06,547.5300
2025-03-07,551.3100
2025-03-10,548.3700
2025-03-11,549.7500
2025-03-12,553.0800
2025-03-13,550.6400
2025-03-14,551.6900
2025-03-17,555.8900
2025-03-18,554.1200
2025-03-19,556.9000
2025-03-20,559.7700
2025-03-21,558.2200
2025-03-24,560.0200
2025-03-25,560.0800
2025-03-26,561.2900
2025-03-27,562.2700
2025-03-28,560.5100
2025-03-31,568.0800
2025-04-01,568.4200
2025-04-02,571.5200
2025-04-03,550.0000
2025-04-04,522.7000
2025-04-07,514.5700
2025-04-08,509.1200
2025-04-09,521.5700
2025-04-10,517.0400
2025-04-11,525.1600
2025-04-14,525.1500
2025-04-15,524.0900
2025-04-16,531.0200
2025-04-17,538.5300
2025-04-21,531.9700
2025-04-22,538.1800
2025-04-23,532.8100
2025-04-24,536.4900
2025-04-25,537.2100
2025-04-28,535.3500
2025-04-29,528.5800
2025-04-30,518.1500
2025-05-01,520.2800
2025-05-02,520.1800
2025-05-05,516.1200
2025-05-06,524.8800
2025-05-07,519.5200
2025-05-08,525.6700
2025-05-09,531.5300
2025-05-12,534.3900
2025-05-13,541.9700
2025-05-14,538.8900
2025-05-15,532.6300
2025-05-16,533.1000
2025-05-19,533.0300
2025-05-20,536.2500
2025-05-21,536.1800
2025-05-22,533.0100
2025-05-23,535.0000
2025-05-27,530.9700
2025-05-28,531.2800
2025-05-29,527.5900
2025-05-30,524.6700
2025-06-02,534.5600
2025-06-03,538.2900
2025-06-04,536.7100
2025-06-05,540.4800
2025-06-06,545.0100
2025-06-09,546.0600
2025-06-10,543.5600
2025-06-11,552.0100
2025-06-12,550.8500
2025-06-13,568.4100
2025-06-16,567.4200
2025-06-17,578.6600
2025-06-18,581.3500
2025-06-20,581.0000
2025-06-23,562.6900
2025-06-24,541.9900
2025-06-25,542.2300
2025-06-26,544.4300
2025-06-27,545.7100
2025-06-30,543.1400
2025-07-01,544.1900
2025-07-02,554.4800
2025-07-03,552.5600
2025-07-07,553.4600
2025-07-08,554.2100
2025-07-09,551.9000
2025-07-10,546.0400
2025-07-11,551.3900
2025-07-14,545.7600
2025-07-15,544.7300
2025-07-16,545.0300
2025-07-17,549.2200
2025-07-18,551.6200
2025-07-21,551.1900
2025-07-22,548.6300
2025-07-23,547.6800
2025-07-24,548.7200
2025-07-25,545.0700
2025-07-28,549.4700
2025-07-29,557.1200
2025-07-30,558.2200
2025-07-31,553.9900
2025-08-01,545.5800
2025-08-04,542.8700
2025-08-05,539.5500
2025-08-06,539.1800
2025-08-07,538.8300
2025-08-08,538.0100
2025-08-11,537.5500
2025-08-12,535.1000
2025-08-13,533.2800
2025-08-14,534.8600
2025-08-15,534.2200
2025-08-18,535.8700
2025-08-19,532.5300
2025-08-20,537.9400
2025-08-21,542.6700
2025-08-22,545.1000
2025-08-25,548.6300
2025-08-26,543.1300
2025-08-27,546.2100
2025-08-28,548.7200
2025-08-29,549.7100
2025-09-02,557.5500
2025-09-03,552.5400
2025-09-04,548.9000
2025-09-05,543.2900
2025-09-08,546.4700
2025-09-09,546.7100
2025-09-10,549.8800
2025-09-11,545.8600
2025-09-12,548.3500
2025-09-15,553.6700
2025-09-16,558.5100
2025-09-17,553.0300
2025-09-18,549.6200
2025-09-19,545.9400
2025-09-22,545.9700
2025-09-23,551.4700
2025-09-24,556.8800
2025-09-25,558.1200
2025-09-26,561.4400
2025-09-29,554.5000
2025-09-30,549.9800
2025-10-01,549.3400
2025-10-02,543.8500
2025-10-03,546.2600
2025-10-06,550.7500
2025-10-07,552.3500
2025-10-08,556.1400
2025-10-09,551.9100
2025-10-10,539.9600
2025-10-13,546.4800
2025-10-14,542.5900
2025-10-15,541.8900
2025-10-16,541.6900
2025-10-17,539.8500
2025-10-20,544.5800
2025-10-21,541.8800
2025-10-22,545.8000
2025-10-23,561.4600
2025-10-24,559.1400
2025-10-27,556.7000
2025-10-28,550.7100
2025-10-29,554.7500
2025-10-30,554.7300
2025-10-31,557.0000
2025-11-03,561.0500
2025-11-04,557.1000
2025-11-05,553.7700
2025-11-06,552.1700
2025-11-07,553.6100
2025-11-10,560.6900
2025-11-11,566.7800
2025-11-12,558.5600
2025-11-13,557.6200
2025-11-14,559.2800
2025-11-17,558.5500
2025-11-18,562.0300
2025-11-19,555.5300
2025-11-20,551.2600
2025-11-21,546.4000
2025-11-24,546.9700
2025-11-25,543.3800
2025-11-26,549.6400
2025-11-28,555.1700
2025-12-01,558.4500
2025-12-02,555.2800
2025-12-03,557.4300
2025-12-04,560.9600
2025-12-05,564.7300
2025-12-08,555.5600
2025-12-09,550.5600
2025-12-10,551.6100
2025-12-11,550.2700
2025-12-12,545.5100
2025-12-15,542.4600
2025-12-16,534.8700
2025-12-17,539.3400
2025-12-18,538.9100
2025-12-19,542.2000
2025-12-22,549.5300
2025-12-23,554.4800
2025-12-24,554.5000
2025-12-26,550.4000
2025-12-29,551.3100
2025-12-30,554.2800
2025-12-31,548.5200
2026-01-02,547.9900
2026-01-05,557.5900
2026-01-06,555.5100
2026-01-07,550.4800
2026-01-08,555.3900
2026-01-09,559.8200
2026-01-12,563.6600
2026-01-13,570.2200
2026-01-14,573.5500
2026-01-15,563.7600
2026-01-16,562.9200
2026-01-20,571.3500
2026-01-21,576.4700
2026-01-22,573.8400
2026-01-23,584.1200
2026-01-26,588.0100
2026-01-27,592.5300
2026-01-28,599.8100
2026-01-29,610.1300
2026-01-30,598.1900
2026-02-02,575.2400
2026-02-03,587.2000
2026-02-04,593.7000
2026-02-05,584.7600
2026-02-06,585.6500
2026-02-09,591.6100
2026-02-10,587.9100
2026-02-11,593.4400
2026-02-12,583.0900
2026-02-13,583.8500
2026-02-17,577.7900
2026-02-18,592.6700
2026-02-19,598.9100
2026-02-20,602.3200
2026-02-23,603.0700
2026-02-24,601.3200
2026-02-25,604.5600
2026-02-26,603.2300
2026-02-27,610.9000
2026-03-02,632.2700
2026-03-03,647.7300
2026-03-04,649.9600
2026-03-05,672.4500
2026-03-06,700.6300
2026-03-09,710.4700
2026-03-10,675.0200
2026-03-11,690.9100
2026-03-12,718.0500
2026-03-13,722.8600
2026-03-16,708.6400
2026-03-17,721.0600
2026-03-18,728.9800
2026-03-19,727.5900
2026-03-20,736.1500
2026-03-23,694.0300
2026-03-24,711.3400
2026-03-25,701.3300
2026-03-26,720.1200
2026-03-27,739.2300
2026-03-30,749.1500
2026-03-31,745.1800
2026-04-01,738.6600
2026-04-02,771.8300
2026-04-06,776.5800
2026-04-07,777.0900
2026-04-08,708.6300
2026-04-09,714.2600
2026-04-10,704.6700
2026-04-13,715.5300
2026-04-14,698.1300
2026-04-15,700.5600
2026-04-16,710.7000
2026-04-17,679.1000
2026-04-20,695.3400
2026-04-21,705.1500
2026-04-22,720.8500
2026-04-23,731.1200
2026-04-24,728.6600
2026-04-27,738.1900
2026-04-28,746.6800
2026-04-29,770.6800
2026-04-30,768.4300
2026-05-01,760.3500
2026-05-04,777.8100
2026-05-05,765.1400
2026-05-06,735.1000
2026-05-07,727.7000
2026-05-08,732.2100
2026-05-11,744.5000
2026-05-12,756.9000
2026-05-13,749.7500
2026-05-14,743.1700
2026-05-15,751.1600
2026-05-18,765.3500
2026-05-19,763.1500
2026-05-20,741.2000
2026-05-21,731.7800
2026-05-22,731.6800
2026-05-26,716.7800
2026-05-27,699.0000
2026-05-28,702.9000
2026-05-29,694.5700
2026-06-01,711.6900
2026-06-02,716.1800
2026-06-03,721.2100
2026-06-04,709.5400
2026-06-05,693.8200
2026-06-08,695.3700
2026-06-09,682.1300
2026-06-10,685.3900
2026-06-11,676.6700
2026-06-12,667.1900
2026-06-15,653.9400
2026-06-16,642.6400
2026-06-17,647.1300
2026-06-18,642.2000
2026-06-22,635.2500
2026-06-23,629.1900
2026-06-24,616.1900
2026-06-25,626.9600
2026-06-26,616.2700
2026-06-29,618.9700
2026-06-30,619.4500
2026-07-01,617.4400
2026-07-02,617.1200
2026-07-06,626.7700
2026-07-07,631.4300
2026-07-08,646.6800
2026-07-09,639.7700
2026-07-10,635.0500
2026-07-13,657.1600
2026-07-14,661.9600
2026-07-15,664.4800
2026-07-16,661.6300
2026-07-17,673.9400
2026-07-20,678.7200
2026-07-21,687.0900
2026-07-22,696.5700
2026-07-23,712.9900
2026-07-24,700.8900
2026-07-27,677.9000
2026-07-28,666.8700
2026-07-29,687.0000
2026-07-30,683.7400
2026-07-31,686.1500
2026-08-03,668.7300
2026-08-04,652.4600
2026-08-05,655.0800
2026-08-06,662.2300
2026-08-07,668.5900
2026-08-10,687.9000
2026-08-11,689.1300
2026-08-12,691.4600
2026-08-13,681.1536
