date,close
2002-07-30,35.8357
2002-07-31,36.2797
2002-08-01,36.4863
2002-08-02,36.8599
2002-08-05,37.0226
2002-08-06,36.7061
2002-08-07,36.7940
2002-08-08,36.7940
2002-08-09,37.3127
2002-08-12,37.5413
2002-08-13,38.0029
2002-08-14,38.1479
2002-08-15,37.8138
2002-08-16,37.3918
2002-08-19,37.5061
2002-08-20,37.9238
2002-08-21,37.7215
2002-08-22,37.3918
2002-08-23,37.7611
2002-08-26,37.7963
2002-08-27,37.5589
2002-08-28,37.7479
2002-08-29,38.0512
2002-08-30,38.2798
2002-09-03,38.8683
2002-09-04,38.8595
2002-09-05,39.0714
2002-09-06,38.6122
2002-09-09,38.5549
2002-09-10,38.7403
2002-09-11,38.5372
2002-09-12,38.8374
2002-09-13,39.1950
2002-09-16,39.2612
2002-09-17,39.3363
2002-09-18,39.3451
2002-09-19,39.6100
2002-09-20,39.4246
2002-09-23,39.7778
2002-09-24,40.0338
2002-09-25,39.5482
2002-09-26,39.4555
2002-09-27,39.7513
2002-09-30,39.9102
2002-10-01,39.4152
2002-10-02,39.6412
2002-10-03,39.5437
2002-10-04,39.6678
2002-10-07,39.7343
2002-10-08,39.7476
2002-10-09,39.9514
2002-10-10,39.6368
2002-10-11,39.1671
2002-10-14,39.1094
2002-10-15,38.1832
2002-10-16,38.2009
2002-10-17,37.7356
2002-10-18,37.8331
2002-10-21,37.4653
2002-10-22,37.3589
2002-10-23,37.3722
2002-10-24,37.7002
2002-10-25,37.8375
2002-10-28,37.7844
2002-10-29,38.2762
2002-10-30,38.2630
2002-10-31,38.4358
2002-11-01,38.2751
2002-11-04,38.1059
2002-11-05,37.9590
2002-11-06,38.1104
2002-11-07,39.0542
2002-11-08,39.3702
2002-11-11,39.5839
2002-11-12,39.3569
2002-11-13,39.4414
2002-11-14,38.6223
2002-11-15,38.7781
2002-11-18,38.9518
2002-11-19,39.0942
2002-11-20,38.7114
2002-11-21,38.3374
2002-11-22,38.3018
2002-11-25,38.2306
2002-11-26,38.7114
2002-11-27,37.8388
2002-11-29,38.0837
2002-12-02,38.1190
2002-12-03,38.1727
2002-12-04,38.3694
2002-12-05,38.4678
2002-12-06,38.5349
2002-12-09,38.7495
2002-12-10,38.8524
2002-12-11,39.1118
2002-12-12,39.0760
2002-12-13,38.6959
2002-12-16,38.4052
2002-12-17,38.4052
2002-12-18,38.7048
2002-12-19,39.0492
2002-12-20,39.0760
2002-12-23,39.0849
2002-12-24,39.3041
2002-12-26,39.3801
2002-12-27,39.8139
2002-12-30,39.9078
2002-12-31,39.8071
2003-01-02,38.7779
2003-01-03,38.8678
2003-01-06,38.7644
2003-01-07,38.9038
2003-01-08,39.0970
2003-01-09,38.3464
2003-01-10,38.4453
2003-01-13,38.5082
2003-01-14,38.6431
2003-01-15,38.8318
2003-01-16,38.8858
2003-01-17,39.0790
2003-01-21,39.3037
2003-01-22,39.4970
2003-01-23,39.3037
2003-01-24,39.5375
2003-01-27,39.3936
2003-01-28,39.3936
2003-01-29,39.1779
2003-01-30,39.4701
2003-01-31,39.5779
2003-02-03,39.6356
2003-02-04,39.8115
2003-02-05,39.4688
2003-02-06,39.7890
2003-02-07,39.8792
2003-02-10,39.5995
2003-02-11,39.5905
2003-02-12,39.7303
2003-02-13,39.9469
2003-02-14,39.6041
2003-02-18,39.6537
2003-02-19,39.9243
2003-02-20,40.0596
2003-02-21,39.8251
2003-02-24,40.0145
2003-02-25,40.1994
2003-02-26,40.4791
2003-02-27,40.5467
2003-02-28,40.8038
2003-03-03,40.8536
2003-03-04,40.8808
2003-03-05,41.0166
2003-03-06,40.8581
2003-03-07,40.9984
2003-03-10,41.2112
2003-03-11,41.1388
2003-03-12,41.2882
2003-03-13,40.5276
2003-03-14,40.7269
2003-03-17,40.2379
2003-03-18,39.8576
2003-03-19,39.5633
2003-03-20,39.5000
2003-03-21,38.9567
2003-03-24,39.5724
2003-03-25,39.5271
2003-03-26,39.6086
2003-03-27,39.6358
2003-03-28,39.7263
2003-03-31,40.2469
2003-04-01,40.1324
2003-04-02,39.7141
2003-04-03,39.6913
2003-04-04,39.5777
2003-04-07,39.4868
2003-04-08,39.8050
2003-04-09,39.9232
2003-04-10,39.7368
2003-04-11,39.6732
2003-04-14,39.5640
2003-04-15,39.7777
2003-04-16,39.9414
2003-04-17,40.0050
2003-04-21,39.9186
2003-04-22,39.8959
2003-04-23,39.9778
2003-04-24,40.3369
2003-04-25,40.4279
2003-04-28,40.3642
2003-04-29,40.2960
2003-04-30,40.6689
2003-05-01,40.6885
2003-05-02,40.3686
2003-05-05,40.5834
2003-05-06,40.7845
2003-05-07,41.2598
2003-05-08,41.3604
2003-05-09,41.4015
2003-05-12,41.6620
2003-05-13,41.7535
2003-05-14,42.3934
2003-05-15,42.5259
2003-05-16,42.8367
2003-05-19,42.6905
2003-05-20,43.3212
2003-05-21,43.3166
2003-05-22,43.7006
2003-05-23,43.8103
2003-05-27,43.0196
2003-05-28,42.9465
2003-05-29,43.3212
2003-05-30,43.2390
2003-06-02,42.9214
2003-06-03,43.2656
2003-06-04,43.3941
2003-06-05,43.0545
2003-06-06,43.2105
2003-06-09,43.4997
2003-06-10,44.0183
2003-06-11,43.9633
2003-06-12,44.3075
2003-06-13,44.6059
2003-06-16,44.1836
2003-06-17,43.8348
2003-06-18,43.2748
2003-06-19,43.1922
2003-06-20,43.0315
2003-06-23,43.2885
2003-06-24,43.6879
2003-06-25,42.9902
2003-06-26,42.4118
2003-06-27,42.2604
2003-06-30,42.4577
2003-07-01,42.2472
2003-07-02,42.3532
2003-07-03,41.7450
2003-07-07,41.4777
2003-07-08,41.5146
2003-07-09,41.6482
2003-07-10,41.6343
2003-07-11,41.8325
2003-07-14,41.3533
2003-07-15,40.3857
2003-07-16,40.6160
2003-07-17,40.4917
2003-07-18,40.4087
2003-07-21,39.5517
2003-07-22,39.7452
2003-07-23,39.8789
2003-07-24,39.5287
2003-07-25,39.4227
2003-07-28,38.8928
2003-07-29,38.3630
2003-07-30,38.7961
2003-07-31,38.2201
2003-08-01,38.1914
2003-08-04,38.5200
2003-08-05,37.9692
2003-08-06,38.7191
2003-08-07,38.8811
2003-08-08,38.7237
2003-08-11,38.5293
2003-08-12,38.3488
2003-08-13,37.6082
2003-08-14,37.9785
2003-08-15,37.9554
2003-08-18,38.1312
2003-08-19,38.7191
2003-08-20,38.5108
2003-08-21,38.4182
2003-08-22,38.5895
2003-08-25,38.2886
2003-08-26,38.5895
2003-08-27,38.4136
2003-08-28,38.8117
2003-08-29,38.7191
2003-09-02,38.1528
2003-09-03,38.2132
2003-09-04,38.4271
2003-09-05,39.0873
2003-09-08,38.6828
2003-09-09,38.9618
2003-09-10,39.3570
2003-09-11,39.1013
2003-09-12,39.3709
2003-09-15,39.3105
2003-09-16,39.2500
2003-09-17,39.7383
2003-09-18,39.7661
2003-09-19,39.8126
2003-09-22,39.4965
2003-09-23,39.7661
2003-09-24,40.1102
2003-09-25,40.3101
2003-09-26,40.6728
2003-09-29,40.3473
2003-09-30,41.0168
2003-10-01,40.8613
2003-10-02,40.6746
2003-10-03,39.8202
2003-10-06,39.9930
2003-10-07,39.5308
2003-10-08,39.5214
2003-10-09,39.2413
2003-10-10,39.4747
2003-10-13,39.3207
2003-10-14,39.0498
2003-10-15,38.8584
2003-10-16,38.7043
2003-10-17,39.0032
2003-10-20,39.1339
2003-10-21,39.2786
2003-10-22,39.6615
2003-10-23,39.3720
2003-10-24,39.8109
2003-10-27,39.7315
2003-10-28,39.9416
2003-10-29,39.5821
2003-10-30,39.4047
2003-10-31,39.7735
2003-11-03,39.5851
2003-11-04,39.8101
2003-11-05,39.5382
2003-11-06,39.1678
2003-11-07,39.1444
2003-11-10,39.1116
2003-11-11,39.1163
2003-11-12,39.4022
2003-11-13,40.0116
2003-11-14,40.2789
2003-11-17,40.3398
2003-11-18,40.5883
2003-11-19,40.1383
2003-11-20,40.5273
2003-11-21,40.5508
2003-11-24,40.2179
2003-11-25,40.4383
2003-11-26,40.2742
2003-11-28,39.9085
2003-12-01,39.6862
2003-12-02,39.8558
2003-12-03,39.6956
2003-12-04,39.7851
2003-12-05,40.4211
2003-12-08,40.1384
2003-12-09,39.8558
2003-12-10,39.9217
2003-12-11,40.2091
2003-12-12,40.2845
2003-12-15,40.2609
2003-12-16,40.3928
2003-12-17,40.6660
2003-12-18,41.0335
2003-12-19,41.0194
2003-12-22,40.9063
2003-12-23,40.4446
2003-12-24,40.8263
2003-12-26,40.9770
2003-12-29,40.6095
2003-12-30,40.4446
2003-12-31,40.4446
2004-01-02,39.9666
2004-01-05,39.8625
2004-01-06,40.3026
2004-01-07,40.4636
2004-01-08,40.4494
2004-01-09,41.1546
2004-01-12,41.1215
2004-01-13,41.4007
2004-01-14,41.6042
2004-01-15,41.7605
2004-01-16,41.4670
2004-01-20,41.4575
2004-01-21,41.5570
2004-01-22,41.8599
2004-01-23,41.3582
2004-01-26,41.1073
2004-01-27,41.3629
2004-01-28,40.9984
2004-01-29,40.9133
2004-01-30,41.1972
2004-02-02,41.1107
2004-02-03,41.3198
2004-02-04,41.2390
2004-02-05,41.0775
2004-02-06,41.5290
2004-02-09,41.6525
2004-02-10,41.4196
2004-02-11,41.7286
2004-02-12,41.5527
2004-02-13,41.7286
2004-02-17,41.7001
2004-02-18,41.7571
2004-02-19,41.7998
2004-02-20,41.5099
2004-02-23,41.7666
2004-02-24,41.8426
2004-02-25,41.9091
2004-02-26,41.7761
2004-02-27,42.1373
2004-03-01,42.1211
2004-03-02,41.8538
2004-03-03,41.7775
2004-03-04,41.9636
2004-03-05,42.7748
2004-03-08,43.0277
2004-03-09,43.3140
2004-03-10,43.2854
2004-03-11,43.3474
2004-03-12,43.0802
2004-03-15,43.1518
2004-03-16,43.5097
2004-03-17,43.4381
2004-03-18,43.2090
2004-03-19,43.1518
2004-03-22,43.4142
2004-03-23,43.4906
2004-03-24,43.4667
2004-03-25,43.2997
2004-03-26,42.8416
2004-03-29,42.5553
2004-03-30,42.5267
2004-03-31,42.7319
2004-04-01,42.5920
2004-04-02,41.5381
2004-04-05,41.2123
2004-04-06,41.4375
2004-04-07,41.3417
2004-04-08,41.2219
2004-04-12,41.0734
2004-04-13,40.6279
2004-04-14,40.5944
2004-04-15,40.3548
2004-04-16,40.5081
2004-04-19,40.4219
2004-04-20,40.0531
2004-04-21,40.2495
2004-04-22,40.4890
2004-04-23,40.2590
2004-04-26,40.3261
2004-04-27,40.4794
2004-04-28,40.1010
2004-04-29,39.9045
2004-04-30,40.0674
2004-05-03,40.1179
2004-05-04,39.8438
2004-05-05,39.7332
2004-05-06,39.6274
2004-05-07,39.1080
2004-05-10,39.0166
2004-05-11,39.1946
2004-05-12,38.9349
2004-05-13,38.7858
2004-05-14,39.1032
2004-05-17,39.4494
2004-05-18,39.2955
2004-05-19,39.1657
2004-05-20,39.4687
2004-05-21,39.3100
2004-05-24,39.4350
2004-05-25,39.5504
2004-05-26,39.7621
2004-05-27,40.0746
2004-05-28,39.9640
2004-06-01,39.5981
2004-06-02,39.4967
2004-06-03,39.5787
2004-06-04,39.3470
2004-06-07,39.3567
2004-06-08,39.4291
2004-06-09,39.2601
2004-06-10,39.3374
2004-06-14,39.0235
2004-06-15,39.8491
2004-06-16,39.6946
2004-06-17,39.9553
2004-06-18,39.8685
2004-06-21,39.8974
2004-06-22,39.7767
2004-06-23,39.8540
2004-06-24,40.0953
2004-06-25,40.1340
2004-06-28,39.7236
2004-06-29,39.9746
2004-06-30,40.3850
2004-07-01,40.4607
2004-07-02,40.8872
2004-07-06,40.8193
2004-07-07,40.8339
2004-07-08,40.8581
2004-07-09,40.9017
2004-07-12,40.9599
2004-07-13,40.8387
2004-07-14,40.8533
2004-07-15,40.8969
2004-07-16,41.4398
2004-07-19,41.4689
2004-07-20,41.0956
2004-07-21,40.9841
2004-07-22,41.0423
2004-07-23,41.1781
2004-07-26,40.9841
2004-07-27,40.4315
2004-07-28,40.4364
2004-07-29,40.5285
2004-07-30,41.0035
2004-08-02,41.0571
2004-08-03,41.2225
2004-08-04,41.2420
2004-08-05,41.3588
2004-08-06,42.0546
2004-08-09,41.9087
2004-08-10,41.7578
2004-08-11,41.9379
2004-08-12,42.0254
2004-08-13,42.1617
2004-08-16,42.0157
2004-08-17,42.2542
2004-08-18,42.0498
2004-08-19,42.1520
2004-08-20,42.1130
2004-08-23,41.8697
2004-08-24,41.8941
2004-08-25,42.0400
2004-08-26,42.2785
2004-08-27,42.2493
2004-08-30,42.4488
2004-08-31,42.7116
2004-09-01,42.7556
2004-09-02,42.3354
2004-09-03,42.3403
2004-09-07,42.2963
2004-09-08,42.6530
2004-09-09,42.4918
2004-09-10,42.5552
2004-09-13,42.7409
2004-09-14,42.7849
2004-09-15,42.6872
2004-09-16,43.1709
2004-09-17,42.9559
2004-09-20,43.2393
2004-09-21,43.3663
2004-09-22,43.8158
2004-09-23,43.6399
2004-09-24,43.6936
2004-09-27,43.8842
2004-09-28,43.7083
2004-09-29,43.2832
2004-09-30,43.1171
2004-10-01,42.9017
2004-10-04,42.9655
2004-10-05,42.9655
2004-10-06,42.7693
2004-10-07,42.5829
2004-10-08,43.1470
2004-10-11,43.1912
2004-10-12,43.2893
2004-10-13,43.4463
2004-10-14,43.6524
2004-10-15,43.5002
2004-10-18,43.5199
2004-10-19,43.6327
2004-10-20,43.9320
2004-10-21,43.9614
2004-10-22,44.0644
2004-10-25,44.0988
2004-10-26,43.9663
2004-10-27,43.5346
2004-10-28,43.6769
2004-10-29,43.8780
2004-11-01,43.6051
2004-11-02,43.6692
2004-11-03,43.6889
2004-11-04,43.7332
2004-11-05,43.2554
2004-11-08,43.1027
2004-11-09,43.0780
2004-11-10,42.9155
2004-11-11,42.8219
2004-11-12,43.2849
2004-11-15,43.3243
2004-11-16,43.3243
2004-11-17,43.6938
2004-11-18,43.8268
2004-11-19,43.4770
2004-11-22,43.7036
2004-11-23,43.7578
2004-11-24,43.7578
2004-11-26,43.4721
2004-11-29,43.0091
2004-11-30,42.8268
2004-12-01,42.7600
2004-12-02,42.5869
2004-12-03,43.2497
2004-12-06,43.3981
2004-12-07,43.4525
2004-12-08,44.1301
2004-12-09,43.8383
2004-12-10,43.9471
2004-12-13,44.0411
2004-12-14,44.2142
2004-12-15,44.6148
2004-12-16,43.9570
2004-12-17,43.8977
2004-12-20,43.9768
2004-12-21,44.1104
2004-12-22,43.9620
2004-12-23,43.8185
2004-12-27,43.4773
2004-12-28,43.4426
2004-12-29,43.3981
2004-12-30,43.6899
2004-12-31,43.9654
2005-01-03,44.0598
2005-01-04,43.5981
2005-01-05,43.8314
2005-01-06,43.8612
2005-01-07,43.9605
2005-01-10,44.0301
2005-01-11,44.2882
2005-01-12,44.3478
2005-01-13,44.7748
2005-01-14,44.7698
2005-01-18,44.9188
2005-01-19,45.0478
2005-01-20,45.1372
2005-01-21,45.1869
2005-01-24,45.3805
2005-01-25,44.9535
2005-01-26,45.0379
2005-01-27,44.9535
2005-01-28,45.4054
2005-01-31,45.5345
2005-02-01,45.4622
2005-02-02,45.5668
2005-02-03,45.5419
2005-02-04,46.1749
2005-02-07,46.5188
2005-02-08,46.7829
2005-02-09,46.9075
2005-02-10,46.2746
2005-02-11,46.2447
2005-02-14,46.3892
2005-02-15,46.1549
2005-02-16,45.9805
2005-02-17,45.6915
2005-02-18,45.2827
2005-02-22,45.0834
2005-02-23,45.2329
2005-02-24,45.1332
2005-02-25,45.3525
2005-02-28,44.8641
2005-03-01,44.8501
2005-03-02,44.7901
2005-03-03,44.7651
2005-03-04,45.2501
2005-03-07,45.4300
2005-03-08,45.0001
2005-03-09,44.2652
2005-03-10,44.5352
2005-03-11,44.2102
2005-03-14,44.4752
2005-03-15,44.1952
2005-03-16,44.4651
2005-03-17,44.6102
2005-03-18,44.3302
2005-03-21,44.2052
2005-03-22,43.8302
2005-03-23,44.0402
2005-03-24,44.1302
2005-03-28,43.8602
2005-03-29,44.1202
2005-03-30,44.3402
2005-03-31,44.6601
2005-04-01,44.8107
2005-04-04,44.8006
2005-04-05,44.6852
2005-04-06,44.8408
2005-04-07,44.4795
2005-04-08,44.6351
2005-04-11,44.8759
2005-04-12,45.2924
2005-04-13,45.1820
2005-04-14,45.1118
2005-04-15,45.7089
2005-04-18,45.6738
2005-04-19,46.1154
2005-04-20,45.9999
2005-04-21,45.5182
2005-04-22,45.8996
2005-04-25,46.0350
2005-04-26,45.9648
2005-04-27,46.1254
2005-04-28,46.4666
2005-04-29,46.3863
2005-05-02,46.3763
2005-05-03,46.5021
2005-05-04,46.0943
2005-05-05,46.2000
2005-05-06,45.8576
2005-05-09,45.9029
2005-05-10,46.2302
2005-05-11,46.3712
2005-05-12,46.5525
2005-05-13,46.7338
2005-05-16,46.6784
2005-05-17,46.8093
2005-05-18,47.1216
2005-05-19,47.0007
2005-05-20,47.0561
2005-05-23,47.4237
2005-05-24,47.5547
2005-05-25,47.2223
2005-05-26,47.2072
2005-05-27,47.2576
2005-05-31,47.8418
2005-06-01,48.4276
2005-06-02,48.5438
2005-06-03,48.1445
2005-06-06,48.3972
2005-06-07,48.7814
2005-06-08,48.5488
2005-06-09,48.5084
2005-06-10,47.9625
2005-06-13,47.6744
2005-06-14,47.3610
2005-06-15,47.4470
2005-06-16,47.6845
2005-06-17,47.6795
2005-06-20,47.5986
2005-06-21,47.9474
2005-06-22,48.5286
2005-06-23,48.4781
2005-06-24,48.7207
2005-06-27,48.8521
2005-06-28,48.5185
2005-06-29,48.4427
2005-06-30,48.8774
2005-07-01,48.2850
2005-07-05,47.8285
2005-07-06,48.0923
2005-07-07,48.1937
2005-07-08,47.9959
2005-07-11,47.9959
2005-07-12,47.7271
2005-07-13,47.6561
2005-07-14,47.5343
2005-07-15,47.6611
2005-07-18,47.3061
2005-07-19,47.4735
2005-07-20,47.7322
2005-07-21,47.0829
2005-07-22,47.4481
2005-07-25,47.2757
2005-07-26,47.3517
2005-07-27,47.2757
2005-07-28,47.6966
2005-07-29,47.2250
2005-08-01,47.0494
2005-08-02,46.8966
2005-08-03,47.1257
2005-08-04,47.0289
2005-08-05,46.6624
2005-08-08,46.5759
2005-08-09,46.7490
2005-08-10,46.6981
2005-08-11,47.0239
2005-08-12,47.5024
2005-08-15,47.3802
2005-08-16,47.7111
2005-08-17,47.3955
2005-08-18,47.7468
2005-08-19,47.7417
2005-08-22,47.6907
2005-08-23,47.9097
2005-08-24,47.9555
2005-08-25,48.1082
2005-08-26,48.0929
2005-08-29,48.1541
2005-08-30,48.4595
2005-08-31,48.8668
2005-09-01,48.5725
2005-09-02,48.6134
2005-09-06,48.2711
2005-09-07,47.8164
2005-09-08,47.8675
2005-09-09,48.0208
2005-09-12,47.6887
2005-09-13,47.9390
2005-09-14,47.7551
2005-09-15,47.3618
2005-09-16,47.0501
2005-09-19,47.1523
2005-09-20,47.2749
2005-09-21,47.7143
2005-09-22,47.6683
2005-09-23,47.3107
2005-09-26,47.0961
2005-09-27,47.1625
2005-09-28,47.4793
2005-09-29,47.2647
2005-09-30,47.1012
2005-10-03,46.7330
2005-10-04,46.8869
2005-10-05,47.0920
2005-10-06,46.9125
2005-10-07,47.1023
2005-10-10,47.0715
2005-10-11,46.9740
2005-10-12,46.5176
2005-10-13,46.3483
2005-10-14,46.2765
2005-10-17,46.2663
2005-10-18,46.3175
2005-10-19,46.3380
2005-10-20,46.4612
2005-10-21,46.8919
2005-10-24,46.5278
2005-10-25,46.1278
2005-10-26,45.7893
2005-10-27,45.9534
2005-10-28,45.9585
2005-10-31,46.0457
2005-11-01,45.9927
2005-11-02,45.7763
2005-11-03,45.4672
2005-11-04,45.3951
2005-11-07,45.5496
2005-11-08,45.9927
2005-11-09,45.5187
2005-11-10,46.0751
2005-11-11,46.1008
2005-11-14,45.7557
2005-11-15,46.0545
2005-11-16,46.5387
2005-11-17,46.6521
2005-11-18,46.4357
2005-11-21,46.5748
2005-11-22,46.6366
2005-11-23,46.4563
2005-11-25,46.6263
2005-11-28,46.8581
2005-11-29,46.4151
2005-11-30,46.3636
2005-12-01,46.2912
2005-12-02,46.3067
2005-12-05,46.0997
2005-12-06,46.5705
2005-12-07,46.3946
2005-12-08,46.6947
2005-12-09,46.3274
2005-12-12,46.2394
2005-12-13,46.4101
2005-12-14,46.8862
2005-12-15,46.7723
2005-12-16,46.9275
2005-12-19,46.9741
2005-12-20,46.9172
2005-12-21,46.8344
2005-12-22,47.2069
2005-12-23,47.4967
2005-12-27,47.8847
2005-12-28,47.7512
2005-12-29,47.8551
2005-12-30,47.7460
2006-01-03,47.6837
2006-01-04,47.7979
2006-01-05,47.7408
2006-01-06,47.6525
2006-01-09,47.6837
2006-01-10,47.2992
2006-01-11,47.2212
2006-01-12,47.5382
2006-01-13,47.8135
2006-01-17,48.0266
2006-01-18,48.0110
2006-01-19,47.8707
2006-01-20,47.9953
2006-01-23,47.9798
2006-01-24,47.7460
2006-01-25,47.2265
2006-01-26,47.0238
2006-01-27,47.0238
2006-01-30,46.9770
2006-01-31,47.1070
2006-02-01,46.9458
2006-02-02,47.0345
2006-02-03,47.3682
2006-02-06,47.4620
2006-02-07,47.2378
2006-02-08,47.1284
2006-02-09,47.3421
2006-02-10,47.0814
2006-02-13,47.0866
2006-02-14,46.9198
2006-02-15,47.0345
2006-02-16,47.0449
2006-02-17,47.4203
2006-02-21,47.3421
2006-02-22,47.6654
2006-02-23,47.5455
2006-02-24,47.4725
2006-02-27,47.3943
2006-02-28,47.6289
2006-03-01,47.3411
2006-03-02,47.0115
2006-03-03,46.7394
2006-03-06,46.3313
2006-03-07,46.3627
2006-03-08,46.3470
2006-03-09,46.3627
2006-03-10,46.1900
2006-03-13,46.1534
2006-03-14,46.4621
2006-03-15,46.2109
2006-03-16,46.6295
2006-03-17,46.4882
2006-03-20,46.5615
2006-03-21,46.3208
2006-03-22,46.4202
2006-03-23,46.2737
2006-03-24,46.6138
2006-03-27,46.4412
2006-03-28,46.0069
2006-03-29,45.7871
2006-03-30,45.4680
2006-03-31,45.4523
2006-04-03,45.4669
2006-04-04,45.4197
2006-04-05,45.4827
2006-04-06,45.1361
2006-04-07,44.6949
2006-04-10,44.7790
2006-04-11,44.9365
2006-04-12,44.6634
2006-04-13,44.3483
2006-04-17,44.5111
2006-04-18,44.5899
2006-04-19,44.3167
2006-04-20,44.2800
2006-04-21,44.5374
2006-04-24,44.7159
2006-04-25,44.1855
2006-04-26,44.1119
2006-04-27,44.1697
2006-04-28,44.2012
2006-05-01,43.8691
2006-05-02,43.9851
2006-05-03,43.8901
2006-05-04,43.8163
2006-05-05,44.0800
2006-05-08,44.1063
2006-05-09,44.0800
2006-05-10,44.1590
2006-05-11,43.9429
2006-05-12,43.5790
2006-05-15,43.7531
2006-05-16,44.0800
2006-05-17,43.8058
2006-05-18,44.4016
2006-05-19,44.5176
2006-05-22,44.6125
2006-05-23,44.5861
2006-05-24,44.6072
2006-05-25,44.4333
2006-05-26,44.4016
2006-05-30,44.3805
2006-05-31,44.1168
2006-06-01,44.3138
2006-06-02,44.8855
2006-06-05,44.8273
2006-06-06,45.0390
2006-06-07,45.0496
2006-06-08,45.1396
2006-06-09,45.3778
2006-06-12,45.4149
2006-06-13,45.4466
2006-06-14,44.9914
2006-06-15,44.7320
2006-06-16,44.6314
2006-06-19,44.5679
2006-06-20,44.4938
2006-06-21,44.5044
2006-06-22,44.2503
2006-06-23,44.1603
2006-06-26,44.0756
2006-06-27,44.2926
2006-06-28,44.0597
2006-06-29,44.2079
2006-06-30,44.6367
2006-07-03,44.5926
2006-07-05,44.2365
2006-07-06,44.5076
2006-07-07,44.7946
2006-07-10,44.8371
2006-07-11,44.9806
2006-07-12,44.9912
2006-07-13,45.1665
2006-07-14,45.1931
2006-07-17,45.2622
2006-07-18,44.8743
2006-07-19,45.2994
2006-07-20,45.4323
2006-07-21,45.3472
2006-07-24,45.3207
2006-07-25,45.1879
2006-07-26,45.3526
2006-07-27,45.2835
2006-07-28,45.5439
2006-07-31,45.6023
2006-08-01,45.5981
2006-08-02,45.7688
2006-08-03,45.7795
2006-08-04,46.0569
2006-08-07,46.0836
2006-08-08,45.9822
2006-08-09,45.8328
2006-08-10,45.7635
2006-08-11,45.5660
2006-08-14,45.4860
2006-08-15,45.8702
2006-08-16,46.1797
2006-08-17,46.1636
2006-08-18,46.2970
2006-08-21,46.4624
2006-08-22,46.4784
2006-08-23,46.4998
2006-08-24,46.5851
2006-08-25,46.6545
2006-08-28,46.6972
2006-08-29,46.7612
2006-08-30,46.8839
2006-08-31,46.9960
2006-09-01,47.0121
2006-09-05,46.7174
2006-09-06,46.6531
2006-09-07,46.7442
2006-09-08,46.7817
2006-09-11,46.7389
2006-09-12,46.9746
2006-09-13,46.9960
2006-09-14,46.8888
2006-09-15,46.8514
2006-09-18,46.7763
2006-09-19,47.3013
2006-09-20,47.3709
2006-09-21,47.8049
2006-09-22,48.0406
2006-09-25,48.3780
2006-09-26,48.1745
2006-09-27,48.0352
2006-09-28,47.9549
2006-09-29,47.8959
2006-10-02,48.0272
2006-10-03,47.9626
2006-10-04,48.3122
2006-10-05,47.9734
2006-10-06,47.4732
2006-10-09,47.6023
2006-10-10,47.2258
2006-10-11,47.0860
2006-10-12,47.1129
2006-10-13,46.8763
2006-10-16,47.0860
2006-10-17,47.1236
2006-10-18,47.2204
2006-10-19,47.1344
2006-10-20,47.0860
2006-10-23,46.8977
2006-10-24,46.8977
2006-10-25,47.2689
2006-10-26,47.5754
2006-10-27,47.7959
2006-10-30,47.9304
2006-10-31,48.3014
2006-11-01,48.5687
2006-11-02,48.3689
2006-11-03,47.7967
2006-11-06,47.9370
2006-11-07,48.1584
2006-11-08,48.3312
2006-11-09,48.3042
2006-11-10,48.5147
2006-11-13,48.5039
2006-11-14,48.6929
2006-11-15,48.5093
2006-11-16,48.2879
2006-11-17,48.5633
2006-11-20,48.6389
2006-11-21,48.7577
2006-11-22,48.8386
2006-11-24,48.9250
2006-11-27,49.1032
2006-11-28,49.2058
2006-11-29,49.0924
2006-11-30,49.4163
2006-12-01,49.5421
2006-12-04,49.6288
2006-12-05,49.3957
2006-12-06,49.2982
2006-12-07,49.2603
2006-12-08,48.9026
2006-12-11,49.1139
2006-12-12,49.2169
2006-12-13,48.7780
2006-12-14,48.5991
2006-12-15,48.6262
2006-12-18,48.6425
2006-12-19,48.5774
2006-12-20,48.5720
2006-12-21,48.8159
2006-12-22,48.4419
2006-12-26,48.5883
2006-12-27,48.2310
2006-12-28,48.1223
2006-12-29,48.0842
2007-01-03,48.4268
2007-01-04,48.7204
2007-01-05,48.5084
2007-01-08,48.5954
2007-01-09,48.5954
2007-01-10,48.3779
2007-01-11,48.0951
2007-01-12,47.8722
2007-01-16,47.9754
2007-01-17,47.8286
2007-01-18,47.9754
2007-01-19,47.8450
2007-01-22,47.9592
2007-01-23,47.6438
2007-01-24,47.6383
2007-01-25,47.2958
2007-01-26,47.2577
2007-01-29,47.1544
2007-01-30,47.2088
2007-01-31,47.6057
2007-02-01,47.5484
2007-02-02,47.6085
2007-02-05,47.6740
2007-02-06,47.9360
2007-02-07,48.0780
2007-02-08,48.1162
2007-02-09,47.8432
2007-02-12,47.7340
2007-02-13,47.6303
2007-02-14,48.0834
2007-02-15,48.2254
2007-02-16,48.3946
2007-02-20,48.5039
2007-02-21,48.4219
2007-02-22,48.1599
2007-02-23,48.5039
2007-02-26,48.8260
2007-02-27,49.4429
2007-02-28,49.2190
2007-03-01,49.1878
2007-03-02,49.4345
2007-03-05,49.5167
2007-03-06,49.3687
2007-03-07,49.5605
2007-03-08,49.5167
2007-03-09,48.9960
2007-03-12,49.1878
2007-03-13,49.4837
2007-03-14,49.2591
2007-03-15,49.2536
2007-03-16,49.2426
2007-03-19,49.1385
2007-03-20,49.1659
2007-03-21,49.1878
2007-03-22,48.7987
2007-03-23,48.6617
2007-03-26,48.7220
2007-03-27,48.6397
2007-03-28,48.5411
2007-03-29,48.4753
2007-03-30,48.3822
2007-04-02,48.4625
2007-04-03,48.4020
2007-04-04,48.4515
2007-04-05,48.2700
2007-04-09,47.9509
2007-04-10,48.0939
2007-04-11,48.0609
2007-04-12,48.0719
2007-04-13,47.9234
2007-04-16,48.1875
2007-04-17,48.4570
2007-04-18,48.6990
2007-04-19,48.6165
2007-04-20,48.4900
2007-04-23,48.6660
2007-04-24,48.8476
2007-04-25,48.6770
2007-04-26,48.3250
2007-04-27,48.3140
2007-04-30,48.8200
2007-05-01,48.8554
2007-05-02,48.8278
2007-05-03,48.7173
2007-05-04,48.9161
2007-05-07,49.0486
2007-05-08,48.9382
2007-05-09,48.7450
2007-05-10,48.8609
2007-05-11,48.6897
2007-05-14,48.5628
2007-05-15,48.5462
2007-05-16,48.5131
2007-05-17,48.3143
2007-05-18,47.9941
2007-05-21,48.1376
2007-05-22,47.8892
2007-05-23,47.7512
2007-05-24,47.7953
2007-05-25,47.6849
2007-05-29,47.6794
2007-05-30,47.7788
2007-05-31,47.6905
2007-06-01,47.4399
2007-06-04,47.6561
2007-06-05,47.3568
2007-06-06,47.3346
2007-06-07,46.4866
2007-06-08,46.4478
2007-06-11,46.3147
2007-06-12,45.6441
2007-06-13,46.1873
2007-06-14,46.0708
2007-06-15,46.3868
2007-06-18,46.2926
2007-06-19,46.7249
2007-06-20,46.3480
2007-06-21,46.1263
2007-06-22,46.4256
2007-06-25,46.6806
2007-06-26,46.6916
2007-06-27,46.7360
2007-06-28,46.7249
2007-06-29,47.2071
2007-07-02,47.4553
2007-07-03,47.1659
2007-07-05,46.6374
2007-07-06,46.4482
2007-07-09,46.6151
2007-07-10,47.4052
2007-07-11,46.9156
2007-07-12,46.7542
2007-07-13,46.8822
2007-07-16,47.3329
2007-07-17,47.2327
2007-07-18,47.4108
2007-07-19,47.3996
2007-07-20,47.8281
2007-07-23,47.7501
2007-07-24,47.9282
2007-07-25,48.0228
2007-07-26,48.4234
2007-07-27,48.5625
2007-07-30,48.4234
2007-07-31,48.7739
2007-08-01,48.6684
2007-08-02,48.7912
2007-08-03,49.1153
2007-08-06,48.7577
2007-08-07,48.7187
2007-08-08,48.1265
2007-08-09,48.1936
2007-08-10,48.0818
2007-08-13,48.2215
2007-08-14,48.3500
2007-08-15,48.1768
2007-08-16,48.6739
2007-08-17,48.4785
2007-08-20,48.5064
2007-08-21,48.7410
2007-08-22,48.6628
2007-08-23,48.8304
2007-08-24,49.0705
2007-08-27,49.3275
2007-08-28,49.4112
2007-08-29,49.2772
2007-08-30,49.6068
2007-08-31,49.6459
2007-09-04,49.6695
2007-09-05,50.0676
2007-09-06,49.9386
2007-09-07,50.6453
2007-09-10,51.0379
2007-09-11,50.9987
2007-09-12,50.8080
2007-09-13,50.3536
2007-09-14,50.4266
2007-09-17,50.6678
2007-09-18,50.2864
2007-09-19,49.8209
2007-09-20,48.8786
2007-09-21,49.2936
2007-09-24,49.4339
2007-09-25,49.2600
2007-09-26,49.3049
2007-09-27,49.6470
2007-09-28,49.7592
2007-10-01,50.0435
2007-10-02,50.2011
2007-10-03,50.0548
2007-10-04,50.2462
2007-10-05,49.7057
2007-10-08,49.6663
2007-10-09,49.6043
2007-10-10,49.6325
2007-10-11,49.5818
2007-10-12,49.3397
2007-10-15,49.3510
2007-10-16,49.3679
2007-10-17,49.9084
2007-10-18,50.1843
2007-10-19,50.9331
2007-10-22,50.9388
2007-10-23,50.8712
2007-10-24,51.2484
2007-10-25,51.0739
2007-10-26,50.9556
2007-10-29,51.1527
2007-10-30,51.1246
2007-10-31,50.6628
2007-11-01,51.3211
2007-11-02,51.4851
2007-11-05,51.4625
2007-11-06,51.2137
2007-11-07,51.3041
2007-11-08,51.2137
2007-11-09,51.6491
2007-11-12,51.8357
2007-11-13,51.6435
2007-11-14,51.7000
2007-11-15,52.1863
2007-11-16,52.2599
2007-11-19,52.5992
2007-11-20,52.5426
2007-11-21,52.8481
2007-11-23,53.0064
2007-11-26,54.0526
2007-11-27,53.5380
2007-11-28,53.1761
2007-11-29,53.6341
2007-11-30,53.3740
2007-12-03,53.7975
2007-12-04,53.7919
2007-12-05,53.1503
2007-12-06,52.6847
2007-12-07,52.0942
2007-12-10,51.7819
2007-12-11,52.7983
2007-12-12,52.2532
2007-12-13,51.6854
2007-12-14,51.4469
2007-12-17,51.9068
2007-12-18,52.2418
2007-12-19,52.9345
2007-12-20,52.8210
2007-12-21,52.0488
2007-12-24,51.8046
2007-12-26,51.3504
2007-12-27,51.9102
2007-12-28,52.7197
2007-12-31,53.0389
2008-01-02,53.8028
2008-01-03,53.7287
2008-01-04,53.7401
2008-01-07,53.9739
2008-01-08,53.9111
2008-01-09,54.0137
2008-01-10,53.2840
2008-01-11,53.7002
2008-01-14,53.8997
2008-01-15,54.5040
2008-01-16,54.1106
2008-01-17,54.8118
2008-01-18,54.4356
2008-01-22,55.0170
2008-01-23,54.8916
2008-01-24,53.7914
2008-01-25,54.6978
2008-01-28,54.4926
2008-01-29,54.1220
2008-01-30,53.7686
2008-01-31,54.1506
2008-02-01,54.4761
2008-02-04,53.9154
2008-02-05,54.3273
2008-02-06,54.1614
2008-02-07,52.9944
2008-02-08,53.6008
2008-02-11,53.8239
2008-02-12,53.5036
2008-02-13,52.9373
2008-02-14,52.1592
2008-02-15,52.5596
2008-02-19,52.0277
2008-02-20,52.3881
2008-02-21,52.9430
2008-02-22,52.6397
2008-02-25,52.1020
2008-02-26,52.1192
2008-02-27,52.1650
2008-02-28,53.0917
2008-02-29,53.9040
2008-03-03,53.7650
2008-03-04,53.2425
2008-03-05,52.6052
2008-03-06,52.8866
2008-03-07,52.9555
2008-03-10,53.7363
2008-03-11,53.2770
2008-03-12,54.3048
2008-03-13,53.8799
2008-03-14,54.5459
2008-03-17,54.9650
2008-03-18,54.7526
2008-03-19,55.6598
2008-03-20,55.7976
2008-03-24,54.7181
2008-03-25,54.9478
2008-03-26,54.7181
2008-03-27,54.3335
2008-03-28,54.8617
2008-03-31,55.0569
2008-04-01,54.1609
2008-04-02,54.2762
2008-04-03,54.3973
2008-04-04,54.8931
2008-04-07,54.6049
2008-04-08,54.4146
2008-04-09,54.9797
2008-04-10,54.7951
2008-04-11,55.1641
2008-04-14,54.8412
2008-04-15,54.1609
2008-04-16,53.6304
2008-04-17,53.5381
2008-04-18,53.4920
2008-04-21,53.7053
2008-04-22,53.8899
2008-04-23,53.7111
2008-04-24,53.2556
2008-04-25,52.9442
2008-04-28,53.1057
2008-04-29,53.3075
2008-04-30,53.6881
2008-05-01,53.6915
2008-05-02,53.0144
2008-05-05,53.0144
2008-05-06,52.6325
2008-05-07,52.8582
2008-05-08,53.3327
2008-05-09,53.5295
2008-05-12,53.4485
2008-05-13,52.8640
2008-05-14,52.8871
2008-05-15,53.3674
2008-05-16,53.1476
2008-05-19,53.2170
2008-05-20,53.4948
2008-05-21,53.5063
2008-05-22,52.8756
2008-05-23,53.1071
2008-05-27,52.7482
2008-05-28,52.2795
2008-05-29,51.9034
2008-05-30,52.2448
2008-06-02,52.4463
2008-06-03,52.8238
2008-06-04,52.3534
2008-06-05,52.0398
2008-06-06,52.7135
2008-06-09,52.7135
2008-06-10,52.3708
2008-06-11,52.2488
2008-06-12,51.7261
2008-06-13,51.6158
2008-06-16,51.6274
2008-06-17,51.7319
2008-06-18,52.1675
2008-06-19,51.8597
2008-06-20,52.1617
2008-06-23,52.2721
2008-06-24,52.6206
2008-06-25,52.6438
2008-06-26,52.9981
2008-06-27,53.6196
2008-06-30,53.6311
2008-07-01,53.5041
2008-07-02,53.7839
2008-07-03,53.6673
2008-07-07,53.9121
2008-07-08,54.2619
2008-07-09,54.5008
2008-07-10,54.4950
2008-07-11,53.7197
2008-07-14,54.1919
2008-07-15,54.1744
2008-07-16,53.1951
2008-07-17,52.9212
2008-07-18,52.7230
2008-07-21,52.9270
2008-07-22,52.6647
2008-07-23,52.5598
2008-07-24,53.0728
2008-07-25,52.5423
2008-07-28,53.0728
2008-07-29,52.8571
2008-07-30,52.9095
2008-07-31,53.4341
2008-08-01,53.5523
2008-08-04,53.4295
2008-08-05,53.0316
2008-08-06,52.8152
2008-08-07,53.6752
2008-08-08,53.8214
2008-08-11,53.3066
2008-08-12,53.8038
2008-08-13,53.6167
2008-08-14,53.9618
2008-08-15,54.4299
2008-08-18,54.6463
2008-08-19,54.4357
2008-08-20,54.5878
2008-08-21,54.4883
2008-08-22,54.4532
2008-08-25,54.9973
2008-08-26,55.0441
2008-08-27,55.1377
2008-08-28,55.1435
2008-08-29,54.8978
2008-09-02,55.4087
2008-09-03,55.6435
2008-09-04,56.0898
2008-09-05,56.0604
2008-09-08,56.2953
2008-09-09,56.8530
2008-09-10,56.5008
2008-09-11,56.4714
2008-09-12,55.7434
2008-09-15,57.5517
2008-09-16,57.5400
2008-09-17,57.8277
2008-09-18,56.9822
2008-09-19,55.1738
2008-09-22,55.1679
2008-09-23,54.9565
2008-09-24,55.1973
2008-09-25,55.0857
2008-09-26,55.4850
2008-09-29,57.0997
2008-09-30,55.7081
2008-10-01,56.4089
2008-10-02,56.8624
2008-10-03,57.3631
2008-10-06,58.4055
2008-10-07,58.2288
2008-10-08,57.3925
2008-10-09,56.9095
2008-10-10,56.5091
2008-10-13,55.7847
2008-10-14,55.4254
2008-10-15,55.9555
2008-10-16,55.6669
2008-10-17,55.2840
2008-10-20,55.7258
2008-10-21,56.0202
2008-10-22,57.1569
2008-10-23,57.5809
2008-10-24,56.9684
2008-10-27,57.0097
2008-10-28,56.1793
2008-10-29,55.8966
2008-10-30,55.3901
2008-10-31,54.6716
2008-11-03,54.8194
2008-11-04,55.8483
2008-11-05,56.5105
2008-11-06,56.1025
2008-11-07,55.7359
2008-11-10,56.0079
2008-11-11,56.1735
2008-11-12,56.5342
2008-11-13,55.1800
2008-11-14,56.2740
2008-11-17,56.5223
2008-11-18,57.2496
2008-11-19,58.7161
2008-11-20,61.7494
2008-11-21,60.8565
2008-11-24,59.9045
2008-11-25,61.6666
2008-11-26,61.7494
2008-11-28,62.5121
2008-12-01,64.9061
2008-12-02,65.1553
2008-12-03,65.3392
2008-12-04,66.6267
2008-12-05,65.5469
2008-12-08,65.4045
2008-12-09,66.6979
2008-12-10,66.5377
2008-12-11,66.6682
2008-12-12,66.6682
2008-12-15,67.4276
2008-12-16,69.0947
2008-12-17,70.9696
2008-12-18,72.4587
2008-12-19,72.5359
2008-12-22,71.9781
2008-12-23,71.8833
2008-12-24,71.7290
2008-12-26,71.9663
2008-12-29,71.8800
2008-12-30,72.5646
2008-12-31,71.0466
2009-01-02,69.2608
2009-01-05,67.4749
2009-01-06,66.7963
2009-01-07,67.0582
2009-01-08,67.0046
2009-01-09,67.1059
2009-01-12,67.8023
2009-01-13,67.8738
2009-01-14,68.9929
2009-01-15,69.1059
2009-01-16,68.0404
2009-01-20,68.0285
2009-01-21,65.8795
2009-01-22,64.6116
2009-01-23,64.1056
2009-01-26,63.5461
2009-01-27,65.0402
2009-01-28,63.4151
2009-01-29,61.9567
2009-01-30,61.7603
2009-02-02,62.9093
2009-02-03,61.4111
2009-02-04,61.1961
2009-02-05,61.2499
2009-02-06,61.0589
2009-02-09,61.2558
2009-02-10,62.5869
2009-02-11,63.3988
2009-02-12,62.8018
2009-02-13,61.1305
2009-02-17,63.0347
2009-02-18,62.4974
2009-02-19,61.4349
2009-02-20,62.0318
2009-02-23,62.6049
2009-02-24,62.5392
2009-02-25,61.8170
2009-02-26,61.1663
2009-02-27,60.8141
2009-03-02,61.8209
2009-03-03,61.4079
2009-03-04,61.1266
2009-03-05,62.8265
2009-03-06,62.4075
2009-03-09,62.0424
2009-03-10,60.8512
2009-03-11,61.5097
2009-03-12,61.8030
2009-03-13,61.4917
2009-03-16,60.5220
2009-03-17,60.1928
2009-03-18,62.4734
2009-03-19,62.5511
2009-03-20,62.2040
2009-03-23,61.6654
2009-03-24,62.2519
2009-03-25,61.4139
2009-03-26,62.1262
2009-03-27,62.5871
2009-03-30,62.8265
2009-03-31,63.2755
2009-04-01,63.8529
2009-04-02,63.0726
2009-04-03,61.7820
2009-04-06,61.5178
2009-04-07,61.6739
2009-04-08,62.2201
2009-04-09,61.4398
2009-04-13,62.0040
2009-04-14,62.3282
2009-04-15,62.2201
2009-04-16,61.7279
2009-04-17,61.0496
2009-04-20,61.9740
2009-04-21,61.3618
2009-04-22,60.9895
2009-04-23,60.9836
2009-04-24,60.3713
2009-04-27,60.6294
2009-04-28,59.6389
2009-04-29,59.1106
2009-04-30,58.8765
2009-05-01,58.4713
2009-05-04,58.6640
2009-05-05,58.5917
2009-05-06,58.4533
2009-05-07,57.0262
2009-05-08,57.1647
2009-05-11,57.9776
2009-05-12,58.1883
2009-05-13,58.8205
2009-05-14,59.0493
2009-05-15,59.0313
2009-05-18,58.1161
2009-05-19,57.8090
2009-05-20,58.4171
2009-05-21,56.9479
2009-05-22,56.3158
2009-05-26,55.4668
2009-05-27,54.4853
2009-05-28,55.2741
2009-05-29,56.7011
2009-06-01,55.0248
2009-06-02,55.3208
2009-06-03,55.8403
2009-06-04,54.6865
2009-06-05,54.2697
2009-06-08,54.1307
2009-06-09,54.1247
2009-06-10,53.2730
2009-06-11,53.8650
2009-06-12,54.3482
2009-06-15,54.8376
2009-06-16,55.7919
2009-06-17,55.4779
2009-06-18,54.6382
2009-06-19,55.3872
2009-06-22,55.9248
2009-06-23,56.5833
2009-06-24,56.0155
2009-06-25,57.0424
2009-06-26,57.1390
2009-06-29,57.2236
2009-06-30,57.1270
2009-07-01,57.0136
2009-07-02,57.1469
2009-07-06,57.0379
2009-07-07,57.4197
2009-07-08,58.4802
2009-07-09,57.7833
2009-07-10,58.3166
2009-07-13,57.9894
2009-07-14,57.0258
2009-07-15,55.5592
2009-07-16,56.1591
2009-07-17,55.2926
2009-07-20,55.5835
2009-07-21,56.6925
2009-07-22,56.1834
2009-07-23,55.1532
2009-07-24,55.4198
2009-07-27,54.7835
2009-07-28,55.2683
2009-07-29,55.5713
2009-07-30,56.3591
2009-07-31,57.4561
2009-08-03,56.5853
2009-08-04,56.1353
2009-08-05,55.2962
2009-08-06,55.4847
2009-08-07,55.0226
2009-08-10,55.7097
2009-08-11,56.3542
2009-08-12,55.7523
2009-08-13,56.5427
2009-08-14,56.7616
2009-08-17,57.6007
2009-08-18,57.2663
2009-08-19,57.7406
2009-08-20,58.2148
2009-08-21,57.0170
2009-08-24,58.0507
2009-08-25,58.3790
2009-08-26,58.6466
2009-08-27,58.4155
2009-08-28,58.6831
2009-08-31,58.7378
2009-09-01,58.5957
2009-09-02,59.4496
2009-09-03,59.0837
2009-09-04,58.0772
2009-09-08,57.6685
2009-09-09,57.6014
2009-09-10,58.6628
2009-09-11,58.9861
2009-09-14,58.4004
2009-09-15,58.1016
2009-09-16,58.2053
2009-09-17,58.9372
2009-09-18,58.4127
2009-09-21,58.5469
2009-09-22,58.6689
2009-09-23,58.8458
2009-09-24,59.0166
2009-09-25,59.7668
2009-09-28,60.2915
2009-09-29,60.2365
2009-09-30,60.1817
2009-10-01,61.0059
2009-10-02,60.5837
2009-10-05,60.5898
2009-10-06,59.9902
2009-10-07,60.6938
2009-10-08,60.0574
2009-10-09,58.6807
2009-10-12,58.7725
2009-10-13,59.0784
2009-10-14,58.2034
2009-10-15,57.9342
2009-10-16,58.4053
2009-10-19,58.8643
2009-10-20,59.1824
2009-10-21,58.8276
2009-10-22,58.5399
2009-10-23,58.0993
2009-10-26,57.3467
2009-10-27,58.1300
2009-10-28,58.4053
2009-10-29,57.7690
2009-10-30,58.6072
2009-11-02,58.3482
2009-11-03,57.7650
2009-11-04,57.2371
2009-11-05,57.2371
2009-11-06,57.2923
2009-11-09,57.3599
2009-11-10,57.2555
2009-11-11,57.4949
2009-11-12,57.3905
2009-11-13,57.6545
2009-11-16,58.3298
2009-11-17,58.6428
2009-11-18,58.2991
2009-11-19,58.4034
2009-11-20,58.3912
2009-11-23,58.3175
2009-11-24,58.6858
2009-11-25,58.9559
2009-11-27,59.1769
2009-11-30,59.3181
2009-12-01,58.6573
2009-12-02,58.7066
2009-12-03,58.0969
2009-12-04,57.4811
2009-12-07,57.5550
2009-12-08,57.6412
2009-12-09,57.3764
2009-12-10,56.7174
2009-12-11,56.7113
2009-12-14,56.7791
2009-12-15,56.5266
2009-12-16,56.4588
2009-12-17,57.3888
2009-12-18,57.1424
2009-12-21,56.1263
2009-12-22,55.8122
2009-12-23,55.8245
2009-12-24,55.2456
2009-12-28,55.0917
2009-12-29,55.4551
2009-12-30,55.8197
2009-12-31,55.5540
2010-01-04,55.5046
2010-01-05,55.8630
2010-01-06,55.1152
2010-01-07,55.2079
2010-01-08,55.1831
2010-01-11,54.8804
2010-01-12,55.8197
2010-01-13,55.1708
2010-01-14,55.9433
2010-01-15,56.2894
2010-01-19,56.1287
2010-01-20,56.6973
2010-01-21,56.9569
2010-01-22,56.8580
2010-01-25,56.5984
2010-01-26,56.6170
2010-01-27,56.5861
2010-01-28,56.5552
2010-01-29,57.0496
2010-02-01,56.5317
2010-02-02,56.6930
2010-02-03,56.0355
2010-02-04,56.9224
2010-02-05,57.0465
2010-02-08,57.1209
2010-02-09,56.5503
2010-02-10,56.0107
2010-02-11,55.7068
2010-02-12,55.9363
2010-02-16,56.0417
2010-02-17,55.4029
2010-02-18,55.1797
2010-02-19,55.4774
2010-02-22,55.2479
2010-02-23,56.1100
2010-02-24,56.2464
2010-02-25,56.5627
2010-02-26,56.8542
2010-03-01,56.8294
2010-03-02,56.7547
2010-03-03,56.6116
2010-03-04,56.9102
2010-03-05,56.1636
2010-03-08,55.8712
2010-03-09,55.8836
2010-03-10,55.7405
2010-03-11,55.9459
2010-03-12,56.2943
2010-03-15,56.2196
2010-03-16,56.6676
2010-03-17,56.9102
2010-03-18,56.7235
2010-03-19,56.7796
2010-03-22,56.8418
2010-03-23,56.5742
2010-03-24,55.5415
2010-03-25,55.1868
2010-03-26,55.3424
2010-03-29,55.1308
2010-03-30,55.3050
2010-03-31,55.6846
2010-04-01,55.5484
2010-04-05,54.6242
2010-04-06,54.7116
2010-04-07,55.4110
2010-04-08,55.4360
2010-04-09,55.5671
2010-04-12,55.8607
2010-04-13,56.0417
2010-04-14,55.6484
2010-04-15,55.7108
2010-04-16,56.1167
2010-04-19,55.9793
2010-04-20,56.1792
2010-04-21,56.6413
2010-04-22,56.4727
2010-04-23,56.2728
2010-04-26,56.3353
2010-04-27,57.1284
2010-04-28,56.6413
2010-04-29,56.8786
2010-04-30,57.5343
2010-05-03,57.4591
2010-05-04,58.4930
2010-05-05,58.8378
2010-05-06,60.6551
2010-05-07,59.8968
2010-05-10,58.6560
2010-05-11,58.5056
2010-05-12,58.0607
2010-05-13,58.4429
2010-05-14,59.4581
2010-05-17,59.2388
2010-05-18,60.1475
2010-05-19,60.3480
2010-05-20,61.6201
2010-05-21,61.6828
2010-05-24,61.4697
2010-05-25,61.7706
2010-05-26,61.5951
2010-05-27,60.1976
2010-05-28,60.4733
2010-06-01,60.8984
2010-06-02,60.3199
2010-06-03,59.8798
2010-06-04,61.4895
2010-06-07,61.9611
2010-06-08,61.6529
2010-06-09,61.5838
2010-06-10,60.4834
2010-06-11,61.2505
2010-06-14,60.9362
2010-06-15,60.6846
2010-06-16,61.0305
2010-06-17,61.5272
2010-06-18,61.4266
2010-06-21,61.2505
2010-06-22,61.9799
2010-06-23,62.4012
2010-06-24,62.0302
2010-06-25,62.2817
2010-06-28,62.8665
2010-06-29,63.5519
2010-06-30,63.9795
2010-07-01,64.0804
2010-07-02,63.5695
2010-07-06,64.0930
2010-07-07,63.3425
2010-07-08,62.9388
2010-07-09,62.5793
2010-07-12,62.5541
2010-07-13,62.0180
2010-07-14,62.6423
2010-07-15,63.2667
2010-07-16,63.5758
2010-07-19,63.1848
2010-07-20,63.2794
2010-07-21,64.3516
2010-07-22,63.6074
2010-07-23,62.9325
2010-07-26,62.8253
2010-07-27,62.2198
2010-07-28,62.4216
2010-07-29,62.4027
2010-07-30,63.3740
2010-08-02,62.4843
2010-08-03,62.8450
2010-08-04,62.3641
2010-08-05,62.6552
2010-08-06,63.3385
2010-08-09,63.1044
2010-08-10,63.2374
2010-08-11,64.0852
2010-08-12,63.9271
2010-08-13,64.7243
2010-08-16,66.3441
2010-08-17,65.9645
2010-08-18,66.1417
2010-08-19,67.1730
2010-08-20,67.0971
2010-08-23,67.1098
2010-08-24,68.1855
2010-08-25,67.9640
2010-08-26,68.6031
2010-08-27,66.6605
2010-08-30,67.9387
2010-08-31,68.6917
2010-09-01,67.2713
2010-09-02,66.5606
2010-09-03,65.7355
2010-09-07,67.0809
2010-09-08,66.5478
2010-09-09,65.2342
2010-09-10,64.9358
2010-09-13,65.2532
2010-09-14,65.8815
2010-09-15,64.9041
2010-09-16,64.2632
2010-09-17,64.5233
2010-09-20,64.8978
2010-09-21,65.7990
2010-09-22,66.3892
2010-09-23,66.5796
2010-09-24,65.6848
2010-09-27,66.8271
2010-09-28,67.2840
2010-09-29,67.0048
2010-09-30,66.9604
2010-10-01,66.6368
2010-10-04,66.8088
2010-10-05,66.4074
2010-10-06,67.2419
2010-10-07,66.6814
2010-10-08,66.3883
2010-10-11,66.4010
2010-10-12,65.7449
2010-10-13,65.6431
2010-10-14,64.6621
2010-10-15,63.8722
2010-10-18,64.3882
2010-10-19,64.7767
2010-10-20,64.9169
2010-10-21,64.1461
2010-10-22,64.5792
2010-10-25,64.7640
2010-10-26,63.7639
2010-10-27,63.2033
2010-10-28,63.3753
2010-10-29,63.9678
2010-11-01,63.6923
2010-11-02,64.5295
2010-11-03,63.2131
2010-11-04,63.7051
2010-11-05,62.6123
2010-11-08,62.8935
2010-11-09,61.5068
2010-11-10,61.5899
2010-11-11,61.5579
2010-11-12,61.2256
2010-11-15,59.9476
2010-11-16,61.4365
2010-11-17,61.0978
2010-11-18,61.3471
2010-11-19,61.7241
2010-11-22,61.9861
2010-11-23,62.2928
2010-11-24,61.1809
2010-11-26,62.0308
2010-11-29,62.5612
2010-11-30,62.8871
2010-12-01,61.4892
2010-12-02,61.3289
2010-12-03,60.8480
2010-12-06,61.7072
2010-12-07,60.3862
2010-12-08,59.8027
2010-12-09,60.0977
2010-12-10,59.7322
2010-12-13,59.9566
2010-12-14,59.0845
2010-12-15,58.3150
2010-12-16,58.7190
2010-12-17,59.7899
2010-12-20,59.7258
2010-12-21,60.1426
2010-12-22,59.7130
2010-12-23,59.5911
2010-12-27,60.1233
2010-12-28,58.9459
2010-12-29,59.9432
2010-12-30,59.8981
2010-12-31,60.5609
2011-01-03,60.1040
2011-01-04,60.1748
2011-01-05,58.8493
2011-01-06,59.1067
2011-01-07,59.4220
2011-01-10,59.7437
2011-01-11,59.4091
2011-01-12,58.9459
2011-01-13,59.4735
2011-01-14,59.0938
2011-01-18,58.8172
2011-01-19,59.2418
2011-01-20,58.4247
2011-01-21,58.8880
2011-01-24,58.9137
2011-01-25,59.4735
2011-01-26,58.5726
2011-01-27,58.8365
2011-01-28,59.1453
2011-01-31,58.6949
2011-02-01,58.4044
2011-02-02,58.4173
2011-02-03,57.9330
2011-02-04,57.3454
2011-02-07,57.6424
2011-02-08,57.1129
2011-02-09,57.6102
2011-02-10,56.9451
2011-02-11,57.7651
2011-02-14,57.8038
2011-02-15,58.0621
2011-02-16,57.8748
2011-02-17,57.9653
2011-02-18,57.7845
2011-02-22,58.6497
2011-02-23,58.8628
2011-02-24,59.2373
2011-02-25,59.5860
2011-02-28,59.6635
2011-03-01,59.8365
2011-03-02,58.9166
2011-03-03,58.3400
2011-03-04,58.8259
2011-03-07,58.4502
2011-03-08,58.0939
2011-03-09,58.6575
2011-03-10,59.6421
2011-03-11,59.3053
2011-03-14,59.2794
2011-03-15,60.1668
2011-03-16,60.8470
2011-03-17,60.3806
2011-03-18,60.5425
2011-03-21,60.1862
2011-03-22,60.3871
2011-03-23,60.3093
2011-03-24,59.8559
2011-03-25,59.7069
2011-03-28,59.7911
2011-03-29,59.3312
2011-03-30,59.8040
2011-03-31,59.6810
2011-04-01,59.9711
2011-04-04,60.0361
2011-04-05,59.7954
2011-04-06,58.8977
2011-04-07,58.7806
2011-04-08,58.4684
2011-04-11,58.5205
2011-04-12,59.1514
2011-04-13,59.5222
2011-04-14,59.4767
2011-04-15,60.2833
2011-04-18,60.4199
2011-04-19,60.6802
2011-04-20,60.2899
2011-04-21,60.2378
2011-04-25,60.4655
2011-04-26,61.0509
2011-04-27,60.4265
2011-04-28,60.8883
2011-04-29,61.0770
2011-05-02,61.1749
2011-05-03,61.5212
2011-05-04,61.7955
2011-05-05,62.3835
2011-05-06,62.1092
2011-05-09,62.0438
2011-05-10,61.5996
2011-05-11,61.9524
2011-05-12,61.5604
2011-05-13,62.1157
2011-05-16,62.4619
2011-05-17,63.1022
2011-05-18,62.2660
2011-05-19,62.2398
2011-05-20,62.2725
2011-05-23,62.5730
2011-05-24,62.8082
2011-05-25,62.5143
2011-05-26,63.0500
2011-05-27,63.0238
2011-05-31,63.1676
2011-06-01,64.0212
2011-06-02,62.8017
2011-06-03,63.1623
2011-06-06,62.6836
2011-06-07,62.9721
2011-06-08,63.4639
2011-06-09,63.2082
2011-06-10,63.6934
2011-06-13,63.3721
2011-06-14,62.4148
2011-06-15,63.5492
2011-06-16,63.8376
2011-06-17,63.5360
2011-06-20,63.6147
2011-06-21,63.3328
2011-06-22,63.3721
2011-06-23,63.8573
2011-06-24,63.5885
2011-06-27,62.7164
2011-06-28,62.2116
2011-06-29,61.7985
2011-06-30,61.7001
2011-07-01,61.6014
2011-07-05,61.7396
2011-07-06,62.0553
2011-07-07,61.8712
2011-07-08,62.7462
2011-07-11,63.6870
2011-07-12,63.9041
2011-07-13,64.0817
2011-07-14,63.1673
2011-07-15,63.2725
2011-07-18,62.6607
2011-07-19,63.9634
2011-07-20,63.2068
2011-07-21,62.7199
2011-07-22,63.1936
2011-07-25,62.5028
2011-07-26,62.9304
2011-07-27,62.9370
2011-07-28,63.1739
2011-07-29,64.4239
2011-08-01,65.0742
2011-08-02,67.0281
2011-08-03,67.1601
2011-08-04,69.5497
2011-08-05,67.5429
2011-08-08,69.6751
2011-08-09,69.8864
2011-08-10,71.9657
2011-08-11,68.3351
2011-08-12,69.6883
2011-08-15,68.9820
2011-08-16,70.1240
2011-08-17,71.3518
2011-08-18,72.8172
2011-08-19,73.4048
2011-08-22,73.2199
2011-08-23,72.2100
2011-08-24,70.1570
2011-08-25,70.9161
2011-08-26,71.6158
2011-08-29,70.6256
2011-08-30,71.7611
2011-08-31,70.6521
2011-09-01,72.1497
2011-09-02,74.4936
2011-09-06,75.2683
2011-09-07,73.8315
2011-09-08,74.4936
2011-09-09,75.2881
2011-09-12,75.3676
2011-09-13,74.2950
2011-09-14,74.9240
2011-09-15,73.7786
2011-09-16,74.3148
2011-09-19,75.7318
2011-09-20,76.0496
2011-09-21,78.5656
2011-09-22,81.5186
2011-09-23,80.0024
2011-09-26,78.7179
2011-09-27,77.5129
2011-09-28,77.4864
2011-09-29,78.0227
2011-09-30,79.9825
2011-10-03,82.1836
2011-10-04,81.1415
2011-10-05,80.5573
2011-10-06,79.0704
2011-10-07,78.4863
2011-10-10,77.3778
2011-10-11,77.1189
2011-10-12,75.9971
2011-10-13,76.7538
2011-10-14,75.6386
2011-10-17,76.9463
2011-10-18,76.4684
2011-10-19,76.4419
2011-10-20,75.8976
2011-10-21,75.0944
2011-10-24,75.2205
2011-10-25,77.1322
2011-10-26,75.7847
2011-10-27,73.2159
2011-10-28,73.9858
2011-10-31,76.9198
2011-11-01,79.4946
2011-11-02,78.5030
2011-11-03,77.4249
2011-11-04,77.5181
2011-11-07,78.0105
2011-11-08,77.0123
2011-11-09,78.6095
2011-11-10,77.4382
2011-11-11,76.9657
2011-11-14,78.2036
2011-11-15,78.0971
2011-11-16,78.8091
2011-11-17,79.4414
2011-11-18,79.4214
2011-11-21,79.8940
2011-11-22,80.7857
2011-11-23,81.5777
2011-11-25,80.3930
2011-11-28,80.3531
2011-11-29,79.6943
2011-11-30,78.4498
2011-12-01,78.0562
2011-12-02,79.1503
2011-12-05,78.9902
2011-12-06,78.2363
2011-12-07,78.5166
2011-12-08,79.4972
2011-12-09,77.8627
2011-12-12,78.7300
2011-12-13,79.4638
2011-12-14,80.9649
2011-12-15,80.6647
2011-12-16,81.6054
2011-12-19,82.6395
2011-12-20,80.5780
2011-12-21,79.4572
2011-12-22,79.7908
2011-12-23,78.9034
2011-12-27,79.2782
2011-12-28,80.7441
2011-12-29,80.8913
2011-12-30,81.1523
2012-01-03,79.9342
2012-01-04,78.9837
2012-01-05,78.8432
2012-01-06,79.4657
2012-01-09,79.3251
2012-01-10,79.1912
2012-01-11,80.2220
2012-01-12,80.1081
2012-01-13,80.9047
2012-01-17,81.2794
2012-01-18,80.2956
2012-01-19,79.1912
2012-01-20,78.2944
2012-01-23,77.7991
2012-01-24,77.9397
2012-01-25,77.7523
2012-01-26,78.7830
2012-01-27,79.0306
2012-01-30,79.9610
2012-01-31,80.8845
2012-02-01,79.9580
2012-02-02,79.9245
2012-02-03,78.2070
2012-02-06,78.9852
2012-02-07,78.0057
2012-02-08,78.0661
2012-02-09,77.4824
2012-02-10,78.4888
2012-02-13,78.5894
2012-02-14,79.0053
2012-02-15,78.8645
2012-02-16,78.2338
2012-02-17,78.2137
2012-02-21,77.3482
2012-02-22,78.3211
2012-02-23,78.3211
2012-02-24,78.8309
2012-02-27,79.5286
2012-02-28,79.2671
2012-02-29,78.7840
2012-03-01,78.0423
2012-03-02,78.7752
2012-03-05,78.1499
2012-03-06,79.0980
2012-03-07,78.6138
2012-03-08,77.8271
2012-03-09,77.9817
2012-03-12,77.9683
2012-03-13,76.5965
2012-03-14,74.6667
2012-03-15,74.7810
2012-03-16,74.9289
2012-03-19,74.0346
2012-03-20,74.3305
2012-03-21,75.1710
2012-03-22,75.4131
2012-03-23,76.1259
2012-03-26,75.7358
2012-03-27,76.2805
2012-03-28,76.1729
2012-03-29,76.7445
2012-03-30,75.4467
2012-04-02,75.8647
2012-04-03,74.5500
2012-04-04,75.5748
2012-04-05,76.1209
2012-04-09,77.9007
2012-04-10,78.7839
2012-04-11,77.8400
2012-04-12,77.5164
2012-04-13,78.7704
2012-04-16,78.6557
2012-04-17,78.6086
2012-04-18,78.8378
2012-04-19,78.9119
2012-04-20,78.9254
2012-04-23,79.4985
2012-04-24,78.9389
2012-04-25,78.5344
2012-04-26,79.0063
2012-04-27,79.0737
2012-04-30,79.0940
2012-05-01,78.6837
2012-05-02,79.2379
2012-05-03,79.2177
2012-05-04,79.8394
2012-05-07,79.8529
2012-05-08,80.2786
2012-05-09,80.3327
2012-05-10,80.0962
2012-05-11,80.7585
2012-05-14,81.8871
2012-05-15,82.2182
2012-05-16,82.4548
2012-05-17,83.9144
2012-05-18,83.9347
2012-05-21,83.7591
2012-05-22,82.8264
2012-05-23,83.4009
2012-05-24,83.0832
2012-05-25,83.3941
2012-05-29,83.1373
2012-05-30,85.2458
2012-05-31,86.2325
2012-06-01,88.2796
2012-06-04,87.5822
2012-06-05,86.4106
2012-06-06,84.6837
2012-06-07,84.8123
2012-06-08,84.7921
2012-06-11,85.1781
2012-06-12,84.3993
2012-06-13,85.2322
2012-06-14,85.1239
2012-06-15,85.5980
2012-06-18,86.0585
2012-06-19,84.9343
2012-06-20,85.3542
2012-06-21,85.8079
2012-06-22,84.6634
2012-06-25,85.8959
2012-06-26,85.5573
2012-06-27,85.6928
2012-06-28,85.9027
2012-06-29,84.7853
2012-07-02,85.6601
2012-07-03,85.0018
2012-07-05,85.4362
2012-07-06,86.2302
2012-07-09,86.9902
2012-07-10,87.1667
2012-07-11,87.2753
2012-07-12,87.8929
2012-07-13,87.6621
2012-07-16,88.0694
2012-07-17,87.3771
2012-07-18,87.4245
2012-07-19,87.2006
2012-07-20,88.2662
2012-07-23,88.7616
2012-07-24,89.4606
2012-07-25,89.6913
2012-07-26,88.8702
2012-07-27,87.1939
2012-07-30,87.8454
2012-07-31,88.0218
2012-08-01,87.5818
2012-08-02,88.0783
2012-08-03,86.6569
2012-08-06,86.6908
2012-08-07,85.5755
2012-08-08,85.1199
2012-08-09,85.0587
2012-08-10,85.4871
2012-08-13,85.3443
2012-08-14,84.1881
2012-08-15,83.0048
2012-08-16,82.2976
2012-08-17,82.6988
2012-08-20,82.8688
2012-08-21,83.2361
2012-08-22,84.6098
2012-08-23,84.9635
2012-08-24,84.8818
2012-08-27,85.3783
2012-08-28,85.5823
2012-08-29,85.2083
2012-08-30,85.6504
2012-08-31,86.8609
2012-09-04,86.7737
2012-09-05,86.3648
2012-09-06,84.9267
2012-09-07,84.5314
2012-09-10,84.7359
2012-09-11,84.2043
2012-09-12,83.1547
2012-09-13,82.8276
2012-09-14,80.6262
2012-09-17,81.5940
2012-09-18,82.0029
2012-09-19,82.5413
2012-09-20,82.7458
2012-09-21,82.8412
2012-09-24,83.4886
2012-09-25,84.3133
2012-09-26,85.2197
2012-09-27,84.6132
2012-09-28,84.6609
2012-10-01,84.9750
2012-10-02,84.8590
2012-10-03,84.8863
2012-10-04,83.8277
2012-10-05,82.7417
2012-10-08,83.4384
2012-10-09,83.2881
2012-10-10,83.8755
2012-10-11,84.4560
2012-10-12,84.6677
2012-10-15,84.4765
2012-10-16,83.3086
2012-10-17,82.5369
2012-10-18,82.0315
2012-10-19,83.1447
2012-10-22,82.6120
2012-10-23,83.7935
2012-10-24,82.9671
2012-10-25,82.5437
2012-10-26,83.7594
2012-10-31,84.2511
2012-11-01,83.5613
2012-11-02,83.4998
2012-11-05,83.9711
2012-11-06,83.1789
2012-11-07,84.6882
2012-11-08,85.9449
2012-11-09,86.0405
2012-11-12,86.1839
2012-11-13,86.4708
2012-11-14,86.5527
2012-11-15,86.3820
2012-11-16,86.3069
2012-11-19,85.8219
2012-11-20,84.9614
2012-11-21,84.9136
2012-11-23,84.8316
2012-11-26,85.2346
2012-11-27,85.5693
2012-11-28,85.4463
2012-11-29,85.4600
2012-11-30,85.2278
2012-12-03,85.3065
2012-12-04,85.7992
2012-12-05,85.7581
2012-12-06,85.9429
2012-12-07,85.1491
2012-12-10,85.5255
2012-12-11,84.8753
2012-12-12,83.8899
2012-12-13,83.9515
2012-12-14,84.5811
2012-12-17,83.3151
2012-12-18,82.4666
2012-12-19,82.7402
2012-12-20,82.7540
2012-12-21,83.6573
2012-12-24,83.5067
2012-12-26,83.8071
2012-12-27,84.0883
2012-12-28,84.5684
2012-12-31,83.1076
2013-01-02,81.9965
2013-01-03,80.8855
2013-01-04,81.2010
2013-01-07,81.2353
2013-01-08,81.7702
2013-01-09,81.6948
2013-01-10,81.4685
2013-01-11,82.1954
2013-01-14,81.9691
2013-01-15,82.3463
2013-01-16,82.5178
2013-01-17,81.6948
2013-01-18,82.3257
2013-01-22,82.4836
2013-01-23,82.3600
2013-01-24,82.0719
2013-01-25,80.9473
2013-01-28,80.6523
2013-01-29,80.2065
2013-01-30,80.0694
2013-01-31,80.4603
2013-02-01,79.4155
2013-02-04,80.4328
2013-02-05,79.7180
2013-02-06,80.3710
2013-02-07,80.1922
2013-02-08,80.5016
2013-02-11,80.4397
2013-02-12,80.2404
2013-02-13,79.5874
2013-02-14,80.3091
2013-02-15,80.0754
2013-02-19,79.6767
2013-02-20,79.9173
2013-02-21,80.3847
2013-02-22,80.4397
2013-02-25,82.0206
2013-02-26,81.5463
2013-02-27,81.3057
2013-02-28,81.4569
2013-03-01,81.9005
2013-03-04,81.4666
2013-03-05,81.2324
2013-03-06,80.4954
2013-03-07,79.8754
2013-03-08,79.0420
2013-03-11,79.1177
2013-03-12,79.6894
2013-03-13,79.6068
2013-03-14,79.3657
2013-03-15,79.7376
2013-03-18,80.3438
2013-03-19,80.8880
2013-03-20,79.9856
2013-03-21,80.7571
2013-03-22,80.8191
2013-03-25,80.7433
2013-03-26,80.8398
2013-03-27,81.5286
2013-03-28,81.1153
2013-04-01,81.7262
2013-04-02,81.3949
2013-04-03,82.1266
2013-04-04,83.1068
2013-04-05,84.7843
2013-04-08,84.1355
2013-04-09,83.9284
2013-04-10,82.7755
2013-04-11,82.9343
2013-04-12,84.1699
2013-04-15,84.9017
2013-04-16,84.2045
2013-04-17,84.7636
2013-04-18,84.9707
2013-04-19,84.7912
2013-04-22,84.8534
2013-04-23,84.5566
2013-04-24,84.7705
2013-04-25,84.4046
2013-04-26,85.1778
2013-04-29,84.8672
2013-04-30,84.9155
2013-05-01,85.7878
2013-05-02,85.6771
2013-05-03,83.6571
2013-05-06,83.4496
2013-05-07,83.1245
2013-05-08,83.2559
2013-05-09,83.0414
2013-05-10,82.1490
2013-05-13,81.5196
2013-05-14,80.6340
2013-05-15,81.1736
2013-05-16,82.0176
2013-05-17,80.9799
2013-05-20,80.8831
2013-05-21,81.5196
2013-05-22,80.3089
2013-05-23,80.6894
2013-05-24,80.8001
2013-05-28,78.7524
2013-05-29,79.6379
2013-05-30,79.4442
2013-05-31,79.1744
2013-06-03,79.5939
2013-06-04,78.8589
2013-06-05,79.9476
2013-06-06,79.8991
2013-06-07,78.4706
2013-06-10,78.0961
2013-06-11,79.0253
2013-06-12,77.8950
2013-06-13,79.1154
2013-06-14,78.9282
2013-06-17,78.5121
2013-06-18,78.5538
2013-06-19,77.7424
2013-06-20,76.4665
2013-06-21,75.1697
2013-06-24,75.4818
2013-06-25,74.8091
2013-06-26,75.2945
2013-06-27,76.0643
2013-06-28,76.5844
2013-07-01,76.7387
2013-07-02,76.6900
2013-07-03,76.4606
2013-07-05,73.8543
2013-07-08,74.5702
2013-07-09,74.6466
2013-07-10,74.0628
2013-07-11,74.9315
2013-07-12,74.8690
2013-07-15,75.2652
2013-07-16,75.5224
2013-07-17,75.6614
2013-07-18,74.7161
2013-07-19,75.8976
2013-07-22,76.0089
2013-07-23,75.6892
2013-07-24,74.7300
2013-07-25,74.7022
2013-07-26,75.1609
2013-07-29,74.6119
2013-07-30,74.5841
2013-07-31,74.8551
2013-08-01,73.4128
2013-08-02,74.2211
2013-08-05,73.6497
2013-08-06,73.8657
2013-08-07,74.4162
2013-08-08,74.6182
2013-08-09,74.7367
2013-08-12,74.2281
2013-08-13,73.1550
2013-08-14,73.2665
2013-08-15,72.2770
2013-08-16,72.0262
2013-08-19,71.3991
2013-08-20,71.9496
2013-08-21,71.1622
2013-08-22,71.8868
2013-08-23,72.6672
2013-08-26,73.0296
2013-08-27,73.9493
2013-08-28,73.3501
2013-08-29,73.9354
2013-08-30,73.8517
2013-09-03,72.8102
2013-09-04,72.6494
2013-09-05,71.6364
2013-09-06,71.9928
2013-09-09,72.0276
2013-09-10,71.5246
2013-09-11,72.1604
2013-09-12,72.0626
2013-09-13,72.3420
2013-09-16,71.8600
2013-09-17,72.4538
2013-09-18,73.3481
2013-09-19,72.9150
2013-09-20,73.2992
2013-09-23,73.8371
2013-09-24,74.6335
2013-09-25,74.7872
2013-09-26,74.2632
2013-09-27,74.4449
2013-09-30,74.3331
2013-10-01,74.1076
2013-10-02,74.2197
2013-10-03,74.1005
2013-10-04,74.0445
2013-10-07,74.3457
2013-10-08,74.3667
2013-10-09,73.7713
2013-10-10,73.8904
2013-10-11,73.8694
2013-10-14,73.2740
2013-10-15,73.2250
2013-10-16,74.1426
2013-10-17,74.8150
2013-10-18,74.9761
2013-10-21,74.7380
2013-10-22,75.5715
2013-10-23,75.8657
2013-10-24,75.5715
2013-10-25,75.8517
2013-10-28,75.5925
2013-10-29,75.6906
2013-10-30,75.2353
2013-10-31,75.3964
2013-11-01,74.5803
2013-11-04,74.6505
2013-11-05,73.7585
2013-11-06,73.7936
2013-11-07,74.4188
2013-11-08,72.6278
2013-11-11,72.3539
2013-11-12,72.6910
2013-11-13,72.9579
2013-11-14,73.4074
2013-11-15,73.5548
2013-11-18,73.9973
2013-11-19,73.4355
2013-11-20,72.1853
2013-11-21,72.3047
2013-11-22,72.9790
2013-11-25,73.1897
2013-11-26,73.4636
2013-11-27,73.3372
2013-11-29,73.3582
2013-12-02,72.7877
2013-12-03,73.0553
2013-12-04,72.3579
2013-12-05,72.1537
2013-12-06,72.4988
2013-12-09,72.6679
2013-12-10,73.1892
2013-12-11,72.6256
2013-12-12,72.3509
2013-12-13,72.7031
2013-12-16,72.4355
2013-12-17,72.7595
2013-12-18,72.3932
2013-12-19,72.3227
2013-12-20,73.4358
2013-12-23,73.0201
2013-12-24,72.4355
2013-12-26,72.1563
2013-12-27,71.9513
2013-12-30,72.4460
2013-12-31,71.9867
2014-01-02,72.2057
2014-01-03,72.2057
2014-01-06,72.5096
2014-01-07,72.6934
2014-01-08,72.4955
2014-01-09,72.9196
2014-01-10,73.7888
2014-01-13,74.1563
2014-01-14,73.8171
2014-01-15,73.7393
2014-01-16,74.2341
2014-01-17,74.5450
2014-01-21,74.6015
2014-01-22,74.4178
2014-01-23,75.4708
2014-01-24,75.9585
2014-01-27,75.4284
2014-01-28,75.6122
2014-01-29,76.2340
2014-01-30,76.0150
2014-01-31,76.5238
2014-02-03,77.4562
2014-02-04,76.6344
2014-02-05,75.9259
2014-02-06,75.5999
2014-02-07,75.6637
2014-02-10,75.8762
2014-02-11,75.4370
2014-02-12,75.0473
2014-02-13,75.4724
2014-02-14,75.5149
2014-02-18,75.6850
2014-02-19,75.3661
2014-02-20,75.1819
2014-02-21,75.5787
2014-02-24,75.3873
2014-02-25,76.0605
2014-02-26,76.4643
2014-02-27,76.8823
2014-02-28,76.9248
2014-03-03,77.4384
2014-03-04,76.2736
2014-03-05,76.4369
2014-03-06,75.6840
2014-03-07,75.2082
2014-03-10,75.3147
2014-03-11,75.5136
2014-03-12,76.0392
2014-03-13,77.0619
2014-03-14,77.0761
2014-03-17,76.5008
2014-03-18,76.7778
2014-03-19,76.1812
2014-03-20,76.0463
2014-03-21,76.8701
2014-03-24,77.4171
2014-03-25,77.1258
2014-03-26,77.7296
2014-03-27,78.1202
2014-03-28,77.6798
2014-03-31,77.4881
2014-04-01,76.8259
2014-04-02,76.3843
2014-04-03,76.7190
2014-04-04,77.2317
2014-04-07,77.6946
2014-04-08,77.8797
2014-04-09,77.4952
2014-04-10,78.2144
2014-04-11,78.8482
2014-04-14,78.6417
2014-04-15,79.1329
2014-04-16,79.2327
2014-04-17,78.3639
2014-04-21,78.2998
2014-04-22,78.5633
2014-04-23,79.0119
2014-04-24,79.1614
2014-04-25,79.2754
2014-04-28,78.8909
2014-04-29,78.7840
2014-04-30,79.1116
2014-05-01,79.9603
2014-05-02,80.4528
2014-05-05,79.9675
2014-05-06,80.2887
2014-05-07,80.0032
2014-05-08,79.6605
2014-05-09,79.4036
2014-05-12,79.0824
2014-05-13,79.7676
2014-05-14,80.6313
2014-05-15,81.2737
2014-05-16,81.0453
2014-05-19,80.4457
2014-05-20,80.6241
2014-05-21,80.1316
2014-05-22,80.0174
2014-05-23,80.4457
2014-05-27,80.9168
2014-05-28,81.9161
2014-05-29,81.4807
2014-05-30,81.4450
2014-06-02,80.8397
2014-06-03,79.8449
2014-06-04,79.8234
2014-06-05,79.8591
2014-06-06,79.8591
2014-06-09,79.7447
2014-06-10,79.4512
2014-06-11,79.5944
2014-06-12,80.3029
2014-06-13,80.2599
2014-06-16,80.4603
2014-06-17,79.8234
2014-06-18,80.4389
2014-06-19,79.4083
2014-06-20,80.0095
2014-06-23,79.7590
2014-06-24,80.5676
2014-06-25,80.7752
2014-06-26,81.1616
2014-06-27,81.0400
2014-06-30,81.2404
2014-07-01,80.5602
2014-07-02,79.6992
2014-07-03,79.4122
2014-07-07,79.9934
2014-07-08,80.8902
2014-07-09,80.9548
2014-07-10,80.9764
2014-07-11,81.4929
2014-07-14,81.1413
2014-07-15,80.9764
2014-07-16,81.4068
2014-07-17,82.4328
2014-07-18,82.1674
2014-07-21,82.5763
2014-07-22,82.7485
2014-07-23,82.6409
2014-07-24,82.0238
2014-07-25,82.9925
2014-07-28,82.8777
2014-07-29,83.1790
2014-07-30,82.0238
2014-07-31,81.7800
2014-08-01,82.4130
2014-08-04,82.1972
2014-08-05,82.4634
2014-08-06,82.5137
2014-08-07,83.2834
2014-08-08,83.1035
2014-08-11,83.0964
2014-08-12,82.5569
2014-08-13,83.0964
2014-08-14,83.7655
2014-08-15,84.6790
2014-08-18,83.8373
2014-08-19,83.5784
2014-08-20,83.4417
2014-08-21,83.9093
2014-08-22,84.3769
2014-08-25,84.6934
2014-08-26,84.4201
2014-08-27,85.1395
2014-08-28,85.5855
2014-08-29,85.6430
2014-09-02,84.1656
2014-09-03,84.6343
2014-09-04,83.6033
2014-09-05,83.4446
2014-09-08,83.4806
2014-09-09,83.4158
2014-09-10,82.8894
2014-09-11,82.6154
2014-09-12,81.7502
2014-09-15,81.8728
2014-09-16,81.5411
2014-09-17,81.3320
2014-09-18,81.5916
2014-09-19,82.6299
2014-09-22,82.7308
2014-09-23,83.2427
2014-09-24,82.7813
2014-09-25,83.7618
2014-09-26,83.6393
2014-09-29,84.3099
2014-09-30,83.8340
2014-10-01,85.4596
2014-10-02,84.7151
2014-10-03,85.0765
2014-10-06,85.1271
2014-10-07,86.2764
2014-10-08,86.2980
2014-10-09,85.9222
2014-10-10,86.7751
2014-10-13,87.3028
2014-10-14,87.8739
2014-10-15,88.5678
2014-10-16,88.0040
2014-10-17,87.5124
2014-10-20,87.8305
2014-10-21,87.1293
2014-10-22,87.2233
2014-10-23,86.4498
2014-10-24,86.5366
2014-10-27,86.6956
2014-10-28,86.1535
2014-10-29,86.3487
2014-10-30,86.4210
2014-10-31,86.1969
2014-11-03,86.1969
2014-11-04,86.4650
2014-11-05,86.3418
2014-11-06,85.7838
2014-11-07,86.7693
2014-11-10,85.9722
2014-11-11,86.0302
2014-11-12,85.9577
2014-11-13,86.1607
2014-11-14,86.5809
2014-11-17,86.3635
2014-11-18,86.6026
2014-11-19,86.0520
2014-11-20,86.5012
2014-11-21,87.0229
2014-11-24,87.0954
2014-11-25,87.8199
2014-11-26,88.0591
2014-11-28,88.7547
2014-12-01,88.2368
2014-12-02,87.3800
2014-12-03,87.7212
2014-12-04,88.4547
2014-12-05,87.9391
2014-12-08,89.0139
2014-12-09,89.4715
2014-12-10,90.1251
2014-12-11,90.4955
2014-12-12,91.7228
2014-12-15,91.5339
2014-12-16,92.6669
2014-12-17,91.8317
2014-12-18,90.1977
2014-12-19,91.4105
2014-12-22,91.5339
2014-12-23,89.7184
2014-12-24,90.2067
2014-12-26,90.5415
2014-12-29,91.2183
2014-12-30,91.4657
2014-12-31,91.6404
2015-01-02,92.6593
2015-01-05,94.1148
2015-01-06,95.8105
2015-01-07,95.6213
2015-01-08,94.3550
2015-01-09,95.3884
2015-01-12,95.9342
2015-01-13,95.9342
2015-01-14,96.6620
2015-01-15,98.1830
2015-01-16,96.9313
2015-01-20,98.2195
2015-01-21,97.0841
2015-01-22,96.7348
2015-01-23,98.0812
2015-01-26,97.7828
2015-01-27,97.9356
2015-01-28,99.5367
2015-01-29,98.8817
2015-01-30,100.6356
2015-02-02,100.2557
2015-02-03,98.1336
2015-02-04,98.3013
2015-02-05,97.2220
2015-02-06,95.5010
2015-02-09,95.3479
2015-02-10,94.5896
2015-02-11,94.7645
2015-02-12,94.4509
2015-02-13,93.4810
2015-02-17,92.0737
2015-02-18,92.6205
2015-02-19,92.0080
2015-02-20,92.2778
2015-02-23,93.3352
2015-02-24,94.5603
2015-02-25,94.9687
2015-02-26,93.6707
2015-02-27,94.4582
2015-03-02,92.6988
2015-03-03,92.3627
2015-03-04,92.3919
2015-03-05,92.2750
2015-03-06,90.2364
2015-03-09,91.0694
2015-03-10,92.2677
2015-03-11,92.9399
2015-03-12,92.8742
2015-03-13,92.5892
2015-03-16,93.4806
2015-03-17,94.2551
2015-03-18,96.0744
2015-03-19,95.5849
2015-03-20,96.0891
2015-03-23,95.9722
2015-03-24,96.9001
2015-03-25,96.0817
2015-03-26,94.5839
2015-03-27,95.7603
2015-03-30,95.2854
2015-03-31,95.4899
2015-04-01,96.7442
2015-04-02,95.7191
2015-04-06,95.1846
2015-04-07,95.9826
2015-04-08,96.0120
2015-04-09,94.7673
2015-04-10,94.9063
2015-04-13,95.0382
2015-04-14,95.7118
2015-04-15,95.6312
2015-04-16,95.1553
2015-04-17,96.2463
2015-04-20,95.3969
2015-04-21,94.9649
2015-04-22,93.5152
2015-04-23,93.9179
2015-04-24,94.5037
2015-04-27,94.5037
2015-04-28,93.2003
2015-04-29,92.0582
2015-04-30,92.2192
2015-05-01,90.9778
2015-05-04,90.1194
2015-05-05,89.9947
2015-05-06,88.4539
2015-05-07,89.6425
2015-05-08,89.8846
2015-05-11,87.6982
2015-05-12,87.9257
2015-05-13,87.2213
2015-05-14,87.4561
2015-05-15,89.2096
2015-05-18,87.7129
2015-05-19,86.9352
2015-05-20,87.0819
2015-05-21,88.2999
2015-05-22,88.3366
2015-05-26,89.8480
2015-05-27,90.0534
2015-05-28,89.8333
2015-05-29,90.0314
2015-06-01,89.0637
2015-06-02,87.8211
2015-06-03,86.4094
2015-06-04,87.5344
2015-06-05,86.4682
2015-06-08,86.3727
2015-06-09,85.6888
2015-06-10,84.9389
2015-06-11,86.7256
2015-06-12,86.7256
2015-06-15,86.8653
2015-06-16,87.5490
2015-06-17,86.8727
2015-06-18,86.4462
2015-06-19,87.5565
2015-06-22,85.7697
2015-06-23,85.2550
2015-06-24,85.9903
2015-06-25,85.6888
2015-06-26,84.7256
2015-06-29,86.9682
2015-06-30,86.3653
2015-07-01,85.1996
2015-07-02,85.4795
2015-07-06,87.0639
2015-07-07,87.8818
2015-07-08,88.6408
2015-07-09,86.8944
2015-07-10,85.5164
2015-07-13,85.2511
2015-07-14,85.5311
2015-07-15,86.4375
2015-07-16,87.0344
2015-07-17,87.4839
2015-07-20,87.1155
2015-07-21,87.5871
2015-07-22,88.1324
2015-07-23,89.2303
2015-07-24,89.4514
2015-07-27,89.9304
2015-07-28,89.2746
2015-07-29,88.9429
2015-07-30,89.6282
2015-07-31,90.2915
2015-08-03,91.2419
2015-08-04,90.5182
2015-08-05,89.8388
2015-08-06,90.6363
2015-08-07,91.8253
2015-08-10,90.6880
2015-08-11,92.1281
2015-08-12,91.6260
2015-08-13,91.3306
2015-08-14,91.5447
2015-08-17,91.9583
2015-08-18,91.2345
2015-08-19,92.1355
2015-08-20,93.0660
2015-08-21,93.3466
2015-08-24,93.3171
2015-08-25,91.8179
2015-08-26,90.0455
2015-08-27,90.0972
2015-08-28,90.3631
2015-08-31,89.6689
2015-09-01,90.3150
2015-09-02,89.5379
2015-09-03,89.9745
2015-09-04,90.7961
2015-09-08,89.4565
2015-09-09,89.8858
2015-09-10,89.2789
2015-09-11,89.8413
2015-09-14,89.9819
2015-09-15,88.2575
2015-09-16,87.9245
2015-09-17,88.9976
2015-09-18,90.3668
2015-09-21,88.8940
2015-09-22,90.1300
2015-09-23,90.1226
2015-09-24,90.7368
2015-09-25,89.9523
2015-09-28,91.4918
2015-09-29,91.7508
2015-09-30,91.4326
2015-10-01,91.8226
2015-10-02,92.3789
2015-10-05,91.1255
2015-10-06,91.5186
2015-10-07,91.2145
2015-10-08,90.4506
2015-10-09,90.6880
2015-10-12,91.3777
2015-10-13,91.5334
2015-10-14,92.3344
2015-10-15,91.8820
2015-10-16,91.9116
2015-10-19,91.6595
2015-10-20,91.0958
2015-10-21,92.0007
2015-10-22,92.1564
2015-10-23,91.3703
2015-10-26,91.9784
2015-10-27,92.2083
2015-10-28,91.8375
2015-10-29,90.3765
2015-10-30,91.0588
2015-11-02,90.6403
2015-11-03,89.8971
2015-11-04,90.0011
2015-11-05,89.7633
2015-11-06,88.4477
2015-11-09,87.9497
2015-11-10,88.2099
2015-11-11,88.0240
2015-11-12,88.4477
2015-11-13,88.9531
2015-11-16,88.8714
2015-11-17,89.0201
2015-11-18,89.2058
2015-11-19,89.8004
2015-11-20,89.5254
2015-11-23,89.8004
2015-11-24,89.7930
2015-11-25,90.0011
2015-11-27,89.9119
2015-11-30,90.2687
2015-12-01,91.4880
2015-12-02,91.5178
2015-12-03,89.0301
2015-12-04,89.8121
2015-12-07,90.6836
2015-12-08,90.7283
2015-12-09,90.6314
2015-12-10,90.7506
2015-12-11,92.1807
2015-12-14,90.9889
2015-12-15,90.4527
2015-12-16,90.2590
2015-12-17,91.2794
2015-12-18,91.7859
2015-12-21,91.7636
2015-12-22,91.1007
2015-12-23,90.4154
2015-12-24,90.9334
2015-12-28,91.2021
2015-12-29,89.6869
2015-12-30,89.5974
2015-12-31,90.0004
2016-01-04,90.6498
2016-01-05,90.2841
2016-01-06,91.5007
2016-01-07,91.6649
2016-01-08,92.0754
2016-01-11,91.0678
2016-01-12,92.3814
2016-01-13,93.2921
2016-01-14,92.4188
2016-01-15,93.8593
2016-01-19,93.5682
2016-01-20,94.5535
2016-01-21,93.9116
2016-01-22,93.5533
2016-01-25,94.0608
2016-01-26,94.1056
2016-01-27,94.0832
2016-01-28,94.2175
2016-01-29,95.0162
2016-02-01,94.7253
2016-02-02,96.4826
2016-02-03,95.6825
2016-02-04,96.1461
2016-02-05,96.2583
2016-02-08,98.3298
2016-02-09,98.4345
2016-02-10,99.3019
2016-02-11,99.9974
2016-02-12,98.3373
2016-02-16,97.2978
2016-02-17,96.6996
2016-02-18,97.8886
2016-02-19,97.9708
2016-02-22,97.9184
2016-02-23,98.3148
2016-02-24,98.1203
2016-02-25,98.4718
2016-02-26,97.5221
2016-02-29,97.9484
2016-03-01,96.2236
2016-03-02,96.6208
2016-03-03,96.9729
2016-03-04,96.3510
2016-03-07,96.3211
2016-03-08,97.3849
2016-03-09,96.7931
2016-03-10,96.3960
2016-03-11,95.4220
2016-03-14,95.7217
2016-03-15,95.8116
2016-03-16,96.0963
2016-03-17,96.4934
2016-03-18,96.6957
2016-03-21,95.9539
2016-03-22,95.9315
2016-03-23,97.0178
2016-03-24,97.0553
2016-03-28,97.1827
2016-03-29,98.2016
2016-03-30,97.1677
2016-03-31,97.8570
2016-04-01,98.1123
2016-04-04,98.1723
2016-04-05,99.2459
2016-04-06,98.5252
2016-04-07,99.7414
2016-04-08,99.1108
2016-04-11,98.9831
2016-04-12,98.2999
2016-04-13,98.6453
2016-04-14,98.1723
2016-04-15,99.0132
2016-04-18,98.5852
2016-04-19,98.2774
2016-04-20,97.1963
2016-04-21,96.6182
2016-04-22,96.3704
2016-04-25,95.9725
2016-04-26,95.5370
2016-04-27,96.4905
2016-04-28,96.8885
2016-04-29,97.1362
2016-05-02,96.1582
2016-05-03,97.3694
2016-05-04,97.9036
2016-05-05,98.5580
2016-05-06,98.1368
2016-05-09,98.4451
2016-05-10,98.4527
2016-05-11,99.0094
2016-05-12,98.5580
2016-05-13,99.5135
2016-05-16,98.6559
2016-05-17,98.8214
2016-05-18,97.4146
2016-05-19,97.8358
2016-05-20,97.9111
2016-05-23,98.1292
2016-05-24,97.6929
2016-05-25,97.3243
2016-05-26,97.8283
2016-05-27,97.6854
2016-05-31,97.9186
2016-06-01,98.3159
2016-06-02,99.0245
2016-06-03,100.4341
2016-06-06,99.6879
2016-06-07,99.9291
2016-06-08,100.4643
2016-06-09,101.1126
2016-06-10,101.6026
2016-06-13,102.0549
2016-06-14,101.9795
2016-06-15,102.3715
2016-06-16,102.8691
2016-06-17,102.2283
2016-06-20,101.1352
2016-06-21,100.6679
2016-06-22,100.8337
2016-06-23,99.6803
2016-06-24,102.3565
2016-06-27,104.9120
2016-06-28,105.1306
2016-06-29,104.3240
2016-06-30,104.7085
2016-07-01,106.1622
2016-07-05,107.4915
2016-07-06,107.6651
2016-07-07,107.6577
2016-07-08,108.4506
2016-07-11,107.4990
2016-07-12,105.7318
2016-07-13,106.9779
2016-07-14,105.4221
2016-07-15,104.5159
2016-07-18,104.4176
2016-07-19,105.0068
2016-07-20,104.4328
2016-07-21,104.6443
2016-07-22,104.8255
2016-07-25,104.7499
2016-07-26,104.9161
2016-07-27,106.2227
2016-07-28,106.0263
2016-07-29,106.9099
2016-08-01,105.7508
2016-08-02,104.6613
2016-08-03,104.7218
2016-08-04,105.5087
2016-08-05,104.4116
2016-08-08,104.6083
2016-08-09,105.6373
2016-08-10,106.0459
2016-08-11,105.1001
2016-08-12,105.9853
2016-08-15,104.9867
2016-08-16,104.7067
2016-08-17,105.3346
2016-08-18,105.5012
2016-08-19,104.9488
2016-08-22,105.8340
2016-08-23,105.9475
2016-08-24,105.6979
2016-08-25,105.2968
2016-08-26,104.6840
2016-08-29,106.0837
2016-08-30,105.6752
2016-08-31,105.8265
2016-09-01,105.9432
2016-09-02,105.0791
2016-09-06,105.8447
2016-09-07,105.7688
2016-09-08,104.4424
2016-09-09,102.7218
2016-09-12,102.7748
2016-09-13,101.6075
2016-09-14,101.7591
2016-09-15,101.3195
2016-09-16,102.1381
2016-09-19,101.8046
2016-09-20,102.1609
2016-09-21,102.9871
2016-09-22,103.8057
2016-09-23,103.7072
2016-09-26,104.3666
2016-09-27,105.1321
2016-09-28,104.9048
2016-09-29,105.1701
2016-09-30,104.2302
2016-10-03,103.8862
2016-10-04,102.6712
2016-10-05,102.1928
2016-10-06,101.6233
2016-10-07,101.6916
2016-10-10,101.0918
2016-10-11,100.8640
2016-10-12,100.9627
2016-10-13,101.3424
2016-10-14,99.9224
2016-10-17,100.5602
2016-10-18,100.8867
2016-10-19,100.9703
2016-10-20,101.0766
2016-10-21,101.2285
2016-10-24,100.7881
2016-10-25,101.0538
2016-10-26,100.3704
2016-10-27,99.2769
2016-10-28,99.0568
2016-10-31,99.6642
2016-11-01,99.6718
2016-11-02,100.1054
2016-11-03,99.3371
2016-11-04,100.2272
2016-11-07,99.3751
2016-11-08,98.9719
2016-11-09,94.7723
2016-11-10,93.3725
2016-11-11,92.8475
2016-11-14,92.2921
2016-11-15,92.7486
2016-11-16,93.5855
2016-11-17,92.2084
2016-11-18,91.9421
2016-11-21,92.1704
2016-11-22,92.1400
2016-11-23,91.7824
2016-11-25,91.9193
2016-11-28,92.5965
2016-11-29,92.9844
2016-11-30,91.4781
2016-12-01,90.5122
2016-12-02,91.1754
2016-12-05,91.0763
2016-12-06,91.0077
2016-12-07,91.7853
2016-12-08,90.7028
2016-12-09,89.5745
2016-12-12,89.7422
2016-12-13,90.0624
2016-12-14,89.0561
2016-12-15,89.5059
2016-12-16,89.3001
2016-12-19,90.2606
2016-12-20,89.8108
2016-12-21,90.2072
2016-12-22,90.0460
2016-12-23,90.2294
2016-12-27,89.9389
2016-12-28,90.5963
2016-12-29,90.9173
2016-12-30,91.0549
2017-01-03,91.4447
2017-01-04,91.7963
2017-01-05,93.2332
2017-01-06,92.3772
2017-01-09,93.1186
2017-01-10,93.0574
2017-01-11,93.3708
2017-01-12,93.1644
2017-01-13,92.7211
2017-01-17,93.6918
2017-01-18,92.4918
2017-01-19,91.8574
2017-01-20,91.6740
2017-01-23,92.5912
2017-01-24,91.9568
2017-01-25,90.8027
2017-01-26,91.1084
2017-01-27,91.4370
2017-01-30,91.1619
2017-01-31,91.7963
2017-02-01,91.2287
2017-02-02,91.1904
2017-02-03,91.1521
2017-02-06,91.7036
2017-02-07,92.3777
2017-02-08,93.6339
2017-02-09,92.5538
2017-02-10,92.5002
2017-02-13,92.2092
2017-02-14,91.5427
2017-02-15,91.1215
2017-02-16,91.6193
2017-02-17,92.1632
2017-02-21,92.0023
2017-02-22,92.1555
2017-02-23,92.4313
2017-02-24,93.4577
2017-02-27,92.9062
2017-02-28,93.2509
2017-03-01,91.6883
2017-03-02,91.3583
2017-03-03,91.5962
2017-03-06,91.1588
2017-03-07,90.8825
2017-03-08,90.3914
2017-03-09,89.6699
2017-03-10,89.9846
2017-03-13,89.4167
2017-03-14,89.8465
2017-03-15,90.9439
2017-03-16,90.4834
2017-03-17,91.0513
2017-03-20,91.4428
2017-03-21,92.2025
2017-03-22,92.5710
2017-03-23,92.4405
2017-03-24,92.7705
2017-03-27,93.1926
2017-03-28,92.5710
2017-03-29,93.1235
2017-03-30,92.3714
2017-03-31,92.6400
2017-04-03,93.5744
2017-04-04,93.0668
2017-04-05,93.3514
2017-04-06,93.2130
2017-04-07,92.8361
2017-04-10,93.2668
2017-04-11,94.1512
2017-04-12,94.6665
2017-04-13,94.9588
2017-04-17,94.6665
2017-04-18,95.9047
2017-04-19,95.3818
2017-04-20,95.0127
2017-04-21,95.0127
2017-04-24,94.5435
2017-04-25,93.4052
2017-04-26,93.9205
2017-04-27,93.8898
2017-04-28,94.0974
2017-05-01,93.3151
2017-05-02,93.7930
2017-05-03,93.8546
2017-05-04,93.3923
2017-05-05,93.4770
2017-05-08,92.9684
2017-05-09,92.9607
2017-05-10,92.8528
2017-05-11,92.8528
2017-05-12,93.5541
2017-05-15,93.2997
2017-05-16,93.6466
2017-05-17,95.0107
2017-05-18,95.1186
2017-05-19,95.3421
2017-05-22,95.0801
2017-05-23,94.4404
2017-05-24,94.9722
2017-05-25,95.0030
2017-05-26,95.1648
2017-05-30,95.6349
2017-05-31,95.8738
2017-06-01,95.8839
2017-06-02,97.0192
2017-06-05,96.4168
2017-06-06,96.9419
2017-06-07,96.4786
2017-06-08,96.2237
2017-06-09,96.0770
2017-06-12,96.0461
2017-06-13,96.0615
2017-06-14,97.5444
2017-06-15,97.3899
2017-06-16,97.5830
2017-06-19,97.4440
2017-06-20,98.3167
2017-06-21,98.5175
2017-06-22,98.7337
2017-06-23,98.6874
2017-06-26,99.0581
2017-06-27,98.0000
2017-06-28,97.6756
2017-06-29,96.8570
2017-06-30,96.6331
2017-07-03,96.3219
2017-07-05,96.3452
2017-07-06,95.5480
2017-07-07,94.9753
2017-07-10,95.1146
2017-07-11,95.2772
2017-07-12,95.9350
2017-07-13,95.3313
2017-07-14,95.4474
2017-07-17,95.7105
2017-07-18,96.5464
2017-07-19,96.5851
2017-07-20,96.8637
2017-07-21,97.2739
2017-07-24,96.8947
2017-07-25,95.6332
2017-07-26,95.7879
2017-07-27,95.3159
2017-07-28,95.8808
2017-07-31,95.9969
2017-08-01,96.6709
2017-08-02,96.7252
2017-08-03,97.7257
2017-08-04,96.8958
2017-08-07,97.0044
2017-08-08,96.6554
2017-08-09,97.1828
2017-08-10,98.0127
2017-08-11,98.0592
2017-08-14,97.5551
2017-08-15,97.1440
2017-08-16,97.5008
2017-08-17,98.2299
2017-08-18,98.2066
2017-08-21,98.4470
2017-08-22,98.0670
2017-08-23,98.7340
2017-08-24,98.3695
2017-08-25,98.7495
2017-08-28,98.6874
2017-08-29,99.0054
2017-08-30,98.9744
2017-08-31,99.2691
2017-09-01,98.5098
2017-09-05,100.0720
2017-09-06,99.4580
2017-09-07,100.4761
2017-09-08,100.2585
2017-09-11,99.0616
2017-09-12,98.5409
2017-09-13,98.1523
2017-09-14,98.5564
2017-09-15,98.5953
2017-09-18,98.0280
2017-09-19,97.7870
2017-09-20,97.8570
2017-09-21,97.8026
2017-09-22,98.0824
2017-09-25,98.6964
2017-09-26,98.5176
2017-09-27,97.0332
2017-09-28,96.7456
2017-09-29,96.9632
2017-10-02,96.7856
2017-10-03,96.8791
2017-10-04,96.8869
2017-10-05,96.5208
2017-10-06,96.2483
2017-10-09,96.5520
2017-10-10,96.7078
2017-10-11,96.8947
2017-10-12,97.3075
2017-10-13,98.0083
2017-10-16,97.9383
2017-10-17,98.0628
2017-10-18,97.4164
2017-10-19,97.5878
2017-10-20,96.5520
2017-10-23,96.7233
2017-10-24,96.1236
2017-10-25,95.6642
2017-10-26,95.3449
2017-10-27,95.9757
2017-10-30,96.8947
2017-10-31,96.9258
2017-11-01,97.3574
2017-11-02,97.7867
2017-11-03,98.0520
2017-11-06,98.4188
2017-11-07,98.8324
2017-11-08,98.6139
2017-11-09,98.3329
2017-11-10,96.8502
2017-11-13,97.0530
2017-11-14,97.7086
2017-11-15,98.7699
2017-11-16,97.9115
2017-11-17,98.6373
2017-11-20,98.5983
2017-11-21,98.9104
2017-11-22,99.2304
2017-11-24,98.9572
2017-11-27,98.8168
2017-11-28,98.9494
2017-11-29,97.9739
2017-11-30,97.6461
2017-12-01,98.9638
2017-12-04,99.0108
2017-12-05,99.5034
2017-12-06,99.8475
2017-12-07,99.0655
2017-12-08,99.0733
2017-12-11,98.8700
2017-12-12,98.8309
2017-12-13,99.5738
2017-12-14,99.9961
2017-12-15,100.3714
2017-12-18,99.4565
2017-12-19,98.1662
2017-12-20,97.0792
2017-12-21,97.6450
2017-12-22,97.7782
2017-12-26,98.0682
2017-12-27,99.3456
2017-12-28,99.2594
2017-12-29,99.4161
2018-01-02,98.3425
2018-01-03,98.8127
2018-01-04,98.7970
2018-01-05,98.5148
2018-01-08,98.4522
2018-01-09,97.1356
2018-01-10,97.0181
2018-01-11,97.4177
2018-01-12,97.5823
2018-01-16,97.9898
2018-01-17,97.8566
2018-01-18,96.9475
2018-01-19,96.4381
2018-01-22,96.5322
2018-01-23,96.9475
2018-01-24,96.4225
2018-01-25,97.2140
2018-01-26,96.8535
2018-01-29,96.1796
2018-01-30,95.6153
2018-01-31,96.1796
2018-02-01,94.7856
2018-02-02,93.9061
2018-02-05,94.7935
2018-02-06,94.2045
2018-02-07,93.3093
2018-02-08,93.2072
2018-02-09,92.6182
2018-02-12,93.0266
2018-02-13,93.4427
2018-02-14,92.4062
2018-02-15,92.7203
2018-02-16,93.2229
2018-02-20,92.8145
2018-02-21,91.6759
2018-02-22,91.9507
2018-02-23,92.7674
2018-02-26,92.7988
2018-02-27,92.6654
2018-02-28,93.2543
2018-03-01,93.8909
2018-03-02,93.1276
2018-03-05,92.8758
2018-03-06,92.9624
2018-03-07,92.8601
2018-03-08,93.3951
2018-03-09,92.7814
2018-03-12,93.3164
2018-03-13,93.7886
2018-03-14,94.6148
2018-03-15,94.6148
2018-03-16,94.2765
2018-03-19,93.9775
2018-03-20,93.5997
2018-03-21,93.7020
2018-03-22,94.6305
2018-03-23,94.5597
2018-03-26,94.1977
2018-03-27,95.2050
2018-03-28,95.4568
2018-03-29,95.9211
2018-04-02,96.1103
2018-04-03,95.3691
2018-04-04,95.1719
2018-04-05,94.4622
2018-04-06,95.4952
2018-04-09,95.6529
2018-04-10,95.4795
2018-04-11,95.8185
2018-04-12,95.1167
2018-04-13,95.3375
2018-04-16,95.3691
2018-04-17,95.6293
2018-04-18,94.8644
2018-04-19,94.0916
2018-04-20,93.4134
2018-04-23,93.4370
2018-04-24,93.0112
2018-04-25,92.3883
2018-04-26,93.0349
2018-04-27,93.7525
2018-04-30,93.9181
2018-05-01,93.5798
2018-05-02,93.4771
2018-05-03,93.8960
2018-05-04,94.0382
2018-05-07,93.8881
2018-05-08,93.8012
2018-05-09,93.2400
2018-05-10,93.9908
2018-05-11,94.2279
2018-05-14,93.7300
2018-05-15,92.6631
2018-05-16,92.3075
2018-05-17,91.8411
2018-05-18,92.6315
2018-05-21,92.6789
2018-05-22,92.5366
2018-05-23,93.2084
2018-05-24,93.9513
2018-05-25,94.5361
2018-05-29,96.6067
2018-05-30,95.9587
2018-05-31,95.8006
2018-06-01,95.2944
2018-06-04,94.6052
2018-06-05,94.8271
2018-06-06,94.0587
2018-06-07,94.9696
2018-06-08,94.6845
2018-06-11,94.5102
2018-06-12,94.5340
2018-06-13,94.4865
2018-06-14,95.2706
2018-06-15,95.3578
2018-06-18,95.2706
2018-06-19,95.8252
2018-06-20,94.9855
2018-06-21,95.4845
2018-06-22,95.4766
2018-06-25,95.6905
2018-06-26,95.8252
2018-06-27,96.7282
2018-06-28,96.7520
2018-06-29,96.4193
2018-07-02,96.3438
2018-07-03,96.8599
2018-07-05,97.1377
2018-07-06,97.4553
2018-07-09,96.8282
2018-07-10,96.8202
2018-07-11,97.1933
2018-07-12,97.1854
2018-07-13,97.4315
2018-07-16,97.0266
2018-07-17,96.8440
2018-07-18,96.4550
2018-07-19,97.0663
2018-07-20,95.8754
2018-07-23,94.6924
2018-07-24,95.0180
2018-07-25,94.8671
2018-07-26,94.6845
2018-07-27,94.8433
2018-07-30,94.5178
2018-07-31,95.0338
2018-08-01,94.2596
2018-08-02,94.3949
2018-08-03,94.8643
2018-08-06,94.9201
2018-08-07,94.4267
2018-08-08,94.5222
2018-08-09,95.3179
2018-08-10,96.0102
2018-08-13,95.8112
2018-08-14,95.5964
2018-08-15,96.1534
2018-08-16,96.1455
2018-08-17,96.2648
2018-08-20,96.9093
2018-08-21,96.5831
2018-08-22,96.9650
2018-08-23,97.1162
2018-08-24,97.3072
2018-08-27,96.7502
2018-08-28,96.1693
2018-08-29,96.2966
2018-08-30,96.5035
2018-08-31,96.2807
2018-09-04,95.7240
2018-09-05,95.4688
2018-09-06,95.8197
2018-09-07,95.0063
2018-09-10,95.3572
2018-09-11,94.6315
2018-09-12,94.8548
2018-09-13,94.9983
2018-09-14,94.5437
2018-09-17,94.5437
2018-09-18,93.5548
2018-09-19,92.9966
2018-09-20,93.4273
2018-09-21,93.3874
2018-09-24,93.1481
2018-09-25,93.0524
2018-09-26,93.7064
2018-09-27,93.7702
2018-09-28,93.5229
2018-10-01,92.8364
2018-10-02,93.4038
2018-10-03,91.7813
2018-10-04,91.1339
2018-10-05,90.3506
2018-10-08,90.0469
2018-10-09,90.9581
2018-10-10,90.7103
2018-10-11,91.8133
2018-10-12,91.4936
2018-10-15,91.4536
2018-10-16,91.6614
2018-10-17,91.1179
2018-10-18,91.0860
2018-10-19,90.8861
2018-10-22,90.7662
2018-10-23,91.0540
2018-10-24,91.7413
2018-10-25,91.3577
2018-10-26,91.9092
2018-10-29,91.7014
2018-10-30,91.2458
2018-10-31,90.7822
2018-11-01,90.8664
2018-11-02,89.7367
2018-11-05,90.0892
2018-11-06,90.0331
2018-11-07,90.1533
2018-11-08,90.1453
2018-11-09,90.8183
2018-11-12,91.4112
2018-11-13,91.3551
2018-11-14,91.4112
2018-11-15,91.3711
2018-11-16,91.8999
2018-11-19,92.1563
2018-11-20,92.1884
2018-11-21,92.1563
2018-11-23,92.2524
2018-11-26,92.0442
2018-11-27,92.1483
2018-11-28,91.6996
2018-11-29,92.0602
2018-11-30,92.4047
2018-12-03,93.0608
2018-12-04,94.6188
2018-12-06,94.9160
2018-12-07,95.0926
2018-12-10,95.4861
2018-12-11,95.4701
2018-12-12,95.0444
2018-12-13,94.8195
2018-12-14,95.1488
2018-12-17,95.7029
2018-12-18,96.2761
2018-12-19,97.5480
2018-12-20,97.1937
2018-12-21,97.1776
2018-12-24,97.6607
2018-12-26,96.6142
2018-12-27,96.6303
2018-12-28,97.4433
2018-12-31,97.8136
2019-01-02,98.3288
2019-01-03,99.4477
2019-01-04,98.2966
2019-01-07,98.0068
2019-01-08,97.7492
2019-01-09,97.5963
2019-01-10,96.9684
2019-01-11,97.3467
2019-01-14,96.9845
2019-01-15,96.6303
2019-01-16,96.7269
2019-01-17,96.7510
2019-01-18,96.2439
2019-01-22,96.8959
2019-01-23,96.8557
2019-01-24,97.4916
2019-01-25,97.0247
2019-01-28,96.9281
2019-01-29,97.4191
2019-01-30,97.3467
2019-01-31,98.1839
2019-02-01,97.5909
2019-02-04,97.1552
2019-02-05,97.5989
2019-02-06,97.6474
2019-02-07,98.2928
2019-02-08,98.7124
2019-02-11,98.3251
2019-02-12,98.0750
2019-02-13,97.7038
2019-02-14,98.2606
2019-02-15,98.4138
2019-02-19,98.6640
2019-02-20,98.3816
2019-02-21,97.5021
2019-02-22,98.0831
2019-02-25,97.7926
2019-02-26,98.2767
2019-02-27,97.1633
2019-02-28,96.8325
2019-03-01,95.9375
2019-03-04,96.6894
2019-03-05,96.8915
2019-03-06,97.2473
2019-03-07,97.8779
2019-03-08,98.2903
2019-03-11,97.9992
2019-03-12,98.6864
2019-03-13,98.5005
2019-03-14,97.7890
2019-03-15,98.4358
2019-03-18,98.3792
2019-03-19,98.1609
2019-03-20,99.1877
2019-03-21,99.4060
2019-03-22,100.9502
2019-03-25,101.1119
2019-03-26,101.0392
2019-03-27,101.9689
2019-03-28,102.3247
2019-03-29,102.2276
2019-04-01,100.7756
2019-04-02,100.9620
2019-04-03,100.0869
2019-04-04,100.3705
2019-04-05,100.5002
2019-04-08,100.1436
2019-04-09,100.4596
2019-04-10,100.7027
2019-04-11,100.1112
2019-04-12,99.3982
2019-04-15,99.6493
2019-04-16,99.0254
2019-04-17,99.0659
2019-04-18,99.5845
2019-04-22,99.1065
2019-04-23,99.3171
2019-04-24,100.1274
2019-04-25,99.9816
2019-04-26,100.3219
2019-04-29,99.6817
2019-04-30,100.1923
2019-05-01,100.6056
2019-05-02,100.1264
2019-05-03,100.4107
2019-05-06,100.6867
2019-05-07,101.4581
2019-05-08,101.0197
2019-05-09,101.4338
2019-05-10,101.2957
2019-05-13,102.0915
2019-05-14,101.7910
2019-05-15,102.4163
2019-05-16,102.0753
2019-05-17,102.3026
2019-05-20,102.0915
2019-05-21,101.9291
2019-05-22,102.5137
2019-05-23,103.6667
2019-05-24,103.7560
2019-05-28,104.5031
2019-05-29,104.8197
2019-05-30,105.7211
2019-05-31,107.0446
2019-06-03,107.7606
2019-06-04,106.5320
2019-06-05,105.9298
2019-06-06,106.2716
2019-06-07,107.1911
2019-06-10,106.1821
2019-06-11,106.2472
2019-06-12,106.3286
2019-06-13,106.6947
2019-06-14,106.9633
2019-06-17,107.1504
2019-06-18,107.6874
2019-06-19,107.8420
2019-06-20,108.1268
2019-06-21,106.9389
2019-06-24,107.7362
2019-06-25,108.0698
2019-06-26,107.3782
2019-06-27,108.1349
2019-06-28,108.0617
2019-07-01,107.8089
2019-07-02,108.6405
2019-07-03,109.4150
2019-07-05,107.9639
2019-07-08,108.1106
2019-07-09,108.0698
2019-07-10,107.4747
2019-07-11,106.0399
2019-07-12,106.1621
2019-07-15,106.7736
2019-07-16,106.4556
2019-07-17,107.6051
2019-07-18,107.6133
2019-07-19,107.3606
2019-07-22,107.5644
2019-07-23,106.9774
2019-07-24,107.4421
2019-07-25,106.9285
2019-07-26,107.1812
2019-07-29,107.2138
2019-07-30,107.4747
2019-07-31,108.3388
2019-08-01,110.4905
2019-08-02,111.5116
2019-08-05,113.4394
2019-08-06,114.3462
2019-08-07,114.3870
2019-08-08,114.6321
2019-08-09,114.4034
2019-08-12,116.7886
2019-08-13,116.3883
2019-08-14,119.0105
2019-08-15,120.3338
2019-08-16,119.3700
2019-08-19,117.6627
2019-08-20,118.8799
2019-08-21,118.0875
2019-08-22,117.3033
2019-08-23,119.2311
2019-08-26,118.7491
2019-08-27,120.5789
2019-08-28,120.7341
2019-08-29,120.2767
2019-08-30,120.3093
2019-09-03,120.4648
2019-09-04,120.6449
2019-09-05,118.4599
2019-09-06,119.3028
2019-09-09,117.1834
2019-09-10,115.1294
2019-09-11,114.9248
2019-09-12,114.1720
2019-09-13,111.7334
2019-09-16,113.1572
2019-09-17,113.7710
2019-09-18,114.2538
2019-09-19,114.5975
2019-09-20,116.1114
2019-09-23,116.0868
2019-09-24,117.4862
2019-09-25,115.7677
2019-09-26,116.5123
2019-09-27,116.7988
2019-09-30,117.0851
2019-10-01,117.4377
2019-10-02,117.7246
2019-10-03,118.7984
2019-10-04,119.6755
2019-10-07,118.6837
2019-10-08,119.0034
2019-10-09,118.3312
2019-10-10,116.5687
2019-10-11,115.1259
2019-10-14,115.9621
2019-10-15,114.5604
2019-10-16,114.6997
2019-10-17,114.4210
2019-10-18,114.4210
2019-10-21,113.5603
2019-10-22,114.2242
2019-10-23,114.3390
2019-10-24,114.1095
2019-10-25,113.5520
2019-10-28,112.5192
2019-10-29,112.5929
2019-10-30,114.2407
2019-10-31,115.7818
2019-11-01,115.4254
2019-11-04,113.9062
2019-11-05,112.6251
2019-11-06,113.3067
2019-11-07,111.2538
2019-11-08,110.7857
2019-11-11,110.8596
2019-11-12,111.3687
2019-11-13,112.0914
2019-11-14,113.2493
2019-11-15,113.1261
2019-11-18,113.3314
2019-11-19,114.2757
2019-11-20,115.4582
2019-11-21,114.7356
2019-11-22,114.8834
2019-11-25,115.2201
2019-11-26,115.8934
2019-11-27,115.5567
2019-11-29,115.3103
2019-12-02,113.7730
2019-12-03,116.1586
2019-12-04,114.9986
2019-12-05,114.4393
2019-12-06,113.8059
2019-12-09,114.0527
2019-12-10,114.0609
2019-12-11,114.9575
2019-12-12,113.0655
2019-12-13,114.3734
2019-12-16,113.3452
2019-12-17,113.1889
2019-12-18,112.2594
2019-12-19,112.4390
2019-12-20,112.5873
2019-12-23,112.4225
2019-12-24,112.7439
2019-12-26,113.0157
2019-12-27,113.1394
2019-12-30,112.7274
2019-12-31,111.6233
2020-01-02,112.8839
2020-01-03,114.6223
2020-01-06,113.9715
2020-01-07,113.4112
2020-01-08,112.6615
2020-01-09,113.0570
2020-01-10,114.0622
2020-01-13,113.7161
2020-01-14,114.3011
2020-01-15,115.0590
2020-01-16,114.6965
2020-01-17,113.7161
2020-01-21,114.9108
2020-01-22,115.3144
2020-01-23,116.1219
2020-01-24,117.0612
2020-01-27,118.8820
2020-01-28,117.9510
2020-01-29,119.1044
2020-01-30,119.1210
2020-01-31,120.2085
2020-02-03,120.1111
2020-02-04,118.4936
2020-02-05,117.1979
2020-02-06,117.7260
2020-02-07,119.1950
2020-02-10,119.5252
2020-02-11,118.9227
2020-02-12,118.3202
2020-02-13,118.7741
2020-02-14,119.2941
2020-02-18,120.1111
2020-02-19,120.1028
2020-02-20,121.0437
2020-02-21,122.1743
2020-02-24,123.9982
2020-02-25,124.6584
2020-02-26,123.9982
2020-02-27,125.3434
2020-02-28,128.1740
2020-03-02,127.2310
2020-03-03,129.2064
2020-03-04,127.8344
2020-03-05,131.0164
2020-03-06,137.8350
2020-03-09,141.5708
2020-03-10,134.3142
2020-03-11,129.3717
2020-03-12,130.1734
2020-03-13,127.2310
2020-03-16,135.4712
2020-03-17,126.4376
2020-03-18,119.3049
2020-03-19,122.5531
2020-03-20,131.7685
2020-03-23,137.1986
2020-03-24,134.6447
2020-03-25,134.3389
2020-03-26,135.0002
2020-03-27,138.6037
2020-03-30,137.4631
2020-03-31,136.3473
2020-04-01,138.2576
2020-04-02,139.1350
2020-04-03,139.4660
2020-04-06,139.1019
2020-04-07,137.6451
2020-04-08,136.6436
2020-04-09,136.8919
2020-04-13,135.6422
2020-04-14,135.6090
2020-04-15,139.2012
2020-04-16,140.7821
2020-04-17,138.8950
2020-04-20,140.0123
2020-04-21,141.7753
2020-04-22,140.3269
2020-04-23,141.0718
2020-04-24,141.4029
2020-04-27,138.7708
2020-04-28,140.3682
2020-04-29,139.6398
2020-04-30,138.0094
2020-05-01,139.1912
2020-05-04,138.5364
2020-05-05,137.6497
2020-05-06,135.4285
2020-05-07,137.6910
2020-05-08,135.9009
2020-05-11,134.8401
2020-05-12,136.2243
2020-05-13,137.1772
2020-05-14,138.5199
2020-05-15,138.1634
2020-05-18,135.1301
2020-05-19,135.6357
2020-05-20,136.0418
2020-05-21,136.3817
2020-05-22,137.2021
2020-05-26,135.3622
2020-05-27,135.1136
2020-05-28,134.6163
2020-05-29,135.5777
2020-06-01,134.6649
2020-06-02,134.1753
2020-06-03,132.3912
2020-06-04,130.4743
2020-06-05,129.5448
2020-06-08,130.0427
2020-06-09,131.5198
2020-06-10,133.4700
2020-06-11,135.9926
2020-06-12,134.6815
2020-06-15,134.7562
2020-06-16,132.6899
2020-06-17,133.2377
2020-06-18,134.6483
2020-06-19,134.7562
2020-06-22,134.7729
2020-06-23,133.8517
2020-06-24,135.2873
2020-06-25,135.6773
2020-06-26,137.1295
2020-06-29,136.6980
2020-06-30,136.0341
2020-07-01,135.7699
2020-07-02,135.9112
2020-07-06,135.3545
2020-07-07,137.2572
2020-07-08,136.7087
2020-07-09,138.8855
2020-07-10,138.1875
2020-07-13,138.6445
2020-07-14,138.8439
2020-07-15,138.1959
2020-07-16,138.8523
2020-07-17,138.5615
2020-07-20,138.9021
2020-07-21,138.9851
2020-07-22,139.4006
2020-07-23,141.0289
2020-07-24,141.0206
2020-07-27,140.4973
2020-07-28,141.4693
2020-07-29,141.2283
2020-07-30,142.1588
2020-07-31,142.0674
2020-08-03,141.3522
2020-08-04,142.6996
2020-08-05,141.4520
2020-08-06,142.2421
2020-08-07,141.2939
2020-08-10,140.6618
2020-08-11,138.9900
2020-08-12,137.7258
2020-08-13,136.2536
2020-08-14,135.7213
2020-08-17,136.0624
2020-08-18,137.0354
2020-08-19,136.1788
2020-08-20,137.4098
2020-08-21,138.2332
2020-08-24,138.0085
2020-08-25,136.9522
2020-08-26,136.4283
2020-08-27,134.1078
2020-08-28,134.0080
2020-08-31,134.8979
2020-09-01,136.4408
2020-09-02,137.7398
2020-09-03,138.1312
2020-09-04,135.5083
2020-09-08,136.3410
2020-09-09,135.9745
2020-09-10,136.6657
2020-09-11,136.9571
2020-09-14,136.9488
2020-09-15,136.6158
2020-09-16,136.2077
2020-09-17,136.6240
2020-09-18,136.1994
2020-09-21,136.8905
2020-09-22,136.7823
2020-09-23,136.9654
2020-09-24,137.4901
2020-09-25,137.4901
2020-09-28,137.0987
2020-09-29,137.2569
2020-09-30,135.9413
2020-10-01,136.1655
2020-10-02,135.6571
2020-10-05,133.0064
2020-10-06,133.7233
2020-10-07,132.7480
2020-10-08,133.4648
2020-10-09,133.4398
2020-10-12,133.8649
2020-10-13,134.8235
2020-10-14,135.1319
2020-10-15,134.8985
2020-10-16,134.5234
2020-10-19,134.0150
2020-10-20,132.7397
2020-10-21,132.2812
2020-10-22,130.9060
2020-10-23,131.7061
2020-10-26,132.9314
2020-10-27,133.8233
2020-10-28,133.9483
2020-10-29,132.6480
2020-10-30,131.3394
2020-11-02,132.3231
2020-11-03,131.5554
2020-11-04,134.4093
2020-11-05,134.6429
2020-11-06,133.0157
2020-11-09,130.2204
2020-11-10,129.4694
2020-11-11,129.9367
2020-11-12,132.1479
2020-11-13,131.9727
2020-11-16,131.6555
2020-11-17,132.5150
2020-11-18,132.8989
2020-11-19,133.5832
2020-11-20,134.7681
2020-11-23,134.1505
2020-11-24,132.8155
2020-11-25,132.4066
2020-11-27,133.6915
2020-11-30,133.5247
2020-12-01,131.5560
2020-12-02,130.5119
2020-12-03,131.5643
2020-12-04,129.6348
2020-12-07,130.8042
2020-12-08,131.4223
2020-12-09,130.9880
2020-12-10,132.1490
2020-12-11,132.6168
2020-12-14,132.2492
2020-12-15,131.8066
2020-12-16,131.4557
2020-12-17,131.1079
2020-12-18,130.7149
2020-12-21,131.2333
2020-12-22,131.9105
2020-12-23,130.9992
2020-12-24,131.5176
2020-12-28,131.5762
2020-12-29,131.4089
2020-12-30,131.6932
2020-12-31,131.8855
2021-01-04,131.7266
2021-01-05,130.7484
2021-01-06,128.0643
2021-01-07,126.9356
2021-01-08,126.5258
2021-01-11,126.3168
2021-01-12,126.2164
2021-01-13,127.6379
2021-01-14,126.4423
2021-01-15,126.9439
2021-01-19,127.3536
2021-01-20,127.4790
2021-01-21,126.5843
2021-01-22,126.9941
2021-01-25,128.4907
2021-01-26,128.2483
2021-01-27,128.5744
2021-01-28,127.8636
2021-01-29,127.0943
2021-02-01,127.2417
2021-02-02,126.4214
2021-02-03,125.2996
2021-02-04,124.9648
2021-02-05,123.9184
2021-02-08,124.4625
2021-02-09,124.5545
2021-02-10,125.3833
2021-02-11,124.6969
2021-02-12,123.1482
2021-02-16,121.2730
2021-02-17,122.0432
2021-02-18,121.5493
2021-02-19,119.9337
2021-02-22,119.0213
2021-02-23,118.6780
2021-02-24,117.8995
2021-02-25,115.9742
2021-02-26,119.8081
2021-03-01,118.2258
2021-03-02,118.2341
2021-03-03,116.9518
2021-03-04,116.1975
2021-03-05,116.4238
2021-03-08,115.5186
2021-03-09,117.1194
2021-03-10,117.3541
2021-03-11,116.5076
2021-03-12,114.0351
2021-03-15,114.7056
2021-03-16,114.2446
2021-03-17,113.3898
2021-03-18,112.2415
2021-03-19,112.9372
2021-03-22,114.2028
2021-03-23,115.2336
2021-03-24,115.8538
2021-03-25,114.9403
2021-03-26,114.5380
2021-03-29,113.5658
2021-03-30,114.1609
2021-03-31,113.5239
2021-04-01,115.4080
2021-04-05,114.9045
2021-04-06,115.6850
2021-04-07,114.8793
2021-04-08,115.8276
2021-04-09,115.4080
2021-04-12,115.3577
2021-04-13,116.2221
2021-04-14,115.8528
2021-04-15,117.7916
2021-04-16,116.8768
2021-04-19,116.5410
2021-04-20,117.0782
2021-04-21,117.3132
2021-04-22,117.8251
2021-04-23,117.5482
2021-04-26,117.3803
2021-04-27,116.3564
2021-04-28,116.4319
2021-04-29,116.0878
2021-04-30,116.3564
2021-05-03,116.4262
2021-05-04,117.2163
2021-05-05,117.4096
2021-05-06,117.6029
2021-05-07,117.0229
2021-05-10,115.8378
2021-05-11,115.1822
2021-05-12,113.9719
2021-05-13,114.1484
2021-05-14,115.2158
2021-05-17,114.9721
2021-05-18,114.6779
2021-05-19,114.4006
2021-05-20,115.3419
2021-05-21,115.7117
2021-05-24,116.1404
2021-05-25,117.2163
2021-05-26,117.0145
2021-05-27,116.5438
2021-05-28,116.3589
2021-06-01,116.3328
2021-06-02,116.6022
2021-06-03,116.1645
2021-06-04,117.7553
2021-06-07,117.3934
2021-06-08,118.2183
2021-06-09,119.2620
2021-06-10,119.9774
2021-06-11,119.7838
2021-06-14,118.8664
2021-06-15,118.7233
2021-06-16,118.6223
2021-06-17,120.3983
2021-06-18,122.6625
2021-06-21,120.6087
2021-06-22,120.9034
2021-06-23,120.5919
2021-06-24,120.7855
2021-06-25,119.5313
2021-06-28,120.7603
2021-06-29,120.9623
2021-06-30,121.5010
2021-07-01,121.5077
2021-07-02,122.2409
2021-07-06,123.6737
2021-07-07,124.7693
2021-07-08,125.2582
2021-07-09,123.4967
2021-07-12,123.3366
2021-07-13,122.3927
2021-07-14,123.7833
2021-07-15,125.1486
2021-07-16,124.9127
2021-07-19,127.6518
2021-07-20,126.4212
2021-07-21,124.8199
2021-07-22,125.9999
2021-07-23,125.1571
2021-07-26,124.7862
2021-07-27,126.1178
2021-07-28,126.1263
2021-07-29,125.4268
2021-07-30,126.0167
2021-08-02,127.1407
2021-08-03,127.2082
2021-08-04,127.4698
2021-08-05,126.8200
2021-08-06,124.7020
2021-08-09,124.2548
2021-08-10,123.6810
2021-08-11,123.6050
2021-08-12,123.4025
2021-08-13,125.3518
2021-08-16,125.6556
2021-08-17,125.6049
2021-08-18,126.0269
2021-08-19,126.9551
2021-08-20,127.0395
2021-08-23,126.9551
2021-08-24,125.9678
2021-08-25,124.9214
2021-08-26,125.2673
2021-08-27,126.1196
2021-08-30,126.4487
2021-08-31,125.5880
2021-09-01,125.7984
2021-09-02,126.3476
2021-09-03,125.1985
2021-09-07,124.1424
2021-09-08,124.9873
2021-09-09,126.4997
2021-09-10,125.3844
2021-09-13,126.1449
2021-09-14,127.6742
2021-09-15,127.2263
2021-09-16,126.6433
2021-09-17,126.0349
2021-09-20,127.5981
2021-09-21,127.4883
2021-09-22,128.2487
2021-09-23,125.3506
2021-09-24,124.1255
2021-09-27,123.6692
2021-09-28,121.7429
2021-09-29,121.9541
2021-09-30,121.9372
2021-10-01,122.9634
2021-10-04,122.6503
2021-10-05,121.4660
2021-10-06,122.1512
2021-10-07,120.8738
2021-10-08,120.0278
2021-10-11,119.7232
2021-10-12,121.7705
2021-10-13,122.9549
2021-10-14,123.4117
2021-10-15,122.6926
2021-10-18,123.2679
2021-10-19,121.5675
2021-10-20,120.7469
2021-10-21,120.6031
2021-10-22,121.9313
2021-10-25,121.7451
2021-10-26,122.7519
2021-10-27,124.9853
2021-10-28,124.5623
2021-10-29,124.9430
2021-11-01,124.0434
2021-11-02,124.5940
2021-11-03,123.3065
2021-11-04,124.6024
2021-11-05,126.4660
2021-11-08,126.2288
2021-11-09,127.8721
2021-11-10,125.5342
2021-11-11,125.3479
2021-11-12,124.7973
2021-11-15,123.2302
2021-11-16,122.9168
2021-11-17,123.8909
2021-11-18,124.3568
2021-11-19,125.6698
2021-11-22,124.1958
2021-11-23,122.4001
2021-11-24,124.3653
2021-11-26,127.5079
2021-11-29,126.4829
2021-11-30,128.4057
2021-12-01,129.1978
2021-12-02,129.3590
2021-12-03,130.9025
2021-12-06,129.1046
2021-12-07,128.0614
2021-12-08,125.8479
2021-12-09,126.5518
2021-12-10,126.2465
2021-12-13,128.1122
2021-12-14,127.8070
2021-12-15,126.5772
2021-12-16,126.6265
2021-12-17,128.0614
2021-12-20,127.1020
2021-12-21,126.6181
2021-12-22,127.2039
2021-12-23,126.1001
2021-12-27,126.4057
2021-12-28,125.9048
2021-12-29,124.5294
2021-12-30,125.5737
2021-12-31,125.8200
2022-01-03,122.5171
2022-01-04,122.0077
2022-01-05,121.3455
2022-01-06,121.6596
2022-01-07,120.7850
2022-01-10,121.0822
2022-01-11,121.8889
2022-01-12,121.4219
2022-01-13,122.5002
2022-01-14,120.6492
2022-01-18,118.9512
2022-01-19,119.7747
2022-01-20,120.5134
2022-01-21,121.9483
2022-01-24,120.9464
2022-01-25,120.7511
2022-01-26,119.2908
2022-01-27,121.4813
2022-01-28,121.5237
2022-01-31,120.8954
2022-02-01,120.4942
2022-02-02,120.9023
2022-02-03,119.9585
2022-02-04,118.1900
2022-02-07,118.2666
2022-02-08,117.4758
2022-02-09,117.6969
2022-02-10,115.8264
2022-02-11,117.5439
2022-02-14,116.0815
2022-02-15,114.7636
2022-02-16,115.4438
2022-02-17,116.3025
2022-02-18,117.5268
2022-02-22,117.8329
2022-02-23,116.2090
2022-02-24,116.2855
2022-02-25,116.3706
2022-02-28,118.9212
2022-03-01,120.2961
2022-03-02,116.1841
2022-03-03,117.3675
2022-03-04,119.3938
2022-03-07,118.4827
2022-03-08,117.2909
2022-03-09,116.1416
2022-03-10,114.4729
2022-03-11,114.8560
2022-03-14,112.1743
2022-03-15,111.9784
2022-03-16,113.0767
2022-03-17,112.2339
2022-03-18,113.6045
2022-03-21,110.9738
2022-03-22,109.5521
2022-03-23,111.9529
2022-03-24,111.0760
2022-03-25,109.5351
2022-03-28,110.4715
2022-03-29,111.3059
2022-03-30,112.1743
2022-03-31,112.4467
2022-04-01,112.8747
2022-04-04,112.0903
2022-04-05,109.5579
2022-04-06,108.6711
2022-04-07,107.8526
2022-04-08,106.6844
2022-04-11,104.9962
2022-04-12,104.8512
2022-04-13,105.0644
2022-04-14,102.9583
2022-04-18,102.4467
2022-04-19,101.6793
2022-04-20,103.7257
2022-04-21,102.9583
2022-04-22,102.3103
2022-04-25,103.3335
2022-04-26,104.3737
2022-04-27,103.0350
2022-04-28,103.1885
2022-04-29,101.8499
2022-05-02,100.0844
2022-05-03,100.7592
2022-05-04,101.3144
2022-05-05,98.5385
2022-05-06,97.0865
2022-05-09,97.9406
2022-05-10,98.8289
2022-05-11,100.7335
2022-05-12,100.5456
2022-05-13,99.0595
2022-05-16,98.9570
2022-05-17,97.7612
2022-05-18,99.8453
2022-05-19,100.0844
2022-05-20,101.2204
2022-05-23,99.5549
2022-05-24,101.5193
2022-05-25,101.9208
2022-05-26,101.4595
2022-05-27,101.7072
2022-05-31,99.5549
2022-06-01,99.4411
2022-06-02,99.4924
2022-06-03,99.2785
2022-06-06,97.4475
2022-06-07,98.4999
2022-06-08,97.6272
2022-06-09,97.9523
2022-06-10,97.3448
2022-06-13,94.2902
2022-06-14,93.1009
2022-06-15,94.8378
2022-06-16,95.5907
2022-06-17,95.8988
2022-06-21,94.2731
2022-06-22,96.8656
2022-06-23,97.6614
2022-06-24,96.3095
2022-06-27,95.4881
2022-06-28,95.9330
2022-06-29,97.4304
2022-06-30,98.2860
2022-07-01,99.2950
2022-07-05,100.0752
2022-07-06,98.3949
2022-07-07,97.5290
2022-07-08,96.4487
2022-07-11,98.1119
2022-07-12,98.6949
2022-07-13,99.8266
2022-07-14,99.0121
2022-07-15,99.5694
2022-07-18,98.5321
2022-07-19,98.0005
2022-07-20,98.2577
2022-07-21,99.9552
2022-07-22,101.6355
2022-07-25,100.6411
2022-07-26,100.7182
2022-07-27,100.1524
2022-07-28,100.9497
2022-07-29,100.6753
2022-08-01,103.0999
2022-08-02,100.9184
2022-08-03,102.5073
2022-08-04,102.4730
2022-08-05,100.0338
2022-08-08,101.6484
2022-08-09,101.2534
2022-08-10,100.5920
2022-08-11,98.2473
2022-08-12,99.2436
2022-08-15,99.1577
2022-08-16,99.5700
2022-08-17,98.5307
2022-08-18,98.6767
2022-08-19,97.0878
2022-08-22,96.7614
2022-08-23,96.2289
2022-08-24,95.5246
2022-08-25,96.8559
2022-08-26,97.5860
2022-08-29,96.7786
2022-08-30,97.0191
2022-08-31,96.0915
2022-09-01,94.3322
2022-09-02,94.8659
2022-09-06,92.5162
2022-09-07,93.9794
2022-09-08,93.0154
2022-09-09,93.2219
2022-09-12,92.4559
2022-09-13,92.6711
2022-09-14,92.9896
2022-09-15,92.9293
2022-09-16,92.1547
2022-09-19,92.3699
2022-09-20,91.4489
2022-09-21,92.9809
2022-09-22,90.6054
2022-09-23,90.9755
2022-09-26,89.2369
2022-09-27,86.8872
2022-09-28,89.7964
2022-09-29,89.3316
2022-09-30,88.1782
2022-10-03,89.5794
2022-10-04,89.3292
2022-10-05,88.4751
2022-10-06,87.9833
2022-10-07,87.1292
2022-10-10,85.7746
2022-10-11,86.1542
2022-10-12,86.5770
2022-10-13,85.7487
2022-10-14,85.0413
2022-10-17,84.6272
2022-10-18,84.8256
2022-10-19,83.2813
2022-10-20,81.8578
2022-10-21,80.3824
2022-10-24,79.7181
2022-10-25,82.0389
2022-10-26,83.2209
2022-10-27,84.0923
2022-10-28,83.5143
2022-10-31,82.9189
2022-11-01,83.6939
2022-11-02,83.3306
2022-11-03,82.8809
2022-11-04,81.4884
2022-11-07,80.6754
2022-11-08,81.5576
2022-11-09,81.8257
2022-11-10,84.9739
2022-11-11,84.6625
2022-11-14,84.4550
2022-11-15,85.8215
2022-11-16,87.6983
2022-11-17,86.7728
2022-11-18,86.1760
2022-11-21,86.5393
2022-11-22,87.7674
2022-11-23,89.2983
2022-11-25,88.9955
2022-11-28,89.2464
2022-11-29,88.1998
2022-11-30,88.8485
2022-12-01,91.6869
2022-12-02,92.8399
2022-12-05,91.5395
2022-12-06,92.7185
2022-12-07,94.9032
2022-12-08,94.6431
2022-12-09,92.1810
2022-12-12,92.4758
2022-12-13,93.3687
2022-12-14,93.7675
2022-12-15,94.1334
2022-12-16,93.0818
2022-12-19,91.5176
2022-12-20,89.8925
2022-12-21,90.1184
2022-12-22,90.1010
2022-12-23,88.7802
2022-12-27,87.0247
2022-12-28,86.5120
2022-12-29,87.4940
2022-12-30,86.5207
2023-01-03,88.1718
2023-01-04,89.3798
2023-01-05,89.7534
2023-01-06,91.4046
2023-01-09,91.8913
2023-01-10,90.3704
2023-01-11,91.8391
2023-01-12,93.6467
2023-01-13,92.7690
2023-01-17,92.1693
2023-01-18,94.4027
2023-01-19,93.8118
2023-01-20,92.2910
2023-01-23,91.8565
2023-01-24,93.1774
2023-01-25,93.4034
2023-01-26,92.9688
2023-01-27,92.7342
2023-01-30,92.3953
2023-01-31,93.1339
2023-02-01,94.2535
2023-02-02,94.3755
2023-02-03,92.9641
2023-02-06,92.2757
2023-02-07,91.5352
2023-02-08,91.9708
2023-02-09,91.0996
2023-02-10,90.0802
2023-02-13,90.8382
2023-02-14,90.6291
2023-02-15,89.7840
2023-02-16,88.5119
2023-02-17,89.2002
2023-02-21,87.4664
2023-02-22,88.2679
2023-02-23,89.1305
2023-02-24,87.9717
2023-02-27,88.2157
2023-02-28,88.6165
2023-03-01,87.6644
2023-03-02,86.8871
2023-03-03,88.9920
2023-03-06,88.3020
2023-03-07,88.8435
2023-03-08,88.9309
2023-03-09,89.1492
2023-03-10,92.2236
2023-03-13,92.4333
2023-03-14,90.9135
2023-03-15,92.6691
2023-03-16,91.9442
2023-03-17,93.3242
2023-03-20,92.5031
2023-03-21,91.7083
2023-03-22,92.9311
2023-03-23,92.9311
2023-03-24,93.3242
2023-03-27,91.1319
2023-03-28,91.2978
2023-03-29,91.1144
2023-03-30,91.5337
2023-03-31,92.9049
2023-04-03,93.3419
2023-04-04,93.8059
2023-04-05,94.7866
2023-04-06,95.0318
2023-04-10,93.4995
2023-04-11,93.6921
2023-04-12,93.5958
2023-04-13,92.8603
2023-04-14,92.0109
2023-04-17,90.9164
2023-04-18,91.2403
2023-04-19,91.1528
2023-04-20,91.9321
2023-04-21,91.4155
2023-04-24,92.2998
2023-04-25,93.6571
2023-04-26,92.6589
2023-04-27,91.7395
2023-04-28,93.2192
2023-05-01,90.5313
2023-05-02,92.7874
2023-05-03,93.3053
2023-05-04,92.3836
2023-05-05,92.0763
2023-05-08,90.7859
2023-05-09,90.4611
2023-05-10,91.3389
2023-05-11,92.3046
2023-05-12,91.5321
2023-05-15,90.5840
2023-05-16,90.3119
2023-05-17,90.0485
2023-05-18,89.3814
2023-05-19,88.7493
2023-05-22,88.4333
2023-05-23,88.6879
2023-05-24,88.2490
2023-05-25,88.0295
2023-05-26,88.7405
2023-05-30,89.6272
2023-05-31,90.4084
2023-06-01,90.7631
2023-06-02,89.7685
2023-06-05,89.6013
2023-06-06,90.1294
2023-06-07,88.7916
2023-06-08,89.8301
2023-06-09,89.7069
2023-06-12,89.9710
2023-06-13,89.0820
2023-06-14,89.7949
2023-06-15,90.6575
2023-06-16,90.3054
2023-06-20,90.9304
2023-06-21,91.1504
2023-06-22,90.0502
2023-06-23,90.9480
2023-06-26,91.0448
2023-06-27,90.8072
2023-06-28,91.1944
2023-06-29,89.5485
2023-06-30,90.6047
2023-07-03,90.0911
2023-07-05,89.2350
2023-07-06,87.9730
2023-07-07,87.4434
2023-07-10,87.5581
2023-07-11,88.0082
2023-07-12,88.9879
2023-07-13,89.9234
2023-07-14,89.3938
2023-07-17,89.4380
2023-07-18,89.8440
2023-07-19,90.8589
2023-07-20,89.7557
2023-07-21,89.7822
2023-07-24,89.4556
2023-07-25,89.2879
2023-07-26,89.3762
2023-07-27,87.6376
2023-07-28,88.0877
2023-07-31,88.2995
2023-08-01,86.8525
2023-08-02,85.9233
2023-08-03,83.9409
2023-08-04,85.4277
2023-08-07,84.5870
2023-08-08,85.5693
2023-08-09,86.0118
2023-08-10,84.5958
2023-08-11,84.4011
2023-08-14,84.2153
2023-08-15,83.7020
2023-08-16,83.0471
2023-08-17,82.6931
2023-08-18,82.9851
2023-08-21,81.8789
2023-08-22,82.5072
2023-08-23,84.5516
2023-08-24,83.9940
2023-08-25,84.2684
2023-08-28,84.3569
2023-08-29,85.2330
2023-08-30,85.1445
2023-08-31,85.5251
2023-09-01,84.1927
2023-09-05,83.0121
2023-09-06,83.2163
2023-09-07,83.4471
2023-09-08,83.7666
2023-09-11,83.1630
2023-09-12,83.6424
2023-09-13,83.6246
2023-09-14,83.0210
2023-09-15,82.5151
2023-09-18,82.9855
2023-09-19,82.3730
2023-09-20,82.6304
2023-09-21,80.5090
2023-09-22,81.1570
2023-09-25,79.1598
2023-09-26,78.8846
2023-09-27,78.4763
2023-09-28,78.7160
2023-09-29,78.7248
2023-10-02,77.4069
2023-10-03,75.7418
2023-10-04,76.8104
2023-10-05,76.4275
2023-10-06,75.5014
2023-10-09,77.2734
2023-10-10,77.1665
2023-10-11,78.7783
2023-10-12,76.6412
2023-10-13,78.0125
2023-10-16,76.7569
2023-10-17,75.9110
2023-10-18,75.2432
2023-10-19,73.7027
2023-10-20,74.1212
2023-10-23,75.0117
2023-10-24,76.0001
2023-10-25,74.3082
2023-10-26,75.4480
2023-10-27,75.1274
2023-10-30,74.7890
2023-10-31,74.4240
2023-11-01,76.0376
2023-11-02,77.7710
2023-11-03,78.2982
2023-11-06,77.5387
2023-11-07,78.6824
2023-11-08,80.0227
2023-11-09,78.1821
2023-11-10,78.6199
2023-11-13,78.4412
2023-11-14,80.2193
2023-11-15,79.0934
2023-11-16,80.0763
2023-11-17,80.4516
2023-11-20,80.9430
2023-11-21,80.9073
2023-11-22,81.1932
2023-11-24,80.2371
2023-11-27,81.5774
2023-11-28,81.7382
2023-11-29,82.7657
2023-11-30,81.8097
2023-12-01,83.3505
2023-12-04,83.0189
2023-12-05,84.8026
2023-12-06,85.9320
2023-12-07,85.4390
2023-12-08,84.7398
2023-12-11,84.5606
2023-12-12,84.8115
2023-12-13,86.8014
2023-12-14,89.0594
2023-12-15,89.1583
2023-12-18,88.4479
2023-12-19,88.9245
2023-12-20,89.5270
2023-12-21,88.9605
2023-12-22,88.5558
2023-12-26,88.8076
2023-12-27,90.3812
2023-12-28,89.7248
2023-12-29,88.9155
2024-01-02,88.4029
2024-01-03,88.7716
2024-01-04,87.4228
2024-01-05,86.5865
2024-01-08,87.4408
2024-01-09,86.8832
2024-01-10,86.4786
2024-01-11,86.9642
2024-01-12,86.7933
2024-01-16,85.2646
2024-01-17,85.1298
2024-01-18,84.3384
2024-01-19,84.6082
2024-01-22,85.1118
2024-01-23,84.4373
2024-01-24,83.9428
2024-01-25,84.4913
2024-01-26,84.3294
2024-01-29,85.3006
2024-01-30,86.0739
2024-01-31,86.9192
2024-02-01,88.6242
2024-02-02,86.6666
2024-02-05,84.9165
2024-02-06,85.7464
2024-02-07,85.3315
2024-02-08,84.8353
2024-02-09,84.6639
2024-02-12,84.7631
2024-02-13,83.3107
2024-02-14,83.7347
2024-02-15,84.1677
2024-02-16,83.6806
2024-02-20,83.7528
2024-02-21,83.1574
2024-02-22,83.5633
2024-02-23,84.6819
2024-02-26,84.4294
2024-02-27,83.8340
2024-02-28,84.3662
2024-02-29,84.9616
2024-03-01,85.4910
2024-03-04,85.1471
2024-03-05,86.3598
2024-03-06,86.8665
2024-03-07,86.7851
2024-03-08,86.6313
2024-03-11,86.5860
2024-03-12,85.8620
2024-03-13,85.4458
2024-03-14,84.1336
2024-03-15,84.1064
2024-03-18,83.8530
2024-03-19,84.0883
2024-03-20,84.0612
2024-03-21,84.2422
2024-03-22,85.0476
2024-03-25,84.6222
2024-03-26,84.8575
2024-03-27,85.6992
2024-03-28,85.6267
2024-04-01,84.0306
2024-04-02,83.5675
2024-04-03,83.5494
2024-04-04,84.1486
2024-04-05,82.9774
2024-04-08,82.9683
2024-04-09,83.7400
2024-04-10,81.9151
2024-04-11,81.5428
2024-04-12,81.9786
2024-04-15,80.7075
2024-04-16,80.1718
2024-04-17,81.0616
2024-04-18,80.6530
2024-04-19,80.9436
2024-04-22,80.8074
2024-04-23,80.8346
2024-04-24,80.2626
2024-04-25,79.6996
2024-04-26,80.1173
2024-04-29,80.7892
2024-04-30,80.0992
2024-05-01,80.6896
2024-05-02,81.0358
2024-05-03,81.8558
2024-05-06,82.1747
2024-05-07,82.6758
2024-05-08,82.1747
2024-05-09,82.5756
2024-05-10,82.1109
2024-05-13,82.3205
2024-05-14,82.7852
2024-05-15,83.9150
2024-05-16,83.8330
2024-05-17,83.2681
2024-05-20,83.0221
2024-05-21,83.4503
2024-05-22,83.5505
2024-05-23,83.0130
2024-05-24,83.2589
2024-05-28,82.0654
2024-05-29,81.0723
2024-05-30,81.8558
2024-05-31,82.4116
2024-06-03,83.7446
2024-06-04,84.7228
2024-06-05,85.3445
2024-06-06,85.2165
2024-06-07,83.6531
2024-06-10,83.0955
2024-06-11,83.9549
2024-06-12,84.5857
2024-06-13,85.8290
2024-06-14,86.5513
2024-06-17,85.6919
2024-06-18,86.4782
2024-06-20,85.9022
2024-06-21,85.9022
2024-06-24,86.2496
2024-06-25,86.3959
2024-06-26,85.1617
2024-06-27,85.4999
2024-06-28,83.9091
2024-07-01,82.4610
2024-07-02,83.1030
2024-07-03,84.1944
2024-07-05,84.8914
2024-07-08,85.0748
2024-07-09,84.6988
2024-07-10,84.9648
2024-07-11,85.7902
2024-07-12,86.1571
2024-07-15,85.1666
2024-07-16,86.3680
2024-07-17,86.3864
2024-07-18,85.7260
2024-07-19,85.2216
2024-07-22,84.9740
2024-07-23,84.8547
2024-07-24,83.9376
2024-07-25,84.6254
2024-07-26,85.2858
2024-07-29,85.7444
2024-07-30,86.0745
2024-07-31,86.9550
2024-08-01,87.7050
2024-08-02,90.4380
2024-08-05,90.9165
2024-08-06,88.8828
2024-08-07,88.2571
2024-08-08,87.7142
2024-08-09,88.5792
2024-08-12,88.9012
2024-08-13,89.5178
2024-08-14,90.0791
2024-08-15,89.3521
2024-08-16,89.6650
2024-08-19,90.0791
2024-08-20,90.7969
2024-08-21,90.8521
2024-08-22,89.9503
2024-08-23,90.5392
2024-08-26,90.3092
2024-08-27,90.1527
2024-08-28,90.0423
2024-08-29,89.7478
2024-08-30,88.7908
2024-09-03,90.2430
2024-09-04,91.4062
2024-09-05,91.9232
2024-09-06,91.9140
2024-09-09,92.3110
2024-09-10,92.9572
2024-09-11,92.8834
2024-09-12,92.4495
2024-09-13,92.6987
2024-09-16,93.5481
2024-09-17,93.0957
2024-09-18,91.9417
2024-09-19,91.6370
2024-09-20,91.2862
2024-09-23,91.0924
2024-09-24,91.0739
2024-09-25,90.3169
2024-09-26,90.5292
2024-09-27,91.0000
2024-09-30,90.5661
2024-10-01,91.2200
2024-10-02,90.4513
2024-10-03,89.5992
2024-10-04,88.4970
2024-10-07,87.8302
2024-10-08,87.9784
2024-10-09,87.4782
2024-10-10,87.1355
2024-10-11,86.7836
2024-10-14,86.8484
2024-10-15,87.9043
2024-10-16,88.2747
2024-10-17,86.8762
2024-10-18,86.9410
2024-10-21,85.4221
2024-10-22,85.5055
2024-10-23,85.2739
2024-10-24,85.8204
2024-10-25,85.3387
2024-10-28,85.1072
2024-10-29,85.2368
2024-10-30,85.4869
2024-10-31,85.6258
2024-11-01,84.4187
2024-11-04,85.7290
2024-11-05,86.1844
2024-11-06,83.8239
2024-11-07,84.8740
2024-11-08,85.9520
2024-11-11,85.5339
2024-11-12,84.2514
2024-11-13,83.4522
2024-11-14,83.9354
2024-11-15,83.7124
2024-11-18,83.8611
2024-11-19,84.2886
2024-11-20,84.0191
2024-11-21,83.9540
2024-11-22,84.0005
2024-11-25,86.1751
2024-11-26,85.8405
2024-11-27,86.4353
2024-11-29,87.3274
2024-12-02,87.5372
2024-12-03,86.7819
2024-12-04,87.7144
2024-12-05,87.8916
2024-12-06,88.0222
2024-12-09,87.2108
2024-12-10,86.8006
2024-12-11,85.9799
2024-12-12,84.9355
2024-12-13,84.0682
2024-12-16,84.3200
2024-12-17,84.5252
2024-12-18,83.4682
2024-12-19,82.2044
2024-12-20,82.6725
2024-12-23,81.9142
2024-12-24,82.2606
2024-12-26,82.2138
2024-12-27,81.5397
2024-12-30,82.1950
2024-12-31,81.7550
2025-01-02,81.9797
2025-01-03,81.7176
2025-01-06,81.3525
2025-01-07,80.4351
2025-01-08,80.5380
2025-01-10,80.0044
2025-01-13,79.9763
2025-01-14,79.8453
2025-01-15,81.2214
2025-01-16,81.4836
2025-01-17,81.6240
2025-01-21,82.3542
2025-01-22,81.9236
2025-01-23,81.2870
2025-01-24,81.6521
2025-01-27,82.6163
2025-01-28,82.5601
2025-01-29,82.3916
2025-01-30,82.7006
2025-01-31,82.1576
2025-02-03,82.8265
2025-02-04,83.0802
2025-02-05,84.4519
2025-02-06,84.4143
2025-02-07,83.8694
2025-02-10,83.6157
2025-02-11,83.0802
2025-02-12,81.9528
2025-02-13,83.3151
2025-02-14,83.7566
2025-02-18,82.7701
2025-02-19,82.8735
2025-02-20,83.1835
2025-02-21,84.1888
2025-02-24,84.4331
2025-02-25,85.8893
2025-02-26,86.3966
2025-02-27,85.7860
2025-02-28,86.8382
2025-03-03,87.2435
2025-03-04,86.1690
2025-03-05,85.4810
2025-03-06,85.1983
2025-03-07,84.9250
2025-03-10,85.8109
2025-03-11,85.1983
2025-03-12,84.6894
2025-03-13,85.4340
2025-03-14,84.9816
2025-03-17,85.4057
2025-03-18,85.4905
2025-03-19,85.9334
2025-03-20,85.9900
2025-03-21,85.4810
2025-03-24,84.6046
2025-03-25,84.5951
2025-03-26,84.0391
2025-03-27,83.7941
2025-03-28,84.9533
2025-03-31,85.7921
2025-04-01,86.5355
2025-04-02,86.4788
2025-04-03,86.8760
2025-04-04,87.8218
2025-04-07,85.1735
2025-04-08,83.5655
2025-04-09,84.0574
2025-04-10,81.7401
2025-04-11,82.1846
2025-04-14,82.7710
2025-04-15,83.0642
2025-04-16,83.5277
2025-04-17,82.7899
2025-04-21,81.3428
2025-04-22,81.7968
2025-04-23,82.5913
2025-04-24,83.4615
2025-04-25,84.0763
2025-04-28,84.6060
2025-04-29,85.3154
2025-04-30,84.6249
2025-05-01,84.1958
2025-05-02,83.2844
2025-05-05,82.8193
2025-05-06,83.0946
2025-05-07,83.4458
2025-05-08,82.5155
2025-05-09,82.6389
2025-05-12,81.8699
2025-05-13,81.5377
2025-05-14,80.9966
2025-05-15,81.7086
2025-05-16,81.9269
2025-05-19,81.6896
2025-05-20,81.1010
2025-05-21,79.7150
2025-05-22,80.1327
2025-05-23,80.2656
2025-05-27,81.3858
2025-05-28,81.0345
2025-05-29,81.7845
2025-05-30,81.9079
2025-06-02,81.1456
2025-06-03,81.0027
2025-06-04,82.3176
2025-06-05,82.3748
2025-06-06,81.3267
2025-06-09,81.4124
2025-06-10,81.8317
2025-06-11,82.0794
2025-06-12,83.0609
2025-06-13,82.2605
2025-06-16,81.4315
2025-06-17,82.4225
2025-06-18,82.5654
2025-06-20,82.4129
2025-06-23,82.6797
2025-06-24,83.2800
2025-06-25,83.3849
2025-06-26,83.8041
2025-06-27,83.2705
2025-06-30,84.0900
2025-07-01,84.2985
2025-07-02,83.7629
2025-07-03,83.1795
2025-07-07,82.3856
2025-07-08,82.2804
2025-07-09,83.1412
2025-07-10,83.1986
2025-07-11,82.0509
2025-07-14,81.8787
2025-07-15,81.3049
2025-07-16,81.4197
2025-07-17,81.4005
2025-07-18,81.5249
2025-07-21,82.2517
2025-07-22,82.7491
2025-07-23,82.2900
2025-07-24,82.1465
2025-07-25,82.6630
2025-07-28,82.1274
2025-07-29,83.5142
2025-07-30,83.0838
2025-07-31,83.1316
2025-08-01,84.3135
2025-08-04,84.5439
2025-08-05,84.8031
2025-08-06,84.3135
2025-08-07,84.1695
2025-08-08,83.8047
2025-08-11,83.9007
2025-08-12,83.4782
2025-08-13,84.1695
2025-08-14,83.5454
2025-08-15,82.9502
2025-08-18,82.7102
2025-08-19,83.1902
2025-08-20,83.3726
2025-08-21,82.9598
2025-08-22,83.5742
2025-08-25,83.3342
2025-08-26,83.2862
2025-08-27,83.1902
2025-08-28,83.7374
2025-08-29,83.1422
2025-09-02,82.5235
2025-09-03,83.4294
2025-09-04,84.0655
2025-09-05,85.3472
2025-09-08,86.4844
2025-09-09,85.9929
2025-09-10,86.4844
2025-09-11,87.0626
2025-09-12,86.6868
2025-09-15,86.8892
2025-09-16,87.0723
2025-09-17,86.8506
2025-09-18,85.9543
2025-09-19,85.7905
2025-09-22,85.4821
2025-09-23,86.0796
2025-09-24,85.7520
2025-09-25,85.7520
2025-09-26,85.6749
2025-09-29,86.3784
2025-09-30,86.1278
2025-10-01,86.3502
2025-10-02,86.6017
2025-10-03,86.4373
2025-10-06,85.7506
2025-10-07,86.2439
2025-10-08,86.3116
2025-10-09,86.2439
2025-10-10,87.6365
2025-10-13,87.5881
2025-10-14,87.8686
2025-10-15,87.6751
2025-10-16,88.3327
2025-10-17,88.1974
2025-10-20,88.5358
2025-10-21,88.9710
2025-10-22,89.0290
2025-10-23,88.4198
2025-10-24,88.4585
2025-10-27,88.7583
2025-10-28,88.9903
2025-10-29,88.0910
2025-10-30,87.5784
2025-10-31,87.3173
2025-11-03,87.0989
2025-11-04,87.2931
2025-11-05,86.3419
2025-11-06,87.1183
2025-11-07,86.9339
2025-11-10,86.9145
2025-11-11,87.3125
2025-11-12,87.4678
2025-11-13,86.7495
2025-11-14,86.2545
2025-11-17,86.4681
2025-11-18,86.4390
2025-11-19,86.2642
2025-11-20,86.6040
2025-11-21,86.8660
2025-11-24,87.3610
2025-11-25,87.5842
2025-11-26,87.9725
2025-11-28,87.5551
2025-12-01,86.4652
2025-12-02,86.5041
2025-12-03,86.7476
2025-12-04,86.2801
2025-12-05,85.8807
2025-12-08,85.5983
2025-12-09,85.6859
2025-12-10,86.0171
2025-12-11,85.9002
2025-12-12,85.0723
2025-12-15,85.1307
2025-12-16,85.5983
2025-12-17,85.5203
2025-12-18,85.9294
2025-12-19,85.6087
2025-12-22,85.4229
2025-12-23,85.5598
2025-12-24,86.0781
2025-12-26,85.7945
2025-12-29,86.1172
2025-12-30,85.9118
2025-12-31,85.2274
2026-01-02,85.1003
2026-01-05,85.5207
2026-01-06,85.3447
2026-01-07,85.8434
2026-01-08,85.4131
2026-01-09,85.9803
2026-01-12,85.7261
2026-01-13,85.8727
2026-01-14,86.3714
2026-01-15,86.3519
2026-01-16,85.8532
2026-01-20,84.7287
2026-01-21,85.3740
2026-01-22,85.7456
2026-01-23,85.9803
2026-01-26,86.3910
2026-01-27,85.8532
2026-01-28,85.6576
2026-01-29,85.6772
2026-01-30,85.1980
2026-02-02,84.9546
2026-02-03,85.1607
2026-02-04,84.9448
2026-02-05,85.8675
2026-02-06,85.9264
2026-02-09,85.9067
2026-02-10,86.8981
2026-02-11,86.4368
2026-02-12,87.5852
2026-02-13,88.0662
2026-02-17,88.2134
2026-02-18,87.8797
2026-02-19,87.9680
2026-02-20,87.7619
2026-02-23,88.0858
2026-02-24,88.2429
2026-02-25,88.2527
2026-02-26,88.6060
2026-02-27,89.1459
2026-03-02,88.2507
2026-03-03,88.0734
2026-03-04,87.7977
2026-03-05,87.4431
2026-03-06,87.1181
2026-03-09,87.8764
2026-03-10,86.9408
2026-03-11,85.8181
2026-03-12,85.6507
2026-03-13,85.2272
2026-03-16,85.8871
2026-03-17,86.1234
2026-03-18,85.6409
2026-03-19,86.1628
2026-03-20,84.5280
2026-03-23,85.0795
2026-03-24,84.7053
2026-03-25,85.5227
2026-03-26,84.8038
2026-03-27,84.3409
2026-03-30,85.4636
2026-03-31,85.3750
2026-04-01,85.2909
2026-04-02,85.8150
2026-04-06,85.6766
2026-04-07,85.6667
2026-04-08,85.9435
2026-04-09,85.7260
2026-04-10,85.5183
2026-04-13,85.7754
2026-04-14,86.2303
2026-04-15,85.8545
2026-04-16,85.3107
2026-04-17,86.0918
2026-04-20,86.0721
2026-04-21,85.5974
2026-04-22,85.7655
2026-04-23,85.5777
2026-04-24,85.7359
2026-04-27,85.3107
2026-04-28,85.3997
2026-04-29,84.7372
2026-04-30,84.6581
2026-05-01,84.9608
2026-05-04,84.3157
2026-05-05,84.7822
2026-05-06,85.4272
2026-05-07,85.0005
2026-05-08,85.4272
2026-05-11,84.9112
2026-05-12,84.3455
2026-05-13,84.1570
2026-05-14,84.2760
2026-05-15,83.0256
2026-05-18,82.9263
2026-05-19,82.3904
2026-05-20,83.2737
2026-05-21,83.5813
2026-05-22,84.0378
2026-05-26,84.4547
2026-05-27,84.6532
2026-05-28,85.0898
2026-05-29,85.1097
2026-06-01,85.1555
2026-06-02,85.3348
2026-06-03,84.9961
2026-06-04,85.1854
2026-06-05,84.7470
2026-06-08,84.3086
2026-06-09,84.8068
2026-06-10,84.5677
2026-06-11,85.6636
2026-06-12,85.4544
2026-06-15,85.4046
2026-06-16,85.8728
2026-06-17,86.0123
2026-06-18,86.4308
2026-06-22,85.7732
2026-06-23,85.8828
2026-06-24,87.0585
2026-06-25,87.0286
2026-06-26,87.0385
2026-06-29,87.1282
2026-06-30,86.1020
2026-07-01,85.5200
2026-07-02,85.5100
2026-07-06,85.4500
2026-07-07,84.5500
2026-07-08,84.3600
2026-07-09,84.4900
2026-07-10,84.4700
2026-07-13,83.9700
2026-07-14,84.0800
2026-07-15,84.2400
2026-07-16,84.2100
2026-07-17,84.5200
2026-07-20,83.8900
2026-07-21,83.6600
2026-07-22,83.4400
2026-07-23,83.1700
2026-07-24,82.9160
2026-07-27,83.4140
2026-07-28,83.9020
2026-07-29,82.5176
2026-07-30,82.4678
2026-07-31,81.9200
2026-08-03,82.1900
2026-08-04,82.8200
2026-08-05,83.0000
2026-08-06,82.5200
2026-08-07,82.7600
2026-08-10,82.0600
2026-08-11,82.1900
2026-08-12,82.1100
2026-08-13,82.5900
2026-08-14,82.0400
2026-08-17,81.3500
2026-08-18,81.6600
2026-08-19,83.0200
2026-08-20,82.3400
2026-08-21,82.0500
2026-08-24,82.5600
2026-08-25,83.4700
2026-08-26,83.3000
2026-08-27,83.1300
2026-08-28,82.8800
2026-08-31,82.5200
