date,close
1996-10-30,114.1800
1996-11-01,113.5000
1996-11-04,113.8800
1996-11-05,114.2500
1996-11-06,113.9500
1996-11-08,111.7400
1996-11-11,111.1200
1996-11-12,111.3300
1996-11-13,111.3500
1996-11-15,111.0500
1996-11-18,111.4000
1996-11-19,111.5800
1996-11-20,111.5200
1996-11-21,111.2500
1996-11-22,111.4200
1996-11-26,112.4000
1996-11-28,113.6700
1996-11-29,113.8000
1996-12-02,114.5200
1996-12-03,113.3000
1996-12-04,113.0500
1996-12-05,112.2500
1996-12-06,112.9500
1996-12-09,113.4000
1996-12-10,113.3500
1996-12-11,112.8800
1996-12-12,113.1300
1996-12-13,113.8500
1996-12-16,113.8200
1996-12-17,113.8200
1996-12-18,113.6300
1996-12-19,114.0100
1996-12-20,114.2500
1996-12-23,114.0500
1996-12-24,114.4000
1996-12-25,114.6300
1996-12-26,114.8800
1996-12-27,115.2500
1996-12-30,116.2000
1996-12-31,115.9000
1997-01-01,115.8500
1997-01-02,115.6500
1997-01-03,116.4100
1997-01-06,115.7100
1997-01-07,115.2200
1997-01-08,115.8500
1997-01-09,116.3100
1997-01-10,116.1100
1997-01-13,116.4800
1997-01-14,116.9400
1997-01-15,116.7700
1997-01-16,116.5400
1997-01-17,117.3200
1997-01-20,117.9100
1997-01-21,117.8800
1997-01-22,117.9300
1997-01-23,119.2000
1997-01-24,118.8500
1997-01-27,119.5300
1997-01-28,121.0000
1997-01-30,121.7500
1997-01-31,121.2500
1997-02-03,121.6500
1997-02-04,122.4600
1997-02-05,123.4900
1997-02-06,123.8000
1997-02-07,123.1500
1997-02-10,122.7600
1997-02-11,123.2800
1997-02-13,124.2300
1997-02-14,124.2500
1997-02-17,124.5500
1997-02-18,124.0000
1997-02-19,124.5100
1997-02-21,123.2000
1997-02-25,121.4000
1997-02-26,122.1500
1997-02-28,120.3000
1997-03-03,121.3100
1997-03-04,122.0800
1997-03-05,121.2000
1997-03-06,121.0300
1997-03-07,122.0000
1997-03-10,121.6200
1997-03-11,121.8500
1997-03-12,122.2700
1997-03-13,123.4300
1997-03-14,123.4200
1997-03-17,123.7500
1997-03-19,122.7500
1997-03-20,123.7200
1997-03-21,122.6700
1997-03-24,122.9500
1997-03-25,123.7300
1997-03-27,123.5100
1997-03-28,123.6300
1997-03-31,123.7800
1997-04-01,121.9000
1997-04-02,123.1200
1997-04-03,122.5900
1997-04-04,124.2500
1997-04-07,125.7000
1997-04-08,126.3000
1997-04-09,126.8300
1997-04-10,125.8100
1997-04-11,126.1000
1997-04-14,126.5700
1997-04-15,126.0000
1997-04-16,125.5900
1997-04-17,126.0000
1997-04-18,125.8000
1997-04-21,125.3600
1997-04-22,126.1500
1997-04-23,126.0400
1997-04-24,126.0700
1997-04-25,126.2500
1997-04-28,126.8200
1997-04-29,126.8400
1997-04-30,127.0600
1997-05-01,126.4500
1997-05-02,126.6500
1997-05-05,126.6200
1997-05-06,125.2700
1997-05-07,125.1300
1997-05-08,123.7200
1997-05-09,120.0000
1997-05-12,119.3000
1997-05-13,118.4000
1997-05-14,116.6000
1997-05-15,115.8800
1997-05-16,115.7500
1997-05-19,115.6700
1997-05-20,112.6000
1997-05-21,114.0500
1997-05-22,116.1500
1997-05-23,115.5100
1997-05-27,116.6500
1997-05-28,115.6000
1997-05-29,116.3000
1997-05-30,116.1600
1997-06-02,116.6500
1997-06-03,116.0100
1997-06-04,116.2300
1997-06-05,115.5000
1997-06-06,114.2100
1997-06-09,113.0200
1997-06-10,112.0000
1997-06-11,111.1800
1997-06-12,114.1500
1997-06-13,114.8300
1997-06-16,113.1800
1997-06-17,113.1700
1997-06-18,113.5300
1997-06-19,114.0900
1997-06-20,114.9600
1997-06-23,114.6300
1997-06-24,114.7700
1997-06-25,113.8400
1997-06-26,113.1300
1997-06-27,114.5500
1997-06-30,114.6100
1997-07-01,114.8300
1997-07-02,114.4500
1997-07-03,113.4600
1997-07-04,114.2000
1997-07-07,112.4900
1997-07-08,112.8700
1997-07-09,112.6100
1997-07-10,113.0400
1997-07-11,114.1000
1997-07-14,113.6600
1997-07-16,115.3600
1997-07-17,115.8000
1997-07-18,115.4500
1997-07-21,116.1200
1997-07-22,115.2100
1997-07-23,115.7000
1997-07-24,116.1000
1997-07-25,116.8900
1997-07-28,117.5900
1997-07-29,118.2600
1997-07-30,118.2000
1997-07-31,118.5500
1997-08-01,118.4000
1997-08-04,118.0000
1997-08-05,119.3000
1997-08-06,118.6200
1997-08-07,118.4800
1997-08-08,114.5500
1997-08-11,116.1400
1997-08-12,116.3800
1997-08-13,115.6000
1997-08-14,117.9500
1997-08-15,117.3000
1997-08-18,118.1200
1997-08-19,118.2000
1997-08-20,117.9100
1997-08-21,117.8700
1997-08-22,117.2100
1997-08-25,118.1300
1997-08-26,118.1200
1997-08-27,118.8400
1997-08-28,119.0300
1997-08-29,119.4400
1997-09-01,121.1800
1997-09-02,121.7500
1997-09-03,120.6000
1997-09-04,121.1000
1997-09-05,121.1400
1997-09-08,121.0500
1997-09-09,118.7300
1997-09-10,119.1000
1997-09-11,119.6000
1997-09-12,121.0600
1997-09-15,120.0000
1997-09-16,121.2400
1997-09-17,120.5500
1997-09-18,121.8000
1997-09-19,121.9100
1997-09-22,121.7900
1997-09-23,122.2700
1997-09-24,120.3400
1997-09-25,121.1000
1997-09-26,121.1600
1997-09-29,121.0100
1997-09-30,120.4800
1997-10-01,121.1500
1997-10-02,121.6500
1997-10-03,122.1000
1997-10-06,121.7700
1997-10-07,122.4000
1997-10-08,121.1500
1997-10-09,121.1300
1997-10-10,120.0100
1997-10-13,121.0500
1997-10-14,121.4500
1997-10-15,121.0900
1997-10-16,119.9000
1997-10-17,120.7100
1997-10-20,121.1700
1997-10-21,120.8200
1997-10-22,120.8000
1997-10-23,121.7700
1997-10-24,122.0800
1997-10-27,121.7700
1997-10-28,120.5500
1997-10-29,120.7600
1997-10-30,119.9100
1997-10-31,120.3200
1997-11-03,121.3200
1997-11-04,121.8000
1997-11-05,123.0900
1997-11-06,123.6500
1997-11-07,124.3000
1997-11-10,124.2900
1997-11-11,124.7300
1997-11-12,126.2800
1997-11-13,125.8000
1997-11-14,125.3500
1997-11-17,125.6000
1997-11-18,126.1300
1997-11-19,127.0300
1997-11-20,126.0500
1997-11-21,126.0600
1997-11-24,127.0400
1997-11-25,127.2400
1997-11-26,127.1300
1997-11-27,126.7800
1997-11-28,127.8000
1997-12-01,128.7600
1997-12-02,128.5300
1997-12-03,128.6700
1997-12-04,129.2000
1997-12-05,130.2000
1997-12-08,130.3000
1997-12-09,129.7100
1997-12-10,129.2700
1997-12-11,129.5500
1997-12-12,130.2800
1997-12-15,130.8700
1997-12-16,130.7000
1997-12-17,127.1000
1997-12-18,128.4300
1997-12-19,129.2100
1997-12-22,130.2300
1997-12-23,129.8200
1997-12-24,129.7000
1997-12-25,129.9600
1997-12-26,130.4600
1997-12-29,129.7000
1997-12-30,130.0700
1997-12-31,130.5600
1998-01-01,130.4800
1998-01-02,132.2700
1998-01-05,133.4000
1998-01-06,134.1000
1998-01-07,131.8200
1998-01-08,132.4500
1998-01-09,131.5200
1998-01-12,132.7700
1998-01-13,131.3400
1998-01-14,130.8000
1998-01-15,129.8200
1998-01-16,129.3200
1998-01-19,129.1100
1998-01-20,128.3700
1998-01-21,126.7500
1998-01-22,127.2300
1998-01-23,125.7000
1998-01-26,126.6100
1998-01-27,125.0000
1998-01-28,124.8900
1998-01-29,125.9000
1998-01-30,127.0000
1998-02-02,126.3500
1998-02-03,125.7200
1998-02-04,123.6800
1998-02-05,123.5300
1998-02-06,124.0500
1998-02-09,124.3000
1998-02-10,123.2300
1998-02-11,123.6000
1998-02-12,124.5000
1998-02-13,125.1300
1998-02-16,126.0700
1998-02-17,126.5700
1998-02-18,126.3700
1998-02-19,126.0700
1998-02-20,127.9300
1998-02-23,127.9800
1998-02-24,127.9100
1998-02-25,128.3000
1998-02-26,127.4600
1998-02-27,126.0500
1998-03-02,125.6700
1998-03-03,126.1600
1998-03-04,126.5000
1998-03-05,127.6300
1998-03-06,127.8300
1998-03-09,127.7200
1998-03-10,127.3000
1998-03-11,129.2300
1998-03-12,128.8500
1998-03-13,127.7300
1998-03-16,129.6000
1998-03-17,128.7600
1998-03-18,130.0000
1998-03-19,130.7500
1998-03-20,130.3200
1998-03-23,130.3200
1998-03-24,130.2500
1998-03-25,129.0000
1998-03-26,128.3300
1998-03-27,130.3000
1998-03-30,132.1400
1998-03-31,133.0500
1998-04-01,133.6200
1998-04-02,133.5600
1998-04-03,135.1800
1998-04-06,134.6500
1998-04-07,133.4600
1998-04-08,131.7300
1998-04-09,131.2000
1998-04-10,128.6200
1998-04-13,129.5700
1998-04-14,129.2700
1998-04-15,129.9300
1998-04-16,131.4700
1998-04-17,131.8100
1998-04-20,131.8900
1998-04-21,131.2300
1998-04-22,130.3300
1998-04-23,130.1800
1998-04-24,131.1400
1998-04-27,132.3700
1998-04-28,132.0500
1998-04-29,132.3800
1998-04-30,132.7900
1998-05-01,133.4100
1998-05-04,132.9400
1998-05-05,131.4500
1998-05-06,132.9600
1998-05-07,133.3300
1998-05-08,132.8600
1998-05-11,132.8800
1998-05-12,133.8800
1998-05-13,133.9100
1998-05-14,133.6100
1998-05-15,134.6100
1998-05-18,135.6400
1998-05-19,136.3600
1998-05-20,135.7700
1998-05-21,134.9500
1998-05-22,135.7000
1998-05-25,137.1900
1998-05-26,137.8300
1998-05-27,137.6200
1998-05-28,138.7100
1998-05-29,138.7500
1998-06-01,139.6600
1998-06-02,138.6200
1998-06-03,138.4300
1998-06-04,138.5300
1998-06-05,139.7500
1998-06-08,140.9500
1998-06-09,140.6000
1998-06-10,141.6500
1998-06-11,143.9500
1998-06-12,144.1500
1998-06-15,146.2000
1998-06-16,143.1500
1998-06-17,136.8500
1998-06-18,137.3800
1998-06-19,137.0900
1998-06-22,137.8800
1998-06-23,139.1000
1998-06-24,141.4000
1998-06-25,142.3000
1998-06-26,142.4000
1998-06-29,142.1000
1998-06-30,138.3500
1998-07-01,137.9500
1998-07-02,140.4400
1998-07-03,139.4200
1998-07-06,139.9200
1998-07-07,138.5700
1998-07-08,139.6500
1998-07-09,140.9500
1998-07-10,141.3500
1998-07-13,140.9500
1998-07-14,140.2200
1998-07-15,140.6300
1998-07-16,140.1600
1998-07-17,139.4100
1998-07-20,139.3200
1998-07-21,140.2200
1998-07-22,141.0800
1998-07-23,140.9500
1998-07-24,141.6600
1998-07-27,142.3000
1998-07-28,140.9500
1998-07-29,142.1500
1998-07-30,143.6900
1998-07-31,144.7500
1998-08-03,145.7000
1998-08-04,144.7400
1998-08-05,143.8200
1998-08-06,144.6100
1998-08-07,146.2100
1998-08-10,146.2800
1998-08-11,147.2200
1998-08-12,146.0900
1998-08-13,144.6200
1998-08-14,146.4100
1998-08-17,146.3900
1998-08-18,144.8200
1998-08-19,143.8600
1998-08-20,143.0400
1998-08-21,144.6100
1998-08-24,143.6500
1998-08-25,144.2400
1998-08-26,144.1300
1998-08-27,141.9500
1998-08-28,141.7600
1998-08-31,138.6900
1998-09-01,137.1000
1998-09-02,138.2500
1998-09-03,133.9600
1998-09-04,133.4600
1998-09-07,131.5300
1998-09-08,131.4400
1998-09-09,135.8000
1998-09-10,134.2500
1998-09-11,130.9100
1998-09-14,133.2300
1998-09-15,134.2100
1998-09-16,134.4000
1998-09-17,131.7900
1998-09-18,132.6500
1998-09-21,134.1000
1998-09-22,135.4500
1998-09-23,135.5400
1998-09-24,134.9300
1998-09-25,136.1400
1998-09-28,136.2000
1998-09-29,134.1700
1998-09-30,136.2900
1998-10-01,135.5600
1998-10-02,135.6000
1998-10-05,133.8500
1998-10-06,130.3400
1998-10-07,121.6500
1998-10-08,119.7500
1998-10-09,116.6100
1998-10-12,117.7200
1998-10-13,118.7300
1998-10-14,118.6400
1998-10-15,115.5500
1998-10-16,115.2300
1998-10-19,114.5600
1998-10-20,115.8600
1998-10-21,117.2000
1998-10-22,117.4300
1998-10-23,118.0200
1998-10-26,119.4100
1998-10-27,118.2700
1998-10-28,117.7500
1998-10-29,116.9100
1998-10-30,115.7700
1998-11-02,114.9000
1998-11-03,115.1500
1998-11-04,116.9200
1998-11-05,118.1000
1998-11-06,118.9500
1998-11-09,121.6500
1998-11-10,122.0500
1998-11-11,121.5700
1998-11-12,121.8600
1998-11-13,122.8500
1998-11-16,120.4600
1998-11-17,120.9100
1998-11-18,122.1500
1998-11-19,119.8500
1998-11-20,120.3000
1998-11-23,121.1000
1998-11-24,121.3000
1998-11-25,121.7700
1998-11-26,122.4000
1998-11-27,122.9900
1998-11-30,122.9300
1998-12-01,121.8200
1998-12-02,120.0500
1998-12-03,117.8000
1998-12-04,118.6700
1998-12-07,120.0000
1998-12-08,119.0500
1998-12-09,118.1500
1998-12-10,117.3000
1998-12-11,116.2000
1998-12-14,115.6300
1998-12-15,116.7000
1998-12-16,116.6000
1998-12-17,116.2000
1998-12-18,115.7000
1998-12-21,115.7000
1998-12-22,116.5600
1998-12-23,115.6000
1998-12-24,116.2600
1998-12-25,116.5000
1998-12-28,115.6300
1998-12-29,115.6700
1998-12-30,114.8100
1998-12-31,113.4500
1999-01-01,113.4600
1999-01-04,111.9100
1999-01-05,111.9000
1999-01-06,112.7500
1999-01-07,111.3100
1999-01-08,110.8000
1999-01-11,109.0000
1999-01-12,112.6000
1999-01-13,113.5000
1999-01-14,113.5000
1999-01-15,114.1000
1999-01-18,114.2300
1999-01-19,113.6000
1999-01-20,112.9000
1999-01-21,113.9000
1999-01-22,114.4200
1999-01-25,113.7000
1999-01-26,113.7800
1999-01-27,115.6000
1999-01-28,116.2700
1999-01-29,116.2800
1999-02-01,115.0500
1999-02-02,111.9100
1999-02-03,112.8900
1999-02-04,112.0200
1999-02-05,113.0800
1999-02-08,114.5200
1999-02-09,113.9500
1999-02-10,114.3000
1999-02-11,114.6400
1999-02-12,113.9500
1999-02-15,115.9000
1999-02-16,118.6500
1999-02-17,118.7000
1999-02-18,119.6500
1999-02-19,121.3000
1999-02-22,121.1200
1999-02-23,120.7800
1999-02-24,121.3500
1999-02-25,119.6000
1999-02-26,119.1500
1999-03-01,119.7200
1999-03-02,119.9000
1999-03-03,121.8300
1999-03-04,123.4800
1999-03-05,122.7000
1999-03-08,121.6900
1999-03-09,121.1100
1999-03-10,119.7600
1999-03-11,119.0900
1999-03-12,118.6500
1999-03-15,117.8800
1999-03-16,117.4200
1999-03-17,118.2700
1999-03-18,117.5200
1999-03-19,117.2000
1999-03-22,118.3000
1999-03-23,118.1600
1999-03-24,118.1400
1999-03-25,118.1500
1999-03-26,120.3000
1999-03-29,120.2800
1999-03-30,120.4400
1999-03-31,118.7700
1999-04-01,120.7000
1999-04-02,120.4500
1999-04-05,121.7000
1999-04-06,120.6700
1999-04-07,121.5000
1999-04-08,121.1800
1999-04-09,120.8900
1999-04-12,120.4000
1999-04-13,119.8000
1999-04-14,118.8400
1999-04-15,119.0700
1999-04-16,117.7200
1999-04-19,117.5300
1999-04-20,118.8400
1999-04-21,119.7300
1999-04-22,119.7000
1999-04-23,119.3000
1999-04-26,119.3400
1999-04-27,120.2000
1999-04-28,119.0900
1999-04-29,119.2000
1999-04-30,119.3700
1999-05-03,120.2200
1999-05-04,120.8100
1999-05-05,120.4500
1999-05-06,120.5000
1999-05-07,120.6700
1999-05-10,120.4700
1999-05-11,120.9500
1999-05-12,120.9300
1999-05-13,121.7500
1999-05-14,122.8300
1999-05-17,123.4000
1999-05-18,123.2800
1999-05-19,124.2500
1999-05-20,124.3900
1999-05-21,123.8700
1999-05-24,123.1300
1999-05-25,122.3300
1999-05-26,122.3000
1999-05-27,120.5000
1999-05-28,121.5800
1999-05-31,121.5900
1999-06-01,120.7000
1999-06-02,121.6100
1999-06-03,121.6400
1999-06-04,122.3600
1999-06-07,120.5300
1999-06-08,119.4000
1999-06-09,119.4000
1999-06-10,118.8100
1999-06-11,117.9600
1999-06-14,120.4500
1999-06-15,120.4200
1999-06-16,120.3300
1999-06-17,119.5800
1999-06-18,120.4100
1999-06-21,122.2800
1999-06-22,121.8500
1999-06-23,121.8500
1999-06-24,121.9700
1999-06-25,121.1700
1999-06-28,121.3900
1999-06-29,121.0500
1999-06-30,120.9000
1999-07-01,120.9000
1999-07-02,120.9600
1999-07-05,122.3500
1999-07-06,122.1000
1999-07-07,122.3700
1999-07-08,122.5600
1999-07-09,122.2700
1999-07-12,122.1300
1999-07-13,121.3500
1999-07-14,120.7400
1999-07-15,121.0100
1999-07-16,120.8700
1999-07-19,118.4000
1999-07-20,119.2900
1999-07-21,118.3700
1999-07-22,116.9700
1999-07-23,116.5300
1999-07-26,116.9200
1999-07-27,116.5800
1999-07-28,116.0400
1999-07-29,115.3600
1999-07-30,114.6500
1999-08-02,114.4500
1999-08-03,115.2800
1999-08-04,114.5100
1999-08-05,114.4500
1999-08-06,114.5000
1999-08-09,115.1400
1999-08-10,114.7400
1999-08-11,115.6800
1999-08-12,115.2500
1999-08-13,115.5800
1999-08-16,114.4900
1999-08-17,113.9800
1999-08-18,112.1000
1999-08-19,111.5900
1999-08-20,111.3800
1999-08-23,111.6100
1999-08-24,110.7500
1999-08-25,111.1200
1999-08-26,111.8800
1999-08-27,111.5600
1999-08-30,110.6400
1999-08-31,109.7400
1999-09-01,109.1200
1999-09-02,109.3200
1999-09-03,110.0100
1999-09-06,109.5500
1999-09-07,110.7200
1999-09-08,110.8800
1999-09-09,108.0000
1999-09-10,108.6800
1999-09-13,106.6200
1999-09-14,105.8400
1999-09-15,104.9400
1999-09-16,104.9400
1999-09-17,107.1300
1999-09-20,106.2400
1999-09-21,104.7500
1999-09-22,104.1600
1999-09-23,103.8700
1999-09-24,104.1500
1999-09-27,104.9000
1999-09-28,106.2000
1999-09-29,107.1200
1999-09-30,106.1500
1999-10-01,105.1200
1999-10-04,106.1400
1999-10-05,106.2800
1999-10-06,107.3200
1999-10-07,107.2000
1999-10-08,107.5200
1999-10-11,106.7600
1999-10-12,106.3100
1999-10-13,106.5500
1999-10-14,107.5200
1999-10-15,105.6600
1999-10-18,105.5000
1999-10-19,105.4000
1999-10-20,106.2900
1999-10-21,106.1300
1999-10-22,105.8600
1999-10-25,105.2500
1999-10-26,104.7100
1999-10-27,104.3100
1999-10-28,105.2300
1999-10-29,104.0000
1999-11-01,104.0400
1999-11-02,104.0200
1999-11-03,104.8400
1999-11-04,104.8000
1999-11-05,105.9100
1999-11-08,105.2200
1999-11-09,104.9000
1999-11-10,104.5300
1999-11-11,104.8900
1999-11-12,105.4000
1999-11-15,104.8000
1999-11-16,105.8200
1999-11-17,105.5500
1999-11-18,105.9000
1999-11-19,106.3800
1999-11-22,104.6800
1999-11-23,104.2600
1999-11-24,104.7100
1999-11-25,104.3100
1999-11-26,101.8000
1999-11-29,102.6700
1999-11-30,101.9700
1999-12-01,102.6100
1999-12-02,102.7400
1999-12-03,102.7000
1999-12-06,102.8700
1999-12-07,102.3800
1999-12-08,102.8800
1999-12-09,102.4800
1999-12-10,102.1700
1999-12-13,103.0800
1999-12-14,103.5000
1999-12-15,103.6500
1999-12-16,102.9600
1999-12-17,103.1800
1999-12-20,102.5600
1999-12-21,102.1700
1999-12-22,101.5700
1999-12-23,102.0500
1999-12-24,102.8200
1999-12-27,102.2300
1999-12-28,102.3200
1999-12-29,102.0000
1999-12-30,102.5000
1999-12-31,102.1800
2000-01-03,101.6900
2000-01-04,103.1400
2000-01-05,104.0900
2000-01-06,105.2300
2000-01-07,105.3300
2000-01-10,105.1600
2000-01-11,106.0200
2000-01-12,105.7100
2000-01-13,106.0200
2000-01-14,105.8800
2000-01-17,104.8900
2000-01-18,105.6600
2000-01-19,105.2600
2000-01-20,105.3100
2000-01-21,104.7200
2000-01-24,105.6500
2000-01-25,105.8700
2000-01-26,105.5800
2000-01-27,104.9900
2000-01-28,107.0600
2000-01-31,107.2000
2000-02-01,107.7400
2000-02-02,108.1000
2000-02-03,107.4500
2000-02-04,107.1800
2000-02-07,108.9100
2000-02-08,109.4000
2000-02-09,108.7600
2000-02-10,109.1100
2000-02-11,108.8000
2000-02-14,108.8300
2000-02-15,109.0700
2000-02-16,109.3500
2000-02-17,110.4100
2000-02-18,110.8500
2000-02-21,111.2500
2000-02-22,110.6800
2000-02-23,111.2500
2000-02-24,111.3000
2000-02-25,110.1500
2000-02-28,109.7000
2000-02-29,110.1900
2000-03-01,106.9400
2000-03-02,107.8000
2000-03-03,107.6800
2000-03-06,107.4200
2000-03-07,106.1800
2000-03-08,107.1700
2000-03-09,106.5100
2000-03-10,106.2200
2000-03-13,105.6900
2000-03-14,105.1100
2000-03-15,105.6200
2000-03-16,105.6400
2000-03-17,106.6600
2000-03-20,106.3600
2000-03-21,106.7000
2000-03-22,107.0700
2000-03-23,107.2800
2000-03-24,106.9900
2000-03-27,106.7000
2000-03-28,105.8200
2000-03-29,105.7100
2000-03-30,105.6400
2000-03-31,102.9600
2000-04-03,104.9900
2000-04-04,105.2100
2000-04-05,104.8200
2000-04-06,104.6900
2000-04-07,105.4500
2000-04-10,106.4600
2000-04-11,106.8000
2000-04-12,105.7500
2000-04-13,105.7900
2000-04-14,104.7600
2000-04-17,104.5900
2000-04-18,104.6600
2000-04-19,104.8500
2000-04-20,105.7100
2000-04-21,105.8000
2000-04-24,105.6900
2000-04-25,106.1300
2000-04-26,106.1400
2000-04-27,106.3800
2000-04-28,108.1500
2000-05-01,108.6300
2000-05-02,108.4500
2000-05-03,108.9700
2000-05-04,108.0000
2000-05-05,108.5800
2000-05-08,109.1500
2000-05-09,109.1100
2000-05-10,109.3500
2000-05-11,108.3800
2000-05-12,108.3200
2000-05-15,109.1600
2000-05-16,109.7300
2000-05-17,108.9100
2000-05-18,108.4500
2000-05-19,106.9100
2000-05-22,107.1800
2000-05-23,106.4600
2000-05-24,107.6600
2000-05-25,107.3800
2000-05-26,107.1100
2000-05-29,106.9100
2000-05-30,106.4800
2000-05-31,107.6300
2000-06-01,108.5000
2000-06-02,107.9500
2000-06-05,107.4100
2000-06-06,105.8500
2000-06-07,105.5800
2000-06-08,105.9000
2000-06-09,106.8500
2000-06-12,106.9000
2000-06-13,106.8000
2000-06-14,106.5700
2000-06-15,106.4100
2000-06-16,106.3500
2000-06-19,105.8500
2000-06-20,105.4000
2000-06-21,105.5700
2000-06-22,104.5300
2000-06-23,104.6100
2000-06-26,105.5500
2000-06-27,105.3700
2000-06-28,105.3800
2000-06-29,105.2100
2000-06-30,106.0100
2000-07-03,105.7800
2000-07-04,106.1000
2000-07-05,106.9300
2000-07-06,107.3300
2000-07-07,107.8800
2000-07-10,106.9200
2000-07-11,107.0700
2000-07-12,108.1300
2000-07-13,108.0500
2000-07-14,107.8100
2000-07-17,107.9600
2000-07-18,108.2200
2000-07-19,108.1500
2000-07-20,107.5000
2000-07-21,108.9700
2000-07-24,108.5700
2000-07-25,109.1200
2000-07-26,109.1100
2000-07-27,109.2000
2000-07-28,109.6300
2000-07-31,109.3300
2000-08-01,109.2300
2000-08-02,108.6800
2000-08-03,108.3300
2000-08-04,108.5800
2000-08-07,109.0100
2000-08-08,108.5700
2000-08-09,107.9200
2000-08-10,107.7000
2000-08-11,108.4600
2000-08-14,109.4300
2000-08-15,109.0300
2000-08-16,108.4000
2000-08-17,108.5400
2000-08-18,108.2700
2000-08-21,108.6400
2000-08-22,108.3000
2000-08-23,106.9800
2000-08-24,106.9900
2000-08-25,106.8000
2000-08-28,106.5900
2000-08-29,106.1300
2000-08-30,106.6100
2000-08-31,106.6700
2000-09-01,105.9500
2000-09-04,106.2100
2000-09-05,105.8600
2000-09-06,105.9300
2000-09-07,105.1400
2000-09-08,106.1100
2000-09-11,106.0900
2000-09-12,106.9200
2000-09-13,107.0600
2000-09-14,107.4100
2000-09-15,107.2600
2000-09-18,106.8900
2000-09-19,106.9500
2000-09-20,106.6000
2000-09-21,106.6400
2000-09-22,108.0000
2000-09-25,107.6500
2000-09-26,107.4700
2000-09-27,107.2300
2000-09-28,107.6500
2000-09-29,108.1300
2000-10-02,108.7300
2000-10-03,108.8900
2000-10-04,109.1900
2000-10-05,109.0800
2000-10-06,108.7300
2000-10-09,108.7600
2000-10-10,107.7200
2000-10-11,107.7400
2000-10-12,107.7500
2000-10-13,107.7000
2000-10-16,108.0600
2000-10-17,107.9100
2000-10-18,107.6600
2000-10-19,108.3300
2000-10-20,108.8300
2000-10-23,108.3100
2000-10-24,107.9400
2000-10-25,108.2100
2000-10-26,108.2400
2000-10-27,108.5300
2000-10-30,108.9600
2000-10-31,108.7900
2000-11-01,108.2500
2000-11-02,108.1500
2000-11-03,106.9500
2000-11-06,107.3600
2000-11-07,107.0600
2000-11-08,107.2300
2000-11-09,107.5800
2000-11-10,107.8300
2000-11-13,107.5400
2000-11-14,108.1600
2000-11-15,108.7600
2000-11-16,108.8400
2000-11-17,108.7800
2000-11-20,109.6900
2000-11-21,109.9200
2000-11-22,110.1600
2000-11-23,110.3500
2000-11-24,111.2300
2000-11-27,110.5700
2000-11-28,110.1700
2000-11-29,111.3200
2000-11-30,110.3700
2000-12-01,111.1900
2000-12-04,111.0600
2000-12-05,110.7400
2000-12-06,110.1600
2000-12-07,110.5400
2000-12-08,110.9000
2000-12-11,110.7200
2000-12-12,111.5700
2000-12-13,112.3600
2000-12-14,112.1300
2000-12-15,112.4200
2000-12-18,112.1200
2000-12-19,112.6500
2000-12-20,112.8900
2000-12-21,112.1100
2000-12-22,112.8000
2000-12-25,113.0200
2000-12-26,113.7300
2000-12-27,114.2600
2000-12-28,114.5900
2000-12-29,114.3800
2001-01-01,114.5700
2001-01-02,114.4000
2001-01-03,113.8400
2001-01-04,116.0900
2001-01-05,116.4500
2001-01-08,116.1000
2001-01-09,117.0700
2001-01-10,116.4500
2001-01-11,117.9100
2001-01-12,118.4700
2001-01-15,119.1100
2001-01-16,117.7100
2001-01-17,119.1700
2001-01-18,117.9000
2001-01-19,117.1300
2001-01-22,116.4600
2001-01-23,116.6100
2001-01-24,117.9000
2001-01-25,116.6200
2001-01-26,117.3200
2001-01-29,116.7400
2001-01-30,115.6500
2001-01-31,116.6800
2001-02-01,115.4200
2001-02-02,115.6300
2001-02-05,114.7100
2001-02-06,114.7400
2001-02-07,116.1600
2001-02-08,116.7100
2001-02-09,117.5000
2001-02-12,117.3100
2001-02-13,116.6000
2001-02-14,116.1900
2001-02-15,115.6200
2001-02-16,115.7200
2001-02-19,116.0800
2001-02-20,115.6400
2001-02-21,116.3700
2001-02-22,117.0100
2001-02-23,115.7500
2001-02-26,116.4800
2001-02-27,116.3600
2001-02-28,117.3900
2001-03-01,117.5000
2001-03-02,119.0500
2001-03-05,118.9200
2001-03-06,118.7000
2001-03-07,119.5200
2001-03-08,119.8200
2001-03-09,119.5400
2001-03-12,120.4700
2001-03-13,119.6100
2001-03-14,120.8200
2001-03-15,121.9900
2001-03-16,122.9200
2001-03-19,122.8000
2001-03-20,122.2000
2001-03-21,123.0200
2001-03-22,123.7600
2001-03-23,122.8300
2001-03-26,122.6600
2001-03-27,122.1600
2001-03-28,122.2700
2001-03-29,123.6800
2001-03-30,126.2300
2001-04-02,126.6400
2001-04-03,125.5300
2001-04-04,125.4700
2001-04-05,124.2600
2001-04-06,123.7300
2001-04-09,125.2800
2001-04-10,124.4200
2001-04-11,124.7400
2001-04-12,123.5000
2001-04-13,123.5000
2001-04-16,124.6000
2001-04-17,123.3800
2001-04-18,122.0000
2001-04-19,121.2400
2001-04-20,122.3300
2001-04-23,121.1800
2001-04-24,122.3000
2001-04-25,122.0900
2001-04-26,123.1700
2001-04-27,124.0200
2001-04-30,123.3800
2001-05-01,122.1100
2001-05-02,121.5300
2001-05-03,121.3300
2001-05-04,121.2800
2001-05-07,120.8700
2001-05-08,121.2800
2001-05-09,122.3100
2001-05-10,122.5200
2001-05-11,122.3700
2001-05-14,123.2000
2001-05-15,123.2000
2001-05-16,123.2300
2001-05-17,122.6000
2001-05-18,123.5100
2001-05-21,122.6700
2001-05-22,122.7200
2001-05-23,120.2000
2001-05-24,119.9700
2001-05-25,120.5900
2001-05-28,121.2600
2001-05-29,120.0600
2001-05-30,120.4400
2001-05-31,119.2300
2001-06-01,119.2100
2001-06-04,119.2000
2001-06-05,120.1800
2001-06-06,120.0000
2001-06-07,120.3300
2001-06-08,120.8500
2001-06-11,121.8300
2001-06-12,121.5800
2001-06-13,122.0200
2001-06-14,121.3000
2001-06-15,122.8700
2001-06-18,123.4200
2001-06-19,122.8000
2001-06-20,123.8700
2001-06-21,124.5700
2001-06-22,124.4600
2001-06-25,123.9000
2001-06-26,123.7800
2001-06-27,124.2200
2001-06-28,124.8500
2001-06-29,124.5000
2001-07-02,123.9700
2001-07-03,124.3500
2001-07-04,124.4300
2001-07-05,125.5600
2001-07-06,125.8200
2001-07-09,125.2600
2001-07-10,125.2700
2001-07-11,124.2700
2001-07-12,123.9300
2001-07-13,124.8600
2001-07-16,125.5000
2001-07-17,124.8000
2001-07-18,124.0800
2001-07-19,123.3800
2001-07-20,122.8600
2001-07-23,124.3800
2001-07-24,124.2000
2001-07-25,123.5700
2001-07-26,123.7200
2001-07-27,123.4600
2001-07-30,125.1700
2001-07-31,125.0100
2001-08-01,124.3900
2001-08-02,123.7200
2001-08-03,123.6000
2001-08-06,123.8000
2001-08-07,123.5600
2001-08-08,123.5600
2001-08-09,121.9600
2001-08-10,121.9500
2001-08-13,122.3800
2001-08-14,121.8300
2001-08-15,119.8900
2001-08-16,120.2500
2001-08-17,120.1900
2001-08-20,120.7400
2001-08-21,119.7700
2001-08-22,120.4200
2001-08-23,119.8900
2001-08-24,119.9800
2001-08-27,119.8900
2001-08-28,120.0200
2001-08-29,120.1600
2001-08-30,119.4300
2001-08-31,118.7500
2001-09-03,118.7100
2001-09-04,119.4000
2001-09-05,120.7400
2001-09-06,120.9400
2001-09-07,120.0000
2001-09-10,121.1000
2001-09-11,119.5800
2001-09-12,119.6100
2001-09-13,118.8100
2001-09-14,117.3200
2001-09-17,117.8600
2001-09-18,117.2600
2001-09-19,117.5000
2001-09-20,116.4300
2001-09-21,116.5900
2001-09-24,117.5500
2001-09-25,117.5100
2001-09-26,117.8800
2001-09-27,119.6600
2001-09-28,119.4800
2001-10-01,120.3000
2001-10-02,120.6100
2001-10-03,120.5800
2001-10-04,120.4700
2001-10-05,120.4700
2001-10-08,119.7200
2001-10-09,120.2000
2001-10-10,120.2600
2001-10-11,121.4000
2001-10-12,121.2200
2001-10-15,120.8000
2001-10-16,121.2700
2001-10-17,121.2200
2001-10-18,121.1400
2001-10-19,121.1700
2001-10-22,122.3800
2001-10-23,122.5100
2001-10-24,122.8100
2001-10-25,122.8800
2001-10-26,122.6500
2001-10-29,121.8900
2001-10-30,122.1200
2001-10-31,122.4000
2001-11-01,121.9700
2001-11-02,121.6200
2001-11-05,121.5600
2001-11-06,121.1700
2001-11-07,121.1600
2001-11-08,120.1200
2001-11-09,120.2200
2001-11-12,120.5700
2001-11-13,121.4200
2001-11-14,121.5300
2001-11-15,122.4500
2001-11-16,122.8700
2001-11-19,123.0800
2001-11-20,122.5700
2001-11-21,123.1500
2001-11-22,123.9500
2001-11-23,124.2800
2001-11-26,124.0500
2001-11-27,123.9700
2001-11-28,123.1500
2001-11-29,123.9400
2001-11-30,123.4500
2001-12-03,124.2800
2001-12-04,124.1400
2001-12-05,124.1600
2001-12-06,124.5500
2001-12-07,125.4900
2001-12-10,125.9500
2001-12-11,125.8300
2001-12-12,125.9100
2001-12-13,126.1200
2001-12-14,127.3700
2001-12-17,127.6400
2001-12-18,128.2600
2001-12-19,128.3700
2001-12-20,129.2000
2001-12-21,129.5000
2001-12-24,129.8500
2001-12-25,130.8500
2001-12-26,131.2800
2001-12-27,131.8100
2001-12-28,131.0500
2001-12-31,131.6700
2002-01-01,131.9300
2002-01-02,132.1400
2002-01-03,131.7000
2002-01-04,131.0200
2002-01-07,131.2500
2002-01-08,132.9200
2002-01-09,132.9400
2002-01-10,132.1300
2002-01-11,132.1500
2002-01-14,131.6300
2002-01-15,131.2200
2002-01-16,132.1900
2002-01-17,132.4500
2002-01-18,132.6200
2002-01-21,132.9500
2002-01-22,133.6600
2002-01-23,134.5300
2002-01-24,134.8500
2002-01-25,134.5500
2002-01-28,133.5600
2002-01-29,133.4400
2002-01-30,132.8700
2002-01-31,134.8700
2002-02-01,133.1000
2002-02-04,132.0300
2002-02-05,133.8000
2002-02-06,133.6400
2002-02-07,133.9500
2002-02-08,134.6700
2002-02-11,133.3700
2002-02-12,132.7200
2002-02-13,133.0000
2002-02-14,132.0500
2002-02-15,132.5900
2002-02-18,132.6600
2002-02-19,133.4200
2002-02-20,133.7700
2002-02-21,134.2000
2002-02-22,134.1100
2002-02-25,133.8400
2002-02-26,134.5200
2002-02-27,134.2200
2002-02-28,133.4600
2002-03-01,133.3200
2002-03-04,131.9500
2002-03-05,132.2200
2002-03-06,130.7400
2002-03-07,127.6200
2002-03-08,128.6200
2002-03-11,128.0200
2002-03-12,129.0300
2002-03-13,129.3600
2002-03-14,129.2500
2002-03-15,129.0100
2002-03-18,131.1600
2002-03-19,132.2000
2002-03-20,131.3500
2002-03-21,132.1100
2002-03-22,132.9000
2002-03-25,133.3000
2002-03-26,133.0800
2002-03-27,132.7300
2002-03-28,132.7500
2002-03-29,132.7000
2002-04-01,133.3100
2002-04-02,133.1300
2002-04-03,132.7100
2002-04-04,132.3300
2002-04-05,131.5500
2002-04-08,131.5200
2002-04-09,130.6500
2002-04-10,130.7400
2002-04-11,131.5300
2002-04-12,131.9200
2002-04-15,132.0600
2002-04-16,131.1700
2002-04-17,130.7000
2002-04-18,129.9700
2002-04-19,130.3100
2002-04-22,130.1100
2002-04-23,130.2300
2002-04-24,129.6200
2002-04-25,128.6800
2002-04-26,127.8200
2002-04-29,128.1200
2002-04-30,128.5300
2002-05-01,127.2400
2002-05-02,127.8100
2002-05-03,126.9000
2002-05-06,127.1500
2002-05-07,128.1500
2002-05-08,128.8200
2002-05-09,128.4200
2002-05-10,127.5700
2002-05-13,127.7700
2002-05-14,128.5100
2002-05-15,127.6500
2002-05-16,128.0300
2002-05-17,125.9300
2002-05-20,125.3900
2002-05-21,124.3000
2002-05-22,124.3500
2002-05-23,125.0300
2002-05-24,124.7000
2002-05-27,124.7500
2002-05-28,124.4900
2002-05-29,124.3500
2002-05-30,123.4200
2002-05-31,124.0600
2002-06-03,123.6200
2002-06-04,124.1700
2002-06-05,124.1300
2002-06-06,124.1200
2002-06-07,124.3100
2002-06-10,124.7400
2002-06-11,125.2800
2002-06-12,125.5800
2002-06-13,124.9900
2002-06-14,124.1300
2002-06-17,124.2600
2002-06-18,124.2600
2002-06-19,123.8600
2002-06-20,123.4500
2002-06-21,121.0900
2002-06-24,121.6000
2002-06-25,121.1500
2002-06-26,119.9200
2002-06-27,119.5400
2002-06-28,119.5200
2002-07-01,119.7700
2002-07-02,120.0000
2002-07-03,119.9000
2002-07-04,120.1700
2002-07-05,120.4000
2002-07-08,118.5700
2002-07-09,118.0600
2002-07-10,117.7600
2002-07-11,117.0300
2002-07-12,116.8500
2002-07-15,116.2200
2002-07-16,115.9700
2002-07-17,116.3300
2002-07-18,116.5300
2002-07-19,115.9000
2002-07-22,116.3700
2002-07-23,117.3700
2002-07-24,116.6800
2002-07-25,116.6300
2002-07-26,118.7700
2002-07-29,119.6500
2002-07-30,120.2200
2002-07-31,119.7800
2002-08-01,119.2100
2002-08-02,118.7700
2002-08-05,119.6100
2002-08-06,120.9600
2002-08-07,120.2600
2002-08-08,121.1000
2002-08-09,120.4500
2002-08-12,119.0100
2002-08-13,118.2300
2002-08-14,117.1900
2002-08-15,117.3400
2002-08-16,117.5600
2002-08-19,118.4400
2002-08-20,118.6300
2002-08-21,118.4600
2002-08-22,119.7900
2002-08-23,119.5900
2002-08-26,119.7100
2002-08-27,118.1500
2002-08-28,118.9500
2002-08-29,118.1900
2002-08-30,118.4300
2002-09-02,117.9900
2002-09-03,117.1500
2002-09-04,117.8700
2002-09-05,118.3600
2002-09-06,118.4100
2002-09-09,118.8700
2002-09-10,119.0100
2002-09-11,120.2700
2002-09-12,120.0800
2002-09-13,121.6300
2002-09-16,122.3000
2002-09-17,122.0800
2002-09-18,121.4500
2002-09-19,121.4600
2002-09-20,123.3000
2002-09-23,123.8900
2002-09-24,123.3700
2002-09-25,122.7000
2002-09-26,122.1200
2002-09-27,122.5300
2002-09-30,121.8300
2002-10-01,122.6000
2002-10-02,122.7600
2002-10-03,122.4000
2002-10-04,123.2000
2002-10-07,124.3000
2002-10-08,124.0800
2002-10-09,123.0100
2002-10-10,123.5900
2002-10-11,124.0200
2002-10-14,124.3400
2002-10-15,124.6300
2002-10-16,124.5100
2002-10-17,125.1000
2002-10-18,125.4500
2002-10-21,124.8600
2002-10-22,125.1400
2002-10-23,124.5200
2002-10-24,124.6400
2002-10-25,124.1700
2002-10-28,123.4500
2002-10-29,122.9300
2002-10-30,122.8900
2002-10-31,122.4500
2002-11-01,122.1500
2002-11-04,122.2100
2002-11-05,122.1100
2002-11-06,121.6500
2002-11-07,121.1500
2002-11-08,119.7800
2002-11-11,119.7000
2002-11-12,119.6400
2002-11-13,120.0800
2002-11-14,120.5900
2002-11-15,120.4600
2002-11-18,120.9400
2002-11-19,122.1700
2002-11-20,122.7300
2002-11-21,122.6500
2002-11-22,122.9500
2002-11-25,122.0600
2002-11-26,121.5200
2002-11-27,122.3600
2002-11-28,122.1800
2002-11-29,122.4700
2002-12-02,124.3700
2002-12-03,124.1900
2002-12-04,124.4500
2002-12-05,124.7100
2002-12-06,123.5200
2002-12-09,123.3600
2002-12-10,123.9200
2002-12-11,123.7200
2002-12-12,122.4800
2002-12-13,120.4300
2002-12-16,121.3300
2002-12-17,121.6200
2002-12-18,120.6900
2002-12-19,120.5300
2002-12-20,120.3600
2002-12-23,120.3900
2002-12-24,120.2600
2002-12-25,120.3300
2002-12-26,120.0300
2002-12-27,119.8600
2002-12-30,118.5000
2002-12-31,118.7000
2003-01-01,118.7100
2003-01-02,120.2100
2003-01-03,119.6700
2003-01-06,119.3600
2003-01-07,120.2200
2003-01-08,119.1100
2003-01-09,119.3800
2003-01-10,119.3000
2003-01-13,119.2400
2003-01-14,118.0000
2003-01-15,118.1100
2003-01-16,117.8200
2003-01-17,117.7800
2003-01-20,118.0100
2003-01-21,118.1600
2003-01-22,118.3400
2003-01-23,118.1200
2003-01-24,117.8100
2003-01-27,118.5500
2003-01-28,118.6800
2003-01-29,118.6300
2003-01-30,119.0400
2003-01-31,119.9100
2003-02-03,120.3000
2003-02-04,119.8400
2003-02-05,120.1400
2003-02-06,119.8900
2003-02-07,120.2200
2003-02-10,121.2100
2003-02-11,120.9500
2003-02-12,121.3200
2003-02-13,120.3300
2003-02-14,120.3000
2003-02-17,120.2100
2003-02-18,119.0400
2003-02-19,118.6800
2003-02-20,118.3000
2003-02-21,118.6100
2003-02-24,118.1500
2003-02-25,117.4600
2003-02-26,117.0900
2003-02-27,117.7100
2003-02-28,118.0900
2003-03-03,117.6500
2003-03-04,117.1400
2003-03-05,117.2900
2003-03-06,117.3000
2003-03-07,117.0500
2003-03-10,116.8500
2003-03-11,117.1200
2003-03-12,117.4900
2003-03-13,118.6600
2003-03-14,118.3000
2003-03-17,118.8100
2003-03-18,118.6000
2003-03-19,120.0600
2003-03-20,120.3000
2003-03-21,121.4600
2003-03-24,120.6800
2003-03-25,119.9100
2003-03-26,119.9800
2003-03-27,119.9700
2003-03-28,119.7200
2003-03-31,118.0100
2003-04-01,117.7900
2003-04-02,119.1400
2003-04-03,118.7300
2003-04-04,119.9500
2003-04-07,119.8900
2003-04-08,119.7100
2003-04-09,120.0800
2003-04-10,119.5400
2003-04-11,120.5200
2003-04-14,120.2900
2003-04-15,120.3100
2003-04-16,119.5600
2003-04-17,119.6500
2003-04-18,119.8100
2003-04-21,120.5300
2003-04-22,119.8700
2003-04-23,120.4700
2003-04-24,119.7600
2003-04-25,120.1600
2003-04-28,120.4800
2003-04-29,119.8600
2003-04-30,118.8200
2003-05-01,118.4500
2003-05-02,119.0300
2003-05-05,118.4500
2003-05-06,117.5900
2003-05-07,116.4200
2003-05-08,117.0800
2003-05-09,117.3500
2003-05-12,117.0000
2003-05-13,116.7700
2003-05-14,116.2100
2003-05-15,116.4300
2003-05-16,116.0100
2003-05-19,117.0800
2003-05-20,116.6400
2003-05-21,117.6000
2003-05-22,117.2500
2003-05-23,116.9500
2003-05-26,116.8600
2003-05-27,117.2700
2003-05-28,118.5500
2003-05-29,118.1700
2003-05-30,119.3000
2003-06-02,118.6500
2003-06-03,119.1400
2003-06-04,118.8300
2003-06-05,117.7200
2003-06-06,118.6300
2003-06-09,118.1800
2003-06-10,117.6700
2003-06-11,117.6900
2003-06-12,117.6200
2003-06-13,117.3900
2003-06-16,117.6400
2003-06-17,118.0900
2003-06-18,117.9400
2003-06-19,118.4500
2003-06-20,118.3300
2003-06-23,117.7100
2003-06-24,117.9200
2003-06-25,117.9300
2003-06-26,119.2600
2003-06-27,119.5300
2003-06-30,119.6700
2003-07-01,119.2400
2003-07-02,118.1500
2003-07-03,118.1700
2003-07-04,118.3300
2003-07-07,118.0900
2003-07-08,118.2500
2003-07-09,117.8100
2003-07-10,117.6700
2003-07-11,117.9100
2003-07-14,117.7200
2003-07-15,117.8600
2003-07-16,118.0200
2003-07-17,118.8200
2003-07-18,118.4200
2003-07-21,118.5500
2003-07-22,119.0200
2003-07-23,118.7200
2003-07-24,118.9500
2003-07-25,118.7600
2003-07-28,119.4100
2003-07-29,119.8200
2003-07-30,120.2800
2003-07-31,120.5600
2003-08-01,120.1300
2003-08-04,120.3100
2003-08-05,119.9000
2003-08-06,120.2000
2003-08-07,119.1100
2003-08-08,119.0300
2003-08-11,118.5000
2003-08-12,118.6000
2003-08-13,119.2000
2003-08-14,118.9700
2003-08-15,119.1300
2003-08-18,119.4000
2003-08-19,118.5700
2003-08-20,118.0600
2003-08-21,117.8300
2003-08-22,117.4900
2003-08-25,117.2300
2003-08-26,117.3000
2003-08-27,117.4800
2003-08-28,117.3200
2003-08-29,116.8900
2003-09-01,116.5000
2003-09-02,116.4400
2003-09-03,115.9100
2003-09-04,116.8500
2003-09-05,116.7900
2003-09-08,116.6100
2003-09-09,116.8100
2003-09-10,117.0700
2003-09-11,117.0800
2003-09-12,117.2700
2003-09-15,117.4100
2003-09-16,116.1900
2003-09-17,116.1100
2003-09-18,115.2300
2003-09-19,113.9100
2003-09-22,112.0700
2003-09-23,112.2700
2003-09-24,111.8900
2003-09-25,112.1000
2003-09-26,111.6900
2003-09-29,110.8200
2003-09-30,111.2900
2003-10-01,111.2300
2003-10-02,110.8700
2003-10-03,110.8100
2003-10-06,110.9300
2003-10-07,109.9100
2003-10-08,109.5200
2003-10-09,109.1000
2003-10-10,108.5600
2003-10-13,108.9800
2003-10-14,108.7900
2003-10-15,109.5100
2003-10-16,109.7700
2003-10-17,109.3000
2003-10-20,110.1800
2003-10-21,109.5600
2003-10-22,108.9600
2003-10-23,109.4200
2003-10-24,109.2300
2003-10-27,108.4300
2003-10-28,108.1500
2003-10-29,108.2200
2003-10-30,108.6000
2003-10-31,110.0000
2003-11-03,110.8000
2003-11-04,109.5500
2003-11-05,109.8600
2003-11-06,110.1700
2003-11-07,109.3300
2003-11-10,108.7300
2003-11-11,108.7700
2003-11-12,108.6800
2003-11-13,108.0300
2003-11-14,108.3000
2003-11-17,109.0100
2003-11-18,108.0600
2003-11-19,109.1100
2003-11-20,109.0000
2003-11-21,108.7500
2003-11-24,109.3800
2003-11-25,109.4000
2003-11-26,109.0500
2003-11-27,109.2800
2003-11-28,109.6200
2003-12-01,109.1700
2003-12-02,108.7300
2003-12-03,108.3000
2003-12-04,108.2700
2003-12-05,107.6200
2003-12-08,107.4100
2003-12-09,107.0900
2003-12-10,108.3800
2003-12-11,107.9800
2003-12-12,107.6800
2003-12-15,107.7400
2003-12-16,107.5100
2003-12-17,107.3800
2003-12-18,107.6500
2003-12-19,107.7100
2003-12-22,107.4900
2003-12-23,107.4300
2003-12-24,107.2600
2003-12-25,107.2400
2003-12-26,107.4500
2003-12-29,107.0500
2003-12-30,106.9600
2003-12-31,107.4000
2004-01-01,107.3000
2004-01-02,106.9100
2004-01-05,106.2400
2004-01-06,106.2300
2004-01-07,106.1800
2004-01-08,106.1700
2004-01-09,106.5800
2004-01-12,106.6000
2004-01-13,106.2400
2004-01-14,106.2400
2004-01-15,106.2700
2004-01-16,106.7500
2004-01-19,107.2300
2004-01-20,107.0000
2004-01-21,106.8100
2004-01-22,106.1300
2004-01-23,106.7500
2004-01-26,106.3500
2004-01-27,105.6300
2004-01-28,106.1300
2004-01-29,105.9100
2004-01-30,105.7200
2004-02-02,105.5200
2004-02-03,105.4700
2004-02-04,105.4500
2004-02-05,105.6400
2004-02-06,105.4500
2004-02-09,105.8200
2004-02-10,105.5800
2004-02-11,105.3400
2004-02-12,105.3000
2004-02-13,105.2000
2004-02-16,105.4500
2004-02-17,105.6100
2004-02-18,106.3400
2004-02-19,106.9100
2004-02-20,108.9500
2004-02-23,108.3000
2004-02-24,108.2000
2004-02-25,108.9700
2004-02-26,109.4800
2004-02-27,109.2500
2004-03-01,108.9100
2004-03-02,110.1500
2004-03-03,110.1100
2004-03-04,111.2500
2004-03-05,112.0000
2004-03-08,111.2900
2004-03-09,111.4600
2004-03-10,110.8900
2004-03-11,110.8300
2004-03-12,110.6500
2004-03-15,110.3100
2004-03-16,108.7100
2004-03-17,108.2600
2004-03-18,106.7900
2004-03-19,106.6600
2004-03-22,106.7600
2004-03-23,106.7600
2004-03-24,106.4000
2004-03-25,106.1300
2004-03-26,106.1800
2004-03-29,105.4600
2004-03-30,105.8400
2004-03-31,104.2100
2004-04-01,103.7400
2004-04-02,104.6100
2004-04-05,105.0900
2004-04-06,105.7600
2004-04-07,105.2200
2004-04-08,106.4200
2004-04-09,106.4000
2004-04-12,105.3500
2004-04-13,106.8200
2004-04-14,108.6700
2004-04-15,108.2100
2004-04-16,107.8000
2004-04-19,108.3900
2004-04-20,108.9600
2004-04-21,109.3500
2004-04-22,109.3800
2004-04-23,109.1600
2004-04-26,108.6300
2004-04-27,109.5200
2004-04-28,110.0200
2004-04-29,109.9300
2004-04-30,110.3700
2004-05-03,110.1600
2004-05-04,109.5500
2004-05-05,108.8200
2004-05-06,109.7400
2004-05-07,112.3100
2004-05-10,113.7300
2004-05-11,112.9400
2004-05-12,112.9700
2004-05-13,114.5900
2004-05-14,114.1100
2004-05-17,114.4300
2004-05-18,114.0900
2004-05-19,112.8500
2004-05-20,112.7300
2004-05-21,112.3400
2004-05-24,113.1200
2004-05-25,111.8100
2004-05-26,111.8600
2004-05-27,111.0700
2004-05-28,109.9700
2004-05-31,109.5200
2004-06-01,110.4200
2004-06-02,109.8500
2004-06-03,111.1600
2004-06-04,111.2600
2004-06-07,109.6200
2004-06-08,109.5300
2004-06-09,110.3900
2004-06-10,109.2700
2004-06-11,110.1300
2004-06-14,110.9900
2004-06-15,109.4100
2004-06-16,110.0900
2004-06-17,109.5800
2004-06-18,108.7200
2004-06-21,108.6800
2004-06-22,109.1900
2004-06-23,108.2100
2004-06-24,107.1900
2004-06-25,107.6000
2004-06-28,107.9900
2004-06-29,108.1900
2004-06-30,108.8700
2004-07-01,108.4700
2004-07-02,108.2600
2004-07-05,109.0100
2004-07-06,109.4100
2004-07-07,108.5200
2004-07-08,108.8500
2004-07-09,108.1800
2004-07-12,108.3100
2004-07-13,108.4200
2004-07-14,109.1500
2004-07-15,109.7600
2004-07-16,108.7300
2004-07-19,108.2700
2004-07-20,108.4900
2004-07-21,109.8700
2004-07-22,109.7600
2004-07-23,110.1500
2004-07-26,109.8700
2004-07-27,110.8800
2004-07-28,111.7500
2004-07-29,112.1100
2004-07-30,111.3600
2004-08-02,110.8500
2004-08-03,110.6500
2004-08-04,111.0000
2004-08-05,111.7500
2004-08-06,110.5100
2004-08-09,110.6500
2004-08-10,111.2200
2004-08-11,110.7600
2004-08-12,110.8800
2004-08-13,110.7000
2004-08-16,110.3900
2004-08-17,109.9500
2004-08-18,109.4300
2004-08-19,109.3600
2004-08-20,109.1100
2004-08-23,109.7400
2004-08-24,109.6900
2004-08-25,110.1000
2004-08-26,109.6200
2004-08-27,109.6600
2004-08-30,109.9200
2004-08-31,109.1700
2004-09-01,109.3600
2004-09-02,109.5000
2004-09-03,110.4100
2004-09-06,110.1500
2004-09-07,109.3700
2004-09-08,109.2100
2004-09-09,109.3900
2004-09-10,109.5800
2004-09-13,110.0500
2004-09-14,109.5400
2004-09-15,110.0200
2004-09-16,109.6100
2004-09-17,109.7000
2004-09-20,109.9100
2004-09-21,109.7800
2004-09-22,110.6000
2004-09-23,110.7400
2004-09-24,110.5400
2004-09-27,111.1700
2004-09-28,111.3100
2004-09-29,111.0200
2004-09-30,110.0800
2004-10-01,110.4800
2004-10-04,110.8500
2004-10-05,111.0600
2004-10-06,111.3400
2004-10-07,111.1100
2004-10-08,109.5000
2004-10-11,109.3700
2004-10-12,109.6700
2004-10-13,109.6700
2004-10-14,109.6500
2004-10-15,109.3700
2004-10-18,109.3500
2004-10-19,108.3500
2004-10-20,108.3000
2004-10-21,107.4100
2004-10-22,107.5200
2004-10-25,106.6000
2004-10-26,106.6800
2004-10-27,106.6500
2004-10-29,105.7200
2004-11-01,106.4500
2004-11-02,106.0700
2004-11-03,106.1200
2004-11-04,106.0800
2004-11-05,105.4900
2004-11-08,105.6200
2004-11-09,105.7500
2004-11-10,106.9700
2004-11-11,106.6800
2004-11-12,105.6500
2004-11-15,105.4100
2004-11-16,105.4200
2004-11-17,104.0500
2004-11-18,104.3000
2004-11-19,103.0800
2004-11-22,103.1600
2004-11-23,103.3300
2004-11-24,102.8400
2004-11-25,102.5200
2004-11-26,102.5300
2004-11-29,103.0300
2004-11-30,102.9000
2004-12-01,102.5100
2004-12-02,103.1000
2004-12-03,102.0900
2004-12-06,103.1300
2004-12-07,102.8600
2004-12-08,104.0300
2004-12-09,104.6800
2004-12-10,105.0200
2004-12-13,104.6900
2004-12-14,105.2000
2004-12-15,104.2500
2004-12-16,104.5800
2004-12-17,104.1500
2004-12-20,104.1500
2004-12-21,104.3000
2004-12-22,104.1600
2004-12-23,103.5500
2004-12-24,103.6500
2004-12-27,102.8900
2004-12-28,103.1900
2004-12-29,103.9400
2004-12-30,102.9100
2004-12-31,102.5100
2005-01-03,102.7400
2005-01-04,104.3400
2005-01-05,103.9300
2005-01-06,104.8900
2005-01-07,104.8900
2005-01-10,104.1700
2005-01-11,103.4200
2005-01-12,102.4400
2005-01-13,102.4600
2005-01-14,101.9800
2005-01-17,102.2600
2005-01-18,102.2600
2005-01-19,102.9100
2005-01-20,103.3700
2005-01-21,102.6100
2005-01-24,102.5800
2005-01-25,104.0200
2005-01-26,103.0700
2005-01-27,102.8500
2005-01-28,102.7300
2005-01-31,103.6000
2005-02-01,103.6400
2005-02-02,103.6600
2005-02-03,104.4600
2005-02-04,104.0400
2005-02-07,104.8200
2005-02-08,105.7100
2005-02-09,105.5900
2005-02-10,105.8200
2005-02-11,105.7500
2005-02-14,105.1000
2005-02-15,104.5500
2005-02-16,105.4800
2005-02-17,105.4800
2005-02-18,105.6300
2005-02-21,105.4400
2005-02-22,104.2300
2005-02-23,105.0500
2005-02-24,105.5000
2005-02-25,105.2400
2005-02-28,104.5300
2005-03-01,104.4500
2005-03-02,104.7700
2005-03-03,105.2900
2005-03-04,104.7900
2005-03-07,105.0900
2005-03-08,104.5700
2005-03-09,104.0100
2005-03-10,103.9300
2005-03-11,104.0800
2005-03-14,104.9300
2005-03-15,104.5400
2005-03-16,104.1900
2005-03-17,104.5300
2005-03-18,104.7100
2005-03-21,105.2100
2005-03-22,105.6000
2005-03-23,105.9100
2005-03-24,106.4200
2005-03-25,106.3600
2005-03-28,107.2400
2005-03-29,107.3300
2005-03-30,107.5300
2005-03-31,107.1400
2005-04-01,107.6600
2005-04-04,108.2800
2005-04-05,108.2700
2005-04-06,108.6800
2005-04-07,108.5900
2005-04-08,108.1600
2005-04-11,107.7300
2005-04-12,107.8000
2005-04-13,107.3200
2005-04-14,108.3000
2005-04-15,107.7100
2005-04-18,107.4300
2005-04-19,106.8600
2005-04-20,106.8500
2005-04-21,106.7700
2005-04-22,105.9500
2005-04-25,105.7100
2005-04-26,106.1200
2005-04-27,105.9300
2005-04-28,106.0400
2005-04-29,104.6500
2005-05-02,105.1000
2005-05-03,104.8700
2005-05-04,104.5200
2005-05-05,104.5100
2005-05-06,105.0700
2005-05-09,105.7100
2005-05-10,105.4600
2005-05-11,105.7500
2005-05-12,106.8200
2005-05-13,107.3100
2005-05-16,106.8500
2005-05-17,107.4300
2005-05-18,107.0100
2005-05-19,107.6000
2005-05-20,108.1500
2005-05-23,107.7600
2005-05-24,107.5900
2005-05-25,107.6800
2005-05-26,108.0300
2005-05-27,107.9800
2005-05-30,107.9600
2005-05-31,108.4000
2005-06-01,108.6600
2005-06-02,108.2100
2005-06-03,107.6400
2005-06-06,106.8700
2005-06-07,106.6300
2005-06-08,107.2200
2005-06-09,107.4800
2005-06-10,108.6500
2005-06-13,109.4500
2005-06-14,109.4000
2005-06-15,109.1700
2005-06-16,108.9600
2005-06-17,108.5300
2005-06-20,109.3500
2005-06-21,108.4100
2005-06-22,108.7600
2005-06-23,108.9200
2005-06-24,108.9700
2005-06-27,109.2800
2005-06-28,109.7700
2005-06-29,110.4400
2005-06-30,110.8600
2005-07-01,111.7400
2005-07-04,111.5600
2005-07-05,111.5500
2005-07-06,112.2500
2005-07-07,112.0000
2005-07-08,112.2600
2005-07-11,111.7000
2005-07-12,110.9600
2005-07-13,112.0100
2005-07-14,112.2800
2005-07-15,112.2100
2005-07-18,111.8900
2005-07-19,112.9000
2005-07-20,112.7300
2005-07-21,110.4300
2005-07-22,111.3000
2005-07-25,111.6400
2005-07-26,112.5100
2005-07-27,112.4500
2005-07-28,112.2700
2005-07-29,112.4400
2005-08-01,112.2200
2005-08-02,111.3900
2005-08-03,111.1000
2005-08-04,111.2300
2005-08-05,111.8000
2005-08-08,112.0800
2005-08-09,111.7800
2005-08-10,110.6500
2005-08-11,109.7000
2005-08-12,109.3400
2005-08-15,109.3300
2005-08-16,109.6000
2005-08-17,109.8500
2005-08-18,110.4600
2005-08-19,110.4400
2005-08-22,109.6900
2005-08-23,109.8600
2005-08-24,110.2300
2005-08-25,110.0700
2005-08-26,110.1600
2005-08-29,110.6700
2005-08-30,111.3500
2005-08-31,110.6500
2005-09-01,109.8900
2005-09-02,109.8000
2005-09-05,109.3200
2005-09-06,109.6100
2005-09-07,110.0300
2005-09-08,110.5100
2005-09-09,109.6200
2005-09-12,110.2500
2005-09-13,110.7100
2005-09-14,110.4700
2005-09-15,110.6000
2005-09-16,111.3200
2005-09-19,111.4700
2005-09-20,111.9600
2005-09-22,111.6300
2005-09-23,112.4800
2005-09-26,112.3200
2005-09-27,113.2500
2005-09-28,112.9100
2005-09-29,113.2000
2005-09-30,113.4600
2005-10-03,114.2500
2005-10-04,114.3500
2005-10-05,114.1000
2005-10-06,113.3400
2005-10-07,113.7800
2005-10-10,114.2200
2005-10-11,114.5500
2005-10-12,114.3700
2005-10-13,114.4800
2005-10-14,114.0500
2005-10-17,115.1000
2005-10-18,115.7900
2005-10-19,115.5200
2005-10-20,115.3100
2005-10-21,115.9000
2005-10-24,115.4700
2005-10-25,115.1100
2005-10-26,115.9100
2005-10-27,115.3600
2005-10-28,115.5700
2005-10-31,116.4400
2005-11-01,116.7600
2005-11-02,116.8000
2005-11-03,117.2200
2005-11-04,118.3100
2005-11-07,117.6200
2005-11-08,117.4000
2005-11-09,117.7400
2005-11-10,117.9600
2005-11-11,118.0400
2005-11-14,118.7900
2005-11-15,118.8500
2005-11-16,119.1000
2005-11-17,118.8100
2005-11-18,119.0900
2005-11-21,119.0800
2005-11-22,118.8600
2005-11-23,118.7600
2005-11-24,119.1100
2005-11-25,119.6400
2005-11-28,118.9000
2005-11-29,119.7500
2005-11-30,119.7200
2005-12-01,120.4100
2005-12-02,120.4500
2005-12-05,120.8400
2005-12-06,120.6800
2005-12-07,121.0300
2005-12-08,120.3900
2005-12-09,120.6400
2005-12-12,119.9000
2005-12-13,120.0400
2005-12-14,117.5500
2005-12-15,116.3200
2005-12-16,115.6400
2005-12-19,116.0500
2005-12-20,117.2400
2005-12-21,117.4800
2005-12-22,116.6700
2005-12-23,116.3600
2005-12-26,116.6000
2005-12-27,117.3200
2005-12-28,117.7200
2005-12-29,117.8100
2005-12-30,117.9800
2006-01-02,117.8000
2006-01-03,115.9800
2006-01-04,116.2200
2006-01-05,116.0000
2006-01-06,114.3900
2006-01-09,114.5400
2006-01-10,114.4500
2006-01-11,114.2800
2006-01-12,114.6300
2006-01-13,114.2200
2006-01-16,115.1200
2006-01-17,115.5850
2006-01-18,115.2600
2006-01-19,115.5000
2006-01-20,115.2700
2006-01-23,114.4700
2006-01-24,115.0400
2006-01-25,115.7700
2006-01-26,116.2900
2006-01-27,117.4000
2006-01-30,117.6200
2006-01-31,117.3100
2006-02-01,117.9700
2006-02-02,118.5150
2006-02-03,118.8900
2006-02-06,119.0700
2006-02-07,117.7300
2006-02-08,118.4900
2006-02-09,118.7100
2006-02-10,117.8300
2006-02-13,117.5300
2006-02-14,117.6000
2006-02-15,117.9400
2006-02-16,117.4600
2006-02-17,118.1400
2006-02-20,118.3600
2006-02-21,118.7850
2006-02-22,118.4100
2006-02-23,117.0700
2006-02-24,116.8400
2006-02-27,116.2100
2006-02-28,115.7900
2006-03-01,116.0600
2006-03-02,115.8400
2006-03-03,116.4100
2006-03-06,117.5900
2006-03-07,117.7700
2006-03-08,117.8200
2006-03-09,118.2000
2006-03-10,119.0000
2006-03-13,118.6600
2006-03-14,117.6800
2006-03-15,117.5200
2006-03-16,116.8800
2006-03-17,115.9100
2006-03-20,116.3700
2006-03-21,117.2200
2006-03-22,116.8700
2006-03-23,117.8300
2006-03-24,117.4500
2006-03-27,116.7300
2006-03-28,117.7600
2006-03-29,117.7700
2006-03-30,117.3100
2006-03-31,117.7600
2006-04-03,117.8000
2006-04-04,117.4400
2006-04-05,117.4400
2006-04-06,117.7800
2006-04-07,118.2400
2006-04-10,118.4100
2006-04-11,118.2100
2006-04-12,118.4100
2006-04-13,118.5400
2006-04-14,118.6800
2006-04-17,117.8100
2006-04-18,116.8800
2006-04-19,117.3600
2006-04-20,117.4100
2006-04-21,116.5800
2006-04-24,114.6000
2006-04-25,114.9100
2006-04-26,114.7600
2006-04-27,114.1800
2006-04-28,113.8200
2006-05-01,113.5500
2006-05-02,113.3600
2006-05-03,113.7900
2006-05-04,113.5850
2006-05-05,112.5600
2006-05-08,111.6800
2006-05-09,111.0100
2006-05-10,110.8300
2006-05-11,110.4200
2006-05-12,109.9700
2006-05-15,110.7000
2006-05-16,109.7600
2006-05-17,110.9100
2006-05-18,110.9000
2006-05-19,111.6600
2006-05-22,111.4600
2006-05-23,112.1400
2006-05-24,112.7400
2006-05-25,111.7600
2006-05-26,112.6500
2006-05-29,112.5600
2006-05-30,112.1500
2006-05-31,112.5300
2006-06-01,112.4800
2006-06-02,111.7300
2006-06-05,112.3400
2006-06-06,113.2150
2006-06-07,113.4300
2006-06-08,113.9350
2006-06-09,113.9600
2006-06-12,114.3800
2006-06-13,115.2400
2006-06-14,114.8600
2006-06-15,114.7150
2006-06-16,115.1400
2006-06-19,115.3800
2006-06-20,114.9000
2006-06-21,114.8350
2006-06-22,116.0800
2006-06-23,116.5400
2006-06-26,116.2200
2006-06-27,116.3200
2006-06-28,116.4000
2006-06-29,115.1500
2006-06-30,114.4900
2006-07-03,114.7500
2006-07-04,115.0950
2006-07-05,115.5700
2006-07-06,115.2600
2006-07-07,113.9600
2006-07-10,114.3000
2006-07-11,114.3000
2006-07-12,115.3100
2006-07-13,115.3400
2006-07-14,116.0800
2006-07-17,117.0800
2006-07-18,117.3300
2006-07-19,116.8300
2006-07-20,116.9600
2006-07-21,116.1200
2006-07-24,116.7500
2006-07-25,117.1500
2006-07-26,116.3500
2006-07-27,115.7500
2006-07-28,114.7400
2006-07-31,114.5100
2006-08-01,114.5600
2006-08-02,114.5600
2006-08-03,115.0400
2006-08-04,114.4800
2006-08-07,115.1100
2006-08-08,115.6900
2006-08-09,115.3600
2006-08-10,115.1600
2006-08-11,116.2800
2006-08-14,116.6000
2006-08-15,115.9400
2006-08-16,115.8750
2006-08-17,115.9000
2006-08-18,115.7700
2006-08-21,115.9700
2006-08-22,116.4700
2006-08-23,116.3900
2006-08-24,116.4600
2006-08-25,117.2600
2006-08-28,117.1700
2006-08-29,116.7050
2006-08-30,117.0200
2006-08-31,117.3600
2006-09-01,117.0600
2006-09-04,116.1700
2006-09-05,116.1700
2006-09-06,116.5600
2006-09-07,116.4400
2006-09-08,116.9500
2006-09-11,117.5500
2006-09-12,117.8200
2006-09-13,117.4500
2006-09-14,117.5700
2006-09-15,117.4700
2006-09-18,117.8900
2006-09-19,117.6000
2006-09-20,117.4600
2006-09-21,116.3600
2006-09-22,116.7000
2006-09-25,116.4750
2006-09-26,117.1400
2006-09-27,117.4400
2006-09-28,117.7300
2006-09-29,117.9600
2006-10-02,117.6600
2006-10-03,118.0500
2006-10-04,117.8200
2006-10-05,117.8500
2006-10-06,119.0100
2006-10-09,118.9900
2006-10-10,119.6700
2006-10-11,119.7400
2006-10-12,119.3800
2006-10-13,119.6000
2006-10-16,118.9600
2006-10-17,118.5900
2006-10-18,118.9200
2006-10-19,118.2800
2006-10-20,118.7200
2006-10-23,119.3000
2006-10-24,119.3400
2006-10-25,118.9400
2006-10-26,118.3800
2006-10-27,117.5800
2006-10-30,117.6100
2006-10-31,116.7900
2006-11-01,117.2200
2006-11-02,117.1000
2006-11-03,117.9800
2006-11-06,118.1700
2006-11-07,117.5900
2006-11-08,117.8300
2006-11-09,117.7900
2006-11-10,117.5200
2006-11-13,117.6300
2006-11-14,117.6300
2006-11-15,117.8800
2006-11-16,118.2200
2006-11-17,117.5400
2006-11-20,118.0400
2006-11-21,117.8600
2006-11-22,116.7600
2006-11-23,116.2800
2006-11-24,115.8900
2006-11-27,116.1100
2006-11-28,116.0500
2006-11-29,116.4300
2006-11-30,115.6800
2006-12-01,115.2300
2006-12-04,115.3700
2006-12-05,114.9500
2006-12-06,115.3200
2006-12-07,115.1400
2006-12-08,116.2900
2006-12-11,116.7600
2006-12-12,116.7000
2006-12-13,117.4000
2006-12-14,117.7600
2006-12-15,118.1500
2006-12-18,118.0500
2006-12-19,118.0100
2006-12-20,118.3400
2006-12-21,118.2900
2006-12-22,118.9900
2006-12-25,118.8400
2006-12-26,119.1200
2006-12-27,118.7700
2006-12-28,118.8950
2006-12-29,118.9800
2007-01-01,118.8800
2007-01-02,118.8300
2007-01-03,119.3400
2007-01-04,118.8300
2007-01-05,118.6900
2007-01-08,118.6900
2007-01-09,119.3000
2007-01-10,119.5100
2007-01-11,120.3000
2007-01-12,120.3000
2007-01-15,120.4200
2007-01-16,120.7900
2007-01-17,120.6200
2007-01-18,121.2600
2007-01-19,121.2100
2007-01-22,121.6200
2007-01-23,121.6800
2007-01-24,120.8800
2007-01-25,121.6200
2007-01-26,121.4100
2007-01-29,121.7300
2007-01-30,121.6800
2007-01-31,120.7400
2007-02-01,120.8000
2007-02-02,121.1300
2007-02-05,120.1900
2007-02-06,120.0500
2007-02-07,120.5850
2007-02-08,121.1300
2007-02-09,121.7100
2007-02-12,121.7700
2007-02-13,121.2700
2007-02-14,120.3100
2007-02-15,119.3900
2007-02-16,119.4100
2007-02-19,119.6900
2007-02-20,120.0150
2007-02-21,120.9400
2007-02-22,121.4900
2007-02-23,121.0900
2007-02-26,120.6400
2007-02-27,118.0900
2007-02-28,118.7300
2007-03-01,117.7200
2007-03-02,117.1900
2007-03-05,115.5900
2007-03-06,116.7800
2007-03-07,115.6900
2007-03-08,117.1500
2007-03-09,118.3200
2007-03-12,117.5700
2007-03-13,116.0200
2007-03-14,117.2600
2007-03-15,117.1500
2007-03-16,116.7400
2007-03-19,117.6100
2007-03-20,117.2500
2007-03-21,117.4100
2007-03-22,118.0900
2007-03-23,118.0500
2007-03-26,118.1200
2007-03-27,117.7500
2007-03-28,116.8700
2007-03-29,117.9800
2007-03-30,117.8100
2007-04-02,117.7600
2007-04-03,118.8700
2007-04-04,118.7700
2007-04-05,118.6920
2007-04-06,119.0700
2007-04-09,119.2200
2007-04-10,119.1200
2007-04-11,119.2900
2007-04-12,119.0000
2007-04-13,119.2300
2007-04-16,119.7600
2007-04-17,118.9500
2007-04-18,118.4500
2007-04-19,118.2500
2007-04-20,118.6600
2007-04-23,118.5700
2007-04-24,118.4800
2007-04-25,118.6800
2007-04-26,119.5300
2007-04-27,119.4800
2007-04-30,119.3600
2007-05-01,119.8000
2007-05-02,120.1600
2007-05-03,120.3600
2007-05-04,120.2700
2007-05-07,120.0500
2007-05-08,119.9900
2007-05-09,120.1100
2007-05-10,119.8400
2007-05-11,120.1900
2007-05-14,120.3200
2007-05-15,120.2200
2007-05-16,120.7200
2007-05-17,121.2910
2007-05-18,121.0600
2007-05-21,121.4700
2007-05-22,121.6400
2007-05-23,121.5200
2007-05-24,121.3580
2007-05-25,121.7600
2007-05-28,121.7000
2007-05-29,121.5900
2007-05-30,121.5900
2007-05-31,121.7500
2007-06-01,122.1300
2007-06-04,121.7200
2007-06-05,121.3400
2007-06-06,121.0100
2007-06-07,120.8800
2007-06-08,121.7100
2007-06-11,121.7600
2007-06-12,121.6200
2007-06-13,122.5700
2007-06-14,122.9550
2007-06-15,123.4000
2007-06-18,123.6800
2007-06-19,123.4200
2007-06-20,123.4700
2007-06-21,123.7400
2007-06-22,123.6900
2007-06-25,123.5800
2007-06-26,123.0400
2007-06-27,123.1500
2007-06-28,123.1600
2007-06-29,123.1600
2007-07-02,122.2300
2007-07-03,122.4700
2007-07-04,122.6600
2007-07-05,122.9500
2007-07-06,123.3600
2007-07-09,123.3700
2007-07-10,121.2900
2007-07-11,122.2700
2007-07-12,122.4000
2007-07-13,121.9000
2007-07-16,121.8000
2007-07-17,122.0000
2007-07-18,121.9000
2007-07-19,122.1090
2007-07-20,121.2700
2007-07-23,121.0500
2007-07-24,120.1100
2007-07-25,120.4600
2007-07-26,118.4600
2007-07-27,118.9600
2007-07-30,119.1500
2007-07-31,118.4200
2007-08-01,118.9800
2007-08-02,119.1400
2007-08-03,118.0400
2007-08-06,118.8200
2007-08-07,118.8000
2007-08-08,119.6900
2007-08-09,118.2900
2007-08-10,118.5100
2007-08-13,118.2100
2007-08-14,117.4200
2007-08-15,116.3200
2007-08-16,114.0600
2007-08-17,114.2500
2007-08-20,114.8400
2007-08-21,114.1500
2007-08-22,115.6200
2007-08-23,116.0200
2007-08-24,116.3800
2007-08-27,115.5500
2007-08-28,114.3400
2007-08-29,115.8400
2007-08-30,115.9400
2007-08-31,115.7700
2007-09-03,115.7800
2007-09-04,116.2400
2007-09-05,115.1200
2007-09-06,115.3900
2007-09-07,113.3900
2007-09-11,114.2600
2007-09-12,114.1200
2007-09-13,114.5900
2007-09-14,115.2600
2007-09-17,115.0300
2007-09-18,115.9100
2007-09-19,116.0100
2007-09-20,114.6400
2007-09-21,115.4800
2007-09-24,114.8600
2007-09-25,114.6600
2007-09-26,115.4400
2007-09-27,115.5500
2007-09-28,114.7400
2007-10-01,115.8000
2007-10-02,115.7100
2007-10-03,116.5600
2007-10-04,116.4100
2007-10-05,116.8800
2007-10-08,117.3200
2007-10-09,117.1900
2007-10-10,117.1480
2007-10-11,117.3700
2007-10-12,117.5900
2007-10-15,117.3200
2007-10-16,116.9400
2007-10-17,116.4900
2007-10-18,115.4600
2007-10-19,114.5600
2007-10-22,114.4420
2007-10-23,114.8600
2007-10-24,114.1800
2007-10-25,113.9630
2007-10-26,114.2100
2007-10-29,114.7000
2007-10-30,114.7800
2007-10-31,115.3900
2007-11-01,114.4600
2007-11-02,114.7200
2007-11-05,114.3000
2007-11-06,114.7100
2007-11-07,112.6100
2007-11-08,112.7100
2007-11-09,110.6600
2007-11-12,109.6200
2007-11-13,111.1400
2007-11-14,111.2700
2007-11-15,110.4800
2007-11-16,110.9800
2007-11-19,109.7700
2007-11-20,109.7200
2007-11-21,108.3500
2007-11-22,108.4900
2007-11-23,108.1200
2007-11-27,108.8000
2007-11-28,109.9600
2007-11-29,109.7600
2007-11-30,111.7600
2007-12-03,110.4400
2007-12-04,109.8600
2007-12-05,110.9100
2007-12-06,111.3600
2007-12-07,111.6600
2007-12-10,111.7900
2007-12-11,110.8800
2007-12-12,111.9900
2007-12-13,112.3100
2007-12-14,113.2600
2007-12-17,112.8500
2007-12-19,113.2900
2007-12-20,113.1600
2007-12-21,114.0500
2007-12-24,114.1600
2007-12-25,114.2000
2007-12-26,114.2200
2007-12-27,113.8400
2007-12-28,112.3700
2007-12-31,111.6500
2008-01-01,111.8200
2008-01-02,109.2630
2008-01-03,109.5100
2008-01-04,108.6300
2008-01-07,109.2300
2008-01-08,107.6600
2008-01-09,109.8800
2008-01-10,109.6200
2008-01-11,108.9600
2008-01-14,108.2500
2008-01-15,106.7700
2008-01-16,107.3450
2008-01-17,106.4000
2008-01-18,106.8300
2008-01-21,105.6200
2008-01-22,107.0600
2008-01-23,106.7500
2008-01-24,107.1500
2008-01-25,106.8000
2008-01-28,106.9700
2008-01-29,107.0400
2008-01-30,106.2300
2008-01-31,106.2510
2008-02-01,106.5100
2008-02-04,106.6900
2008-02-05,106.5310
2008-02-06,106.3800
2008-02-07,107.3100
2008-02-08,107.7400
2008-02-11,106.8300
2008-02-12,107.3400
2008-02-13,108.2820
2008-02-14,107.7900
2008-02-15,107.8000
2008-02-18,108.1600
2008-02-19,107.9200
2008-02-20,108.0500
2008-02-21,107.4100
2008-02-22,107.1900
2008-02-25,108.0300
2008-02-26,107.3500
2008-02-27,106.3700
2008-02-28,104.9500
2008-02-29,103.7700
2008-03-03,103.5200
2008-03-04,103.3700
2008-03-05,103.9100
2008-03-06,102.5800
2008-03-07,102.7000
2008-03-10,101.4200
2008-03-11,103.2700
2008-03-12,101.4800
2008-03-13,100.6800
2008-03-14,99.0300
2008-03-17,97.1000
2008-03-18,99.8200
2008-03-19,98.6200
2008-03-20,99.3800
2008-03-21,99.5700
2008-03-24,100.7400
2008-03-25,100.0800
2008-03-26,99.1600
2008-03-27,99.5300
2008-03-28,99.1200
2008-03-31,99.8500
2008-04-02,102.2900
2008-04-03,102.2900
2008-04-04,101.5200
2008-04-07,102.4400
2008-04-08,108.1800
2008-04-09,101.8220
2008-04-10,102.0600
2008-04-11,100.9500
2008-04-14,101.1600
2008-04-15,101.8200
2008-04-16,101.8000
2008-04-17,102.4800
2008-04-18,103.7500
2008-04-21,103.3030
2008-04-22,102.8700
2008-04-23,103.4520
2008-04-24,104.2470
2008-04-25,104.4000
2008-04-28,104.2100
2008-04-29,104.0000
2008-04-30,103.9430
2008-05-02,105.3000
2008-05-05,104.9100
2008-05-06,104.6840
2008-05-07,104.7790
2008-05-08,108.2700
2008-05-09,102.8000
2008-05-12,103.7700
2008-05-13,104.6200
2008-05-14,105.0500
2008-05-15,104.8000
2008-05-16,104.0200
2008-05-19,104.3910
2008-05-20,103.5700
2008-05-21,103.0400
2008-05-22,104.0400
2008-05-23,103.3000
2008-05-26,103.3400
2008-05-27,104.1910
2008-05-28,104.6500
2008-05-29,105.4900
2008-05-30,105.5000
2008-06-02,104.4800
2008-06-03,105.1300
2008-06-04,105.2400
2008-06-05,105.9200
2008-06-06,104.9000
2008-06-09,106.3200
2008-06-10,107.3400
2008-06-11,106.9600
2008-06-12,107.8000
2008-06-13,108.1500
2008-06-16,108.1400
2008-06-17,107.9700
2008-06-18,107.8200
2008-06-19,107.9200
2008-06-20,107.3100
2008-06-23,107.8300
2008-06-24,107.7800
2008-06-25,107.8000
2008-06-26,106.9470
2008-06-27,106.1200
2008-06-30,106.1200
2008-07-02,105.9400
2008-07-03,106.7400
2008-07-04,106.8100
2008-07-07,107.1600
2008-07-08,109.4100
2008-07-09,106.8710
2008-07-10,107.0660
2008-07-11,106.2100
2008-07-14,106.2200
2008-07-15,104.8100
2008-07-16,105.1800
2008-07-17,106.2280
2008-07-18,106.9500
2008-07-21,106.4960
2008-07-22,107.2300
2008-07-23,107.8900
2008-07-24,107.3800
2008-07-25,107.8500
2008-07-28,107.4600
2008-07-29,108.0800
2008-07-30,108.1500
2008-07-31,107.8100
2008-08-08,110.1700
2008-08-26,109.6100
2008-08-27,109.5400
2008-08-28,109.4200
2008-08-29,108.7900
2008-09-01,108.0560
2008-09-02,108.6500
2008-09-03,108.3500
2008-09-04,106.7300
2008-09-05,107.6800
2008-09-08,108.1100
2008-09-09,107.2800
2008-09-10,107.7200
2008-09-11,106.9800
2008-09-12,107.9400
2008-09-15,104.2510
2008-09-16,105.5200
2008-09-17,104.3190
2008-09-18,105.5000
2008-09-19,107.4200
2008-09-22,105.5600
2008-09-23,105.7190
2008-09-24,106.0800
2008-09-25,106.3200
2008-09-26,106.0500
2008-09-29,103.8430
2008-09-30,106.0700
2008-10-01,105.9400
2008-10-02,105.2100
2008-10-03,105.3000
2008-10-06,101.8800
2008-10-07,101.4600
2008-10-08,110.0900
2008-10-09,99.5100
2008-10-10,101.1000
2008-10-13,102.2800
2008-10-14,101.9600
2008-10-15,99.7200
2008-10-16,101.2400
2008-10-17,101.6500
2008-10-20,101.9700
2008-10-21,100.3270
2008-10-22,97.8600
2008-10-23,97.4780
2008-10-24,94.2700
2008-10-27,93.1940
2008-10-28,98.2000
2008-10-29,97.5200
2008-10-30,98.7900
2008-10-31,98.4400
2008-11-03,99.0000
2008-11-04,99.7330
2008-11-05,98.2200
2008-11-06,97.2760
2008-11-07,98.0900
2008-11-10,97.9700
2008-11-11,97.2910
2008-11-12,94.8000
2008-11-13,97.5700
2008-11-14,97.0200
2008-11-17,96.4100
2008-11-18,96.7460
2008-11-19,96.0030
2008-11-20,94.0500
2008-11-21,95.9100
2008-11-24,96.8700
2008-11-25,95.4470
2008-11-26,95.6070
2008-11-27,95.4290
2008-11-28,95.5000
2008-12-01,93.1400
2008-12-02,93.1510
2008-12-03,93.1400
2008-12-04,92.4500
2008-12-05,92.8200
2008-12-08,109.2400
2008-12-09,92.3030
2008-12-10,92.8400
2008-12-11,91.5300
2008-12-12,91.0700
2008-12-15,90.5000
2008-12-16,88.6800
2008-12-17,87.3200
2008-12-18,89.5050
2008-12-19,89.2700
2008-12-22,90.1600
2008-12-23,90.8400
2008-12-24,90.5000
2008-12-25,90.5140
2008-12-26,90.7700
2008-12-29,90.6520
2008-12-30,90.2900
2008-12-31,90.6500
2009-01-01,90.6670
2009-01-02,91.7900
2009-01-05,93.2170
2009-01-06,93.3800
2009-01-07,92.6800
2009-01-08,91.3600
2009-01-09,90.3700
2009-01-12,89.4300
2009-01-13,89.3410
2009-01-14,89.1600
2009-01-15,89.9400
2009-01-16,90.9000
2009-01-19,90.6200
2009-01-20,89.8100
2009-01-21,89.0500
2009-01-22,89.1260
2009-01-23,88.7600
2009-01-26,89.2400
2009-01-27,89.3300
2009-01-28,90.4620
2009-01-29,89.9100
2009-01-30,89.9000
2009-02-02,89.3600
2009-02-03,89.3700
2009-02-04,89.4200
2009-02-05,91.1500
2009-02-06,91.9200
2009-02-09,91.3100
2009-02-10,90.4440
2009-02-11,90.2900
2009-02-12,90.6700
2009-02-13,91.8600
2009-02-16,91.7100
2009-02-17,92.2760
2009-02-18,93.6300
2009-02-19,94.0110
2009-02-20,93.3400
2009-02-23,94.4000
2009-02-24,96.5500
2009-02-25,97.3900
2009-02-26,98.3340
2009-02-27,97.6200
2009-03-02,97.0540
2009-03-03,98.5350
2009-03-04,98.9920
2009-03-05,98.1300
2009-03-06,98.3400
2009-03-09,98.9200
2009-03-10,98.7800
2009-03-11,97.2500
2009-03-12,97.3200
2009-03-13,97.9400
2009-03-16,98.2000
2009-03-17,98.7810
2009-03-18,96.4010
2009-03-19,94.4500
2009-03-20,95.9300
2009-03-23,97.0920
2009-03-24,98.3400
2009-03-25,97.7300
2009-03-26,98.7000
2009-03-27,97.8500
2009-03-30,97.4320
2009-03-31,98.9700
2009-04-01,98.6600
2009-04-02,99.5600
2009-04-03,100.3000
2009-04-06,100.7600
2009-04-07,100.6900
2009-04-08,99.7400
2009-04-09,100.4400
2009-04-10,100.2600
2009-04-13,100.0200
2009-04-14,98.9700
2009-04-15,99.2300
2009-04-16,99.3300
2009-04-17,99.0800
2009-04-20,98.0660
2009-04-21,98.6400
2009-04-22,98.1300
2009-04-23,97.9200
2009-04-24,97.2100
2009-04-27,96.5300
2009-04-28,96.5300
2009-04-29,97.4700
2009-04-30,98.6900
2009-05-01,99.1900
2009-05-04,98.8300
2009-05-05,98.9200
2009-05-06,98.4100
2009-05-07,99.1280
2009-05-08,98.4500
2009-05-11,97.5000
2009-05-12,96.4600
2009-05-13,95.3700
2009-05-14,96.0000
2009-05-15,95.1100
2009-05-18,96.3730
2009-05-19,96.1170
2009-05-20,94.9110
2009-05-21,94.1300
2009-05-22,94.7400
2009-05-25,94.8200
2009-05-26,95.0500
2009-05-27,95.3800
2009-05-28,96.7980
2009-05-29,95.4300
2009-06-01,96.5220
2009-06-02,95.6010
2009-06-03,96.0700
2009-06-04,96.6430
2009-06-05,98.8100
2009-06-08,98.4570
2009-06-09,97.4770
2009-06-10,98.1490
2009-06-11,97.6300
2009-06-12,98.3700
2009-06-15,97.8190
2009-06-16,96.5000
2009-06-17,95.7400
2009-06-18,96.5700
2009-06-19,96.7600
2009-06-22,95.8500
2009-06-23,95.1190
2009-06-24,95.8480
2009-06-25,95.9430
2009-06-26,95.2100
2009-06-29,96.0920
2009-06-30,96.3310
2009-07-01,96.6200
2009-07-02,95.9520
2009-07-03,96.1400
2009-07-06,95.1700
2009-07-07,94.7690
2009-07-08,92.7720
2009-07-09,93.0400
2009-07-10,92.5300
2009-07-13,93.0220
2009-07-14,93.4210
2009-07-15,94.1770
2009-07-16,93.7760
2009-07-17,94.2100
2009-07-20,94.1400
2009-07-21,93.5330
2009-07-22,93.5690
2009-07-23,94.9300
2009-07-24,94.8700
2009-07-27,95.1600
2009-07-28,94.3800
2009-07-29,95.1000
2009-07-30,95.5600
2009-07-31,94.6400
2009-08-03,95.1670
2009-08-04,95.2900
2009-08-05,94.7960
2009-08-06,95.4840
2009-08-07,97.4300
2009-08-10,97.0100
2009-08-11,95.9200
2009-08-12,96.1570
2009-08-13,95.2700
2009-08-14,94.8600
2009-08-17,94.4300
2009-08-18,94.8400
2009-08-19,94.1100
2009-08-20,94.2570
2009-08-21,94.3700
2009-08-24,94.3900
2009-08-25,93.9000
2009-08-26,94.0800
2009-08-27,93.6300
2009-08-28,93.5600
2009-08-31,92.8700
2009-09-01,92.7070
2009-09-02,92.2090
2009-09-03,92.6870
2009-09-04,92.9700
2009-09-07,92.9200
2009-09-08,92.3100
2009-09-09,92.1300
2009-09-10,91.6870
2009-09-11,90.6600
2009-09-14,90.8700
2009-09-15,90.8980
2009-09-16,91.0200
2009-09-17,91.2060
2009-09-18,91.2700
2009-09-21,92.0260
2009-09-22,90.7100
2009-09-23,91.3270
2009-09-24,90.8230
2009-09-25,89.8100
2009-09-28,89.8620
2009-09-29,90.2210
2009-09-30,89.8700
2009-10-01,89.5470
2009-10-02,89.6100
2009-10-05,89.6200
2009-10-06,88.8000
2009-10-07,88.5380
2009-10-08,88.7690
2009-10-09,89.7400
2009-10-12,89.7100
2009-10-13,89.8200
2009-10-14,89.4100
2009-10-15,90.8270
2009-10-16,90.9100
2009-10-19,90.7730
2009-10-20,90.7980
2009-10-21,90.8800
2009-10-22,91.3960
2009-10-23,92.0500
2009-10-26,92.2000
2009-10-27,91.6240
2009-10-28,90.5700
2009-10-29,91.4900
2009-10-30,90.0900
2009-11-02,90.3900
2009-11-03,90.3900
2009-11-04,90.6980
2009-11-05,90.7700
2009-11-06,89.8800
2009-11-09,89.8290
2009-11-10,89.7100
2009-11-11,89.9100
2009-11-12,90.2800
2009-11-13,89.6600
2009-11-16,89.0100
2009-11-17,89.2300
2009-11-18,89.3980
2009-11-19,88.9000
2009-11-20,88.8300
2009-11-23,88.9000
2009-11-24,88.5930
2009-11-25,87.3600
2009-11-26,85.1400
2009-11-27,86.4800
2009-11-30,86.2500
2009-12-01,86.6500
2009-12-02,87.5600
2009-12-03,88.2590
2009-12-04,90.5200
2009-12-07,89.2900
2009-12-08,88.3800
2009-12-09,88.0900
2009-12-10,88.2300
2009-12-11,89.0900
2009-12-14,88.6900
2009-12-15,89.5110
2009-12-16,89.8500
2009-12-17,89.6400
2009-12-18,90.4400
2009-12-21,91.0570
2009-12-22,91.8050
2009-12-23,91.6400
2009-12-24,91.4440
2009-12-25,91.1100
2009-12-28,91.6900
2009-12-29,91.9700
2009-12-30,92.4200
2009-12-31,92.9100
2010-01-01,92.9200
2010-01-04,92.4950
2010-01-05,91.5850
2010-01-06,92.3560
2010-01-07,93.3900
2010-01-08,92.6600
2010-01-11,92.0920
2010-01-12,91.0800
2010-01-13,91.4330
2010-01-14,91.2670
2010-01-15,90.7500
2010-01-18,90.7050
2010-01-19,91.1990
2010-01-20,91.1920
2010-01-21,90.3930
2010-01-22,89.8100
2010-01-25,90.4150
2010-01-26,89.6300
2010-01-27,89.9500
2010-01-28,89.7780
2010-01-29,90.2700
2010-02-01,90.7600
2010-02-02,90.4280
2010-02-03,90.8400
2010-02-04,89.4100
2010-02-05,89.2200
2010-02-08,89.2200
2010-02-09,89.7680
2010-02-10,89.9300
2010-02-11,89.8100
2010-02-12,89.9500
2010-02-15,90.0500
2010-02-16,90.2440
2010-02-17,91.0500
2010-02-18,91.9770
2010-02-19,91.5400
2010-02-22,91.2350
2010-02-23,90.1600
2010-02-24,90.2790
2010-02-25,89.2700
2010-02-26,88.9210
2010-03-01,89.1500
2010-03-02,88.7400
2010-03-03,88.5700
2010-03-04,89.1600
2010-03-05,90.2200
2010-03-08,90.2860
2010-03-09,89.9890
2010-03-10,90.4700
2010-03-11,90.6480
2010-03-12,90.5400
2010-03-15,90.3200
2010-03-16,90.2900
2010-03-17,90.4030
2010-03-18,90.4800
2010-03-19,90.5200
2010-03-22,90.3400
2010-03-23,90.3660
2010-03-24,92.0140
2010-03-25,92.5130
2010-03-26,92.5070
2010-03-29,92.4900
2010-03-30,92.8200
2010-03-31,93.5200
2010-04-01,93.8500
2010-04-02,94.5300
2010-04-05,94.3300
2010-04-06,93.7940
2010-04-07,93.3090
2010-04-08,93.4200
2010-04-09,93.1600
2010-04-12,93.1830
2010-04-13,93.1800
2010-04-14,93.3180
2010-04-15,93.0400
2010-04-16,92.1500
2010-04-19,92.4600
2010-04-20,93.1710
2010-04-21,93.0540
2010-04-22,93.3980
2010-04-23,93.9500
2010-04-26,93.9000
2010-04-27,93.1440
2010-04-28,93.9600
2010-04-29,94.0130
2010-04-30,93.8300
2010-05-03,94.6920
2010-05-04,94.7100
2010-05-05,93.7810
2010-05-06,90.8300
2010-05-07,91.5800
2010-05-10,93.1800
2010-05-11,92.4900
2010-05-12,93.1690
2010-05-13,92.7770
2010-05-14,92.4600
2010-05-17,92.5500
2010-05-18,91.9010
2010-05-19,91.5400
2010-05-20,89.3700
2010-05-21,89.9860
2010-05-24,90.1900
2010-05-25,90.3320
2010-05-26,89.9700
2010-05-27,90.8790
2010-05-28,91.0520
2010-05-31,91.1900
2010-06-01,91.1000
2010-06-02,92.1900
2010-06-03,92.6230
2010-06-04,91.8800
2010-06-07,91.5160
2010-06-08,91.4100
2010-06-09,91.3650
2010-06-10,91.3090
2010-06-11,91.6200
2010-06-14,91.6200
2010-06-15,91.4740
2010-06-16,91.3960
2010-06-17,90.8400
2010-06-18,90.7000
2010-06-21,90.9950
2010-06-22,90.5400
2010-06-23,89.9100
2010-06-24,89.6300
2010-06-25,89.1500
2010-06-28,89.3130
2010-06-29,88.6490
2010-06-30,88.4300
2010-07-01,87.6000
2010-07-02,87.7900
2010-07-05,87.6250
2010-07-06,87.4800
2010-07-07,87.6800
2010-07-08,88.4100
2010-07-09,88.5700
2010-07-12,88.6390
2010-07-13,88.7930
2010-07-14,88.2700
2010-07-15,87.3400
2010-07-16,86.5600
2010-07-19,86.7600
2010-07-20,87.2420
2010-07-21,86.8610
2010-07-22,87.1240
2010-07-23,87.5200
2010-07-26,86.9980
2010-07-27,87.8160
2010-07-28,87.4520
2010-07-29,86.6830
2010-07-30,86.4400
2010-08-02,86.5980
2010-08-03,85.7800
2010-08-04,85.7800
2010-08-05,86.3000
2010-08-06,85.8330
2010-08-09,85.3440
2010-08-10,85.8970
2010-08-11,85.3600
2010-08-12,85.1720
2010-08-13,86.0740
2010-08-16,86.1400
2010-08-17,85.3070
2010-08-18,85.5950
2010-08-19,85.4400
2010-08-20,85.3440
2010-08-23,85.5600
2010-08-24,85.1410
2010-08-25,84.1780
2010-08-26,84.6840
2010-08-27,84.3460
2010-08-30,85.5010
2010-08-31,84.5320
2010-09-01,84.1400
2010-09-02,84.4070
2010-09-03,84.2500
2010-09-06,84.4300
2010-09-07,84.1200
2010-09-08,83.7320
2010-09-09,83.9500
2010-09-10,83.9300
2010-09-13,84.3070
2010-09-14,83.6810
2010-09-15,83.0480
2010-09-16,85.7000
2010-09-17,85.8480
2010-09-20,85.6900
2010-09-21,85.7020
2010-09-22,85.1130
2010-09-23,84.4800
2010-09-24,84.5100
2010-09-27,84.3160
2010-09-28,84.2750
2010-09-29,83.8920
2010-09-30,83.7660
2010-10-01,83.5700
2010-10-04,83.3330
2010-10-05,83.5030
2010-10-06,83.1900
2010-10-07,82.9670
2010-10-08,82.3800
2010-10-11,81.8200
2010-10-12,82.0890
2010-10-13,81.7800
2010-10-14,81.7980
2010-10-15,81.4700
2010-10-18,81.3780
2010-10-19,81.1980
2010-10-20,81.5420
2010-10-21,81.0550
2010-10-22,81.3000
2010-10-25,81.3090
2010-10-26,80.8250
2010-10-27,81.3370
2010-10-28,81.6790
2010-10-29,81.6790
2010-11-01,80.4060
2010-11-02,80.5590
2010-11-03,80.6680
2010-11-04,81.0500
2010-11-05,80.7760
2010-11-08,81.1400
2010-11-09,81.0900
2010-11-10,81.5830
2010-11-11,82.2040
2010-11-12,82.4100
2010-11-15,82.4700
2010-11-16,83.1620
2010-11-17,83.3800
2010-11-18,83.1000
2010-11-19,83.5400
2010-11-22,83.4850
2010-11-23,83.2900
2010-11-24,83.2690
2010-11-25,83.5200
2010-11-26,83.6300
2010-11-29,84.1570
2010-11-30,84.2540
2010-12-01,83.6780
2010-12-02,84.1230
2010-12-03,83.7490
2010-12-06,82.7800
2010-12-07,82.6700
2010-12-08,83.4790
2010-12-09,84.1000
2010-12-10,83.8160
2010-12-13,83.9730
2010-12-14,83.4400
2010-12-15,83.7900
2010-12-16,84.2690
2010-12-17,84.0500
2010-12-20,84.0100
2010-12-21,83.7710
2010-12-22,83.7900
2010-12-23,83.5600
2010-12-24,83.0200
2010-12-27,82.9190
2010-12-28,82.7200
2010-12-29,82.3560
2010-12-30,81.6180
2010-12-31,81.4800
2011-01-03,81.1230
2011-01-04,81.6700
2011-01-05,82.0380
2011-01-06,83.1890
2011-01-07,83.3000
2011-01-10,83.0300
2011-01-11,82.7100
2011-01-12,83.3400
2011-01-13,83.0700
2011-01-14,82.7620
2011-01-17,82.8870
2011-01-18,82.6700
2011-01-19,82.6120
2011-01-20,82.1550
2011-01-21,82.9200
2011-01-24,82.5860
2011-01-25,82.5420
2011-01-26,82.2600
2011-01-27,82.1630
2011-01-28,82.8850
2011-01-31,82.0890
2011-02-01,82.0700
2011-02-02,81.3910
2011-02-03,81.4930
2011-02-04,81.6500
2011-02-07,82.2200
2011-02-08,82.2890
2011-02-09,82.3030
2011-02-10,82.4190
2011-02-11,83.3400
2011-02-14,83.4440
2011-02-15,83.4130
2011-02-16,83.7160
2011-02-17,83.6100
2011-02-18,83.2900
2011-02-21,83.0800
2011-02-22,83.0660
2011-02-23,82.7600
2011-02-24,82.4380
2011-02-25,82.0470
2011-02-28,81.6220
2011-03-01,81.8730
2011-03-02,81.8980
2011-03-03,81.8280
2011-03-04,82.3670
2011-03-07,82.3430
2011-03-08,82.2920
2011-03-09,82.8000
2011-03-10,82.8330
2011-03-11,82.9180
2011-03-14,81.2840
2011-03-15,81.8200
2011-03-16,81.0560
2011-03-17,79.1280
2011-03-18,79.5000
2011-03-21,81.0150
2011-03-22,81.2090
2011-03-23,81.0390
2011-03-24,80.8670
2011-03-25,81.0140
2011-03-28,81.4490
2011-03-29,81.7600
2011-03-30,82.4110
2011-03-31,83.1500
2011-04-01,83.3600
2011-04-04,84.2200
2011-04-05,84.1300
2011-04-06,85.1600
2011-04-07,85.3200
2011-04-08,84.9600
2011-04-11,85.0400
2011-04-12,84.6300
2011-04-13,83.6000
2011-04-14,83.7830
2011-04-18,83.1470
2011-04-19,82.3340
2011-04-20,82.5800
2011-04-21,82.4400
2011-04-22,81.8970
2011-04-25,81.8700
2011-04-26,81.8400
2011-04-27,81.5110
2011-04-28,82.2040
2011-04-29,81.5300
2011-05-02,81.2270
2011-05-03,81.1800
2011-05-04,80.9690
2011-05-05,80.6400
2011-05-06,80.4170
2011-05-09,80.7340
2011-05-10,80.2420
2011-05-11,81.0110
2011-05-12,81.0100
2011-05-13,81.0400
2011-05-16,80.8170
2011-05-17,80.7820
2011-05-18,81.4210
2011-05-19,81.6610
2011-05-20,81.7140
2011-05-23,81.7400
2011-05-24,81.9570
2011-05-25,82.0480
2011-05-26,82.0220
2011-05-27,81.2700
2011-05-30,80.8310
2011-05-31,80.8800
2011-06-01,81.4530
2011-06-02,80.8940
2011-06-03,80.9700
2011-06-06,80.2200
2011-06-07,80.1200
2011-06-08,80.1700
2011-06-09,79.8900
2011-06-10,80.2900
2011-06-13,80.3400
2011-06-14,80.1760
2011-06-15,80.5400
2011-06-16,80.8800
2011-06-17,80.5770
2011-06-20,80.0760
2011-06-21,80.2340
2011-06-22,80.2210
2011-06-23,80.3830
2011-06-24,80.4400
2011-06-27,80.4600
2011-06-28,80.8500
2011-06-29,81.0800
2011-06-30,80.7100
2011-07-01,80.6000
2011-07-04,80.8800
2011-07-05,80.7330
2011-07-06,81.0700
2011-07-07,80.9380
2011-07-08,81.2300
2011-07-11,80.6500
2011-07-12,80.2900
2011-07-13,79.3180
2011-07-14,78.9200
2011-07-15,79.1800
2011-07-18,79.1130
2011-07-19,79.0500
2011-07-20,79.1260
2011-07-21,78.7540
2011-07-22,78.5840
2011-07-25,78.3800
2011-07-26,78.3000
2011-07-27,77.9140
2011-07-28,77.9300
2011-07-29,77.7300
2011-08-01,77.2130
2011-08-02,77.4600
2011-08-03,77.3350
2011-08-04,77.1120
2011-08-05,79.2900
2011-08-08,78.2540
2011-08-09,77.5850
2011-08-10,77.0500
2011-08-11,76.7590
2011-08-12,76.8600
2011-08-15,76.8200
2011-08-16,76.8400
2011-08-17,76.7540
2011-08-18,76.5470
2011-08-19,76.6370
2011-08-22,76.7860
2011-08-23,76.8320
2011-08-24,76.6600
2011-08-25,77.0530
2011-08-26,77.4350
2011-08-29,76.6820
2011-08-30,76.9330
2011-08-31,76.7010
2011-09-01,76.7300
2011-09-02,76.8600
2011-09-05,76.9020
2011-09-06,76.9020
2011-09-07,77.6180
2011-09-08,77.3010
2011-09-09,77.5080
2011-09-12,77.4630
2011-09-13,77.1800
2011-09-14,76.9320
2011-09-15,76.6770
2011-09-16,76.7340
2011-09-19,76.9100
2011-09-20,76.5960
2011-09-21,76.4630
2011-09-22,76.5380
2011-09-23,76.3060
2011-09-26,76.5400
2011-09-27,76.3360
2011-09-28,76.8080
2011-09-29,76.5400
2011-09-30,76.7650
2011-10-03,77.1900
2011-10-04,76.5920
2011-10-05,76.7600
2011-10-06,76.7820
2011-10-07,76.6580
2011-10-10,76.7700
2011-10-11,76.6600
2011-10-12,76.6670
2011-10-13,77.1800
2011-10-14,76.8800
2011-10-17,77.2200
2011-10-18,76.8310
2011-10-19,76.7770
2011-10-20,76.8000
2011-10-21,76.8600
2011-10-24,76.2100
2011-10-25,76.1320
2011-10-26,76.1090
2011-10-27,76.1840
2011-10-28,75.9300
2011-10-31,75.7400
2011-11-01,78.3080
2011-11-02,78.3060
2011-11-03,78.1390
2011-11-04,78.0530
2011-11-07,78.1300
2011-11-08,78.0770
2011-11-09,77.7080
2011-11-10,77.7580
2011-11-11,77.6520
2011-11-14,77.1560
2011-11-15,77.0790
2011-11-16,77.0600
2011-11-17,77.0610
2011-11-18,76.9580
2011-11-21,76.8390
2011-11-22,76.9000
2011-11-23,76.9700
2011-11-24,77.2720
2011-11-25,77.1660
2011-11-28,77.6670
2011-11-29,78.0810
2011-11-30,77.9600
2011-12-01,77.5830
2011-12-02,77.7500
2011-12-05,78.0800
2011-12-06,77.8120
2011-12-07,77.7500
2011-12-08,77.6730
2011-12-09,77.6800
2011-12-12,77.6120
2011-12-13,77.9390
2011-12-14,77.9610
2011-12-15,78.1080
2011-12-16,77.8400
2011-12-19,77.8100
2011-12-20,78.0100
2011-12-21,77.8400
2011-12-22,78.0700
2011-12-23,78.1600
2011-12-26,78.0800
2011-12-27,78.0300
2011-12-28,77.8700
2011-12-29,77.9460
2011-12-30,77.6590
2012-01-02,77.0200
2012-01-03,76.9300
2012-01-04,76.7220
2012-01-05,76.7100
2012-01-06,77.1510
2012-01-09,76.9100
2012-01-10,76.8600
2012-01-11,76.8500
2012-01-12,76.8580
2012-01-13,76.7790
2012-01-16,76.9100
2012-01-17,76.8200
2012-01-18,76.8200
2012-01-19,76.7670
2012-01-20,77.0800
2012-01-23,76.9600
2012-01-24,77.0000
2012-01-25,77.6870
2012-01-26,77.7700
2012-01-27,77.4600
2012-01-30,76.7320
2012-01-31,76.3600
2012-02-01,76.2700
2012-02-02,76.1890
2012-02-03,76.1800
2012-02-06,76.5510
2012-02-07,76.5500
2012-02-08,76.7900
2012-02-09,77.0600
2012-02-10,77.6320
2012-02-13,77.7000
2012-02-14,77.5100
2012-02-15,78.3600
2012-02-16,78.4800
2012-02-17,78.8240
2012-02-20,79.7880
2012-02-21,79.5860
2012-02-22,79.8300
2012-02-23,80.2800
2012-02-24,79.9300
2012-02-27,81.4710
2012-02-28,80.4640
2012-02-29,80.4800
2012-03-01,81.2760
2012-03-02,81.1200
2012-03-05,81.6270
2012-03-06,81.5180
2012-03-07,80.6600
2012-03-08,81.3380
2012-03-09,81.5800
2012-03-12,82.3730
2012-03-13,82.3630
2012-03-14,82.9600
2012-03-15,83.8400
2012-03-16,83.4920
2012-03-19,83.4500
2012-03-20,83.3700
2012-03-21,83.6500
2012-03-22,83.2030
2012-03-23,82.5100
2012-03-26,82.5890
2012-03-27,82.9870
2012-03-28,83.0480
2012-03-29,82.8320
2012-03-30,82.2730
2012-04-02,82.8700
2012-04-03,81.5400
2012-04-04,82.8300
2012-04-05,82.4400
2012-04-06,82.2700
2012-04-09,81.3300
2012-04-10,81.6430
2012-04-11,80.6940
2012-04-12,81.0080
2012-04-13,80.9300
2012-04-16,80.9020
2012-04-17,80.3810
2012-04-18,81.0600
2012-04-19,81.3000
2012-04-20,81.6090
2012-04-23,81.6000
2012-04-24,81.0800
2012-04-25,81.3900
2012-04-26,81.3000
2012-04-27,81.0580
2012-04-30,80.3500
2012-05-01,79.9210
2012-05-02,80.2100
2012-05-03,80.1210
2012-05-04,80.2100
2012-05-07,79.8180
2012-05-08,79.9200
2012-05-09,79.8600
2012-05-10,79.7100
2012-05-11,79.8690
2012-05-14,80.0300
2012-05-15,79.8500
2012-05-16,80.3250
2012-05-17,80.3500
2012-05-18,79.4080
2012-05-21,79.1700
2012-05-22,79.4100
2012-05-23,80.0040
2012-05-24,79.4200
2012-05-25,79.6600
2012-05-28,79.5900
2012-05-29,79.5610
2012-05-30,79.5000
2012-05-31,78.9820
2012-06-01,78.5280
2012-06-04,78.1000
2012-06-05,78.3610
2012-06-06,78.7300
2012-06-07,79.2700
2012-06-08,79.6900
2012-06-11,79.5600
2012-06-12,79.3070
2012-06-13,79.5270
2012-06-14,79.3720
2012-06-15,79.4220
2012-06-18,79.0520
2012-06-19,79.0000
2012-06-20,79.0340
2012-06-21,79.4210
2012-06-22,80.0200
2012-06-25,80.5600
2012-06-26,79.6500
2012-06-27,79.4600
2012-06-28,79.6850
2012-06-29,79.3130
2012-07-02,79.8390
2012-07-03,79.4400
2012-07-04,79.8400
2012-07-05,79.9400
2012-07-06,79.8600
2012-07-09,79.4780
2012-07-10,79.5580
2012-07-11,79.3500
2012-07-12,79.6100
2012-07-13,79.3100
2012-07-16,79.1700
2012-07-17,78.8200
2012-07-18,79.0960
2012-07-19,78.7990
2012-07-20,78.7400
2012-07-23,78.4500
2012-07-24,78.3110
2012-07-25,78.1070
2012-07-26,78.1030
2012-07-27,78.3240
2012-07-30,78.5000
2012-07-31,78.1010
2012-08-01,78.1200
2012-08-02,78.3800
2012-08-03,78.2200
2012-08-06,78.6100
2012-08-07,78.2000
2012-08-08,78.6100
2012-08-09,78.4000
2012-08-10,78.6100
2012-08-13,78.2500
2012-08-14,78.3300
2012-08-15,78.8150
2012-08-16,78.9900
2012-08-17,79.2500
2012-08-20,79.5100
2012-08-21,79.3300
2012-08-22,79.2420
2012-08-23,78.5390
2012-08-24,78.6000
2012-08-27,78.7300
2012-08-28,78.7500
2012-08-29,78.5700
2012-08-30,78.7200
2012-08-31,78.5300
2012-09-03,78.2900
2012-09-04,78.3390
2012-09-05,78.4700
2012-09-06,78.4200
2012-09-07,78.8900
2012-09-10,78.2190
2012-09-11,78.2260
2012-09-12,77.7500
2012-09-13,77.8300
2012-09-14,77.6480
2012-09-17,78.3330
2012-09-18,78.6730
2012-09-19,78.7700
2012-09-20,78.3970
2012-09-21,78.2000
2012-09-24,78.0800
2012-09-25,77.8640
2012-09-26,77.7280
2012-09-27,77.6980
2012-09-28,77.6100
2012-10-01,77.9590
2012-10-02,78.0410
2012-10-03,78.2150
2012-10-04,78.4150
2012-10-05,78.4840
2012-10-08,78.7020
2012-10-09,78.2860
2012-10-10,78.2190
2012-10-11,78.0750
2012-10-12,78.4020
2012-10-15,78.4680
2012-10-16,78.7890
2012-10-17,78.8250
2012-10-18,79.0600
2012-10-19,79.3080
2012-10-22,79.2570
2012-10-23,79.9900
2012-10-24,79.8200
2012-10-25,79.8380
2012-10-26,80.2350
2012-10-29,79.6500
2012-10-30,79.7640
2012-10-31,79.6840
2012-11-01,79.8600
2012-11-02,80.2200
2012-11-05,80.5000
2012-11-06,80.1600
2012-11-07,80.2900
2012-11-08,79.9700
2012-11-09,79.4790
2012-11-12,79.4600
2012-11-13,79.5980
2012-11-14,79.4600
2012-11-15,80.2000
2012-11-16,81.1200
2012-11-19,81.5260
2012-11-20,81.3500
2012-11-21,81.7550
2012-11-22,82.5740
2012-11-23,82.3590
2012-11-26,82.5460
2012-11-27,81.8730
2012-11-28,82.0800
2012-11-29,82.1500
2012-11-30,82.1510
2012-12-03,82.4560
2012-12-04,82.1330
2012-12-05,81.8160
2012-12-06,82.4360
2012-12-07,82.4300
2012-12-10,82.5600
2012-12-11,82.3500
2012-12-12,82.5200
2012-12-13,83.2100
2012-12-14,83.6670
2012-12-17,84.1580
2012-12-18,83.9030
2012-12-19,84.3610
2012-12-20,84.2260
2012-12-21,84.4200
2012-12-24,84.4100
2012-12-25,84.8400
2012-12-26,85.0000
2012-12-27,85.6680
2012-12-28,86.5070
2012-12-31,85.9600
2013-01-01,86.7200
2013-01-02,86.6000
2013-01-03,87.2750
2013-01-04,87.7400
2013-01-07,88.1980
2013-01-08,87.2530
2013-01-09,86.8680
2013-01-10,88.1330
2013-01-11,89.2460
2013-01-14,89.5230
2013-01-15,89.4600
2013-01-16,88.7500
2013-01-17,88.6300
2013-01-18,89.8210
2013-01-21,90.1810
2013-01-22,89.6000
2013-01-23,88.5290
2013-01-24,88.5800
2013-01-25,90.5580
2013-01-28,91.1790
2013-01-29,90.4600
2013-01-30,90.7900
2013-01-31,91.0210
2013-02-01,91.7070
2013-02-04,92.7700
2013-02-05,92.1530
2013-02-06,93.5700
2013-02-07,93.4350
2013-02-08,93.6330
2013-02-11,92.5350
2013-02-12,94.1910
2013-02-13,93.3050
2013-02-14,93.2560
2013-02-15,92.9570
2013-02-18,93.7220
2013-02-19,93.6500
2013-02-20,93.7080
2013-02-21,93.6600
2013-02-22,93.1500
2013-02-25,94.2200
2013-02-26,92.3970
2013-02-27,92.1100
2013-02-28,92.3030
2013-03-01,92.5820
2013-03-04,93.5640
2013-03-05,93.4010
2013-03-06,93.2890
2013-03-07,93.9270
2013-03-08,94.9280
2013-03-11,96.1700
2013-03-12,96.6190
2013-03-13,95.8200
2013-03-14,96.0200
2013-03-15,95.9620
2013-03-18,94.8890
2013-03-19,95.3430
2013-03-20,95.0500
2013-03-21,95.9550
2013-03-22,94.9100
2013-03-25,94.8280
2013-03-26,93.9630
2013-03-27,94.6350
2013-03-28,94.3160
2013-03-29,94.1900
2013-04-01,94.2820
2013-04-02,93.1800
2013-04-03,93.3620
2013-04-04,92.8890
2013-04-05,96.4370
2013-04-08,98.7510
2013-04-09,99.2800
2013-04-10,98.9500
2013-04-11,99.6660
2013-04-12,99.6210
2013-04-15,98.4060
2013-04-16,96.8000
2013-04-17,97.6100
2013-04-18,98.0290
2013-04-19,98.2030
2013-04-22,99.7970
2013-04-23,99.1600
2013-04-24,99.6770
2013-04-25,99.4200
2013-04-26,99.3420
2013-04-29,97.8420
2013-04-30,97.8640
2013-05-01,97.2690
2013-05-02,97.1320
2013-05-03,97.9460
2013-05-06,99.1000
2013-05-07,99.3440
2013-05-08,98.7760
2013-05-09,98.8780
2013-05-10,100.7650
2013-05-13,101.9230
2013-05-14,101.6670
2013-05-15,102.2100
2013-05-16,102.2580
2013-05-17,102.1350
2013-05-20,102.7010
2013-05-21,102.1660
2013-05-22,102.4420
2013-05-23,103.1760
2013-05-24,102.4100
2013-05-27,101.0610
2013-05-28,101.1050
2013-05-29,102.4460
2013-05-30,100.9160
2013-05-31,101.1000
2013-06-03,100.4760
2013-06-04,99.7380
2013-06-05,100.2500
2013-06-06,98.9520
2013-06-07,97.3270
2013-06-10,98.2380
2013-06-11,98.8490
2013-06-12,96.1020
2013-06-13,95.9290
2013-06-14,95.4940
2013-06-17,94.2420
2013-06-18,94.6800
2013-06-19,95.5170
2013-06-20,96.5900
2013-06-21,97.1410
2013-06-24,98.4230
2013-06-25,97.5310
2013-06-26,98.1470
2013-06-27,97.7700
2013-06-28,98.4760
2013-07-01,99.3800
2013-07-02,99.6570
2013-07-03,100.7330
2013-07-04,99.9560
2013-07-05,100.2200
2013-07-08,101.3860
2013-07-09,100.8500
2013-07-10,101.1530
2013-07-11,98.5510
2013-07-12,99.0400
2013-07-15,99.1970
2013-07-16,99.9460
2013-07-17,99.1600
2013-07-18,99.6600
2013-07-19,100.5220
2013-07-22,100.3890
2013-07-23,99.3240
2013-07-24,99.4970
2013-07-25,100.4520
2013-07-26,99.2750
2013-07-29,97.9600
2013-07-30,98.0430
2013-07-31,98.0160
2013-08-01,97.8330
2013-08-02,99.4200
2013-08-05,98.9350
2013-08-06,98.2320
2013-08-07,97.3080
2013-08-08,96.5700
2013-08-09,96.7400
2013-08-12,96.0440
2013-08-13,97.2000
2013-08-14,98.1530
2013-08-15,97.8530
2013-08-16,97.0550
2013-08-19,97.6670
2013-08-20,97.5790
2013-08-21,97.3100
2013-08-22,97.8100
2013-08-23,98.8790
2013-08-26,98.7050
2013-08-27,98.2580
2013-08-28,96.8920
2013-08-29,97.7280
2013-08-30,98.2920
2013-09-02,98.3850
2013-09-03,99.5700
2013-09-04,99.5540
2013-09-05,99.7280
2013-09-06,100.1160
2013-09-09,99.9770
2013-09-10,99.7190
2013-09-11,100.2850
2013-09-12,99.8300
2013-09-13,99.5780
2013-09-16,99.0150
2013-09-17,99.0700
2013-09-18,99.1280
2013-09-19,98.2100
2013-09-20,99.3900
2013-09-23,99.2770
2013-09-24,98.7400
2013-09-25,98.7450
2013-09-26,98.4350
2013-09-27,98.9050
2013-09-30,97.8270
2013-10-01,98.4000
2013-10-02,97.9260
2013-10-03,97.3000
2013-10-04,97.2590
2013-10-07,97.2900
2013-10-09,96.9010
2013-10-10,97.4790
2013-10-11,98.1850
2013-10-14,98.3140
2013-10-15,98.6500
2013-10-16,98.5440
2013-10-17,98.9400
2013-10-18,97.9900
2013-10-21,97.9270
2013-10-22,98.1940
2013-10-23,98.1330
2013-10-24,97.4200
2013-10-25,97.3850
2013-10-28,97.5700
2013-10-29,97.6200
2013-10-30,98.1940
2013-10-31,98.5070
2013-11-01,98.3210
2013-11-04,98.6920
2013-11-05,98.6270
2013-11-06,98.4560
2013-11-07,98.6500
2013-11-08,98.1710
2013-11-11,99.1990
2013-11-12,99.1380
2013-11-13,99.6170
2013-11-14,99.2180
2013-11-15,100.2400
2013-11-18,100.3540
2013-11-19,99.8630
2013-11-20,100.1810
2013-11-21,100.2070
2013-11-22,101.3190
2013-11-25,101.2900
2013-11-26,101.3500
2013-11-27,101.2340
2013-11-28,102.2100
2013-11-29,102.2920
2013-12-02,102.4710
2013-12-03,102.9330
2013-12-04,102.3510
2013-12-05,102.4040
2013-12-06,101.7420
2013-12-09,103.1310
2013-12-10,103.2660
2013-12-11,102.7980
2013-12-12,102.5080
2013-12-13,103.5400
2013-12-16,103.2700
2013-12-17,103.0270
2013-12-18,102.6240
2013-12-19,104.2130
2013-12-20,104.2760
2013-12-23,104.0300
2013-12-24,104.1760
2013-12-25,104.3000
2013-12-26,104.5240
2013-12-27,104.8790
2013-12-30,105.3200
2013-12-31,104.9340
2014-01-01,105.3000
2014-01-02,105.3240
2014-01-03,104.8330
2014-01-06,104.9120
2014-01-07,104.2100
2014-01-08,104.7120
2014-01-09,104.8440
2014-01-10,104.8300
2014-01-13,103.9490
2014-01-14,103.1160
2014-01-15,104.1790
2014-01-16,104.5710
2014-01-17,104.2950
2014-01-20,104.2380
2014-01-21,104.2250
2014-01-22,104.2230
2014-01-23,104.6350
2014-01-24,103.3700
2014-01-27,102.0500
2014-01-28,102.6610
2014-01-29,103.2310
2014-01-30,102.3000
2014-01-31,102.7580
2014-02-03,102.1920
2014-02-04,101.1420
2014-02-05,101.6890
2014-02-06,101.4660
2014-02-07,102.0390
2014-02-10,102.5240
2014-02-11,102.1330
2014-02-12,102.5200
2014-02-13,102.4690
2014-02-14,102.1880
2014-02-17,101.5640
2014-02-18,102.0620
2014-02-19,102.3320
2014-02-20,102.3110
2014-02-21,102.3120
2014-02-24,102.5130
2014-02-25,102.4820
2014-02-26,102.1500
2014-02-27,102.2990
2014-02-28,102.1100
2014-03-03,101.3050
2014-03-04,101.4120
2014-03-05,102.1780
2014-03-06,102.3670
2014-03-07,103.0320
2014-03-10,103.1900
2014-03-11,103.2360
2014-03-12,102.8400
2014-03-13,102.7830
2014-03-14,101.7800
2014-03-17,101.3300
2014-03-18,101.8590
2014-03-19,101.4400
2014-03-20,102.4680
2014-03-21,102.4070
2014-03-24,102.2410
2014-03-25,102.2070
2014-03-26,102.2850
2014-03-27,101.9030
2014-03-28,102.1470
2014-03-31,102.8890
2014-04-01,103.2140
2014-04-02,103.6330
2014-04-03,103.8670
2014-04-04,103.8960
2014-04-07,103.3200
2014-04-08,103.0690
2014-04-09,101.9550
2014-04-10,102.1070
2014-04-11,101.3800
2014-04-14,101.4420
2014-04-15,101.9040
2014-04-16,101.8770
2014-04-17,102.2010
2014-04-18,102.4430
2014-04-21,102.5600
2014-04-22,102.6700
2014-04-23,102.6210
2014-04-24,102.4800
2014-04-25,102.3020
2014-04-28,102.1050
2014-04-29,102.5160
2014-04-30,102.5640
2014-05-01,102.2200
2014-05-02,102.2660
2014-05-05,102.2000
2014-05-06,102.1400
2014-05-07,101.6930
2014-05-08,101.8720
2014-05-09,101.5930
2014-05-12,101.9000
2014-05-13,102.1850
2014-05-14,102.2320
2014-05-15,101.8150
2014-05-16,101.4990
2014-05-19,101.5420
2014-05-20,101.5000
2014-05-21,101.2620
2014-05-22,101.4200
2014-05-23,101.7650
2014-05-26,101.9620
2014-05-27,101.8940
2014-05-28,101.9770
2014-05-29,101.7300
2014-05-30,101.7200
2014-06-02,101.8760
2014-06-03,102.4200
2014-06-04,102.5400
2014-06-05,102.6810
2014-06-06,102.4230
2014-06-09,102.4800
2014-06-10,102.4800
2014-06-11,102.3140
2014-06-12,102.0000
2014-06-13,101.7000
2014-06-16,101.9670
2014-06-17,101.8700
2014-06-18,102.1740
2014-06-19,101.8900
2014-06-20,101.9300
2014-06-23,102.0660
2014-06-24,101.8700
2014-06-25,101.9100
2014-06-26,101.8000
2014-06-27,101.6370
2014-06-30,101.4430
2014-07-01,101.2900
2014-07-02,101.5400
2014-07-03,101.8300
2014-07-04,102.1800
2014-07-07,102.1100
2014-07-08,101.8000
2014-07-09,101.4600
2014-07-10,101.5350
2014-07-11,101.2830
2014-07-14,101.3700
2014-07-15,101.5200
2014-07-16,101.6600
2014-07-17,101.6300
2014-07-18,101.2300
2014-07-21,101.3400
2014-07-22,101.4000
2014-07-23,101.4700
2014-07-24,101.5200
2014-07-25,101.7600
2014-07-28,101.7490
2014-07-29,101.8100
2014-07-30,102.0760
2014-07-31,102.8400
2014-08-01,102.7730
2014-08-04,102.5630
2014-08-05,102.5420
2014-08-06,102.5890
2014-08-07,102.1130
2014-08-08,102.1290
2014-08-11,102.1550
2014-08-12,102.2050
2014-08-13,102.2820
2014-08-14,102.4080
2014-08-15,102.4960
2014-08-18,102.4100
2014-08-19,102.6100
2014-08-20,102.9100
2014-08-21,103.7010
2014-08-22,103.8490
2014-08-25,104.2010
2014-08-26,104.0700
2014-08-27,104.0900
2014-08-28,103.8780
2014-08-29,103.6960
2014-09-01,104.1680
2014-09-02,104.3400
2014-09-03,105.2370
2014-09-04,104.8710
2014-09-05,105.5820
2014-09-08,105.1800
2014-09-09,106.1600
2014-09-10,106.1230
2014-09-11,106.8260
2014-09-12,107.1050
2014-09-15,107.3300
2014-09-16,107.1380
2014-09-17,107.1500
2014-09-18,108.5160
2014-09-19,108.8000
2014-09-22,108.9400
2014-09-23,108.7500
2014-09-24,108.5420
2014-09-25,109.3160
2014-09-26,108.6100
2014-09-29,109.4110
2014-09-30,109.3900
2014-10-01,109.6600
2014-10-02,109.0200
2014-10-03,108.5230
2014-10-06,109.8020
2014-10-07,108.8680
2014-10-08,108.0720
2014-10-09,108.1270
2014-10-10,107.8300
2014-10-13,107.3380
2014-10-14,107.0630
2014-10-15,107.3140
2014-10-16,105.9800
2014-10-17,106.4050
2014-10-20,107.1440
2014-10-21,106.9100
2014-10-22,107.0210
2014-10-23,107.1480
2014-10-24,108.1610
2014-10-27,108.2020
2014-10-28,107.8430
2014-10-29,108.1120
2014-10-30,108.8460
2014-10-31,109.2130
2014-11-03,112.8410
2014-11-04,113.6480
2014-11-05,113.4800
2014-11-06,114.6550
2014-11-07,115.1760
2014-11-10,114.5330
2014-11-11,114.7530
2014-11-12,115.7210
2014-11-13,115.5700
2014-11-14,115.8240
2014-11-17,116.8960
2014-11-18,116.6460
2014-11-19,116.8690
2014-11-20,118.1480
2014-11-21,118.2360
2014-11-24,117.7440
2014-11-25,118.4540
2014-11-26,117.8010
2014-11-27,117.6300
2014-11-28,117.8400
2014-12-01,118.8640
2014-12-02,118.3080
2014-12-03,119.1940
2014-12-04,119.8610
2014-12-05,119.8120
2014-12-08,121.5610
2014-12-09,120.6500
2014-12-10,119.3420
2014-12-11,117.7090
2014-12-12,119.0070
2014-12-15,118.1650
2014-12-16,117.7410
2014-12-17,116.6130
2014-12-18,118.7960
2014-12-19,118.9380
2014-12-22,119.4970
2014-12-23,120.1500
2014-12-24,120.6900
2014-12-25,120.4590
2014-12-26,120.3700
2014-12-29,120.4240
2014-12-30,120.6320
2014-12-31,119.4580
2015-01-01,119.6730
2015-01-02,119.8700
2015-01-05,120.4340
2015-01-06,119.4250
2015-01-07,118.6730
2015-01-08,119.2890
2015-01-09,119.7920
2015-01-12,118.2120
2015-01-13,118.3280
2015-01-14,117.7950
2015-01-15,117.3900
2015-01-16,116.1300
2015-01-19,117.5600
2015-01-20,117.7120
2015-01-21,118.6490
2015-01-22,117.8600
2015-01-23,118.7510
2015-01-26,117.3610
2015-01-27,118.5200
2015-01-28,117.7750
2015-01-29,117.5920
2015-01-30,118.2480
2015-02-02,117.1840
2015-02-03,117.5750
2015-02-04,117.6460
2015-02-05,117.2880
2015-02-06,117.5350
2015-02-09,118.9700
2015-02-10,118.5630
2015-02-11,119.3580
2015-02-12,120.1700
2015-02-13,118.9160
2015-02-16,118.5700
2015-02-17,118.4920
2015-02-18,119.2080
2015-02-19,118.6890
2015-02-20,118.9880
2015-02-23,119.0760
2015-02-24,118.9030
2015-02-25,118.8920
2015-02-26,118.8220
2015-02-27,119.3770
2015-03-02,119.8260
2015-03-03,120.2040
2015-03-04,119.6370
2015-03-05,119.6510
2015-03-06,120.0450
2015-03-09,120.7390
2015-03-10,121.4080
2015-03-11,121.0380
2015-03-12,121.4110
2015-03-13,121.3180
2015-03-16,121.3430
2015-03-17,121.3670
2015-03-18,121.2800
2015-03-19,120.0640
2015-03-20,120.7620
2015-03-23,120.0270
2015-03-24,119.7500
2015-03-25,119.7910
2015-03-26,119.5180
2015-03-27,119.1830
2015-03-30,119.2500
2015-03-31,120.0130
2015-04-01,120.0220
2015-04-02,119.5740
2015-04-03,119.6970
2015-04-06,118.8230
2015-04-07,119.4770
2015-04-08,120.2900
2015-04-09,120.0940
2015-04-10,120.5500
2015-04-13,120.2090
2015-04-14,120.0590
2015-04-15,119.4570
2015-04-16,119.1430
2015-04-17,119.0440
2015-04-20,118.8180
2015-04-21,119.1950
2015-04-22,119.6330
2015-04-23,119.9500
2015-04-24,119.5710
2015-04-27,118.9270
2015-04-28,119.1260
2015-04-29,118.8230
2015-04-30,118.9700
2015-05-01,119.4520
2015-05-04,120.1360
2015-05-05,120.1000
2015-05-06,119.9220
2015-05-07,119.3970
2015-05-08,119.7090
2015-05-11,119.7800
2015-05-12,120.1310
2015-05-13,119.8350
2015-05-14,119.1600
2015-05-15,119.1910
2015-05-18,119.3300
2015-05-19,119.9000
2015-05-20,120.6520
2015-05-21,121.2120
2015-05-22,121.0390
2015-05-25,121.5710
2015-05-26,121.6000
2015-05-27,122.9860
2015-05-28,123.7400
2015-05-29,123.8200
2015-06-01,124.1930
2015-06-02,124.8470
2015-06-03,124.0360
2015-06-04,124.3040
2015-06-05,124.3800
2015-06-08,125.6290
2015-06-09,124.5630
2015-06-10,124.3390
2015-06-11,122.8660
2015-06-12,123.5810
2015-06-15,123.2900
2015-06-16,123.4200
2015-06-17,123.4390
2015-06-18,123.5300
2015-06-19,123.0020
2015-06-22,122.7510
2015-06-23,123.3790
2015-06-24,123.8600
2015-06-25,123.8510
2015-06-26,123.5980
2015-06-29,122.6120
2015-06-30,122.6700
2015-07-01,122.3860
2015-07-02,123.3200
2015-07-03,123.0590
2015-07-06,122.4070
2015-07-07,122.6110
2015-07-08,122.4900
2015-07-09,120.8620
2015-07-10,121.7000
2015-07-13,122.4960
2015-07-14,123.5700
2015-07-15,123.3200
2015-07-16,123.8700
2015-07-17,124.1490
2015-07-20,124.1420
2015-07-21,124.2940
2015-07-22,123.8600
2015-07-23,124.0680
2015-07-24,123.8760
2015-07-27,123.7630
2015-07-28,123.2400
2015-07-29,123.5760
2015-07-30,123.9400
2015-07-31,124.0710
2015-08-03,124.0400
2015-08-04,123.9450
2015-08-05,124.2740
2015-08-06,124.7300
2015-08-07,124.7340
2015-08-10,124.3000
2015-08-11,124.6130
2015-08-12,125.0700
2015-08-13,124.2550
2015-08-14,124.3630
2015-08-17,124.3500
2015-08-18,124.4380
2015-08-19,124.3710
2015-08-20,123.8970
2015-08-21,123.4200
2015-08-24,121.7320
2015-08-25,118.8840
2015-08-26,118.5400
2015-08-27,120.0580
2015-08-28,121.0030
2015-08-31,121.2890
2015-09-01,121.0890
2015-09-02,119.7150
2015-09-03,120.5800
2015-09-04,120.0560
2015-09-07,119.1640
2015-09-08,119.4030
2015-09-09,120.0890
2015-09-10,120.2780
2015-09-11,120.6190
2015-09-14,120.7960
2015-09-15,120.3600
2015-09-16,120.4340
2015-09-17,120.5230
2015-09-18,120.0460
2015-09-21,120.0010
2015-09-22,120.4980
2015-09-23,120.0800
2015-09-24,120.2000
2015-09-25,120.2400
2015-09-28,120.3680
2015-09-29,119.8400
2015-09-30,119.8600
2015-10-01,119.8590
2015-10-02,119.8100
2015-10-05,119.9950
2015-10-06,120.4610
2015-10-07,120.2400
2015-10-08,119.9150
2015-10-09,119.9290
2015-10-12,120.1790
2015-10-13,120.0110
2015-10-14,119.7200
2015-10-15,118.8300
2015-10-16,119.0500
2015-10-19,119.2700
2015-10-20,119.5030
2015-10-21,119.7800
2015-10-22,119.8420
2015-10-23,120.8600
2015-10-26,121.2960
2015-10-27,120.9490
2015-10-28,120.4770
2015-10-29,120.8600
2015-10-30,121.0000
2015-11-02,120.4950
2015-11-03,120.7880
2015-11-04,121.0950
2015-11-05,121.4900
2015-11-06,121.6700
2015-11-09,123.2000
2015-11-10,123.0770
2015-11-11,123.0840
2015-11-12,122.7570
2015-11-13,122.5600
2015-11-16,122.3640
2015-11-17,123.2660
2015-11-18,123.4450
2015-11-19,123.5250
2015-11-20,122.9120
2015-11-23,122.9230
2015-11-24,122.9150
2015-11-25,122.5050
2015-11-26,122.6800
2015-11-27,122.6340
2015-11-30,122.8300
2015-12-01,123.2100
2015-12-02,122.9150
2015-12-03,123.2260
2015-12-04,122.6530
2015-12-07,123.1900
2015-12-08,123.2800
2015-12-09,122.9120
2015-12-10,121.7000
2015-12-11,121.7100
2015-12-14,120.8930
2015-12-15,121.0900
2015-12-16,121.6750
2015-12-17,122.4630
2015-12-18,122.4500
2015-12-21,121.3000
2015-12-22,121.2060
2015-12-23,121.0300
2015-12-24,120.9350
2015-12-25,120.1700
2015-12-28,120.2310
2015-12-29,120.3500
2015-12-30,120.5290
2015-12-31,120.4500
2016-01-01,120.2880
2016-01-04,120.3110
2016-01-05,119.4670
2016-01-06,119.1020
2016-01-07,118.6100
2016-01-08,117.5400
2016-01-11,117.0800
2016-01-12,117.6500
2016-01-13,117.8300
2016-01-14,117.4250
2016-01-15,118.2030
2016-01-18,116.9900
2016-01-19,117.3840
2016-01-20,117.5650
2016-01-21,117.1340
2016-01-22,117.9240
2016-01-25,118.5720
2016-01-26,118.2280
2016-01-27,118.3800
2016-01-28,118.4670
2016-01-29,118.9300
2016-02-01,121.3400
2016-02-02,120.8400
2016-02-03,119.8560
2016-02-04,118.1200
2016-02-05,116.8660
2016-02-08,116.9500
2016-02-09,115.6680
2016-02-10,115.1910
2016-02-11,113.2520
2016-02-12,112.4970
2016-02-15,113.6700
2016-02-16,114.3220
2016-02-17,114.0800
2016-02-18,114.2800
2016-02-19,113.2500
2016-02-22,112.4890
2016-02-23,112.9710
2016-02-24,111.8800
2016-02-25,112.1010
2016-02-26,113.1180
2016-02-29,113.6600
2016-03-01,112.4300
2016-03-02,113.9300
2016-03-03,113.4660
2016-03-04,113.6700
2016-03-07,113.8030
2016-03-08,113.4520
2016-03-09,112.6600
2016-03-10,113.2530
2016-03-11,112.8600
2016-03-14,113.7780
2016-03-15,113.8300
2016-03-16,113.1050
2016-03-17,112.7520
2016-03-18,111.3500
2016-03-21,111.4450
2016-03-22,112.1390
2016-03-23,112.2520
2016-03-24,112.4000
2016-03-25,112.8300
2016-03-28,113.4500
2016-03-29,113.3640
2016-03-30,112.6800
2016-03-31,112.3660
2016-04-01,112.4800
2016-04-04,111.7220
2016-04-05,111.2500
2016-04-06,110.3780
2016-04-07,109.6990
2016-04-08,108.4270
2016-04-11,108.3110
2016-04-12,107.9300
2016-04-13,108.6400
2016-04-14,109.4200
2016-04-15,109.3160
2016-04-18,108.0170
2016-04-19,109.0730
2016-04-20,109.2400
2016-04-21,109.8380
2016-04-22,109.4370
2016-04-25,111.4360
2016-04-26,111.1360
2016-04-27,111.2300
2016-04-28,111.5200
2016-04-29,108.0760
2016-05-02,106.4530
2016-05-03,106.3960
2016-05-04,106.6800
2016-05-05,106.9200
2016-05-06,107.2750
2016-05-09,107.3600
2016-05-10,108.3310
2016-05-11,109.1940
2016-05-12,108.4150
2016-05-13,109.1000
2016-05-16,108.6610
2016-05-17,109.0800
2016-05-18,108.9500
2016-05-19,110.1400
2016-05-20,109.8810
2016-05-23,110.0500
2016-05-24,109.3740
2016-05-25,110.1700
2016-05-26,110.1110
2016-05-27,109.7130
2016-05-30,110.7700
2016-05-31,110.8410
2016-06-01,110.6700
2016-06-02,109.4770
2016-06-03,108.8600
2016-06-06,106.7210
2016-06-07,107.4380
2016-06-08,107.2540
2016-06-09,106.7800
2016-06-10,107.0900
2016-06-13,106.5040
2016-06-14,106.2260
2016-06-15,106.0870
2016-06-16,105.8500
2016-06-17,104.7430
2016-06-20,104.6480
2016-06-21,103.8240
2016-06-22,104.6700
2016-06-23,104.6500
2016-06-24,104.8960
2016-06-27,102.1270
2016-06-28,101.8120
2016-06-29,102.7010
2016-06-30,102.7780
2016-07-01,103.0730
2016-07-04,102.4880
2016-07-05,102.5180
2016-07-06,101.1410
2016-07-07,101.1500
2016-07-08,100.7900
2016-07-11,100.6920
2016-07-12,102.5240
2016-07-13,104.7560
2016-07-14,104.0760
2016-07-15,105.1910
2016-07-18,105.4590
2016-07-19,106.1460
2016-07-20,106.1370
2016-07-21,107.2040
2016-07-22,105.8110
2016-07-25,106.3260
2016-07-26,105.5780
2016-07-27,104.8490
2016-07-28,104.9510
2016-07-29,104.7450
2016-08-01,102.3320
2016-08-02,102.3590
2016-08-03,101.0680
2016-08-04,101.3370
2016-08-05,101.1990
2016-08-08,102.1450
2016-08-09,102.2880
2016-08-10,101.9150
2016-08-11,101.1330
2016-08-12,101.8080
2016-08-15,101.2830
2016-08-16,101.2400
2016-08-17,100.2000
2016-08-18,99.9060
2016-08-19,100.1120
2016-08-22,100.5540
2016-08-23,100.2510
2016-08-24,100.3110
2016-08-25,100.5520
2016-08-26,100.5550
2016-08-29,101.9200
2016-08-30,101.8090
2016-08-31,102.8680
2016-09-01,103.3020
2016-09-02,103.2580
2016-09-05,103.9340
2016-09-06,103.5100
2016-09-07,101.5250
2016-09-08,101.8290
2016-09-09,102.3060
2016-09-12,102.4380
2016-09-13,101.7510
2016-09-14,102.5040
2016-09-15,102.5480
2016-09-16,102.0080
2016-09-19,102.3070
2016-09-20,101.8460
2016-09-21,101.5470
2016-09-22,100.3930
2016-09-23,100.8310
2016-09-26,100.8890
2016-09-27,100.3590
2016-09-28,100.4680
2016-09-29,100.9350
2016-09-30,101.1990
2016-10-03,101.5630
2016-10-04,101.8170
2016-10-05,102.8800
2016-10-06,103.4600
2016-10-07,103.7650
2016-10-10,103.0180
2016-10-11,103.6970
2016-10-12,103.3420
2016-10-13,104.3040
2016-10-14,103.7220
2016-10-17,104.0390
2016-10-18,103.8510
2016-10-19,103.8650
2016-10-20,103.3910
2016-10-21,104.1090
2016-10-24,103.9170
2016-10-25,104.3210
2016-10-26,104.1540
2016-10-27,104.5630
2016-10-28,105.2090
2016-10-31,104.5650
2016-11-01,104.8200
2016-11-02,104.0920
2016-11-03,103.3780
2016-11-04,103.0520
2016-11-07,104.1950
2016-11-08,104.4380
2016-11-09,105.0300
2016-11-10,105.8530
2016-11-11,106.8560
2016-11-14,106.8710
2016-11-15,108.2020
2016-11-16,109.0380
2016-11-17,108.7850
2016-11-18,110.2560
2016-11-21,110.9730
2016-11-22,110.6500
2016-11-23,111.0060
2016-11-24,112.5820
2016-11-25,113.2920
2016-11-28,112.6520
2016-11-29,111.6900
2016-11-30,112.4700
2016-12-01,114.6940
2016-12-02,113.9090
2016-12-05,113.5050
2016-12-06,113.8630
2016-12-07,114.0520
2016-12-08,113.7130
2016-12-09,114.0750
2016-12-12,115.4120
2016-12-13,115.0020
2016-12-14,115.2240
2016-12-15,117.2110
2016-12-16,118.2410
2016-12-19,117.7910
2016-12-20,117.0370
2016-12-21,117.8750
2016-12-22,117.6040
2016-12-23,117.5420
2016-12-26,117.3100
2016-12-27,117.1920
2016-12-28,117.4800
2016-12-29,117.0870
2016-12-30,116.2670
2017-01-02,116.7950
2017-01-03,117.4950
2017-01-04,117.6590
2017-01-05,117.1130
2017-01-06,115.2650
2017-01-09,117.1500
2017-01-10,115.9850
2017-01-11,115.8720
2017-01-12,115.0980
2017-01-13,114.6640
2017-01-16,114.2270
2017-01-17,114.1520
2017-01-18,112.8780
2017-01-19,114.7620
2017-01-20,114.9800
2017-01-23,113.8100
2017-01-24,112.7800
2017-01-25,113.8400
2017-01-26,113.2930
2017-01-27,114.4550
2017-01-30,114.6680
2017-01-31,113.6500
2017-02-01,112.7430
2017-02-02,113.3110
2017-02-03,112.7890
2017-02-06,112.6390
2017-02-07,111.8270
2017-02-08,112.3870
2017-02-09,111.9520
2017-02-10,113.4340
2017-02-13,113.9140
2017-02-14,113.7050
2017-02-15,114.3010
2017-02-16,114.1120
2017-02-17,113.3050
2017-02-20,112.9110
2017-02-21,113.2800
2017-02-22,113.6690
2017-02-23,113.4170
2017-02-24,112.6820
2017-02-27,112.1880
2017-02-28,112.7450
2017-03-01,113.0770
2017-03-02,114.1210
2017-03-03,114.3420
2017-03-06,113.8470
2017-03-07,113.9170
2017-03-08,113.9260
2017-03-09,114.4110
2017-03-10,115.1490
2017-03-13,114.7320
2017-03-14,114.9150
2017-03-15,114.6590
2017-03-16,113.4020
2017-03-17,113.3400
2017-03-20,112.6740
2017-03-21,112.5730
2017-03-22,111.5320
2017-03-23,111.3690
2017-03-24,111.0040
2017-03-27,110.5520
2017-03-28,110.7710
2017-03-29,111.2260
2017-03-30,111.1540
2017-03-31,111.7760
2017-04-03,111.2650
2017-04-04,110.7090
2017-04-05,110.8540
2017-04-06,110.3810
2017-04-07,110.8970
2017-04-10,111.2250
2017-04-11,110.7170
2017-04-12,109.5870
2017-04-13,108.9020
2017-04-14,109.1010
2017-04-17,108.3230
2017-04-18,109.1120
2017-04-19,108.5350
2017-04-20,108.8340
2017-04-21,109.3750
2017-04-24,109.9780
2017-04-25,109.6410
2017-04-26,111.0460
2017-04-27,111.1910
2017-04-28,111.2260
2017-05-01,111.3020
2017-05-02,111.8120
2017-05-03,111.9690
2017-05-04,112.7830
2017-05-05,112.5370
2017-05-08,112.6840
2017-05-09,113.2300
2017-05-10,113.6980
2017-05-11,114.3280
2017-05-12,113.8090
2017-05-15,113.2710
2017-05-16,113.6420
2017-05-17,112.6460
2017-05-18,111.1260
2017-05-19,111.4010
2017-05-22,111.2840
2017-05-23,110.8910
2017-05-24,111.9570
2017-05-25,111.5240
2017-05-26,111.7300
2017-05-29,111.2560
2017-05-30,111.1740
2017-05-31,110.8390
2017-06-01,110.7960
2017-06-02,111.4370
2017-06-05,110.4630
2017-06-06,110.3810
2017-06-07,109.5090
2017-06-08,109.9000
2017-06-09,109.8590
2017-06-12,110.2880
2017-06-13,109.9210
2017-06-14,110.0550
2017-06-15,109.4460
2017-06-16,110.9520
2017-06-19,110.9540
2017-06-20,111.6730
2017-06-21,111.3340
2017-06-22,111.3100
2017-06-23,111.2900
2017-06-26,111.2390
2017-06-27,111.8580
2017-06-28,112.1880
2017-06-29,112.3540
2017-06-30,112.0090
2017-07-03,112.2620
2017-07-04,113.3860
2017-07-05,112.9620
2017-07-06,113.1870
2017-07-07,113.1490
2017-07-10,113.9850
2017-07-12,113.7480
2017-07-13,113.3350
2017-07-14,113.4180
2017-07-17,112.3970
2017-07-18,112.5810
2017-07-19,111.9950
2017-07-20,111.8770
2017-07-21,111.8850
2017-07-24,110.9450
2017-07-25,111.2320
2017-07-26,112.0030
2017-07-27,111.1280
2017-07-28,111.0970
2017-07-31,110.5100
2017-08-01,110.3590
2017-08-02,110.4320
2017-08-03,110.7570
2017-08-04,109.9000
2017-08-07,110.7860
2017-08-08,110.7500
2017-08-09,110.1020
2017-08-10,110.0490
2017-08-11,109.1060
2017-08-14,109.2300
2017-08-15,109.9320
2017-08-16,110.5960
2017-08-17,109.9990
2017-08-18,109.3280
2017-08-21,109.3200
2017-08-22,108.9440
2017-08-23,109.7310
2017-08-24,108.9100
2017-08-25,109.5140
2017-08-28,109.3460
2017-08-29,108.7370
2017-08-30,109.7900
2017-08-31,110.4600
2017-09-01,110.1290
2017-09-04,109.7950
2017-09-05,109.8100
2017-09-06,108.6020
2017-09-07,109.1340
2017-09-08,108.2700
2017-09-11,108.2310
2017-09-12,109.3950
2017-09-13,110.2260
2017-09-14,110.5150
2017-09-15,109.9190
2017-09-18,111.1970
2017-09-19,111.4960
2017-09-20,111.5780
2017-09-21,112.5460
2017-09-22,112.4520
2017-09-25,112.4440
2017-09-26,111.7610
2017-09-27,112.3770
2017-09-28,112.8600
2017-09-29,112.4670
2017-10-02,112.6380
2017-10-03,112.7700
2017-10-04,112.8480
2017-10-05,112.8230
2017-10-06,112.7740
2017-10-09,112.5510
2017-10-10,112.6580
2017-10-11,112.3450
2017-10-12,112.4340
2017-10-13,112.2390
2017-10-16,111.8820
2017-10-17,112.1950
2017-10-18,112.2130
2017-10-19,113.0130
2017-10-20,112.6800
2017-10-23,114.0480
2017-10-24,113.3400
2017-10-25,113.9460
2017-10-26,113.5580
2017-10-27,114.1240
2017-10-30,113.7390
2017-10-31,112.9960
2017-11-01,113.6500
2017-11-02,114.1520
2017-11-03,114.0160
2017-11-06,114.1780
2017-11-07,113.7710
2017-11-08,113.7610
2017-11-09,113.9270
2017-11-10,113.3750
2017-11-13,113.6860
2017-11-14,113.5850
2017-11-15,113.4020
2017-11-17,113.0280
2017-11-20,112.0380
2017-11-21,112.5510
2017-11-22,112.3410
2017-11-23,111.3130
2017-11-24,111.2540
2017-11-27,111.6710
2017-11-28,111.1700
2017-11-29,111.6480
2017-11-30,112.0020
2017-12-01,112.5560
2017-12-04,112.8640
2017-12-05,112.4990
2017-12-06,112.4640
2017-12-07,112.2910
2017-12-08,113.1730
2017-12-11,113.5430
2017-12-12,113.5400
2017-12-13,113.5450
2017-12-14,112.7820
2017-12-15,112.3960
2017-12-18,112.7160
2017-12-19,112.5680
2017-12-20,112.9830
2017-12-21,113.2410
2017-12-22,113.3230
2017-12-25,113.3080
2017-12-26,113.3030
2017-12-27,113.2030
2017-12-28,113.2170
2017-12-29,112.8750
2018-01-01,112.6660
2018-01-02,112.7700
2018-01-03,112.2440
2018-01-04,112.6070
2018-01-05,112.7830
2018-01-08,113.1540
2018-01-09,113.1410
2018-01-10,112.7550
2018-01-11,111.4440
2018-01-12,111.2940
2018-01-15,111.1000
2018-01-16,110.5810
2018-01-17,110.3880
2018-01-18,111.3760
2018-01-19,111.0260
2018-01-22,110.6840
2018-01-23,110.9660
2018-01-24,110.1070
2018-01-25,109.3260
2018-01-26,109.7040
2018-01-29,108.6390
2018-01-30,108.9260
2018-01-31,108.7320
2018-02-01,109.2010
2018-02-02,109.4060
2018-02-05,110.0350
2018-02-06,109.0950
2018-02-07,109.6270
2018-02-08,109.1960
2018-02-09,108.5290
2018-02-12,108.8000
2018-02-13,108.6900
2018-02-14,107.7640
2018-02-15,106.5870
2018-02-16,106.1110
2018-02-19,106.2610
2018-02-20,106.7090
2018-02-21,107.3810
2018-02-22,107.5550
2018-02-23,106.8140
2018-02-26,107.0740
2018-02-27,107.0690
2018-02-28,107.4260
2018-03-01,106.6400
2018-03-02,106.1630
2018-03-05,105.5560
2018-03-06,106.2500
2018-03-07,105.5370
2018-03-08,106.1860
2018-03-09,106.4060
2018-03-12,106.8910
2018-03-13,106.2600
2018-03-14,106.5080
2018-03-15,106.1550
2018-03-16,106.3090
2018-03-19,105.9690
2018-03-20,105.9960
2018-03-21,106.4690
2018-03-22,105.9290
2018-03-23,104.9680
2018-03-26,104.8590
2018-03-27,105.5000
2018-03-28,105.4930
2018-03-29,106.8120
2018-03-30,106.4790
2018-04-02,106.3120
2018-04-03,105.7990
2018-04-04,106.4360
2018-04-05,106.7740
2018-04-06,107.0520
2018-04-09,106.9680
2018-04-10,106.7490
2018-04-11,107.1130
2018-04-12,106.8290
2018-04-13,107.2220
2018-04-16,107.4980
2018-04-17,107.0460
2018-04-18,107.0160
2018-04-19,107.3460
2018-04-20,107.4320
2018-04-23,107.8690
2018-04-24,108.7610
2018-04-25,108.8030
2018-04-26,109.3640
2018-04-27,109.3000
2018-04-30,109.0980
2018-05-01,109.3230
2018-05-02,109.8720
2018-05-03,109.8270
2018-05-04,109.0960
2018-05-07,109.1460
2018-05-08,108.9430
2018-05-09,109.0240
2018-05-10,109.8470
2018-05-11,109.4360
2018-05-14,109.3380
2018-05-15,109.7310
2018-05-16,110.2970
2018-05-17,110.3590
2018-05-18,110.8280
2018-05-21,110.8800
2018-05-22,110.9780
2018-05-23,110.7260
2018-05-24,109.8690
2018-05-25,109.3120
2018-05-28,109.6230
2018-05-29,109.3890
2018-05-30,108.3940
2018-05-31,108.7120
2018-06-01,108.7490
2018-06-04,109.5980
2018-06-05,109.9630
2018-06-06,109.8590
2018-06-07,110.1250
2018-06-08,109.6940
2018-06-11,109.4430
2018-06-12,110.3860
2018-06-13,110.4520
2018-06-14,110.2420
2018-06-15,110.6450
2018-06-18,110.6170
2018-06-19,110.1380
2018-06-20,110.0710
2018-06-21,110.3520
2018-06-22,109.9520
2018-06-25,109.9370
2018-06-26,109.6430
2018-06-27,110.0970
2018-06-28,110.2150
2018-06-29,110.4860
2018-07-02,110.7100
2018-07-03,110.8710
2018-07-04,110.4080
2018-07-05,110.5020
2018-07-06,110.5790
2018-07-09,110.4220
2018-07-10,110.9530
2018-07-11,110.8310
2018-07-12,111.9580
2018-07-13,112.6650
2018-07-16,112.3990
2018-07-17,112.3740
2018-07-18,113.0120
2018-07-19,112.7910
2018-07-20,112.3630
2018-07-23,111.0530
2018-07-24,111.4600
2018-07-25,111.2410
2018-07-26,110.8450
2018-07-27,111.1460
2018-07-30,110.9340
2018-07-31,110.9940
2018-08-01,111.8080
2018-08-02,111.6200
2018-08-03,111.6900
2018-08-06,111.2340
2018-08-07,111.3400
2018-08-08,111.3450
2018-08-09,110.8920
2018-08-10,111.0910
2018-08-13,110.6290
2018-08-14,110.6610
2018-08-15,111.2460
2018-08-16,110.5760
2018-08-17,111.0040
2018-08-20,110.4750
2018-08-21,109.9480
2018-08-22,110.1340
2018-08-23,110.5880
2018-08-24,111.3670
2018-08-27,111.2820
2018-08-28,111.1370
2018-08-29,111.1620
2018-08-30,111.7120
2018-08-31,110.9990
2018-09-03,111.1440
2018-09-04,111.0880
2018-09-05,111.4610
2018-09-06,111.4490
2018-09-07,110.4950
2018-09-10,110.9200
2018-09-11,111.1480
2018-09-12,111.6070
2018-09-13,111.2200
2018-09-14,112.0120
2018-09-17,111.9530
2018-09-18,111.6900
2018-09-19,112.2770
2018-09-20,112.3170
2018-09-21,112.4950
2018-09-24,112.5240
2018-09-25,112.7860
2018-09-26,112.9690
2018-09-27,112.7040
2018-09-28,113.3570
2018-10-01,113.7960
2018-10-02,113.9460
2018-10-03,113.5770
2018-10-04,114.4860
2018-10-05,113.8940
2018-10-08,113.7150
2018-10-09,113.0970
2018-10-10,112.9980
2018-10-11,112.0920
2018-10-12,112.0800
2018-10-15,112.1920
2018-10-16,111.8410
2018-10-17,112.3420
2018-10-18,112.6280
2018-10-19,112.1850
2018-10-22,112.4800
2018-10-23,112.7570
2018-10-24,112.4440
2018-10-25,112.0120
2018-10-26,112.3500
2018-10-29,111.9080
2018-10-30,112.3240
2018-10-31,113.0520
2018-11-01,112.8510
2018-11-02,112.7150
2018-11-05,113.1390
2018-11-06,113.2460
2018-11-07,113.3630
2018-11-08,113.5470
2018-11-09,113.9530
2018-11-12,113.8460
2018-11-13,113.6960
2018-11-14,113.7890
2018-11-15,113.5640
2018-11-16,113.5550
2018-11-19,112.7300
2018-11-20,112.4430
2018-11-21,112.7030
2018-11-22,113.0210
2018-11-23,112.9780
2018-11-26,112.9190
2018-11-27,113.5040
2018-11-28,113.7670
2018-11-29,113.5550
2018-11-30,113.4110
2018-12-03,113.7630
2018-12-04,113.5870
2018-12-05,112.6990
2018-12-06,113.0510
2018-12-07,112.6890
2018-12-10,112.5020
2018-12-11,113.1810
2018-12-12,113.3840
2018-12-13,113.2850
2018-12-14,113.5600
2018-12-17,113.3900
2018-12-18,112.8290
2018-12-19,112.5240
2018-12-20,112.4100
2018-12-21,111.1710
2018-12-24,111.0540
2018-12-25,110.3110
2018-12-26,110.4020
2018-12-27,111.2060
2018-12-28,110.8550
2018-12-31,110.3300
2019-01-01,109.6300
2019-01-02,109.6680
2019-01-03,107.4410
2019-01-04,107.8080
2019-01-07,108.5220
2019-01-08,108.6160
2019-01-09,108.7760
2019-01-10,108.1890
2019-01-11,108.2980
2019-01-14,108.4580
2019-01-15,108.2500
2019-01-16,108.6440
2019-01-17,109.0370
2019-01-18,109.1530
2019-01-21,109.6610
2019-01-22,109.6700
2019-01-23,109.3550
2019-01-24,109.4920
2019-01-25,109.5970
2019-01-28,109.4000
2019-01-29,109.2540
2019-01-30,109.4170
2019-01-31,108.9810
2019-02-01,108.8440
2019-02-04,109.4380
2019-02-05,109.9610
2019-02-06,109.9410
2019-02-07,109.9740
2019-02-08,109.7560
2019-02-11,109.8100
2019-02-12,110.4000
2019-02-13,110.5150
2019-02-14,110.9230
2019-02-15,110.5380
2019-02-18,110.5640
2019-02-19,110.5910
2019-02-20,110.5720
2019-02-21,110.7650
2019-02-22,110.7080
2019-02-25,110.7720
2019-02-26,111.0460
2019-02-27,110.5560
2019-02-28,110.8620
2019-03-01,111.3570
2019-03-04,111.9380
2019-03-05,111.7770
2019-03-06,111.8660
2019-03-07,111.6230
2019-03-08,111.6340
2019-03-11,111.0800
2019-03-12,111.3420
2019-03-13,111.3060
2019-03-14,111.1960
2019-03-15,111.7530
2019-03-18,111.5610
2019-03-19,111.3730
2019-03-20,111.4010
2019-03-21,110.6600
2019-03-22,110.8060
2019-03-25,110.0810
2019-03-26,110.0680
2019-03-27,110.5540
2019-03-28,110.4900
2019-03-29,110.6370
2019-04-01,110.9950
2019-04-02,111.4510
2019-04-03,111.3050
2019-04-04,111.3950
2019-04-05,111.6580
2019-04-08,111.7110
2019-04-09,111.4560
2019-04-10,111.1050
2019-04-11,110.9850
2019-04-12,111.6210
2019-04-15,112.0280
2019-04-16,111.9430
2019-04-17,111.9930
2019-04-18,112.0360
2019-04-19,111.9890
2019-04-22,111.9100
2019-04-23,111.9290
2019-04-24,111.8770
2019-04-25,112.1300
2019-04-26,111.5390
2019-04-29,111.5930
2019-04-30,111.6770
2019-05-01,111.3950
2019-05-02,111.4520
2019-05-03,111.4950
2019-05-06,110.6230
2019-05-07,110.8050
2019-05-08,110.2570
2019-05-09,110.0280
2019-05-10,109.8070
2019-05-13,109.6540
2019-05-14,109.1540
2019-05-15,109.6710
2019-05-16,109.4750
2019-05-17,109.8710
2019-05-20,110.1600
2019-05-21,110.0700
2019-05-23,110.2210
2019-05-24,109.5580
2019-05-27,109.4010
2019-05-28,109.5090
2019-05-29,109.3460
2019-05-30,109.5420
2019-05-31,109.3570
2019-06-03,108.2120
2019-06-04,108.0270
2019-06-05,108.2540
2019-06-06,108.3280
2019-06-07,108.4540
2019-06-10,108.4490
2019-06-11,108.3590
2019-06-12,108.4740
2019-06-13,108.4880
2019-06-14,108.3210
2019-06-17,108.5760
2019-06-18,108.5390
2019-06-19,108.5730
2019-06-20,108.1150
2019-06-21,107.2770
2019-06-24,107.3120
2019-06-25,107.3270
2019-06-26,107.1660
2019-06-27,107.7380
2019-06-28,107.7470
2019-07-01,108.3820
2019-07-02,108.3660
2019-07-03,107.8050
2019-07-04,107.7790
2019-07-05,107.8080
2019-07-08,108.4740
2019-07-09,108.7210
2019-07-10,108.9240
2019-07-11,108.3340
2019-07-12,108.5880
2019-07-15,107.8320
2019-07-16,107.8890
2019-07-17,108.2010
2019-07-18,107.9370
2019-07-19,107.4010
2019-07-22,107.8100
2019-07-23,107.9040
2019-07-24,108.2320
2019-07-25,108.1890
2019-07-26,108.6660
2019-07-29,108.6330
2019-07-30,108.8660
2019-07-31,108.5620
2019-08-01,108.8200
2019-08-02,107.4310
2019-08-05,106.5770
2019-08-06,105.5930
2019-08-07,106.3370
2019-08-08,106.1210
2019-08-09,105.8740
2019-08-12,105.3820
2019-08-13,105.3580
2019-08-14,106.5900
2019-08-15,105.9160
2019-08-16,106.0830
2019-08-19,106.4300
2019-08-20,106.5740
2019-08-21,106.2740
2019-08-22,106.5970
2019-08-23,106.4680
2019-08-26,104.8520
2019-08-27,105.9780
2019-08-28,105.7380
2019-08-29,106.0700
2019-08-30,106.4380
2019-09-02,106.1280
2019-09-03,106.1930
2019-09-04,105.8610
2019-09-05,106.3250
2019-09-06,107.0720
2019-09-09,106.9450
2019-09-10,107.3370
2019-09-11,107.6000
2019-09-12,108.0210
2019-09-13,108.1760
2019-09-16,107.7650
2019-09-17,108.1610
2019-09-18,108.0870
2019-09-19,108.4250
2019-09-20,108.0410
2019-09-23,107.6520
2019-09-24,107.6140
2019-09-25,107.1630
2019-09-26,107.6920
2019-09-27,107.7560
2019-09-30,107.9440
2019-10-01,108.0690
2019-10-02,107.7370
2019-10-03,107.1630
2019-10-04,106.8260
2019-10-07,106.7640
2019-10-08,107.2510
2019-10-09,106.9610
2019-10-10,107.1780
2019-10-11,107.8800
2019-10-14,108.4590
2019-10-15,108.3880
2019-10-16,108.8170
2019-10-17,108.6770
2019-10-18,108.5810
2019-10-21,108.4080
2019-10-22,108.6010
2019-10-23,108.4830
2019-10-24,108.6420
2019-10-25,108.6060
2019-10-28,108.7340
2019-10-29,108.9640
2019-10-30,108.8740
2019-10-31,108.7890
2019-11-01,107.9960
2019-11-04,108.2200
2019-11-05,108.6940
2019-11-06,109.1460
2019-11-07,108.9130
2019-11-08,109.2740
2019-11-11,109.2260
2019-11-12,109.0420
2019-11-13,108.9930
2019-11-14,108.7980
2019-11-15,108.4920
2019-11-18,108.6990
2019-11-19,108.6620
2019-11-20,108.4450
2019-11-21,108.4780
2019-11-22,108.5850
2019-11-25,108.7300
2019-11-26,108.9920
2019-11-27,109.0970
2019-11-28,109.3670
2019-11-29,109.5120
2019-12-02,109.5350
2019-12-03,109.0220
2019-12-04,108.6530
2019-12-05,108.8320
2019-12-06,108.7380
2019-12-09,108.6270
2019-12-10,108.5820
2019-12-11,108.7640
2019-12-12,108.5490
2019-12-13,109.4130
2019-12-16,109.4000
2019-12-17,109.5760
2019-12-18,109.5160
2019-12-19,109.5510
2019-12-20,109.3830
2019-12-23,109.4990
2019-12-24,109.3820
2019-12-25,109.3830
2019-12-26,109.3690
2019-12-27,109.5420
2019-12-30,109.4280
2019-12-31,108.8730
2020-01-01,108.6810
2020-01-02,108.7130
2020-01-03,108.5430
2020-01-06,107.9640
2020-01-07,108.4060
2020-01-08,108.0160
2020-01-09,109.0310
2020-01-10,109.5070
2020-01-13,109.5660
2020-01-14,109.9920
2020-01-15,109.8540
2020-01-16,109.8830
2020-01-17,110.1750
2020-01-20,110.1800
2020-01-21,110.1730
2020-01-22,109.9080
2020-01-23,109.7280
2020-01-24,109.5520
2020-01-27,108.8020
2020-01-28,108.9200
2020-01-29,109.1320
2020-01-30,108.9870
2020-01-31,108.8770
2020-02-03,108.3720
2020-02-04,108.6120
2020-02-05,109.4470
2020-02-06,109.8140
2020-02-07,109.9680
2020-02-10,109.6450
2020-02-11,109.7660
2020-02-12,109.8430
2020-02-13,109.8460
2020-02-14,109.7580
2020-02-17,109.7910
2020-02-18,109.8300
2020-02-19,109.9190
2020-02-20,111.2100
2020-02-21,111.9540
2020-02-24,111.5570
2020-02-25,110.8570
2020-02-26,110.2860
2020-02-27,110.3630
2020-02-28,109.6600
2020-03-02,107.6970
2020-03-03,108.4870
2020-03-04,107.0370
2020-03-05,107.6770
2020-03-06,106.2480
2020-03-09,103.9380
2020-03-10,103.1120
2020-03-11,105.0260
2020-03-12,104.5500
2020-03-13,104.6100
2020-03-16,106.6880
2020-03-17,106.1750
2020-03-18,107.3770
2020-03-19,108.3600
2020-03-20,111.2910
2020-03-23,110.4620
2020-03-24,110.8270
2020-03-25,111.1200
2020-03-26,110.8760
2020-03-27,109.1090
2020-03-30,107.4130
2020-03-31,108.0350
2020-04-01,107.5080
2020-04-02,107.2570
2020-04-03,108.0010
2020-04-06,108.6930
2020-04-07,109.1150
2020-04-08,108.6510
2020-04-09,108.9220
2020-04-10,108.5610
2020-04-13,108.3360
2020-04-14,107.6230
2020-04-15,107.1040
2020-04-16,107.6090
2020-04-17,107.9450
2020-04-20,107.6700
2020-04-21,107.6690
2020-04-22,107.7210
2020-04-23,107.8130
2020-04-24,107.6670
2020-04-27,107.4950
2020-04-28,107.2830
2020-04-29,106.7410
2020-04-30,106.6100
2020-05-01,107.2850
2020-05-04,106.7380
2020-05-05,106.6970
2020-05-06,106.4520
2020-05-07,106.1910
2020-05-08,106.3590
2020-05-11,106.9190
2020-05-12,107.5660
2020-05-13,107.1380
2020-05-14,106.9330
2020-05-15,107.3650
2020-05-18,107.2080
2020-05-19,107.3810
2020-05-20,107.8100
2020-05-21,107.5910
2020-05-22,107.6310
2020-05-25,107.7350
2020-05-26,107.6870
2020-05-27,107.4910
2020-05-28,107.7980
2020-05-29,107.6430
2020-06-01,107.7080
2020-06-02,107.5480
2020-06-03,108.8090
2020-06-04,108.9990
2020-06-05,109.1500
2020-06-08,109.6340
2020-06-09,108.4090
2020-06-10,107.7970
2020-06-11,106.9810
2020-06-12,106.8030
2020-06-15,107.3110
2020-06-16,107.4640
2020-06-17,107.4100
2020-06-18,106.8940
2020-06-19,107.0060
2020-06-22,106.8310
2020-06-23,106.9030
2020-06-24,106.4320
2020-06-25,107.0440
2020-06-26,107.1550
2020-06-29,107.2180
2020-06-30,107.5900
2020-07-01,107.9890
2020-07-02,107.3660
2020-07-03,107.4970
2020-07-06,107.5790
2020-07-07,107.3590
2020-07-08,107.5780
2020-07-09,107.2830
2020-07-10,107.2360
2020-07-13,106.9100
2020-07-14,107.2760
2020-07-15,107.2450
2020-07-16,106.9170
2020-07-17,107.2780
2020-07-20,107.0900
2020-07-21,107.1960
2020-07-22,106.8320
2020-07-23,107.1750
2020-07-24,106.8380
2020-07-27,105.9930
2020-07-28,105.2610
2020-07-29,105.1070
2020-07-30,105.0320
2020-07-31,104.6830
2020-08-03,105.8660
2020-08-04,106.0300
2020-08-05,105.6140
2020-08-06,105.5530
2020-08-07,105.5810
2020-08-10,105.8500
2020-08-11,105.9920
2020-08-12,106.5210
2020-08-13,106.8220
2020-08-14,106.9860
2020-08-17,106.5540
2020-08-18,105.9950
2020-08-19,105.2240
2020-08-20,106.0790
2020-08-21,105.6650
2020-08-24,105.8770
2020-08-25,105.9930
2020-08-26,106.4050
2020-08-27,105.8560
2020-08-28,106.6370
2020-08-31,105.5350
2020-09-01,106.0040
2020-09-02,105.8960
2020-09-03,106.2080
2020-09-04,106.0860
2020-09-07,106.3110
2020-09-08,106.3050
2020-09-09,105.9680
2020-09-10,106.2310
2020-09-11,106.1430
2020-09-14,106.1450
2020-09-15,105.7150
2020-09-16,105.3810
2020-09-17,105.0620
2020-09-18,104.6980
2020-09-21,104.5370
2020-09-22,104.6900
2020-09-23,105.0340
2020-09-24,105.3040
2020-09-25,105.4350
2020-09-28,105.5740
2020-09-29,105.4330
2020-09-30,105.6640
2020-10-01,105.4510
2020-10-02,105.5430
2020-10-05,105.5100
2020-10-06,105.7070
2020-10-07,105.6400
2020-10-08,105.9650
2020-10-09,106.0180
2020-10-12,105.6320
2020-10-13,105.3390
2020-10-14,105.4700
2020-10-15,105.1390
2020-10-16,105.3600
2020-10-19,105.4270
2020-10-20,105.4700
2020-10-21,105.4770
2020-10-22,104.6760
2020-10-23,104.9210
2020-10-26,104.6830
2020-10-27,104.8320
2020-10-28,104.5450
2020-10-29,104.3150
2020-10-30,104.5540
2020-11-02,104.5800
2020-11-03,104.7250
2020-11-04,104.5460
2020-11-05,104.4380
2020-11-06,103.6030
2020-11-09,103.2530
2020-11-10,105.1370
2020-11-11,105.2600
2020-11-12,105.4150
2020-11-13,105.0900
2020-11-16,104.6760
2020-11-17,104.5410
2020-11-18,104.1810
2020-11-19,103.8940
2020-11-20,103.8250
2020-11-23,103.8170
2020-11-24,104.5250
2020-11-25,104.5130
2020-11-26,104.4000
2020-11-27,104.2420
2020-11-30,104.0820
2020-12-01,104.2990
2020-12-02,104.3090
2020-12-03,104.4580
2020-12-04,103.8230
2020-12-07,104.1980
2020-12-08,103.9980
2020-12-09,104.1350
2020-12-10,104.2720
2020-12-11,104.1820
2020-12-14,103.9390
2020-12-15,104.0100
2020-12-16,103.6340
2020-12-17,103.4750
2020-12-18,103.1310
2020-12-21,103.4570
2020-12-22,103.3400
2020-12-23,103.5340
2020-12-24,103.5520
2020-12-25,103.6530
2020-12-28,103.5330
2020-12-29,103.6890
2020-12-30,103.5590
2020-12-31,103.1210
2021-01-01,103.2260
2021-01-04,103.2390
2021-01-05,103.1250
2021-01-06,102.6780
2021-01-07,103.0240
2021-01-08,103.7900
2021-01-11,104.0910
2021-01-12,104.1280
2021-01-13,103.7520
2021-01-14,103.8370
2021-01-15,103.8280
2021-01-18,103.9080
2021-01-19,103.7030
2021-01-20,103.8970
2021-01-21,103.5550
2021-01-22,103.5060
2021-01-25,103.7770
2021-01-26,103.7600
2021-01-27,103.6030
2021-01-28,104.1430
2021-01-29,104.2910
2021-02-01,104.6860
2021-02-02,104.8810
2021-02-03,105.0280
2021-02-04,104.9950
2021-02-05,105.5720
2021-02-08,105.4000
2021-02-09,105.2100
2021-02-10,104.5750
2021-02-11,104.6150
2021-02-12,104.7410
2021-02-15,105.0590
2021-02-16,105.3870
2021-02-17,106.1030
2021-02-18,105.8610
2021-02-19,105.6520
2021-02-22,105.5140
2021-02-23,104.9840
2021-02-24,105.2830
2021-02-25,105.9440
2021-02-26,106.3790
2021-03-01,106.5030
2021-03-02,106.8510
2021-03-03,106.7580
2021-03-04,107.0580
2021-03-05,107.9550
2021-03-08,108.4190
2021-03-09,108.9390
2021-03-10,108.5770
2021-03-11,108.4320
2021-03-12,108.5550
2021-03-15,109.1170
2021-03-16,109.1340
2021-03-17,109.0290
2021-03-18,108.8910
2021-03-19,108.9310
2021-03-22,108.8710
2021-03-23,108.7760
2021-03-24,108.5200
2021-03-25,108.7900
2021-03-26,109.1790
2021-03-29,109.7910
2021-03-30,109.8360
2021-03-31,110.3050
2021-04-01,110.7500
2021-04-02,110.6130
2021-04-05,110.6770
2021-04-06,110.1930
2021-04-07,109.7930
2021-04-08,109.8520
2021-04-09,109.3300
2021-04-12,109.6940
2021-04-13,109.3740
2021-04-14,108.9240
2021-04-15,108.8940
2021-04-16,108.6890
2021-04-19,108.7190
2021-04-20,108.0980
2021-04-21,108.1330
2021-04-22,108.0390
2021-04-23,107.9780
2021-04-26,107.8740
2021-04-27,108.2020
2021-04-28,108.7500
2021-04-29,108.5050
2021-04-30,108.9040
2021-05-03,109.2830
2021-05-04,109.0870
2021-05-05,109.3290
2021-05-06,109.2190
2021-05-07,109.0500
2021-05-10,108.5720
2021-05-11,108.8440
2021-05-12,108.7150
2021-05-13,109.6640
2021-05-14,109.5160
2021-05-17,109.4120
2021-05-18,109.2420
2021-05-19,108.8680
2021-05-20,109.2730
2021-05-21,108.8600
2021-05-24,108.9190
2021-05-25,108.8510
2021-05-26,108.8020
2021-05-27,109.1700
2021-05-28,109.8090
2021-05-31,109.9070
2021-06-01,109.4930
2021-06-02,109.4930
2021-06-03,109.5950
2021-06-04,110.2660
2021-06-07,109.6170
2021-06-08,109.2740
2021-06-09,109.4690
2021-06-10,109.6100
2021-06-11,109.4090
2021-06-14,109.7090
2021-06-15,110.0410
2021-06-16,110.0840
2021-06-17,110.7700
2021-06-18,110.3250
2021-06-21,110.2010
2021-06-22,110.3740
2021-06-23,110.6540
2021-06-24,111.0120
2021-06-25,110.9210
2021-06-28,110.8220
2021-06-29,110.6030
2021-06-30,110.5350
2021-07-01,111.1240
2021-07-02,111.5720
2021-07-05,111.1350
2021-07-06,110.9160
2021-07-07,110.6020
2021-07-08,110.6350
2021-07-09,109.8010
2021-07-12,110.2150
2021-07-13,110.3250
2021-07-14,110.5950
2021-07-15,109.9840
2021-07-16,109.7780
2021-07-19,109.8740
2021-07-20,109.5340
2021-07-21,109.9200
2021-07-22,110.2550
2021-07-23,110.1400
2021-07-26,110.5440
2021-07-27,110.3020
2021-07-28,109.8060
2021-07-29,109.8910
2021-07-30,109.4090
2021-08-02,109.7060
2021-08-03,109.2690
2021-08-04,108.9910
2021-08-05,109.5290
2021-08-06,109.7520
2021-08-09,110.2590
2021-08-10,110.3060
2021-08-11,110.5980
2021-08-12,110.3740
2021-08-13,110.4030
2021-08-16,109.6240
2021-08-17,109.2970
2021-08-18,109.5370
2021-08-19,109.8420
2021-08-20,109.7680
2021-08-23,109.8400
2021-08-24,109.6780
2021-08-25,109.7300
2021-08-26,109.9760
2021-08-27,110.0480
2021-08-30,109.8650
2021-08-31,109.9440
2021-09-01,110.0560
2021-09-02,110.0960
2021-09-03,109.9450
2021-09-06,109.7640
2021-09-07,109.8200
2021-09-08,110.2960
2021-09-09,110.2180
2021-09-10,109.7810
2021-09-13,109.9150
2021-09-14,109.9940
2021-09-15,109.7190
2021-09-16,109.3830
2021-09-17,109.6990
2021-09-20,109.9710
2021-09-21,109.4370
2021-09-22,109.1490
2021-09-23,109.8220
2021-09-24,110.3260
2021-09-27,110.7640
2021-09-28,110.9640
2021-09-29,111.5280
2021-09-30,111.9360
2021-10-01,111.4610
2021-10-04,110.9470
2021-10-05,110.9680
2021-10-06,111.4870
2021-10-07,111.4130
2021-10-08,111.6620
2021-10-11,112.2700
2021-10-12,113.3880
2021-10-13,113.5190
2021-10-14,113.3010
2021-10-15,113.8340
2021-10-18,114.3240
2021-10-19,114.2850
2021-10-20,114.5430
2021-10-21,114.3890
2021-10-22,113.8500
2021-10-25,113.6640
2021-10-26,113.7650
2021-10-27,114.1880
2021-10-28,113.7760
2021-10-29,113.6160
2021-11-01,114.2360
2021-11-02,114.0940
2021-11-03,113.9620
2021-11-04,114.0700
2021-11-05,113.8370
2021-11-08,113.4750
2021-11-09,113.2540
2021-11-10,112.9120
2021-11-11,113.9050
2021-11-12,114.0430
2021-11-15,113.9810
2021-11-16,114.1320
2021-11-17,114.9040
2021-11-18,114.1900
2021-11-19,114.2820
2021-11-22,114.1380
2021-11-23,114.7900
2021-11-24,115.1410
2021-11-25,115.4080
2021-11-26,115.0690
2021-11-29,113.7190
2021-11-30,113.8040
2021-12-01,113.2990
2021-12-02,112.8820
2021-12-03,113.0220
2021-12-06,113.0420
2021-12-07,113.4580
2021-12-08,113.5250
2021-12-09,113.6840
2021-12-10,113.4480
2021-12-13,113.5010
2021-12-14,113.5770
2021-12-15,113.7430
2021-12-16,114.1360
2021-12-17,113.6630
2021-12-20,113.5180
2021-12-21,113.6620
2021-12-22,113.9940
2021-12-23,114.1210
2021-12-24,114.4580
2021-12-27,114.3330
2021-12-28,114.7920
2021-12-29,114.7730
2021-12-30,114.9480
2021-12-31,115.0630
2022-01-03,115.1420
2022-01-04,115.3280
2022-01-05,116.1740
2022-01-06,116.1280
2022-01-07,115.8650
2022-01-10,115.6180
2022-01-11,115.2780
2022-01-12,115.3310
2022-01-13,114.6750
2022-01-14,114.1180
2022-01-17,114.3060
2022-01-18,114.5710
2022-01-19,114.5540
2022-01-20,114.3470
2022-01-21,113.9930
2022-01-24,113.7850
2022-01-25,114.0110
2022-01-26,113.8750
2022-01-27,114.7210
2022-01-28,115.3520
2022-01-31,115.2620
2022-02-01,115.1210
2022-02-02,114.7360
2022-02-03,114.3820
2022-02-04,114.9570
2022-02-07,115.2240
2022-02-08,115.0630
2022-02-09,115.5310
2022-02-10,115.6020
2022-02-11,116.0470
2022-02-14,115.5840
2022-02-15,115.5360
2022-02-16,115.6350
2022-02-17,115.3870
2022-02-18,114.8660
2022-02-21,114.9610
2022-02-22,114.6090
2022-02-23,115.0960
2022-02-24,114.8980
2022-02-25,115.5710
2022-02-28,115.5850
2022-03-01,115.0780
2022-03-02,114.8330
2022-03-03,115.5190
2022-03-04,115.4740
2022-03-07,114.9500
2022-03-08,115.3730
2022-03-09,115.7220
2022-03-10,115.9090
2022-03-11,116.1790
2022-03-14,117.5290
2022-03-15,118.2180
2022-03-16,118.2920
2022-03-17,118.8700
2022-03-18,118.4860
2022-03-21,119.2630
2022-03-22,119.5940
2022-03-23,121.3400
2022-03-24,121.1270
2022-03-25,122.3460
2022-03-28,122.2700
2022-03-29,123.6600
2022-03-30,123.1250
2022-03-31,122.0210
2022-04-01,121.7560
2022-04-04,122.6100
2022-04-05,122.8090
2022-04-06,123.6560
2022-04-07,123.7230
2022-04-08,124.0960
2022-04-11,124.3850
2022-04-12,125.4720
2022-04-13,125.4160
2022-04-14,125.3770
2022-04-15,126.1790
2022-04-18,126.6180
2022-04-19,127.0980
2022-04-20,129.3330
2022-04-21,128.0130
2022-04-22,128.4080
2022-04-25,128.6050
2022-04-26,127.7440
2022-04-27,127.2660
2022-04-28,128.3940
2022-04-29,130.8110
2022-05-02,130.0110
2022-05-03,130.1120
2022-05-04,130.1160
2022-05-05,129.2230
2022-05-06,130.3300
2022-05-09,130.7490
2022-05-10,130.3770
2022-05-11,130.3510
2022-05-12,129.8350
2022-05-13,128.5880
2022-05-16,129.4320
2022-05-17,128.9230
2022-05-18,129.4540
2022-05-19,127.9140
2022-05-20,127.8320
2022-05-23,127.9030
2022-05-24,127.8460
2022-05-25,126.7690
2022-05-26,127.1520
2022-05-27,127.0450
2022-05-30,127.2850
2022-05-31,127.7840
2022-06-01,128.7360
2022-06-02,130.1220
2022-06-03,129.9180
2022-06-06,130.7070
2022-06-07,132.1760
2022-06-08,132.8470
2022-06-09,134.4300
2022-06-10,134.4180
2022-06-13,134.8140
2022-06-14,134.2250
2022-06-15,135.2940
2022-06-16,134.1150
2022-06-17,132.4210
2022-06-20,135.2760
2022-06-21,135.0870
2022-06-22,136.2690
2022-06-23,136.0240
2022-06-24,134.8400
2022-06-27,135.0620
2022-06-28,135.4350
2022-06-29,136.0470
2022-06-30,136.5890
2022-07-01,135.7860
2022-07-04,135.0430
2022-07-05,135.8400
2022-07-06,135.5210
2022-07-07,135.9660
2022-07-08,135.9130
2022-07-11,136.3010
2022-07-12,137.3880
2022-07-13,136.7260
2022-07-14,137.6280
2022-07-15,138.9670
2022-07-18,138.3140
2022-07-19,138.2290
2022-07-20,138.1910
2022-07-21,138.3950
2022-07-22,137.0980
2022-07-25,136.3120
2022-07-26,136.4310
2022-07-27,136.9700
2022-07-28,136.1110
2022-07-29,134.3970
2022-08-01,133.4070
2022-08-02,131.5720
2022-08-03,133.3790
2022-08-04,133.9620
2022-08-05,132.6210
2022-08-08,135.0570
2022-08-09,134.8400
2022-08-10,135.1870
2022-08-11,132.8300
2022-08-12,132.9940
2022-08-15,133.2880
2022-08-16,133.1430
2022-08-17,134.2770
2022-08-18,134.9440
2022-08-19,135.7950
2022-08-22,137.0410
2022-08-23,137.5460
2022-08-24,136.7330
2022-08-25,137.0810
2022-08-26,136.5630
2022-08-29,137.5200
2022-08-30,138.5960
2022-08-31,138.7340
2022-09-01,139.2960
2022-09-02,140.0810
2022-09-05,140.4870
2022-09-06,140.4300
2022-09-07,143.1510
2022-09-08,144.1280
2022-09-09,143.8560
2022-09-12,142.5960
2022-09-13,142.5850
2022-09-14,144.4040
2022-09-15,142.9230
2022-09-16,143.3650
2022-09-19,142.7650
2022-09-20,143.2230
2022-09-21,143.6020
2022-09-22,144.3160
2022-09-23,142.2800
2022-09-26,143.5110
2022-09-27,144.4590
2022-09-28,144.6910
2022-09-29,144.3980
2022-09-30,144.4310
2022-10-03,144.8160
2022-10-04,144.5190
2022-10-05,143.7870
2022-10-06,144.4490
2022-10-07,145.0390
2022-10-10,145.4820
2022-10-11,145.6740
2022-10-12,145.8700
2022-10-13,146.7370
2022-10-14,147.2930
2022-10-17,148.6320
2022-10-18,148.9710
2022-10-19,149.2090
2022-10-20,149.8210
2022-10-21,150.1760
2022-10-24,147.8190
2022-10-25,148.8870
2022-10-26,147.9800
2022-10-27,146.1340
2022-10-28,146.2740
2022-10-31,147.8120
2022-11-01,148.7370
2022-11-02,147.9150
2022-11-03,147.8920
2022-11-04,148.3930
2022-11-07,146.8410
2022-11-08,146.6240
2022-11-09,145.2950
2022-11-10,146.2090
2022-11-11,141.7340
2022-11-14,139.5530
2022-11-15,140.1150
2022-11-16,138.9650
2022-11-17,139.3220
2022-11-18,140.4120
2022-11-21,140.2530
2022-11-22,142.0980
2022-11-23,141.1550
2022-11-24,139.2780
2022-11-25,138.6030
2022-11-28,139.1000
2022-11-29,138.7190
2022-11-30,138.7450
2022-12-01,137.3590
2022-12-02,135.1500
2022-12-05,134.4750
2022-12-06,136.6520
2022-12-07,136.8860
2022-12-08,136.3810
2022-12-09,136.6140
2022-12-12,136.7120
2022-12-13,137.5040
2022-12-14,135.5840
2022-12-15,135.3480
2022-12-16,137.7510
2022-12-19,136.6900
2022-12-20,136.9950
2022-12-21,131.8920
2022-12-22,132.3700
2022-12-23,132.3570
2022-12-26,132.7900
2022-12-27,132.7640
2022-12-28,133.4860
2022-12-29,134.0340
2022-12-30,132.9160
2023-01-02,130.8450
2023-01-03,130.7940
2023-01-04,131.2480
2023-01-05,132.2460
2023-01-06,133.3070
2023-01-09,131.8620
2023-01-10,131.7290
2023-01-11,132.1010
2023-01-12,131.9020
2023-01-13,129.1720
2023-01-16,128.0260
2023-01-17,128.3210
2023-01-18,128.2810
2023-01-19,128.5390
2023-01-20,128.3700
2023-01-23,129.3540
2023-01-24,130.5970
2023-01-25,130.2390
2023-01-26,129.2370
2023-01-27,129.8000
2023-01-30,129.8540
2023-01-31,130.4790
2023-02-01,130.1100
2023-02-02,128.6220
2023-02-03,128.7460
2023-02-06,132.0090
2023-02-07,132.6230
2023-02-08,131.0420
2023-02-09,131.3870
2023-02-10,131.5190
2023-02-13,131.5510
2023-02-14,132.3370
2023-02-15,132.9910
2023-02-16,133.9030
2023-02-17,134.0740
2023-02-20,134.3070
2023-02-21,134.3360
2023-02-22,134.9760
2023-02-23,134.9320
2023-02-24,134.6280
2023-02-27,136.3950
2023-02-28,136.3170
2023-03-01,136.3480
2023-03-02,136.1940
2023-03-03,136.7050
2023-03-06,135.8600
2023-03-07,135.9990
2023-03-08,137.3910
2023-03-09,137.2260
2023-03-10,136.3950
2023-03-13,134.9800
2023-03-14,133.1140
2023-03-15,134.3970
2023-03-16,132.9290
2023-03-17,133.3680
2023-03-20,132.2840
2023-03-21,131.3920
2023-03-22,132.3480
2023-03-23,131.1790
2023-03-24,130.8650
2023-03-27,130.8460
2023-03-28,131.2330
2023-03-29,131.0460
2023-03-30,132.5760
2023-03-31,133.2010
2023-04-03,133.3470
2023-04-04,132.2990
2023-04-05,131.4850
2023-04-06,130.9340
2023-04-07,131.6690
2023-04-10,132.0970
2023-04-11,133.4690
2023-04-12,133.5940
2023-04-13,133.0850
2023-04-14,132.4870
2023-04-17,133.9710
2023-04-18,134.4250
2023-04-19,134.0440
2023-04-20,134.7040
2023-04-21,133.9960
2023-04-24,133.9610
2023-04-25,134.0840
2023-04-26,133.7110
2023-04-27,133.4650
2023-04-28,133.8020
2023-05-01,136.3860
2023-05-02,137.5210
2023-05-03,136.4660
2023-05-04,134.5440
2023-05-05,134.1790
2023-05-08,135.1990
2023-05-09,135.0730
2023-05-10,135.2880
2023-05-11,134.0870
2023-05-12,134.4980
2023-05-15,135.8220
2023-05-16,136.0450
2023-05-17,136.4300
2023-05-18,137.6140
2023-05-19,138.6200
2023-05-22,137.6920
2023-05-23,138.6720
2023-05-24,138.5980
2023-05-25,139.2830
2023-05-26,140.0170
2023-05-29,140.8710
2023-05-30,140.4410
2023-05-31,139.7920
2023-06-01,139.1270
2023-06-02,138.7480
2023-06-05,140.2070
2023-06-06,139.3830
2023-06-07,139.5270
2023-06-08,139.8990
2023-06-09,138.8630
2023-06-12,139.3710
2023-06-13,139.4600
2023-06-14,140.1770
2023-06-15,139.9770
2023-06-16,140.2680
2023-06-19,141.8670
2023-06-20,141.8990
2023-06-21,141.3350
2023-06-22,141.6880
2023-06-23,143.0300
2023-06-26,143.5410
2023-06-27,143.4600
2023-06-28,143.8820
2023-06-29,144.3890
2023-06-30,144.7800
2023-07-03,144.3980
2023-07-04,144.5840
2023-07-05,144.4060
2023-07-06,144.4890
2023-07-07,143.9510
2023-07-10,142.2090
2023-07-11,141.2970
2023-07-12,140.1180
2023-07-13,138.3150
2023-07-14,138.0750
2023-07-17,138.6820
2023-07-18,138.7290
2023-07-19,139.0270
2023-07-20,139.5980
2023-07-21,139.8640
2023-07-24,141.7500
2023-07-25,141.5220
2023-07-26,140.9130
2023-07-27,140.3670
2023-07-28,138.8640
2023-07-31,140.7580
2023-08-01,142.3230
2023-08-02,142.9700
2023-08-03,143.3440
2023-08-04,142.5980
2023-08-07,141.8760
2023-08-08,142.5240
2023-08-09,143.2780
2023-08-10,143.7270
2023-08-11,144.8540
2023-08-14,144.8170
2023-08-15,145.4370
2023-08-16,145.6080
2023-08-17,146.3330
2023-08-18,145.7140
2023-08-21,145.3050
2023-08-22,146.2380
2023-08-23,145.7630
2023-08-24,144.6730
2023-08-25,146.0670
2023-08-28,146.5310
2023-08-29,146.4640
2023-08-30,145.9880
2023-08-31,146.0990
2023-09-01,145.4730
2023-09-04,146.0570
2023-09-05,146.5430
2023-09-06,147.4710
2023-09-07,147.7090
2023-09-08,147.3310
2023-09-11,147.1130
2023-09-12,146.6780
2023-09-13,147.1580
2023-09-14,147.3460
2023-09-15,147.4820
2023-09-18,147.8680
2023-09-19,147.6050
2023-09-20,147.7420
2023-09-21,148.3210
2023-09-22,147.6440
2023-09-25,148.4340
2023-09-26,148.8110
2023-09-27,149.0450
2023-09-28,149.4980
2023-09-29,149.3370
2023-10-02,149.5400
2023-10-03,149.8510
2023-10-04,149.1920
2023-10-05,148.9660
2023-10-06,148.4630
2023-10-09,149.1600
2023-10-10,148.3270
2023-10-11,148.6280
2023-10-12,149.0360
2023-10-13,149.7900
2023-10-16,149.5660
2023-10-17,149.5780
2023-10-18,149.7590
2023-10-19,149.7420
2023-10-20,149.8020
2023-10-23,149.8800
2023-10-24,149.7690
2023-10-25,149.8540
2023-10-26,150.0980
2023-10-27,150.3660
2023-10-30,149.7330
2023-10-31,149.1110
2023-11-01,151.2940
2023-11-02,150.5750
2023-11-03,150.4970
2023-11-06,149.4490
2023-11-07,149.9890
2023-11-08,150.3960
2023-11-09,150.8640
2023-11-10,151.3490
2023-11-13,151.4690
2023-11-14,151.6460
2023-11-15,150.4850
2023-11-16,151.2150
2023-11-17,150.7050
2023-11-20,149.9420
2023-11-21,148.3620
2023-11-22,148.1520
2023-11-23,149.4600
2023-11-24,149.6350
2023-11-27,149.5710
2023-11-28,148.4520
2023-11-29,147.0630
2023-11-30,147.0390
2023-12-01,147.9990
2023-12-04,146.3930
2023-12-05,147.3270
2023-12-06,147.1850
2023-12-07,147.1840
2023-12-08,144.2780
2023-12-11,144.9830
2023-12-12,146.0850
2023-12-13,145.2800
2023-12-14,142.7730
2023-12-15,142.2790
2023-12-18,142.3130
2023-12-19,142.7220
2023-12-20,143.8890
2023-12-21,143.5230
2023-12-22,142.0700
2023-12-25,142.3420
2023-12-26,142.2300
2023-12-27,142.4610
2023-12-28,141.3990
2023-12-29,141.4300
2024-01-01,140.9520
2024-01-02,141.1260
2024-01-03,142.1550
2024-01-04,142.9990
2024-01-05,144.7650
2024-01-08,144.7160
2024-01-09,144.2300
2024-01-10,144.4280
2024-01-11,145.7340
2024-01-12,145.0460
2024-01-15,145.1490
2024-01-16,145.7940
2024-01-17,147.2460
2024-01-18,148.1180
2024-01-19,148.1280
2024-01-22,148.1210
2024-01-23,148.1420
2024-01-24,148.2510
2024-01-25,147.5910
2024-01-26,147.7230
2024-01-29,148.1400
2024-01-30,147.4680
2024-01-31,147.3690
2024-02-01,146.9960
2024-02-02,146.4510
2024-02-05,148.5010
2024-02-06,148.6400
2024-02-07,147.8180
2024-02-08,148.0860
2024-02-09,149.2590
2024-02-12,149.1670
2024-02-13,149.4050
2024-02-14,150.7240
2024-02-15,150.5440
2024-02-16,149.9460
2024-02-19,150.0910
2024-02-20,150.2700
2024-02-21,149.9390
2024-02-22,150.3550
2024-02-23,150.4830
2024-02-26,150.4980
2024-02-27,150.5660
2024-02-28,150.4950
2024-02-29,150.6560
2024-03-01,150.0950
2024-03-04,150.1050
2024-03-05,150.4660
2024-03-06,150.0490
2024-03-07,149.2690
2024-03-08,147.8680
2024-03-11,146.7740
2024-03-12,146.7320
2024-03-13,147.6190
2024-03-14,147.6210
2024-03-15,148.2960
2024-03-18,148.9550
2024-03-19,149.1440
2024-03-20,151.0350
2024-03-21,150.7600
2024-03-22,151.6330
2024-03-25,151.3050
2024-03-26,151.3730
2024-03-27,151.5300
2024-03-28,151.2870
2024-03-29,151.4400
2024-04-01,151.3980
2024-04-02,151.5810
2024-04-03,151.5400
2024-04-04,151.5810
2024-04-05,151.2920
2024-04-08,151.6900
2024-04-09,151.8430
2024-04-10,151.7770
2024-04-11,152.9640
2024-04-12,153.1920
2024-04-15,153.2830
2024-04-16,154.2060
2024-04-17,154.6980
2024-04-18,154.3420
2024-04-19,154.6100
2024-04-22,154.6400
2024-04-23,154.8130
2024-04-24,154.7440
2024-04-25,155.2590
2024-04-26,155.5970
2024-04-29,158.2240
2024-04-30,156.3140
2024-05-01,157.7220
2024-05-02,155.7040
2024-05-03,153.0450
2024-05-06,153.5660
2024-05-07,154.2370
2024-05-08,154.7480
2024-05-09,155.4190
2024-05-10,155.3890
2024-05-13,155.8180
2024-05-14,156.2330
2024-05-15,156.4980
2024-05-16,154.2820
2024-05-17,155.3790
2024-05-20,155.7540
2024-05-21,156.3700
2024-05-22,156.2510
2024-05-23,156.7040
2024-05-24,156.9730
2024-05-27,156.8700
2024-05-28,156.8450
2024-05-29,157.2620
2024-05-30,157.6080
2024-05-31,156.9530
2024-06-03,157.1800
2024-06-04,156.0760
2024-06-05,155.1240
2024-06-06,155.9290
2024-06-07,155.6970
2024-06-10,156.8330
2024-06-11,157.0400
2024-06-12,157.1050
2024-06-13,156.8000
2024-06-14,157.1280
2024-06-17,157.5460
2024-06-18,157.7000
2024-06-19,157.8710
2024-06-20,157.9580
2024-06-21,158.9310
2024-06-24,159.8610
2024-06-25,159.6860
2024-06-26,159.6860
2024-06-27,160.6210
2024-06-28,160.6870
2024-07-01,160.9070
2024-07-02,161.5120
2024-07-03,161.5040
2024-07-04,161.6210
2024-07-05,161.3580
2024-07-08,160.6380
2024-07-09,160.8570
2024-07-10,161.3310
2024-07-11,161.6070
2024-07-12,158.2010
2024-07-15,158.3130
2024-07-16,158.1410
2024-07-17,158.3500
2024-07-18,155.6860
2024-07-19,157.1500
2024-07-22,157.4220
2024-07-23,156.8910
2024-07-24,155.7680
2024-07-25,153.8910
2024-07-26,153.6970
2024-07-29,154.1390
2024-07-30,153.8330
2024-07-31,152.6700
2024-08-01,149.7440
2024-08-02,149.2010
2024-08-05,145.5840
2024-08-06,145.7900
2024-08-07,144.7320
2024-08-08,146.1240
2024-08-09,147.6690
2024-08-12,147.0420
2024-08-13,146.9820
2024-08-14,146.9710
2024-08-15,147.2530
2024-08-16,149.2220
2024-08-19,147.9560
2024-08-20,146.6990
2024-08-21,145.3470
2024-08-22,145.1180
2024-08-23,146.2020
2024-08-26,144.0000
2024-08-27,144.5160
2024-08-28,143.9750
2024-08-29,144.4330
2024-08-30,144.8900
2024-09-02,146.3810
2024-09-03,146.7220
2024-09-04,145.3530
2024-09-05,143.3240
2024-09-06,143.3930
2024-09-09,142.4860
2024-09-10,143.1770
2024-09-11,142.2340
2024-09-12,142.5900
2024-09-13,141.4990
2024-09-16,140.7900
2024-09-17,140.7900
2024-09-18,142.0150
2024-09-19,142.7100
2024-09-20,142.8580
2024-09-23,144.0040
2024-09-24,143.6380
2024-09-25,142.9630
2024-09-26,144.6830
2024-09-27,145.0760
2024-09-30,142.7830
2024-10-01,143.7100
2024-10-02,143.7360
2024-10-03,146.5820
2024-10-04,146.8400
2024-10-07,148.8200
2024-10-08,148.1460
2024-10-09,148.1590
2024-10-10,149.1600
2024-10-11,148.7040
2024-10-14,149.3340
2024-10-15,149.6700
2024-10-16,149.0990
2024-10-17,149.5760
2024-10-18,150.1000
2024-10-21,149.6000
2024-10-22,150.6050
2024-10-23,151.1380
2024-10-24,152.7690
2024-10-25,151.7830
2024-10-28,152.9520
2024-10-29,153.1790
2024-10-30,153.2740
2024-10-31,153.2040
2024-11-01,151.9800
2024-11-04,152.2870
2024-11-05,152.2760
2024-11-06,151.4350
2024-11-07,154.3200
2024-11-08,153.1800
2024-11-11,152.9040
2024-11-12,153.4800
2024-11-13,154.6550
2024-11-14,155.4290
2024-11-15,156.4680
2024-11-18,154.6640
2024-11-19,154.6170
2024-11-20,154.7180
2024-11-21,155.2950
2024-11-22,154.2180
2024-11-25,154.1460
2024-11-26,154.3780
2024-11-27,153.0090
2024-11-28,151.3360
2024-11-29,151.1740
2024-12-02,149.8980
2024-12-03,149.5080
2024-12-04,149.6470
2024-12-05,150.5670
2024-12-06,150.2070
2024-12-09,150.0300
2024-12-10,151.4080
2024-12-11,151.8070
2024-12-12,152.2450
2024-12-13,152.5870
2024-12-16,153.4530
2024-12-17,154.0860
2024-12-18,153.5720
2024-12-19,154.6730
2024-12-20,157.6440
2024-12-23,156.5330
2024-12-24,157.1650
2024-12-25,157.1070
2024-12-26,157.1330
2024-12-27,157.7480
2024-12-30,157.8730
2024-12-31,156.9950
2025-01-02,157.7190
2025-01-03,157.3620
2025-01-06,157.4810
2025-01-07,157.7430
2025-01-08,158.2360
2025-01-09,158.1920
2025-01-10,158.0480
2025-01-13,157.8870
2025-01-14,157.3640
2025-01-15,158.0500
2025-01-16,156.2550
2025-01-17,155.3560
2025-01-20,156.3060
2025-01-21,155.2490
2025-01-22,155.7740
2025-01-23,156.4400
2025-01-24,156.1550
2025-01-27,155.7440
2025-01-28,154.9090
2025-01-29,155.5590
2025-01-30,155.1700
2025-01-31,154.0970
2025-02-03,155.3630
2025-02-04,155.2770
2025-02-05,154.1330
2025-02-06,152.6060
2025-02-07,151.1930
2025-02-10,151.8460
2025-02-11,151.7590
2025-02-12,152.7390
2025-02-13,154.2550
2025-02-14,152.9890
2025-02-17,152.0230
2025-02-18,151.4440
2025-02-19,151.9310
2025-02-20,151.2200
2025-02-21,149.4080
2025-02-24,149.3870
2025-02-25,149.8640
2025-02-26,149.0780
2025-02-27,148.8380
2025-02-28,150.0120
2025-03-03,150.7710
2025-03-04,149.3050
2025-03-05,149.7990
2025-03-06,148.8980
2025-03-07,148.1080
2025-03-10,147.6080
2025-03-11,147.0690
2025-03-12,148.0420
2025-03-13,148.2790
2025-03-14,147.9490
2025-03-17,148.5980
2025-03-18,149.3790
2025-03-19,149.4520
2025-03-20,148.4900
2025-03-21,148.5960
2025-03-24,149.6770
2025-03-25,150.7740
2025-03-26,149.9500
2025-03-27,150.4730
2025-03-28,150.8470
2025-03-31,149.6170
2025-04-01,149.9130
2025-04-02,149.7830
2025-04-03,147.8720
2025-04-04,146.2310
2025-04-07,145.4330
2025-04-08,147.7890
2025-04-09,145.8450
2025-04-10,147.3990
2025-04-11,143.7470
2025-04-14,143.6960
2025-04-15,143.2210
2025-04-16,143.1810
2025-04-17,141.9280
2025-04-22,140.8760
2025-04-23,142.6880
2025-04-24,143.2230
2025-04-25,142.8790
2025-04-28,143.8410
2025-04-29,142.1780
2025-04-30,142.2990
2025-05-01,143.0090
2025-05-02,145.4480
2025-05-05,144.6240
2025-05-06,143.6540
2025-05-07,143.0350
2025-05-08,143.8480
2025-05-09,146.0150
2025-05-12,145.8120
2025-05-13,148.3100
2025-05-14,147.5280
2025-05-15,146.6500
2025-05-16,145.6130
2025-05-19,145.2980
2025-05-20,144.9750
2025-05-21,144.3280
2025-05-22,143.7550
2025-05-23,143.8580
2025-05-26,142.8670
2025-05-27,142.6550
2025-05-28,144.1770
2025-05-29,145.6970
2025-05-30,143.7790
2025-06-02,143.8150
2025-06-03,142.4520
2025-06-04,143.8370
2025-06-05,142.7320
2025-06-06,143.5420
2025-06-09,144.6910
2025-06-10,144.5400
2025-06-11,144.8380
2025-06-12,144.2030
2025-06-13,143.1940
2025-06-16,144.0910
2025-06-17,144.7290
2025-06-18,145.3760
2025-06-19,144.9550
2025-06-20,145.2180
2025-06-23,146.2240
2025-06-24,145.9280
2025-06-25,144.9570
2025-06-26,144.9040
2025-06-27,144.6940
2025-06-30,144.5170
2025-07-01,143.8000
2025-07-02,143.4020
2025-07-03,143.5260
2025-07-04,144.6820
2025-07-07,144.4980
2025-07-08,145.8920
2025-07-09,146.8490
2025-07-10,146.1140
2025-07-11,146.2880
2025-07-14,147.2950
2025-07-15,147.7920
2025-07-16,148.7610
2025-07-17,148.0030
2025-07-18,148.4420
2025-07-21,148.4310
2025-07-22,147.4090
2025-07-23,146.7850
2025-07-24,146.3490
2025-07-25,147.0050
2025-07-28,147.8130
2025-07-29,148.4790
2025-07-30,148.4420
2025-07-31,149.2260
2025-08-01,150.7720
2025-08-04,147.3430
2025-08-05,146.7930
2025-08-06,147.5600
2025-08-07,147.1930
2025-08-08,146.8370
2025-08-11,147.6640
2025-08-12,148.1250
2025-08-13,147.7580
2025-08-14,147.1200
2025-08-15,147.6910
2025-08-18,147.2640
2025-08-19,147.9160
2025-08-20,147.7310
2025-08-21,147.3180
2025-08-22,148.3860
2025-08-25,147.2150
2025-08-26,147.8220
2025-08-27,147.4620
2025-08-28,147.3160
2025-08-29,146.7900
2025-09-01,147.0970
2025-09-02,147.0840
2025-09-03,148.5480
2025-09-04,147.9800
2025-09-05,148.3750
2025-09-08,148.3440
2025-09-09,147.3640
2025-09-10,147.3920
2025-09-11,147.3320
2025-09-12,147.2240
2025-09-15,147.6660
2025-09-16,147.4050
2025-09-17,146.4130
2025-09-18,146.8910
2025-09-19,147.9470
2025-09-22,148.0950
2025-09-23,147.7250
2025-09-24,147.6130
2025-09-25,148.7510
2025-09-26,149.8610
2025-09-29,149.4050
2025-09-30,148.5950
2025-10-01,147.9970
2025-10-02,147.0830
2025-10-03,147.1500
2025-10-06,149.6060
2025-10-07,150.3310
2025-10-08,152.0510
2025-10-09,152.6800
2025-10-10,152.9650
2025-10-13,152.0560
2025-10-14,152.4340
2025-10-15,151.7310
2025-10-16,150.9740
2025-10-17,150.1200
2025-10-20,150.9000
2025-10-21,150.7740
2025-10-22,151.8930
2025-10-23,151.9540
2025-10-24,152.6020
2025-10-27,153.0610
2025-10-28,152.6920
2025-10-29,151.7310
2025-10-30,152.7220
2025-10-31,153.9000
2025-11-03,154.1950
2025-11-04,154.2040
2025-11-05,153.5570
2025-11-06,154.0730
2025-11-07,152.9480
2025-11-10,153.8170
2025-11-11,154.1460
2025-11-12,154.0750
2025-11-13,154.7130
2025-11-14,154.6330
2025-11-17,154.5850
2025-11-18,155.2730
2025-11-19,155.5480
2025-11-20,156.9920
2025-11-21,157.3690
2025-11-24,156.6880
2025-11-25,156.9390
2025-11-26,156.2300
2025-11-27,156.2390
2025-11-28,156.2840
2025-12-01,155.9280
2025-12-02,155.5570
2025-12-03,155.8070
2025-12-04,155.1070
2025-12-05,155.1420
2025-12-08,155.3400
2025-12-09,155.8440
2025-12-10,156.8380
2025-12-11,155.7900
2025-12-12,155.5670
2025-12-15,155.8880
2025-12-16,155.0150
2025-12-17,154.7780
2025-12-18,155.4950
2025-12-19,155.5860
2025-12-22,157.6760
2025-12-23,156.8770
2025-12-24,156.1760
2025-12-26,156.0900
2025-12-29,156.4630
2025-12-30,156.0130
2025-12-31,156.4130
2026-01-02,156.7310
2026-01-05,156.9890
2026-01-06,156.6260
2026-01-07,156.6800
2026-01-08,156.7310
2026-01-09,156.8800
2026-01-12,158.1490
2026-01-13,157.9860
2026-01-14,159.1790
2026-01-15,158.4020
2026-01-16,158.5960
2026-01-19,157.5350
2026-01-20,158.1770
2026-01-21,158.1620
2026-01-22,158.4560
2026-01-23,158.5010
2026-01-26,155.1660
2026-01-27,154.3360
2026-01-28,152.4530
2026-01-29,153.0960
2026-01-30,153.1620
2026-02-02,155.2020
2026-02-03,155.4430
2026-02-04,155.7990
2026-02-05,156.9170
2026-02-06,156.7840
2026-02-09,157.2440
2026-02-10,156.1320
2026-02-11,154.4820
2026-02-12,153.2690
2026-02-13,152.8210
2026-02-16,152.7790
2026-02-17,153.6090
2026-02-18,153.1490
2026-02-19,154.6930
2026-02-20,155.1600
2026-02-23,154.3390
2026-02-24,154.6350
2026-02-25,155.8800
2026-02-26,156.2000
2026-02-27,155.8590
2026-03-02,156.6330
2026-03-03,157.2570
2026-03-04,157.7730
2026-03-05,156.9830
2026-03-06,157.5340
2026-03-09,158.4270
2026-03-10,157.8480
2026-03-11,158.1140
2026-03-12,159.0750
2026-03-13,159.2060
2026-03-16,159.5680
2026-03-17,159.1050
2026-03-18,158.8890
2026-03-19,159.7950
2026-03-20,157.9240
2026-03-23,159.2340
2026-03-24,158.4790
2026-03-25,158.7180
2026-03-26,159.3840
2026-03-27,159.7040
2026-03-30,160.2340
2026-03-31,159.8410
2026-04-01,158.5790
2026-04-02,158.6880
2026-04-03,159.4910
2026-04-06,159.7800
2026-04-07,159.6830
2026-04-08,158.7160
2026-04-09,158.6420
2026-04-10,159.1120
2026-04-13,159.6800
2026-04-14,159.2140
2026-04-15,158.7920
2026-04-16,158.8090
2026-04-17,159.1950
2026-04-20,159.1610
2026-04-21,158.8440
2026-04-22,159.3730
2026-04-23,159.4880
2026-04-24,159.7470
2026-04-27,159.5760
2026-04-28,159.3570
2026-04-29,159.5520
2026-04-30,160.1840
2026-05-01,156.9780
2026-05-04,156.8460
2026-05-05,157.1940
2026-05-06,157.6770
2026-05-07,156.5080
2026-05-08,156.8290
2026-05-11,156.8580
2026-05-12,157.2310
2026-05-13,157.6710
2026-05-14,157.8510
2026-05-15,158.3820
2026-05-18,158.8440
2026-05-19,158.8610
2026-05-20,159.0350
2026-05-21,158.8880
2026-05-22,159.0180
2026-05-25,158.9460
2026-05-26,158.9540
2026-05-27,159.2430
2026-05-28,159.5680
2026-05-29,159.2700
2026-06-01,159.3530
2026-06-02,159.6360
2026-06-03,159.9680
2026-06-04,159.9400
2026-06-05,159.9900
2026-06-08,160.3270
2026-06-09,160.1740
2026-06-10,160.3840
2026-06-11,160.5270
2026-06-12,160.1300
2026-06-15,159.9550
2026-06-16,160.2290
2026-06-17,160.4190
2026-06-18,160.6000
2026-06-19,161.2890
2026-06-22,161.4330
2026-06-23,161.5700
2026-06-24,161.5990
2026-06-25,161.7630
2026-06-26,161.8050
2026-06-29,161.7870
2026-06-30,161.9230
2026-07-01,162.6280
2026-07-02,162.5390
2026-07-03,161.4490
2026-07-06,161.4520
2026-07-07,162.0880
2026-07-08,162.3630
2026-07-09,162.5390
2026-07-10,162.3630
2026-07-13,161.8780
2026-07-14,162.4290
2026-07-15,162.1870
2026-07-16,162.0720
2026-07-17,162.3760
2026-07-20,162.5120
2026-07-21,162.4870
2026-07-22,163.1860
2026-07-23,163.0810
2026-07-24,163.8320
2026-07-27,163.6110
2026-07-28,163.7710
2026-07-29,163.8640
2026-07-30,163.3000
2026-07-31,160.1830
2026-08-01,157.4000
2026-08-03,157.5820
2026-08-04,157.5290
2026-08-05,157.6920
2026-08-06,157.6000
2026-08-07,158.4090
2026-08-10,157.8910
2026-08-11,159.1560
2026-08-12,159.4450
