date,close
2003-12-01,1198.4000
2003-12-02,1195.0000
2003-12-03,1192.5000
2003-12-04,1190.1000
2003-12-05,1184.7000
2003-12-08,1185.6000
2003-12-09,1182.7000
2003-12-10,1176.4000
2003-12-11,1169.9000
2003-12-12,1173.2000
2003-12-15,1179.9000
2003-12-16,1179.8000
2003-12-17,1187.0000
2003-12-18,1183.8000
2003-12-19,1192.8000
2003-12-22,1195.5000
2003-12-23,1195.4000
2003-12-24,1200.5000
2003-12-25,1199.3000
2003-12-26,1200.7000
2003-12-29,1186.1000
2003-12-30,1194.8000
2003-12-31,1189.9000
2004-01-01,1181.6000
2004-01-02,1195.8000
2004-01-05,1178.9000
2004-01-06,1189.4000
2004-01-07,1176.8000
2004-01-08,1171.0000
2004-01-09,1181.3000
2004-01-12,1168.8000
2004-01-13,1175.3000
2004-01-14,1175.2000
2004-01-15,1174.5000
2004-01-16,1186.7000
2004-01-19,1187.5000
2004-01-20,1176.7000
2004-01-21,1184.2000
2004-01-22,1187.7000
2004-01-23,1175.2000
2004-01-26,1174.5000
2004-01-27,1167.8000
2004-01-28,1176.4000
2004-01-29,1158.2000
2004-01-30,1160.0000
2004-02-02,1158.4000
2004-02-03,1170.3000
2004-02-04,1168.9000
2004-02-05,1157.7000
2004-02-06,1167.3000
2004-02-09,1152.8000
2004-02-10,1165.6000
2004-02-11,1160.9000
2004-02-12,1159.2000
2004-02-13,1159.7000
2004-02-16,1147.7000
2004-02-17,1156.9000
2004-02-18,1147.7000
2004-02-19,1147.0000
2004-02-20,1157.5000
2004-02-23,1179.4000
2004-02-24,1180.1000
2004-02-25,1158.8000
2004-02-26,1165.8000
2004-02-27,1172.8000
2004-03-01,1176.9000
2004-03-02,1163.0000
2004-03-03,1156.6000
2004-03-04,1160.0000
2004-03-05,1175.7000
2004-03-08,1156.6000
2004-03-09,1181.4000
2004-03-10,1158.9000
2004-03-11,1162.0000
2004-03-12,1177.0000
2004-03-15,1170.4000
2004-03-16,1171.4000
2004-03-17,1174.5000
2004-03-18,1159.3000
2004-03-19,1170.5000
2004-03-22,1163.1000
2004-03-23,1163.3000
2004-03-24,1182.8000
2004-03-25,1183.5000
2004-03-26,1184.3000
2004-03-29,1180.2000
2004-03-30,1178.7000
2004-03-31,1166.3000
2004-04-01,1161.5000
2004-04-02,1184.1000
2004-04-05,1195.4000
2004-04-06,1183.8000
2004-04-07,1131.9000
2004-04-08,1134.5000
2004-04-09,1133.7000
2004-04-12,1135.0000
2004-04-13,1142.2000
2004-04-14,1158.3000
2004-04-15,1152.2000
2004-04-16,1161.0000
2004-04-19,1155.9000
2004-04-20,1159.6000
2004-04-21,1158.6000
2004-04-22,1159.3000
2004-04-23,1156.7000
2004-04-26,1141.5000
2004-04-27,1152.5000
2004-04-28,1144.5000
2004-04-29,1169.6000
2004-04-30,1162.7000
2004-05-03,1160.1000
2004-05-04,1172.4000
2004-05-05,1167.8000
2004-05-06,1165.8000
2004-05-07,1159.8000
2004-05-10,1178.5000
2004-05-11,1185.3000
2004-05-12,1168.5000
2004-05-13,1186.7000
2004-05-14,1186.4000
2004-05-17,1180.1000
2004-05-18,1183.7000
2004-05-19,1173.6000
2004-05-20,1174.0000
2004-05-21,1172.7000
2004-05-24,1179.4000
2004-05-25,1179.9000
2004-05-26,1179.3000
2004-05-27,1168.9000
2004-05-28,1163.7000
2004-05-31,1159.4000
2004-06-01,1158.0000
2004-06-02,1165.8000
2004-06-03,1163.8000
2004-06-04,1164.7000
2004-06-07,1157.2000
2004-06-08,1151.9000
2004-06-09,1154.3000
2004-06-10,1159.3000
2004-06-11,1163.9000
2004-06-14,1163.0000
2004-06-15,1162.5000
2004-06-16,1156.9000
2004-06-17,1162.6000
2004-06-18,1158.7000
2004-06-21,1154.3000
2004-06-22,1154.3000
2004-06-23,1158.8000
2004-06-24,1151.2000
2004-06-25,1143.7000
2004-06-28,1151.9000
2004-06-29,1150.3000
2004-06-30,1155.7000
2004-07-01,1152.9000
2004-07-02,1154.3000
2004-07-05,1151.8000
2004-07-06,1157.0000
2004-07-07,1150.5000
2004-07-08,1149.6000
2004-07-09,1148.1000
2004-07-12,1146.9000
2004-07-13,1149.1000
2004-07-14,1153.4000
2004-07-15,1161.8000
2004-07-16,1163.7000
2004-07-19,1156.6000
2004-07-20,1160.5000
2004-07-21,1160.5000
2004-07-22,1161.3000
2004-07-23,1166.5000
2004-07-26,1161.2000
2004-07-27,1161.1000
2004-07-28,1168.8000
2004-07-29,1168.0000
2004-07-30,1170.1000
2004-08-02,1165.5000
2004-08-03,1164.8000
2004-08-04,1163.8000
2004-08-05,1163.7000
2004-08-06,1152.0000
2004-08-09,1156.4000
2004-08-10,1153.9000
2004-08-11,1154.4000
2004-08-12,1158.5000
2004-08-13,1154.8000
2004-08-16,1158.5000
2004-08-17,1157.9000
2004-08-18,1156.9000
2004-08-19,1155.1000
2004-08-20,1151.8000
2004-08-23,1152.6000
2004-08-24,1153.3000
2004-08-25,1155.2000
2004-08-26,1153.7000
2004-08-27,1151.3000
2004-08-30,1152.7000
2004-08-31,1150.6000
2004-09-01,1147.8000
2004-09-02,1148.7000
2004-09-03,1151.2000
2004-09-06,1153.5000
2004-09-07,1151.3000
2004-09-08,1148.0000
2004-09-09,1140.3000
2004-09-10,1145.6000
2004-09-13,1144.3000
2004-09-14,1144.9000
2004-09-15,1144.8000
2004-09-16,1145.3000
2004-09-17,1145.8000
2004-09-20,1145.8000
2004-09-21,1144.0000
2004-09-22,1147.6000
2004-09-23,1147.7000
2004-09-24,1144.9000
2004-09-27,1148.0000
2004-09-28,1155.1000
2004-09-29,1152.1000
2004-09-30,1150.8000
2004-10-01,1147.3000
2004-10-04,1135.5000
2004-10-05,1104.7000
2004-10-06,1112.2000
2004-10-07,1137.7000
2004-10-08,1134.2000
2004-10-11,1135.0000
2004-10-12,1132.1000
2004-10-13,1125.5000
2004-10-14,1134.2000
2004-10-15,1134.1000
2004-10-18,1131.8000
2004-10-19,1131.0000
2004-10-20,1134.6000
2004-10-21,1128.1000
2004-10-22,1122.8000
2004-10-25,1118.6000
2004-10-26,1122.8000
2004-10-27,1120.4000
2004-10-29,1106.3000
2004-11-01,1107.7000
2004-11-02,1074.5000
2004-11-03,1100.5000
2004-11-04,1072.8000
2004-11-05,1091.9000
2004-11-08,1098.4000
2004-11-09,1094.9000
2004-11-10,1098.2000
2004-11-11,1098.8000
2004-11-12,1089.0000
2004-11-15,1084.4000
2004-11-16,1077.8000
2004-11-17,1067.4000
2004-11-18,1062.0000
2004-11-19,1054.0000
2004-11-22,1026.7000
2004-11-23,1055.0000
2004-11-24,1066.5000
2004-11-25,1056.0000
2004-11-26,1047.2000
2004-11-29,1047.8000
2004-11-30,1047.6000
2004-12-01,1043.1000
2004-12-02,1041.8000
2004-12-03,1045.5000
2004-12-06,1039.3000
2004-12-07,1040.6000
2004-12-08,1057.2000
2004-12-09,1056.6000
2004-12-10,1068.6000
2004-12-13,1058.3000
2004-12-14,1057.8000
2004-12-15,1061.4000
2004-12-16,1055.2000
2004-12-17,1057.9000
2004-12-20,1056.7000
2004-12-21,1054.9000
2004-12-22,1052.2000
2004-12-23,1048.1000
2004-12-24,1046.1000
2004-12-27,1030.1000
2004-12-28,1043.7000
2004-12-29,1029.8000
2004-12-30,1026.8000
2004-12-31,1002.6000
2005-01-03,1027.3000
2005-01-04,1028.7000
2005-01-05,1035.8000
2005-01-06,1048.4000
2005-01-07,1045.1000
2005-01-10,1011.6000
2005-01-11,1034.6000
2005-01-12,1033.3000
2005-01-13,1028.3000
2005-01-14,1042.9000
2005-01-17,1035.6000
2005-01-18,1035.7000
2005-01-19,1030.7000
2005-01-20,1033.0601
2005-01-21,1037.8000
2005-01-24,1032.1600
2005-01-25,1032.1600
2005-01-26,1032.1600
2005-01-27,1027.9000
2005-01-28,1023.8000
2005-01-31,1025.4100
2005-02-01,1027.8101
2005-02-02,1027.9000
2005-02-03,1025.1000
2005-02-04,1022.7000
2005-02-07,1028.7000
2005-02-08,1035.9000
2005-02-09,1037.9000
2005-02-10,1038.8000
2005-02-11,1032.8000
2005-02-14,1024.9000
2005-02-15,1023.7000
2005-02-16,1028.3000
2005-02-17,1025.8000
2005-02-18,1012.3000
2005-02-21,1023.0600
2005-02-22,1003.1000
2005-02-23,1003.9600
2005-02-24,1006.3600
2005-02-25,1007.8000
2005-02-28,1003.8000
2005-03-01,992.9400
2005-03-02,1006.3600
2005-03-03,1005.8000
2005-03-04,1007.7000
2005-03-07,1004.4000
2005-03-08,1003.8000
2005-03-09,1000.9000
2005-03-10,1000.0000
2005-03-11,997.1800
2005-03-14,1000.3000
2005-03-15,1003.7000
2005-03-16,1003.8100
2005-03-17,1000.7000
2005-03-18,1003.7000
2005-03-21,1009.0000
2005-03-22,1009.4000
2005-03-23,1012.0000
2005-03-24,1013.0000
2005-03-25,1014.0000
2005-03-28,1018.0000
2005-03-29,1019.0000
2005-03-30,1024.0000
2005-03-31,1017.0000
2005-04-01,1011.8000
2005-04-04,1017.0000
2005-04-05,1017.0000
2005-04-06,1012.0000
2005-04-07,1011.7000
2005-04-08,1001.9000
2005-04-11,1012.8000
2005-04-12,1015.0000
2005-04-13,1011.0000
2005-04-14,1017.7000
2005-04-15,1017.3000
2005-04-18,1016.7000
2005-04-19,1010.0000
2005-04-20,1005.0000
2005-04-21,1008.0000
2005-04-22,999.6900
2005-04-25,998.9000
2005-04-26,998.3400
2005-04-27,1000.8000
2005-04-28,1001.6000
2005-04-29,996.6600
2005-05-02,1000.8000
2005-05-03,1002.0000
2005-05-04,994.7100
2005-05-05,999.5000
2005-05-06,1001.7000
2005-05-09,1000.9000
2005-05-10,999.0000
2005-05-11,996.6800
2005-05-12,999.0000
2005-05-13,993.1000
2005-05-16,1006.8000
2005-05-17,998.9300
2005-05-18,1004.9600
2005-05-19,1003.8000
2005-05-20,1007.6000
2005-05-23,1004.0000
2005-05-24,996.0000
2005-05-25,1000.9000
2005-05-26,1001.1000
2005-05-27,999.3200
2005-05-30,1002.2000
2005-05-31,1007.0000
2005-06-01,1014.7000
2005-06-02,1012.8000
2005-06-03,1007.7000
2005-06-06,1004.5000
2005-06-07,1004.0000
2005-06-08,1005.8000
2005-06-09,1003.0000
2005-06-10,1007.7000
2005-06-13,1017.0000
2005-06-14,1015.0000
2005-06-15,1013.0000
2005-06-16,1013.8000
2005-06-17,1008.6000
2005-06-20,1009.7000
2005-06-21,1007.7000
2005-06-22,1010.0000
2005-06-23,1010.3000
2005-06-24,1012.6000
2005-06-27,1012.9000
2005-06-28,1023.0000
2005-06-29,1030.3000
2005-06-30,1033.8000
2005-07-01,1031.0000
2005-07-04,1043.3000
2005-07-05,1049.0000
2005-07-06,1054.0000
2005-07-07,1050.7000
2005-07-08,1054.3000
2005-07-11,1039.4000
2005-07-12,1035.0000
2005-07-13,1036.0000
2005-07-14,1033.7000
2005-07-15,1037.8000
2005-07-18,1033.0000
2005-07-19,1043.9000
2005-07-20,1039.7100
2005-07-21,1039.7100
2005-07-22,1021.3000
2005-07-25,1017.0000
2005-07-26,1024.7000
2005-07-27,1030.7000
2005-07-28,1027.7000
2005-07-29,1023.0000
2005-08-01,1017.0000
2005-08-02,1010.7000
2005-08-03,1016.0000
2005-08-04,1017.0000
2005-08-05,1012.8000
2005-08-08,1016.7000
2005-08-09,1014.0000
2005-08-10,1017.0000
2005-08-11,1011.0000
2005-08-12,1012.3000
2005-08-15,1017.0000
2005-08-16,1018.0000
2005-08-17,1005.6000
2005-08-18,1017.0000
2005-08-19,1021.9000
2005-08-22,1017.0000
2005-08-23,1026.2000
2005-08-24,1027.4000
2005-08-25,1026.7000
2005-08-26,1031.1000
2005-08-29,1026.1000
2005-08-30,1033.0000
2005-08-31,1039.5000
2005-09-01,1019.7000
2005-09-02,1027.2000
2005-09-05,1023.4000
2005-09-06,1026.5000
2005-09-07,1018.9000
2005-09-08,1027.5000
2005-09-09,1026.1000
2005-09-12,1015.2000
2005-09-13,1025.3000
2005-09-14,1025.4000
2005-09-15,1023.8000
2005-09-16,1016.5000
2005-09-19,1014.5000
2005-09-20,1035.9000
2005-09-22,1027.4000
2005-09-23,1032.9000
2005-09-26,1021.0000
2005-09-27,1034.2000
2005-09-28,1039.0000
2005-09-29,1028.4000
2005-09-30,1032.1000
2005-10-03,1043.7000
2005-10-04,1042.5000
2005-10-05,1036.7000
2005-10-06,1039.0000
2005-10-07,1035.7000
2005-10-10,1037.8000
2005-10-11,1044.0000
2005-10-12,1043.5000
2005-10-13,1042.2000
2005-10-14,1025.9000
2005-10-17,1050.3000
2005-10-18,1053.0000
2005-10-19,1053.4000
2005-10-20,1052.5000
2005-10-21,1058.7000
2005-10-24,1009.2000
2005-10-25,1048.0000
2005-10-26,1047.0000
2005-10-27,996.8300
2005-10-28,1044.0000
2005-10-31,1044.1000
2005-11-01,1040.2000
2005-11-02,1038.8000
2005-11-03,1044.4000
2005-11-04,1050.2000
2005-11-07,1036.3000
2005-11-08,1045.0000
2005-11-09,1048.0000
2005-11-10,1052.3000
2005-11-11,1024.4000
2005-11-14,1039.4000
2005-11-15,1018.3000
2005-11-16,1028.2000
2005-11-17,1015.9000
2005-11-18,1018.6000
2005-11-21,1025.6000
2005-11-22,1024.3000
2005-11-23,1027.1000
2005-11-24,1027.4000
2005-11-25,1032.6000
2005-11-28,1021.1000
2005-11-29,1028.7000
2005-11-30,1019.1000
2005-12-01,1019.5000
2005-12-02,1022.7000
2005-12-05,1016.8000
2005-12-06,1020.9000
2005-12-07,1025.0000
2005-12-08,1022.8000
2005-12-09,1020.3000
2005-12-12,1015.0000
2005-12-13,1011.4000
2005-12-14,1007.7000
2005-12-15,997.2000
2005-12-16,1002.7000
2005-12-19,1006.2000
2005-12-20,1004.9000
2005-12-21,1005.0000
2005-12-22,1001.5000
2005-12-23,1001.3000
2005-12-26,1004.0000
2005-12-27,999.9600
2005-12-28,1006.4000
2005-12-29,999.7000
2005-12-30,999.4500
2006-01-02,1001.5000
2006-01-03,987.4100
2006-01-04,983.8600
2006-01-05,981.4500
2006-01-06,940.7100
2006-01-09,970.7200
2006-01-10,970.5300
2006-01-11,968.3700
2006-01-12,960.5500
2006-01-13,969.2400
2006-01-16,972.1900
2006-01-17,972.5400
2006-01-18,981.7000
2006-01-19,972.0400
2006-01-20,969.2200
2006-01-23,967.2100
2006-01-24,965.7100
2006-01-25,961.9400
2006-01-26,959.1500
2006-01-27,967.2100
2006-01-30,958.6600
2006-01-31,948.0800
2006-02-01,952.6300
2006-02-02,961.4800
2006-02-03,958.9600
2006-02-06,951.5500
2006-02-07,954.1800
2006-02-08,957.2400
2006-02-09,959.4300
2006-02-10,961.9100
2006-02-13,963.6900
2006-02-14,957.6600
2006-02-15,963.1100
2006-02-16,960.4800
2006-02-17,954.8200
2006-02-20,955.8800
2006-02-21,955.1300
2006-02-22,963.0300
2006-02-23,956.0800
2006-02-24,957.5200
2006-02-27,957.3300
2006-02-28,952.7600
2006-03-01,957.3300
2006-03-02,949.0700
2006-03-03,957.2800
2006-03-06,966.8100
2006-03-07,970.6000
2006-03-08,967.5000
2006-03-09,971.2200
2006-03-10,966.4100
2006-03-13,966.6100
2006-03-14,960.1000
2006-03-15,958.9900
2006-03-16,961.5100
2006-03-17,925.2300
2006-03-20,922.7100
2006-03-21,958.8700
2006-03-22,962.0000
2006-03-23,970.2600
2006-03-24,961.5400
2006-03-27,965.9900
2006-03-28,968.4800
2006-03-29,962.1700
2006-03-30,955.9000
2006-03-31,964.0900
2006-04-03,952.2700
2006-04-04,950.7700
2006-04-05,942.7000
2006-04-06,945.2600
2006-04-07,942.2800
2006-04-10,941.9900
2006-04-11,940.2700
2006-04-12,951.3300
2006-04-13,949.7700
2006-04-14,950.1200
2006-04-17,939.0700
2006-04-18,932.7200
2006-04-19,931.0400
2006-04-20,938.3800
2006-04-21,935.6100
2006-04-24,926.1400
2006-04-25,932.3700
2006-04-26,932.8000
2006-04-27,927.7800
2006-04-28,922.4700
2006-05-01,934.8900
2006-05-02,924.8600
2006-05-03,923.8200
2006-05-04,923.6200
2006-05-05,929.5600
2006-05-08,920.7100
2006-05-09,916.3800
2006-05-10,919.2900
2006-05-11,921.6900
2006-05-12,916.1200
2006-05-15,935.9800
2006-05-16,929.9700
2006-05-17,925.2900
2006-05-18,933.8100
2006-05-19,933.0200
2006-05-22,939.4000
2006-05-23,938.0700
2006-05-24,938.9500
2006-05-25,936.1700
2006-05-26,938.0200
2006-05-29,934.9100
2006-05-30,937.0300
2006-05-31,937.1800
2006-06-01,930.1200
2006-06-02,935.8600
2006-06-05,937.1600
2006-06-06,937.3300
2006-06-07,936.6100
2006-06-08,918.3600
2006-06-09,941.2100
2006-06-12,948.1900
2006-06-13,952.7700
2006-06-14,946.9000
2006-06-15,945.7600
2006-06-16,943.6800
2006-06-19,950.6700
2006-06-20,945.7800
2006-06-21,941.5500
2006-06-22,943.8500
2006-06-23,943.6100
2006-06-26,941.4300
2006-06-27,948.8000
2006-06-28,948.5000
2006-06-29,938.4000
2006-06-30,936.4600
2006-07-03,932.6900
2006-07-04,932.9500
2006-07-05,940.6800
2006-07-06,934.9200
2006-07-07,936.8200
2006-07-10,933.4400
2006-07-11,931.3400
2006-07-12,936.3500
2006-07-13,939.2300
2006-07-14,912.9000
2006-07-17,942.3600
2006-07-18,948.5700
2006-07-19,943.9600
2006-07-20,938.4900
2006-07-21,935.5700
2006-07-24,941.6500
2006-07-25,944.8200
2006-07-26,932.9300
2006-07-27,943.0100
2006-07-28,939.6000
2006-07-31,941.9500
2006-08-01,938.2500
2006-08-02,951.5700
2006-08-03,952.0600
2006-08-04,952.1600
2006-08-07,955.2400
2006-08-08,956.0000
2006-08-09,949.7000
2006-08-10,944.6200
2006-08-11,953.0400
2006-08-14,953.6600
2006-08-15,917.6300
2006-08-16,949.3400
2006-08-17,950.2400
2006-08-18,950.0600
2006-08-21,945.0700
2006-08-22,944.5400
2006-08-23,948.1000
2006-08-24,951.4100
2006-08-25,950.9600
2006-08-28,953.2700
2006-08-29,916.6700
2006-08-30,949.5300
2006-08-31,950.1500
2006-09-01,947.3300
2006-09-04,945.9400
2006-09-05,943.6100
2006-09-06,946.0100
2006-09-07,943.0800
2006-09-08,944.9500
2006-09-11,943.8600
2006-09-12,949.3200
2006-09-13,946.4800
2006-09-14,946.2700
2006-09-15,947.3400
2006-09-18,941.2600
2006-09-19,943.6400
2006-09-20,937.3000
2006-09-21,927.8600
2006-09-22,933.3400
2006-09-25,936.8100
2006-09-26,901.3500
2006-09-27,929.6400
2006-09-28,934.9000
2006-09-29,936.3800
2006-10-02,931.4400
2006-10-03,900.5800
2006-10-04,938.5600
2006-10-05,938.7500
2006-10-06,937.4700
2006-10-09,951.5500
2006-10-10,951.4800
2006-10-11,948.7300
2006-10-12,943.7000
2006-10-13,948.0100
2006-10-16,943.0500
2006-10-17,941.8700
2006-10-18,943.6500
2006-10-19,939.4500
2006-10-20,947.2800
2006-10-23,952.1100
2006-10-24,945.4200
2006-10-25,939.7500
2006-10-26,932.8300
2006-10-27,932.5400
2006-10-30,934.0300
2006-10-31,925.1500
2006-11-01,927.7500
2006-11-02,925.2300
2006-11-03,927.0300
2006-11-06,929.3200
2006-11-07,926.5000
2006-11-08,924.5600
2006-11-09,921.6200
2006-11-10,923.5100
2006-11-13,926.8400
2006-11-14,926.2800
2006-11-15,929.1600
2006-11-16,927.9800
2006-11-17,922.0100
2006-11-20,925.9100
2006-11-21,922.0600
2006-11-22,916.9500
2006-11-23,917.6900
2006-11-24,920.0400
2006-11-27,919.1600
2006-11-28,916.1200
2006-11-29,922.8300
2006-11-30,919.8100
2006-12-01,915.9700
2006-12-04,914.5900
2006-12-05,914.5000
2006-12-06,907.6200
2006-12-07,903.5400
2006-12-08,899.0400
2006-12-11,908.7800
2006-12-12,909.2100
2006-12-13,915.3000
2006-12-14,909.0100
2006-12-15,917.3800
2006-12-18,916.0800
2006-12-19,915.4500
2006-12-20,886.6800
2006-12-21,916.6700
2006-12-22,921.5000
2006-12-25,921.4700
2006-12-26,892.8100
2006-12-27,921.1000
2006-12-28,917.0100
2006-12-29,916.9400
2007-01-01,917.2300
2007-01-02,914.4200
2007-01-03,914.3100
2007-01-04,925.2400
2007-01-05,925.4400
2007-01-08,924.3700
2007-01-09,928.1700
2007-01-10,930.1600
2007-01-11,930.3100
2007-01-12,927.6600
2007-01-15,926.6700
2007-01-16,925.4900
2007-01-17,925.1500
2007-01-18,923.8900
2007-01-19,926.7300
2007-01-22,930.5300
2007-01-23,923.2800
2007-01-24,927.9500
2007-01-25,928.7000
2007-01-26,928.6800
2007-01-29,924.8900
2007-01-30,930.8500
2007-01-31,924.0400
2007-02-01,926.2900
2007-02-02,931.3400
2007-02-05,925.1500
2007-02-06,916.7700
2007-02-07,918.9100
2007-02-08,920.3000
2007-02-09,922.1800
2007-02-12,926.2300
2007-02-13,927.4000
2007-02-14,927.0800
2007-02-15,922.6000
2007-02-16,924.9300
2007-02-19,924.4900
2007-02-20,896.0100
2007-02-21,927.6900
2007-02-22,894.6600
2007-02-23,927.2800
2007-02-26,925.0000
2007-02-27,927.5500
2007-02-28,928.6000
2007-03-01,903.6000
2007-03-02,903.9700
2007-03-05,909.8900
2007-03-06,933.5400
2007-03-07,933.6400
2007-03-08,934.6300
2007-03-09,934.7300
2007-03-12,932.0200
2007-03-13,932.2900
2007-03-14,935.7600
2007-03-15,929.0000
2007-03-16,933.6500
2007-03-19,931.9300
2007-03-20,927.2700
2007-03-21,920.4800
2007-03-22,929.3100
2007-03-23,927.4100
2007-03-26,926.8300
2007-03-27,927.0000
2007-03-28,930.4000
2007-03-29,928.5200
2007-03-30,932.3600
2007-04-02,925.6100
2007-04-03,928.9900
2007-04-04,922.7100
2007-04-05,921.5200
2007-04-06,923.5800
2007-04-09,926.7300
2007-04-10,922.2900
2007-04-11,921.0400
2007-04-12,918.8600
2007-04-13,918.2600
2007-04-16,921.6800
2007-04-17,919.6800
2007-04-18,916.0700
2007-04-19,926.2600
2007-04-20,927.3000
2007-04-23,925.0100
2007-04-24,925.1700
2007-04-25,926.1400
2007-04-26,927.6300
2007-04-27,926.1600
2007-04-30,930.5500
2007-05-01,891.6200
2007-05-02,929.8300
2007-05-03,926.6100
2007-05-04,926.6700
2007-05-07,922.4700
2007-05-08,921.3000
2007-05-09,924.2200
2007-05-10,926.0600
2007-05-11,925.6800
2007-05-14,923.4100
2007-05-15,923.7600
2007-05-16,922.9700
2007-05-17,890.4200
2007-05-18,932.7500
2007-05-21,928.3500
2007-05-22,929.7200
2007-05-23,931.4100
2007-05-24,931.4100
2007-05-25,927.2700
2007-05-28,912.1000
2007-05-29,931.4100
2007-05-30,931.4100
2007-05-31,931.4100
2007-06-01,927.5100
2007-06-04,931.4100
2007-06-05,926.0300
2007-06-06,931.4100
2007-06-07,927.8400
2007-06-08,929.8400
2007-06-11,931.4100
2007-06-12,931.4100
2007-06-13,931.4100
2007-06-14,931.4100
2007-06-15,926.4300
2007-06-18,931.4100
2007-06-19,926.0100
2007-06-20,931.4100
2007-06-21,926.6400
2007-06-22,924.9200
2007-06-25,931.4100
2007-06-26,931.4100
2007-06-27,925.1600
2007-06-28,931.4100
2007-06-29,921.5600
2007-07-02,920.0200
2007-07-03,917.2600
2007-07-04,919.1700
2007-07-05,920.5400
2007-07-06,918.2300
2007-07-09,919.8300
2007-07-10,915.8500
2007-07-11,918.3200
2007-07-12,916.3300
2007-07-13,916.3000
2007-07-16,917.6100
2007-07-17,916.7800
2007-07-18,915.4500
2007-07-19,915.7100
2007-07-20,914.0500
2007-07-23,915.2100
2007-07-24,912.9700
2007-07-25,911.9100
2007-07-26,916.0100
2007-07-27,921.4100
2007-07-30,920.3000
2007-07-31,920.4400
2007-08-01,931.4100
2007-08-02,920.7800
2007-08-03,921.8600
2007-08-06,922.0900
2007-08-07,922.1300
2007-08-08,923.5300
2007-08-09,923.4700
2007-08-10,930.6500
2007-08-13,929.2800
2007-08-14,934.3400
2007-08-15,931.4100
2007-08-16,943.8700
2007-08-17,949.4100
2007-08-20,941.6800
2007-08-21,944.3600
2007-08-22,941.9800
2007-08-23,941.0800
2007-08-24,939.0900
2007-08-27,938.0500
2007-08-28,940.2900
2007-08-29,940.6500
2007-08-30,939.7800
2007-08-31,937.1000
2007-09-03,931.4100
2007-09-04,937.3100
2007-09-05,937.8900
2007-09-06,938.1800
2007-09-07,936.9700
2007-09-11,931.4100
2007-09-12,931.4100
2007-09-13,931.4100
2007-09-14,925.4600
2007-09-17,931.4100
2007-09-18,922.4100
2007-09-19,924.2700
2007-09-20,922.9000
2007-09-21,919.0900
2007-09-24,920.5900
2007-09-25,918.6700
2007-09-26,919.5000
2007-09-27,918.3100
2007-09-28,911.3900
2007-10-01,912.2500
2007-10-02,913.4800
2007-10-03,899.3600
2007-10-04,915.3100
2007-10-05,916.6000
2007-10-08,914.0100
2007-10-09,916.7700
2007-10-10,915.9300
2007-10-11,917.5300
2007-10-12,915.6000
2007-10-15,917.1100
2007-10-16,915.4200
2007-10-17,916.8100
2007-10-18,916.5200
2007-10-19,912.7800
2007-10-22,913.1400
2007-10-23,916.2500
2007-10-24,915.0300
2007-10-25,913.8100
2007-10-26,908.1700
2007-10-29,905.6400
2007-10-30,904.8900
2007-10-31,898.6900
2007-11-01,904.7300
2007-11-02,908.0300
2007-11-05,906.5100
2007-11-06,906.3800
2007-11-07,907.6500
2007-11-08,907.1600
2007-11-09,905.0200
2007-11-12,911.5100
2007-11-13,916.0300
2007-11-14,913.9600
2007-11-15,915.6000
2007-11-16,917.6700
2007-11-19,917.5700
2007-11-20,918.2000
2007-11-21,931.4100
2007-11-22,932.0300
2007-11-23,931.3200
2007-11-27,931.4100
2007-11-28,931.4100
2007-11-29,928.1800
2007-11-30,919.4800
2007-12-03,931.4100
2007-12-04,921.1400
2007-12-05,931.4100
2007-12-06,919.9100
2007-12-07,918.5400
2007-12-10,922.8200
2007-12-11,925.3800
2007-12-12,924.6400
2007-12-13,921.3400
2007-12-14,928.5900
2007-12-17,929.6900
2007-12-19,935.6800
2007-12-20,943.1800
2007-12-21,937.6800
2007-12-24,921.8900
2007-12-25,937.0900
2007-12-26,931.2000
2007-12-27,938.7000
2007-12-28,935.0700
2007-12-31,926.3600
2008-01-01,941.1200
2008-01-02,937.1200
2008-01-03,935.1500
2008-01-04,939.5300
2008-01-07,939.2700
2008-01-08,938.8900
2008-01-09,936.7100
2008-01-10,932.7700
2008-01-11,936.8300
2008-01-14,936.8400
2008-01-15,937.0100
2008-01-16,937.8300
2008-01-17,947.4400
2008-01-18,941.7600
2008-01-21,949.0200
2008-01-22,950.2900
2008-01-23,947.9800
2008-01-24,946.0200
2008-01-25,945.5000
2008-01-28,949.1700
2008-01-29,942.9300
2008-01-30,940.6400
2008-01-31,941.2200
2008-02-01,946.4600
2008-02-04,942.1700
2008-02-05,943.0600
2008-02-06,942.3200
2008-02-07,941.8400
2008-02-08,940.5700
2008-02-11,944.4800
2008-02-12,945.2900
2008-02-13,945.5200
2008-02-14,943.8200
2008-02-15,943.7700
2008-02-18,944.3600
2008-02-19,943.6100
2008-02-20,941.6800
2008-02-21,947.3100
2008-02-22,947.3500
2008-02-25,945.4500
2008-02-26,939.4100
2008-02-27,941.0800
2008-02-28,934.0400
2008-02-29,937.8400
2008-03-03,945.4800
2008-03-04,946.2400
2008-03-05,947.5500
2008-03-06,947.0700
2008-03-07,955.4700
2008-03-10,964.7400
2008-03-11,969.0400
2008-03-12,967.0500
2008-03-13,979.5000
2008-03-14,996.2200
2008-03-17,987.9900
2008-03-18,1017.4000
2008-03-19,1010.3000
2008-03-20,1008.1000
2008-03-21,978.1400
2008-03-24,1008.4000
2008-03-25,974.9200
2008-03-26,982.3100
2008-03-27,985.6400
2008-03-28,991.8900
2008-03-31,992.2800
2008-04-02,970.1000
2008-04-03,974.5300
2008-04-04,972.8700
2008-04-07,974.5500
2008-04-08,975.7500
2008-04-09,974.2100
2008-04-10,975.7500
2008-04-11,973.2900
2008-04-14,979.0100
2008-04-15,986.7300
2008-04-16,989.6000
2008-04-17,992.3000
2008-04-18,1000.2000
2008-04-21,995.1600
2008-04-22,997.4700
2008-04-23,991.3200
2008-04-24,994.5200
2008-04-25,995.0000
2008-04-28,994.9900
2008-04-29,1004.0000
2008-04-30,1002.4000
2008-05-02,1008.4000
2008-05-05,1006.5000
2008-05-06,1015.4000
2008-05-07,1028.5000
2008-05-08,1040.4000
2008-05-09,1041.1000
2008-05-12,1037.8000
2008-05-13,1048.7000
2008-05-14,1046.8000
2008-05-15,1046.0000
2008-05-16,1036.1000
2008-05-19,1039.8000
2008-05-20,1047.6000
2008-05-21,1039.0000
2008-05-22,1041.6000
2008-05-23,1045.0000
2008-05-26,1047.5000
2008-05-27,1044.2000
2008-05-28,1031.2000
2008-05-29,1031.1000
2008-05-30,1029.1000
2008-06-02,1021.7000
2008-06-03,1016.4000
2008-06-04,1019.6000
2008-06-05,1020.6000
2008-06-06,1026.3000
2008-06-09,1036.5000
2008-06-10,1027.3000
2008-06-11,1030.1000
2008-06-12,1029.4000
2008-06-13,1043.2000
2008-06-16,1037.8000
2008-06-17,1020.7000
2008-06-18,1026.0000
2008-06-19,1027.0000
2008-06-20,1030.7000
2008-06-23,1034.0000
2008-06-24,1033.3000
2008-06-25,1026.7000
2008-06-26,1039.4000
2008-06-27,1041.1000
2008-06-30,1046.0000
2008-07-02,1035.5000
2008-07-03,1042.8000
2008-07-04,1047.7000
2008-07-07,1039.3000
2008-07-08,1025.0000
2008-07-09,999.2100
2008-07-10,996.5300
2008-07-11,996.4200
2008-07-14,1004.3000
2008-07-15,1007.1000
2008-07-16,1007.7000
2008-07-17,1010.8000
2008-07-18,1012.7000
2008-07-21,1015.0000
2008-07-22,1015.5000
2008-07-23,1009.9000
2008-07-24,1004.1000
2008-07-25,1007.5000
2008-07-28,1005.7000
2008-07-29,1005.7000
2008-07-30,1010.4000
2008-07-31,1010.7000
2008-08-26,1089.1600
2008-08-27,1083.9100
2008-08-28,1078.6000
2008-08-29,1088.4000
2008-09-01,1116.0100
2008-09-02,1133.6600
2008-09-03,1148.1000
2008-09-04,1137.7000
2008-09-05,1116.7000
2008-09-08,1077.9000
2008-09-09,1101.6000
2008-09-10,1093.0000
2008-09-11,1104.9000
2008-09-12,1100.7000
2008-09-15,1098.8000
2008-09-16,1160.0000
2008-09-17,1099.6000
2008-09-18,1158.5000
2008-09-19,1136.6000
2008-09-22,1119.0000
2008-09-23,1147.1000
2008-09-24,1154.2000
2008-09-25,1157.3000
2008-09-26,1160.0000
2008-09-29,1183.7000
2008-09-30,1204.8000
2008-10-01,1189.9000
2008-10-02,1226.8000
2008-10-03,1229.9000
2008-10-06,1268.1000
2008-10-07,1333.5000
2008-10-08,1397.6000
2008-10-09,1386.6000
2008-10-10,1313.8000
2008-10-13,1229.0000
2008-10-14,1209.7000
2008-10-15,1249.2000
2008-10-16,1362.5000
2008-10-17,1337.0000
2008-10-20,1309.0000
2008-10-21,1311.6000
2008-10-22,1420.3000
2008-10-23,1399.4000
2008-10-24,1428.0000
2008-10-27,1466.6000
2008-10-28,1415.1000
2008-10-29,1378.8000
2008-10-30,1246.1000
2008-10-31,1289.2000
2008-11-03,1272.1000
2008-11-04,1258.7000
2008-11-05,1277.9000
2008-11-06,1336.9000
2008-11-07,1315.4000
2008-11-10,1329.8000
2008-11-11,1334.6000
2008-11-12,1367.0000
2008-11-13,1363.7000
2008-11-14,1413.8000
2008-11-17,1419.1000
2008-11-18,1453.4000
2008-11-19,1456.5000
2008-11-20,1506.9000
2008-11-21,1486.0000
2008-11-24,1507.9000
2008-11-25,1501.0000
2008-11-26,1468.4000
2008-11-27,1474.9000
2008-11-28,1467.9000
2008-12-01,1443.4000
2008-12-02,1465.3000
2008-12-03,1463.8000
2008-12-04,1487.7000
2008-12-05,1467.6000
2008-12-08,1450.1000
2008-12-09,1440.6000
2008-12-10,1393.9000
2008-12-11,1351.9000
2008-12-12,1370.2000
2008-12-15,1358.9000
2008-12-16,1324.3000
2008-12-17,1318.9000
2008-12-18,1282.7000
2008-12-19,1281.4000
2008-12-22,1307.5000
2008-12-23,1338.9000
2008-12-24,1318.1000
2008-12-25,1331.7000
2008-12-26,1330.5000
2008-12-29,1279.2000
2008-12-30,1252.9000
2008-12-31,1242.2000
2009-01-01,1240.1000
2009-01-02,1322.5000
2009-01-05,1307.8000
2009-01-06,1304.4000
2009-01-07,1301.0000
2009-01-08,1330.4000
2009-01-09,1351.7000
2009-01-12,1352.2000
2009-01-13,1352.1000
2009-01-14,1348.8000
2009-01-15,1384.8000
2009-01-16,1346.8000
2009-01-19,1365.0000
2009-01-20,1358.3000
2009-01-21,1354.2000
2009-01-22,1367.7000
2009-01-23,1377.4000
2009-01-26,1386.1000
2009-01-27,1383.3000
2009-01-28,1381.8000
2009-01-29,1379.0000
2009-01-30,1377.1000
2009-02-02,1390.8000
2009-02-03,1394.7000
2009-02-04,1377.4000
2009-02-05,1388.5000
2009-02-06,1366.9000
2009-02-09,1387.4000
2009-02-10,1393.7000
2009-02-11,1396.8000
2009-02-12,1391.7000
2009-02-13,1405.8000
2009-02-16,1423.7000
2009-02-17,1453.0000
2009-02-18,1461.5000
2009-02-19,1483.0000
2009-02-20,1489.7000
2009-02-23,1504.7000
2009-02-24,1500.1000
2009-02-25,1515.6000
2009-02-26,1517.5000
2009-02-27,1530.3000
2009-03-02,1571.4000
2009-03-03,1553.0000
2009-03-04,1546.6000
2009-03-05,1568.6000
2009-03-06,1553.9000
2009-03-09,1547.7000
2009-03-10,1504.8000
2009-03-11,1460.5000
2009-03-12,1484.0000
2009-03-13,1479.3000
2009-03-16,1439.6000
2009-03-17,1412.5000
2009-03-18,1381.9000
2009-03-19,1393.1000
2009-03-20,1399.5000
2009-03-23,1382.5000
2009-03-24,1391.6000
2009-03-25,1352.8000
2009-03-26,1333.6000
2009-03-27,1343.1000
2009-03-30,1391.8000
2009-03-31,1375.1000
2009-04-01,1376.8000
2009-04-02,1328.3000
2009-04-03,1331.8000
2009-04-06,1300.7000
2009-04-07,1317.3000
2009-04-08,1353.1000
2009-04-09,1319.9000
2009-04-10,1318.1000
2009-04-13,1299.4000
2009-04-14,1320.5000
2009-04-15,1328.3000
2009-04-16,1333.1000
2009-04-17,1325.8000
2009-04-20,1327.5000
2009-04-21,1354.3000
2009-04-22,1346.6000
2009-04-23,1333.6000
2009-04-24,1340.3000
2009-04-27,1350.5000
2009-04-28,1344.9000
2009-04-29,1341.3000
2009-04-30,1278.1000
2009-05-01,1264.7000
2009-05-04,1262.1000
2009-05-05,1273.1000
2009-05-06,1271.8000
2009-05-07,1259.1000
2009-05-08,1228.8000
2009-05-11,1235.6000
2009-05-12,1236.7000
2009-05-13,1241.1000
2009-05-14,1262.1000
2009-05-15,1255.0000
2009-05-18,1256.0000
2009-05-19,1242.3000
2009-05-20,1245.5000
2009-05-21,1233.5000
2009-05-22,1243.8000
2009-05-25,1244.5000
2009-05-26,1264.8000
2009-05-27,1273.2000
2009-05-28,1267.2000
2009-05-29,1250.1000
2009-06-01,1249.5000
2009-06-02,1231.1000
2009-06-03,1240.4000
2009-06-04,1247.4000
2009-06-05,1253.2000
2009-06-08,1245.6000
2009-06-09,1257.5000
2009-06-10,1257.4000
2009-06-11,1250.9000
2009-06-12,1250.9000
2009-06-15,1257.1000
2009-06-16,1263.9000
2009-06-17,1261.3000
2009-06-18,1269.8000
2009-06-19,1272.5000
2009-06-22,1280.6000
2009-06-23,1281.8000
2009-06-24,1281.1000
2009-06-25,1285.5000
2009-06-26,1282.2000
2009-06-29,1279.1000
2009-06-30,1272.6000
2009-07-01,1261.9000
2009-07-02,1279.8000
2009-07-03,1267.7000
2009-07-06,1267.0000
2009-07-07,1277.2000
2009-07-08,1274.8000
2009-07-09,1277.4000
2009-07-10,1287.2000
2009-07-13,1307.2000
2009-07-14,1294.8000
2009-07-15,1272.2000
2009-07-16,1263.2000
2009-07-17,1259.6000
2009-07-20,1243.2000
2009-07-21,1246.8000
2009-07-22,1251.9000
2009-07-23,1255.6000
2009-07-24,1245.0000
2009-07-27,1239.0000
2009-07-28,1240.8000
2009-07-29,1244.7000
2009-07-30,1229.7000
2009-07-31,1223.1000
2009-08-03,1213.9000
2009-08-04,1217.6000
2009-08-05,1223.0000
2009-08-06,1223.3000
2009-08-07,1222.6000
2009-08-10,1228.1000
2009-08-11,1241.4000
2009-08-12,1241.4000
2009-08-13,1235.4000
2009-08-14,1240.1000
2009-08-17,1256.4000
2009-08-18,1243.3000
2009-08-19,1251.1000
2009-08-20,1242.8000
2009-08-21,1240.7000
2009-08-24,1227.1000
2009-08-25,1252.2000
2009-08-26,1247.7000
2009-08-27,1238.2000
2009-08-28,1221.6000
2009-08-31,1249.5000
2009-09-01,1248.0000
2009-09-02,1244.2000
2009-09-03,1246.5000
2009-09-04,1235.1000
2009-09-07,1232.7000
2009-09-08,1220.7000
2009-09-09,1223.0000
2009-09-10,1220.3000
2009-09-11,1220.9000
2009-09-14,1219.9000
2009-09-15,1193.3000
2009-09-16,1204.5000
2009-09-17,1184.2000
2009-09-18,1187.2000
2009-09-21,1205.2000
2009-09-22,1203.2000
2009-09-23,1196.4000
2009-09-24,1194.2000
2009-09-25,1157.8000
2009-09-28,1176.0000
2009-09-29,1162.8000
2009-09-30,1173.7000
2009-10-01,1160.1000
2009-10-02,1181.5000
2009-10-05,1163.9000
2009-10-06,1167.8000
2009-10-07,1164.2000
2009-10-08,1166.5000
2009-10-09,1162.5000
2009-10-12,1169.3000
2009-10-13,1165.4000
2009-10-14,1155.2000
2009-10-15,1156.4000
2009-10-16,1153.0000
2009-10-19,1166.4000
2009-10-20,1179.9000
2009-10-21,1179.4000
2009-10-22,1185.4000
2009-10-23,1189.7000
2009-10-26,1183.8000
2009-10-27,1187.3000
2009-10-28,1185.1000
2009-10-29,1185.1000
2009-10-30,1185.5000
2009-11-02,1185.4000
2009-11-03,1181.6000
2009-11-04,1169.1000
2009-11-05,1173.4000
2009-11-06,1166.4000
2009-11-09,1153.7000
2009-11-10,1158.6000
2009-11-11,1153.9000
2009-11-12,1160.6000
2009-11-13,1154.4000
2009-11-16,1151.4000
2009-11-17,1151.2000
2009-11-18,1155.6000
2009-11-19,1160.7000
2009-11-20,1158.7000
2009-11-23,1153.6000
2009-11-24,1152.3000
2009-11-25,1149.8000
2009-11-26,1159.9000
2009-11-27,1172.1000
2009-11-30,1160.6000
2009-12-01,1139.5000
2009-12-02,1151.2000
2009-12-03,1150.8000
2009-12-04,1152.7000
2009-12-07,1150.4000
2009-12-08,1159.1000
2009-12-09,1158.4000
2009-12-10,1163.5000
2009-12-11,1161.7000
2009-12-14,1155.0000
2009-12-15,1156.3000
2009-12-16,1168.1000
2009-12-17,1172.4000
2009-12-18,1167.9000
2009-12-21,1187.1000
2009-12-22,1178.5000
2009-12-23,1182.2000
2009-12-24,1156.1000
2009-12-25,1154.7000
2009-12-28,1170.2000
2009-12-29,1166.8000
2009-12-30,1161.6000
2009-12-31,1151.1000
2010-01-01,1146.0000
2010-01-04,1132.4000
2010-01-05,1141.3000
2010-01-06,1130.4000
2010-01-07,1134.9000
2010-01-08,1123.1000
2010-01-11,1121.3000
2010-01-12,1123.6000
2010-01-13,1119.5000
2010-01-14,1120.7000
2010-01-15,1121.8000
2010-01-18,1122.3000
2010-01-19,1128.1000
2010-01-20,1132.2000
2010-01-21,1142.1000
2010-01-22,1154.2000
2010-01-25,1130.8000
2010-01-26,1159.6000
2010-01-27,1163.8000
2010-01-28,1153.1000
2010-01-29,1158.2000
2010-02-01,1163.2000
2010-02-02,1157.4000
2010-02-03,1148.4000
2010-02-04,1147.0000
2010-02-05,1162.9000
2010-02-08,1173.4000
2010-02-09,1158.5000
2010-02-10,1158.4000
2010-02-11,1152.6000
2010-02-12,1150.8000
2010-02-15,1146.4000
2010-02-16,1145.2000
2010-02-17,1147.5000
2010-02-18,1152.4000
2010-02-19,1146.2000
2010-02-22,1147.9000
2010-02-23,1156.2000
2010-02-24,1158.6000
2010-02-25,1161.1000
2010-02-26,1161.4000
2010-03-01,1148.0000
2010-03-02,1142.1000
2010-03-03,1143.2000
2010-03-04,1143.5000
2010-03-05,1137.8000
2010-03-08,1131.3000
2010-03-09,1132.0000
2010-03-10,1129.7000
2010-03-11,1131.4000
2010-03-12,1126.8000
2010-03-15,1131.9000
2010-03-16,1132.2000
2010-03-17,1129.5000
2010-03-18,1129.8000
2010-03-19,1133.2000
2010-03-22,1134.4000
2010-03-23,1140.2000
2010-03-24,1138.7000
2010-03-25,1144.8000
2010-03-26,1135.8000
2010-03-29,1133.4000
2010-03-30,1130.1000
2010-03-31,1131.6000
2010-04-01,1124.2000
2010-04-02,1103.7000
2010-04-05,1132.2000
2010-04-06,1121.5000
2010-04-07,1121.3000
2010-04-08,1122.1000
2010-04-09,1113.7000
2010-04-12,1113.0000
2010-04-13,1120.5000
2010-04-14,1111.8000
2010-04-15,1104.5000
2010-04-16,1108.1000
2010-04-19,1115.0000
2010-04-20,1117.5000
2010-04-21,1105.9000
2010-04-22,1109.6000
2010-04-23,1106.6000
2010-04-26,1097.7000
2010-04-27,1114.4000
2010-04-28,1110.9000
2010-04-29,1111.8000
2010-04-30,1107.9000
2010-05-03,1115.7000
2010-05-04,1120.4000
2010-05-05,1121.0000
2010-05-06,1144.9000
2010-05-07,1151.0000
2010-05-10,1138.5000
2010-05-11,1141.4000
2010-05-12,1143.1000
2010-05-13,1108.9000
2010-05-14,1132.4000
2010-05-17,1122.3000
2010-05-18,1162.1000
2010-05-19,1120.8000
2010-05-20,1182.6000
2010-05-21,1193.5000
2010-05-24,1193.5000
2010-05-25,1243.6000
2010-05-26,1257.4000
2010-05-27,1225.5000
2010-05-28,1203.3000
2010-05-31,1200.0000
2010-06-01,1218.5000
2010-06-02,1212.5000
2010-06-03,1200.1000
2010-06-04,1203.5000
2010-06-07,1237.8000
2010-06-08,1235.3000
2010-06-09,1252.4000
2010-06-10,1249.7000
2010-06-11,1241.4000
2010-06-14,1226.4000
2010-06-15,1228.9000
2010-06-16,1211.6000
2010-06-17,1210.6000
2010-06-18,1202.6000
2010-06-21,1180.1000
2010-06-22,1185.5000
2010-06-23,1178.1000
2010-06-24,1190.3000
2010-06-25,1210.3000
2010-06-28,1207.0000
2010-06-29,1216.6000
2010-06-30,1227.2000
2010-07-01,1223.1000
2010-07-02,1228.9000
2010-07-05,1221.6000
2010-07-06,1223.5000
2010-07-07,1217.3000
2010-07-08,1205.1000
2010-07-09,1196.8000
2010-07-12,1201.5000
2010-07-13,1211.9000
2010-07-14,1176.5000
2010-07-15,1198.2000
2010-07-16,1201.6000
2010-07-19,1215.4000
2010-07-20,1207.9000
2010-07-21,1207.8000
2010-07-22,1202.8000
2010-07-23,1193.4000
2010-07-26,1188.7000
2010-07-27,1181.0000
2010-07-28,1185.4000
2010-07-29,1184.3000
2010-07-30,1184.1000
2010-08-02,1172.2000
2010-08-03,1171.7000
2010-08-04,1171.6000
2010-08-05,1167.3000
2010-08-06,1163.7000
2010-08-09,1160.1000
2010-08-10,1160.5000
2010-08-11,1159.7000
2010-08-12,1186.3000
2010-08-13,1188.5000
2010-08-16,1182.2000
2010-08-17,1188.3000
2010-08-18,1175.9000
2010-08-19,1174.9000
2010-08-20,1174.6000
2010-08-23,1180.6000
2010-08-24,1183.7000
2010-08-25,1195.4000
2010-08-26,1195.1000
2010-08-27,1190.8000
2010-08-30,1195.6000
2010-08-31,1193.1000
2010-09-01,1199.6000
2010-09-02,1184.6000
2010-09-03,1178.3000
2010-09-06,1172.0000
2010-09-07,1173.0000
2010-09-08,1181.0000
2010-09-09,1170.8000
2010-09-10,1167.8000
2010-09-13,1166.1000
2010-09-14,1160.4000
2010-09-15,1161.1000
2010-09-16,1157.9000
2010-09-17,1161.9000
2010-09-20,1159.9000
2010-09-21,1162.0000
2010-09-22,1148.7000
2010-09-23,1158.5000
2010-09-24,1152.6000
2010-09-27,1154.2000
2010-09-28,1148.5000
2010-09-29,1145.7000
2010-09-30,1139.2000
2010-10-01,1137.2000
2010-10-04,1128.6000
2010-10-05,1123.3000
2010-10-06,1129.4000
2010-10-07,1117.3000
2010-10-08,1115.2000
2010-10-11,1092.6000
2010-10-12,1100.2000
2010-10-13,1124.0000
2010-10-14,1118.1000
2010-10-15,1109.7000
2010-10-18,1111.5000
2010-10-19,1119.7000
2010-10-20,1133.8000
2010-10-21,1123.6000
2010-10-22,1132.6000
2010-10-25,1122.1000
2010-10-26,1117.9000
2010-10-27,1123.1000
2010-10-28,1132.4000
2010-10-29,1132.4000
2010-11-01,1117.2000
2010-11-02,1114.1000
2010-11-03,1111.0000
2010-11-04,1101.7000
2010-11-05,1104.9000
2010-11-08,1105.2000
2010-11-09,1119.7000
2010-11-10,1118.8000
2010-11-11,1105.6000
2010-11-12,1114.0000
2010-11-15,1126.6000
2010-11-16,1138.1000
2010-11-17,1131.9000
2010-11-18,1144.0000
2010-11-19,1126.3000
2010-11-22,1123.6000
2010-11-23,1128.0000
2010-11-24,1163.4000
2010-11-25,1147.2000
2010-11-26,1141.0000
2010-11-29,1154.9000
2010-11-30,1163.0000
2010-12-01,1161.1000
2010-12-02,1151.1000
2010-12-03,1150.3000
2010-12-06,1132.8000
2010-12-07,1135.6000
2010-12-08,1136.0000
2010-12-09,1141.0000
2010-12-10,1136.4000
2010-12-13,1145.9000
2010-12-14,1144.2000
2010-12-15,1141.3000
2010-12-16,1162.0000
2010-12-17,1151.1000
2010-12-20,1143.0000
2010-12-21,1154.6000
2010-12-22,1158.7000
2010-12-23,1150.7000
2010-12-24,1149.1000
2010-12-27,1125.5000
2010-12-28,1144.1000
2010-12-29,1146.5000
2010-12-30,1139.2000
2010-12-31,1127.1000
2011-01-03,1122.4000
2011-01-04,1124.8000
2011-01-05,1122.0000
2011-01-06,1128.0000
2011-01-07,1125.8000
2011-01-10,1124.0000
2011-01-11,1125.4000
2011-01-12,1124.3000
2011-01-13,1105.6000
2011-01-14,1110.9000
2011-01-17,1091.4000
2011-01-18,1115.4000
2011-01-19,1111.9000
2011-01-20,1116.0000
2011-01-21,1100.2000
2011-01-24,1114.1000
2011-01-25,1120.1000
2011-01-26,1117.3000
2011-01-27,1114.5000
2011-01-28,1110.8000
2011-01-31,1117.4000
2011-02-01,1118.6000
2011-02-02,1109.9000
2011-02-03,1109.9000
2011-02-04,1115.6000
2011-02-07,1113.4000
2011-02-08,1099.9000
2011-02-09,1104.4000
2011-02-10,1104.0000
2011-02-11,1122.8000
2011-02-14,1125.8000
2011-02-15,1124.8000
2011-02-16,1121.0000
2011-02-17,1114.5000
2011-02-18,1113.0000
2011-02-21,1107.1000
2011-02-22,1117.4000
2011-02-23,1126.5000
2011-02-24,1126.1000
2011-02-25,1129.9000
2011-02-28,1127.1000
2011-03-01,1121.2000
2011-03-02,1126.0000
2011-03-03,1122.5000
2011-03-04,1115.9000
2011-03-07,1116.0000
2011-03-08,1118.4000
2011-03-09,1115.3000
2011-03-10,1115.8000
2011-03-11,1125.0000
2011-03-14,1119.3000
2011-03-15,1126.1000
2011-03-16,1136.2000
2011-03-17,1138.6000
2011-03-18,1131.8000
2011-03-21,1124.6000
2011-03-22,1118.3000
2011-03-23,1123.5000
2011-03-24,1124.9000
2011-03-25,1119.1000
2011-03-28,1113.4000
2011-03-29,1112.9000
2011-03-30,1109.6000
2011-03-31,1098.3000
2011-04-01,1099.2000
2011-04-04,1085.2000
2011-04-05,1086.5000
2011-04-06,1087.2000
2011-04-07,1083.3000
2011-04-08,1087.7000
2011-04-11,1079.6000
2011-04-12,1087.0000
2011-04-13,1090.0000
2011-04-14,1088.3000
2011-04-18,1089.3000
2011-04-19,1090.1000
2011-04-20,1084.3000
2011-04-21,1076.5000
2011-04-22,1081.0000
2011-04-25,1080.8000
2011-04-26,1079.3000
2011-04-27,1078.1000
2011-04-28,1070.0000
2011-04-29,1068.8000
2011-05-02,1069.6000
2011-05-03,1068.0000
2011-05-04,1073.7000
2011-05-05,1077.7000
2011-05-06,1083.7000
2011-05-09,1095.5000
2011-05-10,1075.1000
2011-05-11,1077.7000
2011-05-12,1079.7000
2011-05-13,1086.9000
2011-05-16,1091.0000
2011-05-17,1095.6000
2011-05-18,1062.7000
2011-05-19,1087.8000
2011-05-20,1080.7000
2011-05-23,1087.0000
2011-05-24,1095.2000
2011-05-25,1093.1000
2011-05-26,1102.2000
2011-05-27,1084.9000
2011-05-30,1080.4000
2011-05-31,1075.3000
2011-06-01,1073.4000
2011-06-02,1082.8000
2011-06-03,1076.6000
2011-06-06,1072.8000
2011-06-07,1081.1000
2011-06-08,1079.9000
2011-06-09,1078.2000
2011-06-10,1083.6000
2011-06-13,1071.3000
2011-06-14,1081.2000
2011-06-15,1083.4000
2011-06-16,1084.4000
2011-06-17,1087.6000
2011-06-20,1087.7000
2011-06-21,1081.7000
2011-06-22,1079.3000
2011-06-23,1080.3000
2011-06-24,1074.8000
2011-06-27,1079.2000
2011-06-28,1081.9000
2011-06-29,1080.5000
2011-06-30,1068.9000
2011-07-01,1067.9000
2011-07-04,1062.6000
2011-07-05,1060.2000
2011-07-06,1067.6000
2011-07-07,1065.8000
2011-07-08,1062.0000
2011-07-11,1059.6000
2011-07-12,1056.1000
2011-07-13,1067.8000
2011-07-14,1049.6000
2011-07-15,1057.1000
2011-07-18,1059.2000
2011-07-19,1056.3000
2011-07-20,1058.0000
2011-07-21,1048.0000
2011-07-22,1050.4000
2011-07-25,1032.3000
2011-07-26,1052.1000
2011-07-27,1048.3000
2011-07-28,1052.3000
2011-07-29,1049.0000
2011-08-01,1055.3000
2011-08-02,1046.8000
2011-08-03,1056.4000
2011-08-04,1056.9000
2011-08-05,1067.4000
2011-08-08,1056.5000
2011-08-09,1087.7000
2011-08-10,1076.7000
2011-08-11,1084.4000
2011-08-12,1077.7000
2011-08-15,1055.2000
2011-08-16,1047.8000
2011-08-17,1069.2000
2011-08-18,1067.9000
2011-08-19,1075.8000
2011-08-22,1089.2000
2011-08-23,1084.5000
2011-08-24,1076.2000
2011-08-25,1082.7000
2011-08-26,1088.3000
2011-08-29,1076.6000
2011-08-30,1072.2000
2011-08-31,1071.8000
2011-09-01,1065.8000
2011-09-02,1062.5000
2011-09-05,1067.8000
2011-09-06,1071.8000
2011-09-07,1076.0000
2011-09-08,1067.9000
2011-09-09,1078.5000
2011-09-12,1081.4000
2011-09-13,1074.3000
2011-09-14,1075.8000
2011-09-15,1104.3000
2011-09-16,1111.9000
2011-09-19,1117.5000
2011-09-20,1141.7000
2011-09-21,1140.3000
2011-09-22,1164.0000
2011-09-23,1176.1000
2011-09-26,1161.6000
2011-09-27,1180.6000
2011-09-28,1166.5000
2011-09-29,1179.7000
2011-09-30,1177.0000
2011-10-03,1187.6000
2011-10-04,1187.2000
2011-10-05,1152.5000
2011-10-06,1184.9000
2011-10-07,1180.2000
2011-10-10,1163.8000
2011-10-11,1170.9000
2011-10-12,1171.8000
2011-10-13,1165.3000
2011-10-14,1157.2000
2011-10-17,1153.8000
2011-10-18,1150.4000
2011-10-19,1147.5000
2011-10-20,1133.6000
2011-10-21,1137.3000
2011-10-24,1148.4000
2011-10-25,1132.8000
2011-10-26,1131.1000
2011-10-27,1130.7000
2011-10-28,1106.3000
2011-10-31,1104.0000
2011-11-01,1116.9000
2011-11-02,1123.7000
2011-11-03,1124.8000
2011-11-04,1124.0000
2011-11-07,1106.4000
2011-11-08,1115.7000
2011-11-09,1113.9000
2011-11-10,1123.5000
2011-11-11,1130.3000
2011-11-14,1124.9000
2011-11-15,1125.5000
2011-11-16,1129.5000
2011-11-17,1139.0000
2011-11-18,1136.8000
2011-11-21,1137.4000
2011-11-22,1146.2000
2011-11-23,1144.8000
2011-11-24,1159.6000
2011-11-25,1155.3000
2011-11-28,1155.6000
2011-11-29,1128.0000
2011-11-30,1140.3000
2011-12-01,1140.2000
2011-12-02,1127.2000
2011-12-05,1124.6000
2011-12-06,1130.5000
2011-12-07,1127.0000
2011-12-08,1127.1000
2011-12-09,1131.2000
2011-12-12,1145.6000
2011-12-13,1134.5000
2011-12-14,1163.3000
2011-12-15,1156.7000
2011-12-16,1154.9000
2011-12-19,1156.5000
2011-12-20,1175.8000
2011-12-21,1155.5000
2011-12-22,1150.0000
2011-12-23,1152.1000
2011-12-26,1148.0000
2011-12-27,1147.5000
2011-12-28,1155.5000
2011-12-29,1155.7000
2011-12-30,1155.4000
2012-01-02,1159.4000
2012-01-03,1152.6000
2012-01-04,1144.8000
2012-01-05,1147.2000
2012-01-06,1153.4000
2012-01-09,1163.6000
2012-01-10,1156.2000
2012-01-11,1156.1000
2012-01-12,1155.8000
2012-01-13,1150.6000
2012-01-16,1153.5000
2012-01-17,1151.6000
2012-01-18,1142.4000
2012-01-19,1135.1000
2012-01-20,1130.4000
2012-01-23,1138.0000
2012-01-24,1126.0000
2012-01-25,1127.3000
2012-01-26,1117.7000
2012-01-27,1125.2000
2012-01-30,1118.5000
2012-01-31,1125.7000
2012-02-01,1123.0000
2012-02-02,1125.4000
2012-02-03,1117.6000
2012-02-06,1114.2000
2012-02-07,1119.2000
2012-02-08,1116.2000
2012-02-09,1116.5000
2012-02-10,1118.3000
2012-02-13,1119.1000
2012-02-14,1119.5000
2012-02-15,1125.5000
2012-02-16,1123.7000
2012-02-17,1125.6000
2012-02-20,1119.0000
2012-02-21,1120.7000
2012-02-22,1123.3000
2012-02-23,1127.1000
2012-02-24,1126.3000
2012-02-27,1121.9000
2012-02-28,1125.2000
2012-02-29,1124.6000
2012-03-01,1118.6000
2012-03-02,1113.7000
2012-03-05,1095.7000
2012-03-06,1117.5000
2012-03-07,1122.8000
2012-03-08,1122.0000
2012-03-09,1114.5000
2012-03-12,1115.7000
2012-03-13,1122.8000
2012-03-14,1122.1000
2012-03-15,1131.8000
2012-03-16,1123.3000
2012-03-19,1124.5000
2012-03-20,1119.1000
2012-03-21,1126.6000
2012-03-22,1129.2000
2012-03-23,1132.3000
2012-03-26,1107.9000
2012-03-27,1132.1000
2012-03-28,1135.3000
2012-03-29,1136.2000
2012-03-30,1138.0000
2012-04-02,1129.6000
2012-04-03,1124.7000
2012-04-04,1125.4000
2012-04-05,1130.0000
2012-04-06,1129.4000
2012-04-09,1127.7000
2012-04-10,1125.2000
2012-04-11,1138.4000
2012-04-12,1142.6000
2012-04-13,1133.5000
2012-04-16,1119.9000
2012-04-17,1134.8000
2012-04-18,1133.1000
2012-04-19,1139.6000
2012-04-20,1139.8000
2012-04-23,1138.9000
2012-04-24,1140.6000
2012-04-25,1138.3000
2012-04-26,1136.9000
2012-04-27,1131.7000
2012-04-30,1131.7000
2012-05-01,1129.0000
2012-05-02,1129.1000
2012-05-03,1129.4000
2012-05-04,1130.1000
2012-05-07,1120.3000
2012-05-08,1137.5000
2012-05-09,1137.0000
2012-05-10,1143.3000
2012-05-11,1141.7000
2012-05-14,1147.7000
2012-05-15,1152.6000
2012-05-16,1155.0000
2012-05-17,1165.4000
2012-05-18,1164.8000
2012-05-21,1168.7000
2012-05-22,1165.7000
2012-05-23,1165.5000
2012-05-24,1179.9000
2012-05-25,1176.1000
2012-05-28,1162.7000
2012-05-29,1183.6000
2012-05-30,1175.1000
2012-05-31,1179.7000
2012-06-01,1179.0000
2012-06-04,1184.6000
2012-06-05,1177.5000
2012-06-06,1177.4000
2012-06-07,1173.3000
2012-06-08,1163.7000
2012-06-11,1134.1000
2012-06-12,1170.2000
2012-06-13,1168.0000
2012-06-14,1165.3000
2012-06-15,1163.2000
2012-06-18,1131.0000
2012-06-19,1156.4000
2012-06-20,1152.0000
2012-06-21,1150.7100
2012-06-22,1153.2000
2012-06-25,1160.6000
2012-06-26,1161.0000
2012-06-27,1157.3000
2012-06-28,1154.4000
2012-06-29,1157.1000
2012-07-02,1114.7000
2012-07-03,1142.6000
2012-07-04,1132.3000
2012-07-05,1136.4000
2012-07-06,1132.6000
2012-07-09,1126.3000
2012-07-10,1142.0000
2012-07-11,1139.0000
2012-07-12,1139.8000
2012-07-13,1153.3000
2012-07-16,1119.8000
2012-07-17,1145.2000
2012-07-18,1144.3000
2012-07-19,1141.2000
2012-07-20,1137.4000
2012-07-23,1144.6000
2012-07-24,1149.1000
2012-07-25,1148.2000
2012-07-26,1148.2000
2012-07-27,1145.7000
2012-07-30,1115.2000
2012-07-31,1136.6000
2012-08-01,1129.4000
2012-08-02,1126.0000
2012-08-03,1130.9000
2012-08-06,1097.8000
2012-08-07,1127.2000
2012-08-08,1127.8000
2012-08-09,1129.0000
2012-08-10,1126.1000
2012-08-13,1105.9000
2012-08-14,1127.9000
2012-08-15,1129.1000
2012-08-16,1129.6000
2012-08-17,1132.5000
2012-08-20,1134.6000
2012-08-21,1134.4000
2012-08-22,1129.6000
2012-08-23,1127.2000
2012-08-24,1130.7000
2012-08-27,1112.2000
2012-08-28,1134.2000
2012-08-29,1133.7000
2012-08-30,1134.0000
2012-08-31,1133.6000
2012-09-03,1132.3000
2012-09-04,1130.5000
2012-09-05,1132.4000
2012-09-06,1135.3000
2012-09-07,1133.0000
2012-09-10,1097.6000
2012-09-11,1127.9000
2012-09-12,1127.5000
2012-09-13,1126.0000
2012-09-14,1127.9000
2012-09-17,1116.9000
2012-09-18,1115.4000
2012-09-19,1117.9000
2012-09-20,1114.8000
2012-09-21,1117.8000
2012-09-24,1119.2000
2012-09-25,1119.5000
2012-09-26,1117.2000
2012-09-27,1118.4000
2012-09-28,1115.4000
2012-10-01,1099.7000
2012-10-02,1111.3000
2012-10-03,1112.1000
2012-10-04,1112.3000
2012-10-05,1111.3000
2012-10-08,1082.7000
2012-10-09,1110.2000
2012-10-10,1110.5000
2012-10-11,1112.6000
2012-10-12,1112.1000
2012-10-15,1111.7000
2012-10-16,1109.5000
2012-10-17,1105.7000
2012-10-18,1103.7000
2012-10-19,1103.9000
2012-10-22,1104.5000
2012-10-23,1103.4000
2012-10-24,1102.5000
2012-10-25,1103.0000
2012-10-26,1097.0000
2012-10-29,1069.9000
2012-10-30,1096.9000
2012-10-31,1090.3000
2012-11-01,1089.2000
2012-11-02,1089.8000
2012-11-05,1091.5000
2012-11-06,1089.8000
2012-11-07,1089.1000
2012-11-08,1085.7000
2012-11-09,1088.3000
2012-11-12,1057.1000
2012-11-13,1088.9000
2012-11-14,1088.5000
2012-11-15,1085.4000
2012-11-16,1087.6000
2012-11-19,1090.0000
2012-11-20,1085.3000
2012-11-21,1081.9000
2012-11-22,1081.0000
2012-11-23,1084.2000
2012-11-26,1058.1000
2012-11-27,1084.7000
2012-11-28,1085.7000
2012-11-29,1084.4000
2012-11-30,1082.1000
2012-12-03,1055.7000
2012-12-05,1082.6000
2012-12-06,1081.7000
2012-12-07,1082.6000
2012-12-10,1082.9000
2012-12-11,1076.6000
2012-12-12,1074.1000
2012-12-13,1072.5000
2012-12-14,1073.1000
2012-12-17,1045.7000
2012-12-18,1071.3000
2012-12-19,1071.7000
2012-12-20,1071.3000
2012-12-21,1073.6000
2012-12-24,1075.4000
2012-12-25,1072.3000
2012-12-26,1072.1000
2012-12-27,1072.4000
2012-12-28,1071.6000
2012-12-31,1038.1000
2013-01-01,1062.5000
2013-01-02,1062.5000
2013-01-03,1062.6000
2013-01-04,1061.9000
2013-01-07,1033.1000
2013-01-08,1062.2000
2013-01-09,1062.9000
2013-01-10,1059.5000
2013-01-11,1057.6000
2013-01-14,1023.2000
2013-01-15,1055.3000
2013-01-16,1056.3000
2013-01-17,1057.8000
2013-01-18,1057.1000
2013-01-21,1038.6000
2013-01-22,1063.4000
2013-01-23,1062.9000
2013-01-24,1066.3000
2013-01-25,1068.3000
2013-01-28,1074.1000
2013-01-29,1090.9000
2013-01-30,1083.2000
2013-01-31,1085.4000
2013-02-01,1087.3000
2013-02-04,1069.0000
2013-02-05,1088.5000
2013-02-06,1085.8000
2013-02-07,1088.5000
2013-02-08,1089.3000
2013-02-11,1077.2000
2013-02-12,1094.9000
2013-02-13,1092.4000
2013-02-14,1085.8000
2013-02-15,1084.2000
2013-02-18,1053.0000
2013-02-19,1082.8000
2013-02-20,1079.3000
2013-02-21,1079.6000
2013-02-22,1085.9000
2013-02-25,1060.5000
2013-02-26,1084.9000
2013-02-27,1089.1000
2013-02-28,1083.9000
2013-03-01,1083.2000
2013-03-04,1060.3000
2013-03-05,1089.9000
2013-03-06,1085.5000
2013-03-07,1083.4000
2013-03-08,1086.6000
2013-03-11,1076.2000
2013-03-12,1093.0000
2013-03-13,1094.5000
2013-03-14,1097.7000
2013-03-15,1106.7000
2013-03-18,1125.8000
2013-03-19,1113.5000
2013-03-20,1112.2000
2013-03-21,1114.8000
2013-03-22,1115.2000
2013-03-25,1089.9000
2013-03-26,1110.2000
2013-03-27,1106.6000
2013-03-28,1110.5000
2013-03-29,1112.0000
2013-04-01,1090.0000
2013-04-02,1086.4000
2013-04-03,1117.1000
2013-04-04,1116.8000
2013-04-05,1123.6000
2013-04-08,1136.5000
2013-04-09,1141.3000
2013-04-10,1138.4000
2013-04-11,1134.3000
2013-04-12,1128.9000
2013-04-15,1104.0000
2013-04-16,1118.6000
2013-04-17,1112.8000
2013-04-18,1120.0000
2013-04-19,1101.7000
2013-04-22,1099.2000
2013-04-23,1118.7000
2013-04-24,1118.5000
2013-04-25,1115.7000
2013-04-26,1110.6000
2013-04-29,1108.8000
2013-04-30,1103.2000
2013-05-01,1100.7000
2013-05-02,1099.5000
2013-05-03,1101.5000
2013-05-06,1072.8000
2013-05-07,1093.8000
2013-05-08,1089.3000
2013-05-09,1056.2000
2013-05-10,1091.1000
2013-05-13,1084.3000
2013-05-14,1112.2000
2013-05-15,1108.9000
2013-05-16,1113.8000
2013-05-17,1116.7000
2013-05-20,1093.6000
2013-05-21,1116.5000
2013-05-22,1110.4000
2013-05-23,1113.1000
2013-05-24,1127.7000
2013-05-27,1105.2000
2013-05-28,1121.4000
2013-05-29,1127.0000
2013-05-30,1131.1000
2013-05-31,1127.6000
2013-06-03,1107.5000
2013-06-04,1118.8000
2013-06-05,1122.4000
2013-06-06,1117.8000
2013-06-07,1118.2000
2013-06-10,1097.1000
2013-06-11,1097.1000
2013-06-12,1097.1000
2013-06-13,1127.2000
2013-06-14,1129.2000
2013-06-17,1126.5000
2013-06-18,1125.9700
2013-06-19,1133.5000
2013-06-20,1129.6000
2013-06-21,1144.9000
2013-06-24,1156.9000
2013-06-25,1160.6000
2013-06-26,1152.3000
2013-06-27,1155.1000
2013-06-28,1147.2000
2013-07-01,1121.9000
2013-07-02,1134.3000
2013-07-03,1133.0000
2013-07-04,1140.2000
2013-07-05,1138.9000
2013-07-08,1141.6000
2013-07-09,1147.4000
2013-07-10,1140.9000
2013-07-11,1134.6000
2013-07-12,1123.4000
2013-07-15,1123.8000
2013-07-16,1120.9000
2013-07-17,1113.8000
2013-07-18,1116.1000
2013-07-19,1123.6000
2013-07-22,1118.4000
2013-07-23,1117.6000
2013-07-24,1116.3000
2013-07-25,1115.0000
2013-07-26,1115.4000
2013-07-29,1086.9000
2013-07-30,1111.4000
2013-07-31,1113.3000
2013-08-01,1122.5000
2013-08-02,1122.4000
2013-08-05,1123.6000
2013-08-06,1112.9000
2013-08-07,1113.1000
2013-08-08,1114.2000
2013-08-09,1111.6000
2013-08-12,1110.6000
2013-08-13,1113.2000
2013-08-14,1117.6000
2013-08-15,1117.6000
2013-08-16,1117.3000
2013-08-19,1112.5000
2013-08-20,1117.5000
2013-08-21,1119.5000
2013-08-22,1117.8000
2013-08-23,1120.1000
2013-08-26,1112.8000
2013-08-27,1111.0000
2013-08-28,1116.4000
2013-08-29,1113.9000
2013-08-30,1111.7000
2013-09-02,1110.1000
2013-09-03,1097.6000
2013-09-04,1101.4000
2013-09-05,1093.2000
2013-09-06,1096.7000
2013-09-09,1092.2000
2013-09-10,1085.7000
2013-09-11,1085.1000
2013-09-12,1085.0000
2013-09-13,1082.0000
2013-09-16,1080.3000
2013-09-17,1080.7000
2013-09-18,1081.5000
2013-09-19,1080.9000
2013-09-20,1070.4000
2013-09-23,1074.6000
2013-09-24,1073.0000
2013-09-25,1073.5000
2013-09-26,1075.6000
2013-09-27,1074.6000
2013-09-30,1075.8000
2013-10-01,1073.3000
2013-10-02,1072.5000
2013-10-03,1073.2000
2013-10-04,1070.7000
2013-10-07,1069.1000
2013-10-09,1074.1000
2013-10-10,1074.6000
2013-10-11,1070.7000
2013-10-14,1069.2000
2013-10-15,1070.2000
2013-10-16,1063.5000
2013-10-17,1066.0000
2013-10-18,1061.7000
2013-10-21,1040.1000
2013-10-22,1061.0000
2013-10-23,1057.0000
2013-10-24,1057.0000
2013-10-25,1062.1500
2013-10-28,1061.1000
2013-10-29,1060.5000
2013-10-30,1061.7000
2013-10-31,1058.2000
2013-11-01,1060.5000
2013-11-04,1039.5000
2013-11-05,1061.5000
2013-11-06,1060.5000
2013-11-07,1059.0000
2013-11-08,1062.4000
2013-11-11,1046.9000
2013-11-12,1071.4000
2013-11-13,1072.4000
2013-11-14,1069.6000
2013-11-15,1067.6000
2013-11-18,1034.7000
2013-11-19,1054.0000
2013-11-20,1054.2000
2013-11-21,1055.9000
2013-11-22,1061.1000
2013-11-25,1060.7000
2013-11-26,1059.0000
2013-11-27,1059.4000
2013-11-28,1059.9000
2013-11-29,1060.1000
2013-12-02,1057.8000
2013-12-03,1057.3000
2013-12-04,1060.2000
2013-12-05,1060.6000
2013-12-06,1057.4000
2013-12-09,1052.8000
2013-12-10,1051.7000
2013-12-11,1051.7500
2013-12-12,1051.2000
2013-12-13,1050.3000
2013-12-16,1052.6000
2013-12-17,1051.7000
2013-12-18,1049.7000
2013-12-19,1051.2000
2013-12-20,1058.6000
2013-12-23,1063.4000
2013-12-24,1059.3000
2013-12-25,1059.4000
2013-12-26,1060.4000
2013-12-27,1058.2000
2013-12-30,1054.0000
2013-12-31,1054.3000
2014-01-01,1054.8000
2014-01-02,1050.7500
2014-01-03,1049.6000
2014-01-06,1053.8000
2014-01-07,1065.4000
2014-01-08,1068.5000
2014-01-09,1064.7000
2014-01-10,1062.0000
2014-01-13,1060.4000
2014-01-14,1058.5000
2014-01-15,1058.3000
2014-01-16,1063.0000
2014-01-17,1062.4000
2014-01-20,1041.6000
2014-01-21,1062.5000
2014-01-22,1064.2000
2014-01-23,1066.5000
2014-01-24,1072.7000
2014-01-27,1078.4000
2014-01-28,1082.5000
2014-01-29,1076.9000
2014-01-30,1069.1000
2014-01-31,1079.3000
2014-02-03,1080.2000
2014-02-04,1083.6000
2014-02-05,1083.0000
2014-02-06,1076.9000
2014-02-07,1077.7000
2014-02-10,1075.3000
2014-02-11,1071.9000
2014-02-12,1069.9000
2014-02-13,1061.4000
2014-02-14,1065.3000
2014-02-17,1058.7500
2014-02-18,1059.4000
2014-02-19,1064.4000
2014-02-20,1065.3000
2014-02-21,1071.0000
2014-02-24,1072.1000
2014-02-25,1073.3000
2014-02-26,1073.1000
2014-02-27,1065.1000
2014-02-28,1068.7000
2014-03-03,1067.3000
2014-03-04,1069.0000
2014-03-05,1070.1000
2014-03-06,1070.2000
2014-03-07,1063.6000
2014-03-10,1064.2000
2014-03-11,1066.1000
2014-03-12,1064.7800
2014-03-13,1067.0300
2014-03-14,1067.9000
2014-03-17,1071.9301
2014-03-18,1066.9000
2014-03-19,1068.4000
2014-03-20,1069.6000
2014-03-21,1076.0000
2014-03-24,1079.3800
2014-03-25,1076.8000
2014-03-26,1078.3000
2014-03-27,1076.4301
2014-03-28,1068.1801
2014-03-31,1066.5500
2014-04-01,1062.5000
2014-04-02,1057.6000
2014-04-03,1058.4399
2014-04-04,1056.7000
2014-04-07,1051.4500
2014-04-08,1054.3400
2014-04-09,1046.0300
2014-04-10,1035.1100
2014-04-11,1038.2400
2014-04-14,1038.9399
2014-04-15,1040.9100
2014-04-16,1040.2000
2014-04-17,1036.4301
2014-04-18,1039.2700
2014-04-21,1037.6000
2014-04-22,1038.4100
2014-04-23,1039.5100
2014-04-24,1038.6000
2014-04-25,1038.7000
2014-04-28,1039.7000
2014-04-29,1033.4399
2014-04-30,1029.4399
2014-05-01,1032.4000
2014-05-02,1030.7100
2014-05-05,1029.0000
2014-05-06,1029.1000
2014-05-07,1025.5100
2014-05-08,1022.9200
2014-05-09,1021.9100
2014-05-12,1023.1000
2014-05-13,1023.2300
2014-05-14,1022.6000
2014-05-15,1027.7400
2014-05-16,1028.2400
2014-05-19,999.8300
2014-05-20,1021.7000
2014-05-21,1024.8600
2014-05-22,1025.9500
2014-05-23,1023.9800
2014-05-26,1024.7300
2014-05-27,1024.1300
2014-05-28,1024.3800
2014-05-29,1020.9000
2014-05-30,1018.5400
2014-06-02,1020.2000
2014-06-03,1023.4000
2014-06-04,1022.3000
2014-06-05,1025.9900
2014-06-06,1019.4000
2014-06-09,1019.0000
2014-06-10,1016.7900
2014-06-11,1016.1900
2014-06-12,1017.6000
2014-06-13,1017.3400
2014-06-16,1017.3000
2014-06-17,1019.5000
2014-06-18,1023.7600
2014-06-19,1017.8600
2014-06-20,1019.2300
2014-06-23,1020.5000
2014-06-24,1018.0900
2014-06-25,1018.5500
2014-06-26,1018.2800
2014-06-27,1015.6000
2014-06-30,1013.3000
2014-07-01,1011.0000
2014-07-02,1010.5300
2014-07-03,1008.8000
2014-07-04,1008.7200
2014-07-07,1008.8000
2014-07-08,1010.6000
2014-07-09,1010.8000
2014-07-10,1011.0000
2014-07-11,1012.2000
2014-07-14,1018.5000
2014-07-15,1018.2000
2014-07-16,1025.9000
2014-07-17,1031.1000
2014-07-18,1028.0000
2014-07-21,1027.9000
2014-07-22,1026.0000
2014-07-23,1022.6000
2014-07-24,1022.9000
2014-07-25,1028.4000
2014-07-28,1025.1000
2014-07-29,1025.6300
2014-07-30,1023.8000
2014-07-31,1023.6000
2014-08-01,1032.3900
2014-08-04,1036.7000
2014-08-05,1032.2000
2014-08-06,1026.2000
2014-08-07,1032.7400
2014-08-08,1037.3600
2014-08-11,1036.0000
2014-08-12,1030.0000
2014-08-13,1026.2000
2014-08-14,1029.1000
2014-08-15,1020.2000
2014-08-18,1020.7000
2014-08-19,1016.7900
2014-08-20,1016.8000
2014-08-21,1021.7000
2014-08-22,1022.7000
2014-08-25,1020.1000
2014-08-26,1019.0000
2014-08-27,1015.7000
2014-08-28,1013.2000
2014-08-29,1014.2000
2014-09-01,1013.6000
2014-09-02,1011.8000
2014-09-03,1017.5000
2014-09-04,1019.1000
2014-09-05,1017.9000
2014-09-08,1023.5000
2014-09-09,1023.5000
2014-09-10,1033.5000
2014-09-11,1033.5000
2014-09-12,1035.0000
2014-09-15,1009.1000
2014-09-16,1037.4000
2014-09-17,1034.9000
2014-09-18,1033.6000
2014-09-19,1042.6000
2014-09-22,1022.8000
2014-09-23,1039.8000
2014-09-24,1038.8000
2014-09-25,1038.7000
2014-09-26,1042.6000
2014-09-29,1026.0000
2014-09-30,1052.2000
2014-10-01,1053.9000
2014-10-02,1061.8000
2014-10-03,1060.2000
2014-10-06,1060.1000
2014-10-07,1067.9000
2014-10-08,1068.7000
2014-10-09,1074.0699
2014-10-10,1062.5000
2014-10-13,1051.9000
2014-10-14,1065.5000
2014-10-15,1064.2000
2014-10-16,1059.7000
2014-10-17,1060.0000
2014-10-20,1063.0000
2014-10-21,1054.9000
2014-10-22,1054.1000
2014-10-23,1052.2000
2014-10-24,1058.4000
2014-10-27,1055.6000
2014-10-28,1049.5100
2014-10-29,1045.5601
2014-10-30,1053.1000
2014-10-31,1053.8000
2014-11-03,1051.2000
2014-11-04,1081.6000
2014-11-05,1076.9000
2014-11-06,1088.5000
2014-11-07,1089.9000
2014-11-10,1064.4000
2014-11-11,1087.4000
2014-11-12,1095.3000
2014-11-13,1093.5000
2014-11-14,1095.4000
2014-11-17,1100.0000
2014-11-18,1100.1000
2014-11-19,1100.4000
2014-11-20,1113.1000
2014-11-21,1111.9000
2014-11-24,1111.7000
2014-11-25,1113.5000
2014-11-26,1107.9000
2014-11-27,1102.5000
2014-11-28,1099.1000
2014-12-01,1088.5000
2014-12-02,1108.6000
2014-12-03,1113.2100
2014-12-04,1114.7000
2014-12-05,1110.1400
2014-12-08,1119.6000
2014-12-09,1111.4000
2014-12-10,1102.6000
2014-12-11,1100.4000
2014-12-12,1100.8000
2014-12-15,1103.1000
2014-12-16,1097.9000
2014-12-17,1079.5000
2014-12-18,1098.9000
2014-12-19,1097.5000
2014-12-22,1099.3000
2014-12-23,1099.1000
2014-12-24,1106.1000
2014-12-25,1103.2000
2014-12-26,1102.1000
2014-12-29,1105.6000
2014-12-30,1098.8000
2014-12-31,1095.3000
2015-01-01,1092.7000
2015-01-02,1093.6000
2015-01-05,1111.0000
2015-01-06,1108.5000
2015-01-07,1097.3000
2015-01-08,1097.8000
2015-01-09,1094.3000
2015-01-12,1081.8000
2015-01-13,1081.4000
2015-01-14,1077.1000
2015-01-15,1082.0000
2015-01-16,1075.5000
2015-01-19,1078.0000
2015-01-20,1079.1000
2015-01-21,1086.7000
2015-01-22,1081.9000
2015-01-23,1084.7000
2015-01-26,1084.5000
2015-01-27,1079.3000
2015-01-28,1076.7000
2015-01-29,1084.4000
2015-01-30,1098.8000
2015-02-02,1099.0000
2015-02-03,1098.1000
2015-02-04,1091.3000
2015-02-05,1087.6000
2015-02-06,1084.8000
2015-02-09,1096.7000
2015-02-10,1094.1000
2015-02-11,1097.6000
2015-02-12,1105.7000
2015-02-13,1101.2000
2015-02-16,1095.4000
2015-02-17,1100.2000
2015-02-18,1107.3000
2015-02-19,1107.6000
2015-02-20,1110.6000
2015-02-23,1109.1000
2015-02-24,1107.7000
2015-02-25,1111.3000
2015-02-26,1098.6801
2015-02-27,1100.6700
2015-03-02,1099.0100
2015-03-03,1100.5900
2015-03-04,1094.9600
2015-03-05,1099.2500
2015-03-06,1099.8900
2015-03-09,1108.8101
2015-03-10,1113.5000
2015-03-11,1124.8600
2015-03-12,1128.9800
2015-03-13,1123.0200
2015-03-16,1136.2200
2015-03-17,1129.0000
2015-03-18,1127.1600
2015-03-19,1109.8900
2015-03-20,1119.3000
2015-03-23,1111.7800
2015-03-24,1103.4301
2015-03-25,1101.6700
2015-03-26,1098.9800
2015-03-27,1102.9500
2015-03-30,1101.7300
2015-03-31,1105.5000
2015-04-01,1107.1000
2015-04-02,1097.8700
2015-04-03,1089.1200
2015-04-06,1089.1200
2015-04-07,1089.1200
2015-04-08,1092.3199
2015-04-09,1090.1500
2015-04-10,1093.7900
2015-04-13,1091.9399
2015-04-14,1099.8900
2015-04-15,1090.3000
2015-04-16,1093.6200
2015-04-17,1082.5900
2015-04-20,1081.8900
2015-04-21,1081.1801
2015-04-22,1081.3199
2015-04-23,1083.0000
2015-04-24,1080.0200
2015-04-27,1074.3800
2015-04-28,1067.8101
2015-04-29,1062.8500
2015-04-30,1068.9700
2015-05-01,1075.0601
2015-05-04,1075.0601
2015-05-05,1078.7500
2015-05-06,1079.5800
2015-05-07,1078.6700
2015-05-08,1091.8900
2015-05-11,1085.8000
2015-05-12,1095.9500
2015-05-13,1092.3800
2015-05-14,1091.4000
2015-05-15,1088.2400
2015-05-18,1081.8400
2015-05-19,1088.2400
2015-05-20,1093.5000
2015-05-21,1095.4100
2015-05-22,1091.4800
2015-05-25,1094.7500
2015-05-26,1095.7500
2015-05-27,1105.8700
2015-05-28,1107.4200
2015-05-29,1107.0000
2015-06-01,1111.4200
2015-06-02,1113.8000
2015-06-03,1106.5300
2015-06-04,1105.6899
2015-06-05,1111.7000
2015-06-08,1122.3000
2015-06-09,1117.1100
2015-06-10,1119.0800
2015-06-11,1108.7200
2015-06-12,1110.4000
2015-06-15,1110.3500
2015-06-16,1114.5300
2015-06-17,1116.7700
2015-06-18,1111.5900
2015-06-19,1103.2500
2015-06-22,1101.2200
2015-06-23,1098.7800
2015-06-24,1103.9700
2015-06-25,1107.9200
2015-06-26,1109.9399
2015-06-29,1120.9000
2015-06-30,1118.2200
2015-07-01,1117.5601
2015-07-02,1122.9301
2015-07-03,1120.9500
2015-07-06,1120.9500
2015-07-07,1124.2300
2015-07-08,1132.9301
2015-07-09,1134.4399
2015-07-10,1131.0300
2015-07-13,1129.0400
2015-07-14,1134.8199
2015-07-15,1141.3700
2015-07-16,1144.9200
2015-07-17,1145.1500
2015-07-20,1148.1100
2015-07-21,1154.5500
2015-07-22,1146.8600
2015-07-23,1155.5300
2015-07-24,1160.2600
2015-07-27,1168.2000
2015-07-28,1165.0300
2015-07-29,1159.5200
2015-07-30,1160.0699
2015-07-31,1170.7700
2015-08-03,1164.6400
2015-08-04,1168.7000
2015-08-05,1167.1300
2015-08-06,1171.9399
2015-08-07,1161.5300
2015-08-10,1161.5300
2015-08-11,1157.0500
2015-08-12,1177.2800
2015-08-13,1173.0000
2015-08-14,1176.4500
2015-08-17,1177.2000
2015-08-18,1181.5800
2015-08-19,1184.4500
2015-08-20,1181.2100
2015-08-21,1182.5300
2015-08-24,1193.5699
2015-08-25,1189.5800
2015-08-26,1189.1600
2015-08-27,1181.1600
2015-08-28,1171.9900
2015-08-31,1177.6000
2015-09-01,1180.9500
2015-09-02,1177.2800
2015-09-03,1182.1600
2015-09-04,1189.1200
2015-09-07,1199.5100
2015-09-08,1201.1899
2015-09-09,1193.0000
2015-09-10,1190.3400
2015-09-11,1180.6000
2015-09-14,1180.5500
2015-09-15,1182.0000
2015-09-16,1176.8101
2015-09-17,1169.2000
2015-09-18,1164.8900
2015-09-21,1171.1100
2015-09-22,1176.4800
2015-09-23,1182.5400
2015-09-24,1192.4100
2015-09-25,1188.9399
2015-09-28,1191.3199
2015-09-29,1193.8101
2015-09-30,1194.1600
2015-10-01,1183.8400
2015-10-02,1177.1000
2015-10-05,1171.0900
2015-10-06,1159.5699
2015-10-07,1159.3199
2015-10-08,1156.7500
2015-10-09,1150.9000
2015-10-12,1146.0100
2015-10-13,1142.2100
2015-10-14,1148.0699
2015-10-15,1135.7500
2015-10-16,1121.0400
2015-10-19,1129.7200
2015-10-20,1130.3700
2015-10-21,1129.4700
2015-10-22,1138.0400
2015-10-23,1128.6700
2015-10-26,1134.0100
2015-10-27,1128.7400
2015-10-28,1134.0200
2015-10-29,1143.6000
2015-10-30,1139.8600
2015-11-02,1139.1600
2015-11-03,1136.6200
2015-11-04,1127.8000
2015-11-05,1133.1600
2015-11-06,1136.3600
2015-11-09,1150.7800
2015-11-10,1157.1100
2015-11-11,1157.0601
2015-11-12,1153.6600
2015-11-13,1157.2600
2015-11-16,1168.3400
2015-11-17,1167.0900
2015-11-18,1168.5000
2015-11-19,1164.4600
2015-11-20,1153.6899
2015-11-23,1152.6200
2015-11-24,1157.0900
2015-11-25,1145.0000
2015-11-26,1143.0500
2015-11-27,1146.8600
2015-11-30,1154.8300
2015-12-01,1158.2400
2015-12-02,1153.9000
2015-12-03,1160.7600
2015-12-04,1152.2700
2015-12-07,1161.6400
2015-12-08,1174.4100
2015-12-09,1178.5900
2015-12-10,1179.7200
2015-12-11,1177.2900
2015-12-14,1185.5800
2015-12-15,1183.6500
2015-12-16,1172.7400
2015-12-17,1170.0500
2015-12-18,1183.0601
2015-12-21,1180.4301
2015-12-22,1173.6100
2015-12-23,1169.1100
2015-12-24,1172.1600
2015-12-25,1167.8800
2015-12-28,1167.8800
2015-12-29,1165.8500
2015-12-30,1169.4500
2015-12-31,1175.4399
2016-01-01,1174.1100
2016-01-04,1174.1100
2016-01-05,1187.3600
2016-01-06,1188.7200
2016-01-07,1198.7400
2016-01-08,1195.3900
2016-01-11,1205.9399
2016-01-12,1202.7200
2016-01-13,1208.5000
2016-01-14,1210.3300
2016-01-15,1206.4399
2016-01-18,1212.8101
2016-01-19,1208.8400
2016-01-20,1205.7500
2016-01-21,1207.2500
2016-01-22,1202.0699
2016-01-25,1195.5699
2016-01-26,1197.3600
2016-01-27,1196.7800
2016-01-28,1206.6801
2016-01-29,1205.6300
2016-02-01,1206.1100
2016-02-02,1200.9600
2016-02-03,1211.5000
2016-02-04,1199.7000
2016-02-05,1190.8500
2016-02-08,1204.3500
2016-02-09,1202.6700
2016-02-10,1197.1500
2016-02-11,1187.9500
2016-02-12,1197.4500
2016-02-15,1205.0000
2016-02-16,1211.2500
2016-02-17,1215.8500
2016-02-18,1224.0500
2016-02-19,1227.4000
2016-02-22,1231.8700
2016-02-23,1220.9500
2016-02-24,1229.9500
2016-02-25,1231.4000
2016-02-26,1232.3500
2016-02-29,1241.1300
2016-03-01,1236.2000
2016-03-02,1225.1500
2016-03-03,1224.5000
2016-03-04,1210.0300
2016-03-07,1196.5000
2016-03-08,1198.7500
2016-03-09,1208.1801
2016-03-10,1208.1500
2016-03-11,1203.9500
2016-03-14,1185.9000
2016-03-15,1185.7500
2016-03-16,1191.9700
2016-03-17,1175.8500
2016-03-18,1152.7500
2016-03-21,1162.3000
2016-03-22,1159.1000
2016-03-23,1154.8000
2016-03-24,1166.1500
2016-03-25,1166.1500
2016-03-28,1166.1500
2016-03-29,1166.1500
2016-03-30,1156.0800
2016-03-31,1140.2300
2016-04-01,1140.8000
2016-04-04,1145.8199
2016-04-05,1148.6300
2016-04-06,1158.5000
2016-04-07,1153.1500
2016-04-08,1156.1500
2016-04-11,1149.5000
2016-04-12,1140.5000
2016-04-13,1140.0500
2016-04-14,1143.7500
2016-04-15,1151.6000
2016-04-18,1145.1000
2016-04-19,1141.6000
2016-04-20,1125.8500
2016-04-21,1130.1000
2016-04-22,1138.2500
2016-04-25,1147.6500
2016-04-26,1148.5200
2016-04-27,1144.8800
2016-04-28,1146.1000
2016-04-29,1134.0000
2016-05-02,1143.0000
2016-05-03,1135.5000
2016-05-04,1149.9800
2016-05-05,1164.7500
2016-05-06,1164.5000
2016-05-09,1167.3400
2016-05-10,1173.0500
2016-05-11,1169.3300
2016-05-12,1162.9000
2016-05-13,1167.4000
2016-05-16,1174.9000
2016-05-17,1176.4500
2016-05-18,1173.3300
2016-05-19,1186.8500
2016-05-20,1185.4500
2016-05-23,1188.4600
2016-05-24,1181.5500
2016-05-25,1185.5500
2016-05-26,1178.8500
2016-05-27,1177.9500
2016-05-30,1184.2500
2016-05-31,1198.4500
2016-06-01,1187.7400
2016-06-02,1190.1500
2016-06-03,1184.3000
2016-06-06,1161.5900
2016-06-07,1157.9000
2016-06-08,1154.5000
2016-06-09,1150.2500
2016-06-10,1156.2000
2016-06-13,1169.4800
2016-06-14,1170.1500
2016-06-15,1173.3900
2016-06-16,1166.7000
2016-06-17,1169.5800
2016-06-20,1168.5601
2016-06-21,1159.3500
2016-06-22,1151.6000
2016-06-23,1149.9000
2016-06-24,1141.2600
2016-06-27,1170.6100
2016-06-28,1177.6500
2016-06-29,1165.3800
2016-06-30,1152.1500
2016-07-01,1151.2500
2016-07-04,1148.0000
2016-07-05,1151.4000
2016-07-06,1154.9500
2016-07-07,1155.2500
2016-07-08,1155.6500
2016-07-11,1147.7100
2016-07-12,1148.0699
2016-07-13,1141.0000
2016-07-14,1142.6500
2016-07-15,1129.2500
2016-07-18,1136.6000
2016-07-19,1133.0500
2016-07-20,1139.2000
2016-07-21,1140.9500
2016-07-22,1136.0500
2016-07-25,1134.0000
2016-07-26,1141.5300
2016-07-27,1134.5500
2016-07-28,1129.0500
2016-07-29,1123.3500
2016-08-01,1109.9500
2016-08-02,1105.4500
2016-08-03,1111.8400
2016-08-04,1113.4500
2016-08-05,1109.9500
2016-08-08,1113.3500
2016-08-09,1104.6500
2016-08-10,1099.9000
2016-08-11,1094.2500
2016-08-12,1095.9500
2016-08-15,1102.4800
2016-08-16,1097.3600
2016-08-17,1094.0300
2016-08-18,1104.5000
2016-08-19,1106.9600
2016-08-22,1117.3900
2016-08-23,1122.5699
2016-08-24,1119.3900
2016-08-25,1119.7900
2016-08-26,1114.1300
2016-08-29,1121.7500
2016-08-30,1118.3300
2016-08-31,1118.3800
2016-09-01,1114.4399
2016-09-02,1116.6000
2016-09-05,1114.8500
2016-09-06,1103.4301
2016-09-07,1094.5900
2016-09-08,1088.8000
2016-09-09,1097.3900
2016-09-12,1103.6000
2016-09-13,1107.4600
2016-09-14,1126.5300
2016-09-15,1125.7500
2016-09-16,1123.6000
2016-09-19,1124.9000
2016-09-20,1118.4399
2016-09-21,1116.1500
2016-09-22,1104.3700
2016-09-23,1101.9900
2016-09-26,1101.8000
2016-09-27,1107.4600
2016-09-28,1095.9000
2016-09-29,1091.0800
2016-09-30,1101.6200
2016-10-03,1102.1500
2016-10-04,1103.2400
2016-10-05,1115.3600
2016-10-06,1113.1801
2016-10-07,1114.8900
2016-10-10,1115.8500
2016-10-11,1106.6200
2016-10-12,1123.6801
2016-10-13,1123.8101
2016-10-14,1128.1200
2016-10-17,1136.0500
2016-10-18,1135.6300
2016-10-19,1124.6200
2016-10-20,1119.6100
2016-10-21,1130.2300
2016-10-24,1135.6000
2016-10-25,1134.3800
2016-10-26,1129.1000
2016-10-27,1137.3300
2016-10-28,1146.5200
2016-10-31,1146.7000
2016-11-01,1143.3300
2016-11-02,1145.4700
2016-11-03,1145.1700
2016-11-04,1143.4200
2016-11-07,1141.4500
2016-11-08,1140.5500
2016-11-09,1127.8600
2016-11-10,1156.2800
2016-11-11,1164.9500
2016-11-14,1164.4000
2016-11-15,1167.7600
2016-11-16,1166.6899
2016-11-17,1169.0699
2016-11-18,1179.1500
2016-11-21,1180.7500
2016-11-22,1179.1801
2016-11-23,1167.9301
2016-11-24,1180.8600
2016-11-25,1181.0500
2016-11-28,1172.7000
2016-11-29,1169.7100
2016-11-30,1167.8600
2016-12-01,1178.1300
2016-12-02,1167.7000
2016-12-05,1169.6000
2016-12-06,1166.9900
2016-12-07,1170.5500
2016-12-08,1157.5000
2016-12-09,1162.2500
2016-12-12,1169.9500
2016-12-13,1164.6500
2016-12-14,1163.5900
2016-12-15,1179.1600
2016-12-16,1184.4301
2016-12-19,1186.0000
2016-12-20,1186.9500
2016-12-21,1191.4700
2016-12-22,1193.3500
2016-12-23,1205.1000
2016-12-26,1199.5500
2016-12-27,1199.5500
2016-12-28,1206.4800
2016-12-29,1210.3400
2016-12-30,1205.2900
2017-01-02,1205.4500
2017-01-03,1202.9301
2017-01-04,1206.0100
2017-01-05,1194.4800
2017-01-06,1180.6300
2017-01-09,1201.1000
2017-01-10,1202.5200
2017-01-11,1200.6000
2017-01-12,1187.1600
2017-01-13,1174.7200
2017-01-16,1174.0500
2017-01-17,1182.1700
2017-01-18,1160.0300
2017-01-19,1176.7900
2017-01-20,1173.7500
2017-01-23,1173.3000
2017-01-24,1162.6500
2017-01-25,1168.0300
2017-01-26,1161.2600
2017-01-27,1170.6700
2017-01-30,1177.6000
2017-01-31,1169.2100
2017-02-01,1149.2500
2017-02-02,1151.9500
2017-02-03,1142.7000
2017-02-06,1137.7600
2017-02-07,1132.7100
2017-02-08,1142.1000
2017-02-09,1144.6200
2017-02-10,1149.9100
2017-02-13,1145.1801
2017-02-14,1148.7000
2017-02-15,1137.9600
2017-02-16,1133.1000
2017-02-17,1141.0800
2017-02-20,1149.6000
2017-02-21,1143.9600
2017-02-22,1141.1801
2017-02-23,1137.9500
2017-02-24,1131.8101
2017-02-27,1130.4500
2017-02-28,1133.9399
2017-03-01,1136.7900
2017-03-02,1139.5699
2017-03-03,1149.9000
2017-03-06,1151.9700
2017-03-07,1154.2500
2017-03-08,1149.4100
2017-03-09,1153.6200
2017-03-10,1159.2800
2017-03-13,1145.9600
2017-03-14,1147.5500
2017-03-15,1148.2200
2017-03-16,1127.4000
2017-03-17,1127.0100
2017-03-20,1126.6500
2017-03-21,1113.7500
2017-03-22,1122.7800
2017-03-23,1116.4100
2017-03-24,1121.2300
2017-03-27,1116.1400
2017-03-28,1111.1000
2017-03-29,1115.5000
2017-03-30,1109.9500
2017-03-31,1117.0200
2017-04-03,1115.1600
2017-04-04,1116.2300
2017-04-05,1124.1000
2017-04-06,1127.1000
2017-04-07,1130.0000
2017-04-10,1136.0000
2017-04-11,1142.0300
2017-04-12,1144.5900
2017-04-13,1133.4301
2017-04-14,1135.0000
2017-04-17,1135.3600
2017-04-18,1131.8000
2017-04-19,1141.6801
2017-04-20,1141.8900
2017-04-21,1137.1100
2017-04-24,1133.7100
2017-04-25,1133.8400
2017-04-26,1125.4700
2017-04-27,1131.8000
2017-04-28,1129.9399
2017-05-01,1135.6400
2017-05-02,1136.2600
2017-05-03,1127.7600
2017-05-04,1132.9100
2017-05-05,1134.9399
2017-05-08,1133.7200
2017-05-09,1132.6500
2017-05-10,1137.8600
2017-05-11,1130.0400
2017-05-12,1123.1600
2017-05-15,1123.1000
2017-05-16,1117.4301
2017-05-17,1115.0000
2017-05-18,1120.9500
2017-05-19,1128.4100
2017-05-22,1117.0100
2017-05-23,1114.7800
2017-05-24,1124.5699
2017-05-25,1118.3800
2017-05-26,1119.5601
2017-05-29,1118.7500
2017-05-30,1122.8400
2017-05-31,1123.9000
2017-06-01,1119.0200
2017-06-02,1121.0400
2017-06-05,1117.4500
2017-06-06,1116.9500
2017-06-07,1117.4600
2017-06-08,1123.1400
2017-06-09,1121.5100
2017-06-12,1124.1000
2017-06-13,1130.4900
2017-06-14,1126.5500
2017-06-15,1118.9000
2017-06-16,1129.9399
2017-06-19,1131.1400
2017-06-20,1135.7300
2017-06-21,1140.8500
2017-06-22,1142.5000
2017-06-23,1139.0500
2017-06-26,1133.4500
2017-06-27,1133.0800
2017-06-28,1139.9600
2017-06-29,1137.7000
2017-06-30,1146.1400
2017-07-03,1144.8101
2017-07-04,1149.5800
2017-07-05,1149.2000
2017-07-06,1152.8500
2017-07-07,1156.3700
2017-07-10,1153.8101
2017-07-12,1147.9700
2017-07-13,1137.1200
2017-07-14,1136.6300
2017-07-17,1127.5100
2017-07-18,1127.6600
2017-07-19,1124.2700
2017-07-20,1123.5000
2017-07-21,1120.5601
2017-07-24,1116.1100
2017-07-25,1113.9000
2017-07-26,1119.2400
2017-07-27,1111.8500
2017-07-28,1115.5100
2017-07-31,1124.0500
2017-08-01,1118.7300
2017-08-02,1120.3700
2017-08-03,1122.1000
2017-08-04,1127.2500
2017-08-07,1127.2000
2017-08-08,1125.3500
2017-08-09,1126.0699
2017-08-10,1138.2300
2017-08-11,1143.5200
2017-08-14,1141.4600
2017-08-15,1138.9200
2017-08-16,1135.1801
2017-08-17,1134.8000
2017-08-18,1140.4800
2017-08-21,1139.0601
2017-08-22,1137.9301
2017-08-23,1131.1600
2017-08-24,1125.4500
2017-08-25,1127.2800
2017-08-28,1120.8000
2017-08-29,1118.0100
2017-08-30,1124.1400
2017-08-31,1123.3300
2017-09-01,1123.5400
2017-09-04,1118.9500
2017-09-05,1132.1300
2017-09-06,1131.6500
2017-09-07,1131.5200
2017-09-08,1127.0300
2017-09-11,1132.8700
2017-09-12,1129.4301
2017-09-13,1127.6000
2017-09-14,1130.1300
2017-09-15,1133.1801
2017-09-18,1133.3000
2017-09-19,1128.8199
2017-09-20,1130.3600
2017-09-21,1131.1801
2017-09-22,1130.3500
2017-09-25,1132.1100
2017-09-26,1133.8199
2017-09-27,1136.7200
2017-09-28,1145.2800
2017-09-29,1145.9399
2017-10-02,1144.6600
2017-10-03,1142.3000
2017-10-04,1141.9700
2017-10-05,1142.3000
2017-10-06,1141.9800
2017-10-09,1143.7000
2017-10-10,1142.8199
2017-10-11,1133.8600
2017-10-12,1131.4900
2017-10-13,1132.0601
2017-10-16,1126.3000
2017-10-17,1127.0800
2017-10-18,1129.9399
2017-10-19,1131.4000
2017-10-20,1127.8900
2017-10-23,1133.7600
2017-10-24,1129.0200
2017-10-25,1129.7300
2017-10-26,1126.4700
2017-10-27,1128.4900
2017-10-30,1125.4600
2017-10-31,1123.4500
2017-11-01,1117.7300
2017-11-02,1109.9500
2017-11-03,1111.7100
2017-11-06,1114.8000
2017-11-07,1113.7500
2017-11-08,1112.5200
2017-11-09,1113.1100
2017-11-10,1116.8500
2017-11-13,1118.3101
2017-11-14,1119.4600
2017-11-15,1115.7700
2017-11-17,1096.3900
2017-11-20,1092.5601
2017-11-21,1096.0000
2017-11-22,1091.2600
2017-11-23,1085.3101
2017-11-24,1082.5900
2017-11-27,1084.9500
2017-11-28,1090.0601
2017-11-29,1083.4500
2017-11-30,1080.6600
2017-12-01,1087.2300
2017-12-04,1082.5100
2017-12-05,1085.2300
2017-12-06,1085.2300
2017-12-07,1092.5699
2017-12-08,1092.4399
2017-12-11,1091.8199
2017-12-12,1087.8300
2017-12-13,1091.2600
2017-12-14,1084.1801
2017-12-15,1087.8199
2017-12-18,1089.0300
2017-12-19,1085.3800
2017-12-20,1084.2000
2017-12-21,1079.9600
2017-12-22,1080.2100
2017-12-25,1077.1100
2017-12-26,1076.3600
2017-12-27,1075.0400
2017-12-28,1073.5500
2017-12-29,1069.4900
2018-01-01,1066.0699
2018-01-02,1065.2200
2018-01-03,1062.5400
2018-01-04,1063.9399
2018-01-05,1061.0800
2018-01-08,1060.5000
2018-01-09,1067.6899
2018-01-10,1071.7400
2018-01-11,1069.6700
2018-01-12,1065.1400
2018-01-15,1055.8000
2018-01-16,1061.8199
2018-01-17,1062.4600
2018-01-18,1066.5601
2018-01-19,1069.6899
2018-01-22,1066.3600
2018-01-23,1068.8101
2018-01-24,1072.7600
2018-01-25,1064.4000
2018-01-26,1064.8900
2018-01-29,1063.1300
2018-01-30,1069.7900
2018-01-31,1072.5400
2018-02-01,1069.0200
2018-02-02,1071.1801
2018-02-05,1090.0100
2018-02-06,1093.3000
2018-02-07,1079.2600
2018-02-08,1089.4200
2018-02-09,1095.8600
2018-02-12,1083.1700
2018-02-13,1082.6100
2018-02-14,1083.7700
2018-02-15,1070.0100
2018-02-16,1063.0699
2018-02-19,1065.6300
2018-02-20,1066.7100
2018-02-21,1072.5400
2018-02-22,1074.8600
2018-02-23,1080.0800
2018-02-26,1075.0000
2018-02-27,1069.7000
2018-02-28,1079.3900
2018-03-01,1085.3500
2018-03-02,1081.9500
2018-03-05,1079.2100
2018-03-06,1076.6600
2018-03-07,1063.1600
2018-03-08,1066.1500
2018-03-09,1073.4600
2018-03-12,1064.0500
2018-03-13,1063.8600
2018-03-14,1066.4000
2018-03-15,1062.5500
2018-03-16,1068.7500
2018-03-19,1070.2100
2018-03-20,1072.1600
2018-03-21,1070.5500
2018-03-22,1063.9600
2018-03-23,1079.9000
2018-03-26,1082.5300
2018-03-27,1074.3000
2018-03-28,1074.1200
2018-03-29,1063.4100
2018-03-30,1062.0000
2018-04-02,1060.9900
2018-04-03,1056.1600
2018-04-04,1053.7300
2018-04-05,1057.4301
2018-04-06,1061.6400
2018-04-09,1070.4600
2018-04-10,1068.7700
2018-04-11,1063.3800
2018-04-12,1065.7500
2018-04-13,1069.9800
2018-04-16,1070.6600
2018-04-17,1069.5200
2018-04-18,1066.0900
2018-04-19,1064.0699
2018-04-20,1066.2400
2018-04-23,1071.4100
2018-04-24,1080.1801
2018-04-25,1076.7500
2018-04-26,1081.1700
2018-04-27,1076.7900
2018-04-30,1067.6000
2018-05-01,1069.4500
2018-05-02,1072.5200
2018-05-03,1078.8101
2018-05-04,1074.1200
2018-05-07,1073.3300
2018-05-08,1078.3900
2018-05-09,1077.5601
2018-05-10,1077.9800
2018-05-11,1064.3700
2018-05-14,1065.9500
2018-05-15,1069.1600
2018-05-16,1078.8600
2018-05-17,1076.4900
2018-05-18,1080.9100
2018-05-21,1080.5100
2018-05-22,1076.5100
2018-05-23,1074.2000
2018-05-24,1074.7900
2018-05-25,1079.2300
2018-05-28,1073.6500
2018-05-29,1073.1700
2018-05-30,1083.9301
2018-05-31,1075.0300
2018-06-01,1079.9500
2018-06-04,1070.3600
2018-06-05,1070.5300
2018-06-06,1070.2900
2018-06-07,1065.1500
2018-06-08,1071.3300
2018-06-11,1072.6500
2018-06-12,1076.3800
2018-06-13,1079.2500
2018-06-14,1084.7000
2018-06-15,1090.7700
2018-06-18,1103.8199
2018-06-19,1104.1600
2018-06-20,1111.1200
2018-06-21,1107.7200
2018-06-22,1109.6300
2018-06-25,1110.5300
2018-06-26,1114.0300
2018-06-27,1117.6000
2018-06-28,1122.7800
2018-06-29,1120.5400
2018-07-02,1114.5100
2018-07-03,1118.1700
2018-07-04,1113.3400
2018-07-05,1114.3101
2018-07-06,1117.7600
2018-07-09,1113.6500
2018-07-10,1112.4800
2018-07-11,1112.5601
2018-07-12,1127.1700
2018-07-13,1122.6500
2018-07-16,1129.8500
2018-07-17,1126.9000
2018-07-18,1125.5500
2018-07-19,1131.0900
2018-07-20,1134.4800
2018-07-23,1127.1600
2018-07-24,1132.4500
2018-07-25,1127.9800
2018-07-26,1115.7500
2018-07-27,1123.1500
2018-07-30,1114.6000
2018-07-31,1116.6700
2018-08-01,1112.2000
2018-08-02,1118.6000
2018-08-03,1128.1500
2018-08-06,1122.9000
2018-08-07,1125.4000
2018-08-08,1116.2500
2018-08-09,1115.9500
2018-08-10,1121.8900
2018-08-13,1130.9000
2018-08-14,1135.9700
2018-08-15,1126.7500
2018-08-16,1136.3800
2018-08-17,1126.2400
2018-08-20,1118.5000
2018-08-21,1116.8800
2018-08-22,1116.1000
2018-08-23,1117.5000
2018-08-24,1126.1500
2018-08-27,1111.1700
2018-08-28,1108.2300
2018-08-29,1106.8800
2018-08-30,1108.4500
2018-08-31,1115.4500
2018-09-03,1114.8101
2018-09-04,1113.5000
2018-09-05,1121.3000
2018-09-06,1118.1000
2018-09-07,1124.7000
2018-09-10,1126.8500
2018-09-11,1136.7700
2018-09-12,1125.3000
2018-09-13,1125.7500
2018-09-14,1120.5500
2018-09-17,1120.9000
2018-09-18,1125.6200
2018-09-19,1120.8000
2018-09-20,1122.2500
2018-09-21,1116.4000
2018-09-24,1114.1000
2018-09-25,1117.8500
2018-09-26,1115.8300
2018-09-27,1114.1700
2018-09-28,1112.3101
2018-10-01,1109.0100
2018-10-02,1112.2500
2018-10-03,1117.5000
2018-10-04,1125.4200
2018-10-05,1132.9000
2018-10-08,1131.1000
2018-10-09,1133.2000
2018-10-10,1132.4000
2018-10-11,1142.8500
2018-10-12,1134.3000
2018-10-15,1131.1899
2018-10-16,1135.1700
2018-10-17,1122.1500
2018-10-18,1127.1000
2018-10-19,1136.6000
2018-10-22,1131.6000
2018-10-23,1131.2500
2018-10-24,1136.6400
2018-10-25,1137.5601
2018-10-26,1135.2300
2018-10-29,1139.5000
2018-10-30,1142.0800
2018-10-31,1137.7000
2018-11-01,1140.9700
2018-11-02,1129.0500
2018-11-05,1116.1000
2018-11-06,1121.5601
2018-11-07,1119.9500
2018-11-08,1115.3700
2018-11-09,1119.5699
2018-11-12,1130.9500
2018-11-13,1137.4600
2018-11-14,1131.1300
2018-11-15,1131.2000
2018-11-16,1127.0000
2018-11-19,1120.4000
2018-11-20,1126.1899
2018-11-21,1128.4000
2018-11-22,1137.3101
2018-11-23,1135.5000
2018-11-26,1133.5000
2018-11-27,1129.0300
2018-11-28,1130.3700
2018-11-29,1121.1200
2018-11-30,1117.0200
2018-12-03,1117.1500
2018-12-04,1108.3000
2018-12-05,1110.6300
2018-12-06,1111.6600
2018-12-07,1119.6000
2018-12-10,1122.7000
2018-12-11,1131.5000
2018-12-12,1127.6200
2018-12-13,1123.8500
2018-12-14,1127.0200
2018-12-17,1131.6500
2018-12-18,1128.1500
2018-12-19,1125.0699
2018-12-20,1128.1300
2018-12-21,1120.0300
2018-12-24,1127.5000
2018-12-25,1123.2300
2018-12-26,1122.6300
2018-12-27,1123.5200
2018-12-28,1119.6000
2018-12-31,1116.3000
2019-01-01,1112.5000
2019-01-02,1113.8000
2019-01-03,1122.1801
2019-01-04,1124.1200
2019-01-07,1114.4000
2019-01-08,1116.4000
2019-01-09,1121.0500
2019-01-10,1118.6700
2019-01-11,1116.5500
2019-01-14,1118.6000
2019-01-15,1122.0000
2019-01-16,1122.4000
2019-01-17,1118.7700
2019-01-18,1120.5500
2019-01-21,1125.7900
2019-01-22,1132.3700
2019-01-23,1130.1500
2019-01-24,1125.3300
2019-01-25,1126.7500
2019-01-28,1118.0100
2019-01-29,1119.7000
2019-01-30,1117.8700
2019-01-31,1109.0000
2019-02-01,1111.5500
2019-02-04,1118.3000
2019-02-05,1121.1000
2019-02-06,1118.7000
2019-02-07,1121.6300
2019-02-08,1123.7500
2019-02-11,1122.8800
2019-02-12,1125.0200
2019-02-13,1120.3000
2019-02-14,1123.7200
2019-02-15,1128.3000
2019-02-18,1125.3101
2019-02-19,1124.2800
2019-02-20,1121.4200
2019-02-21,1121.7200
2019-02-22,1124.1500
2019-02-25,1122.3101
2019-02-26,1117.2000
2019-02-27,1114.3000
2019-02-28,1115.1000
2019-03-01,1124.2200
2019-03-04,1126.8101
2019-03-05,1128.1500
2019-03-06,1126.2000
2019-03-07,1127.0000
2019-03-08,1133.0699
2019-03-11,1134.0601
2019-03-12,1130.7700
2019-03-13,1127.2700
2019-03-14,1129.5900
2019-03-15,1135.4200
2019-03-18,1132.7300
2019-03-19,1131.2000
2019-03-20,1129.7200
2019-03-21,1125.0000
2019-03-22,1127.7700
2019-03-25,1135.1400
2019-03-26,1133.8500
2019-03-27,1133.9301
2019-03-28,1138.5000
2019-03-29,1134.3199
2019-04-01,1136.7000
2019-04-02,1132.6700
2019-04-03,1136.3900
2019-04-04,1133.5300
2019-04-05,1134.3000
2019-04-08,1136.6899
2019-04-09,1141.1100
2019-04-10,1140.1000
2019-04-11,1135.9000
2019-04-12,1140.9900
2019-04-15,1133.4301
2019-04-16,1133.2000
2019-04-17,1135.7000
2019-04-18,1130.2000
2019-04-19,1136.1100
2019-04-22,1134.5000
2019-04-23,1140.0400
2019-04-24,1142.0000
2019-04-25,1155.2600
2019-04-26,1159.0000
2019-04-29,1157.7300
2019-04-30,1158.7900
2019-05-01,1163.2600
2019-05-02,1164.6700
2019-05-03,1166.1100
2019-05-06,1163.3300
2019-05-07,1168.0500
2019-05-08,1171.3000
2019-05-09,1172.1899
2019-05-10,1179.1899
2019-05-13,1174.4200
2019-05-14,1187.1801
2019-05-15,1186.9301
2019-05-16,1186.0400
2019-05-17,1190.4900
2019-05-20,1193.8300
2019-05-21,1193.3300
2019-05-23,1188.8000
2019-05-24,1188.8000
2019-05-27,1185.0000
2019-05-28,1182.3101
2019-05-29,1187.5800
2019-05-30,1192.2100
2019-05-31,1188.3800
2019-06-03,1187.8700
2019-06-04,1178.3500
2019-06-05,1176.0500
2019-06-06,1178.7400
2019-06-07,1177.0000
2019-06-10,1180.7600
2019-06-11,1182.1000
2019-06-12,1177.9800
2019-06-13,1183.4301
2019-06-14,1181.0800
2019-06-17,1185.8900
2019-06-18,1185.3500
2019-06-19,1173.5800
2019-06-20,1170.3000
2019-06-21,1157.2100
2019-06-24,1158.3101
2019-06-25,1152.4700
2019-06-26,1155.7100
2019-06-27,1152.5000
2019-06-28,1155.5100
2019-07-01,1155.6000
2019-07-02,1159.7500
2019-07-03,1165.5800
2019-07-04,1168.8700
2019-07-05,1167.1300
2019-07-08,1174.0200
2019-07-09,1179.8500
2019-07-10,1181.4800
2019-07-11,1175.5300
2019-07-12,1174.0800
2019-07-15,1176.4100
2019-07-16,1178.4301
2019-07-17,1177.8800
2019-07-18,1178.6899
2019-07-19,1170.7700
2019-07-22,1175.1100
2019-07-23,1174.7600
2019-07-24,1176.8000
2019-07-25,1176.5500
2019-07-26,1182.3900
2019-07-29,1183.3500
2019-07-30,1181.8500
2019-07-31,1180.6500
2019-08-01,1186.3101
2019-08-02,1194.7500
2019-08-05,1203.9399
2019-08-06,1216.6500
2019-08-07,1212.5300
2019-08-08,1212.2300
2019-08-09,1207.0300
2019-08-12,1213.2000
2019-08-13,1217.6300
2019-08-14,1204.7300
2019-08-15,1215.6400
2019-08-16,1211.5000
2019-08-19,1207.4900
2019-08-20,1210.5300
2019-08-21,1205.2800
2019-08-22,1201.3199
2019-08-23,1208.5601
2019-08-26,1212.6500
2019-08-27,1210.7300
2019-08-28,1210.7600
2019-08-29,1211.3700
2019-08-30,1207.1600
2019-09-02,1209.1500
2019-09-03,1212.7700
2019-09-04,1210.4800
2019-09-05,1202.6899
2019-09-06,1196.0000
2019-09-09,1191.6200
2019-09-10,1190.8600
2019-09-11,1189.5000
2019-09-12,1189.8000
2019-09-13,1180.7500
2019-09-16,1178.7200
2019-09-17,1183.2900
2019-09-18,1185.6500
2019-09-19,1189.5500
2019-09-20,1193.8600
2019-09-23,1193.1300
2019-09-24,1193.0100
2019-09-25,1193.9399
2019-09-26,1197.8900
2019-09-27,1198.6300
2019-09-30,1201.9100
2019-10-01,1198.0000
2019-10-02,1201.6899
2019-10-03,1203.5699
2019-10-04,1200.0800
2019-10-07,1191.3300
2019-10-08,1195.7600
2019-10-09,1198.3700
2019-10-10,1196.7800
2019-10-11,1188.8101
2019-10-14,1182.4900
2019-10-15,1182.3000
2019-10-16,1183.9301
2019-10-17,1184.8300
2019-10-18,1177.2700
2019-10-21,1178.0800
2019-10-22,1171.4000
2019-10-23,1171.2600
2019-10-24,1169.7000
2019-10-25,1174.2500
2019-10-28,1170.8199
2019-10-29,1166.7600
2019-10-30,1165.7500
2019-10-31,1163.7000
2019-11-01,1168.5500
2019-11-04,1163.8000
2019-11-05,1161.8101
2019-11-06,1155.2000
2019-11-07,1160.0800
2019-11-08,1158.6000
2019-11-11,1158.6000
2019-11-12,1163.9000
2019-11-13,1164.9500
2019-11-14,1169.8600
2019-11-15,1167.5200
2019-11-18,1162.3300
2019-11-19,1165.6899
2019-11-20,1165.8199
2019-11-21,1168.2600
2019-11-22,1175.2300
2019-11-25,1179.4900
2019-11-26,1172.4100
2019-11-27,1172.6000
2019-11-28,1175.3600
2019-11-29,1177.0100
2019-12-02,1181.4700
2019-12-03,1183.7900
2019-12-04,1187.6300
2019-12-05,1189.4600
2019-12-06,1187.9800
2019-12-09,1186.1100
2019-12-10,1188.6801
2019-12-11,1189.0699
2019-12-12,1187.9301
2019-12-13,1169.5900
2019-12-16,1172.5300
2019-12-17,1167.4600
2019-12-18,1162.7800
2019-12-19,1164.3600
2019-12-20,1161.0601
2019-12-23,1159.3000
2019-12-24,1161.5699
2019-12-25,1162.2300
2019-12-26,1159.7500
2019-12-27,1161.2000
2019-12-30,1160.6801
2019-12-31,1156.3500
2020-01-01,1153.7500
2020-01-02,1153.9700
2020-01-03,1157.1500
2020-01-06,1165.8500
2020-01-07,1167.4200
2020-01-08,1166.4600
2020-01-09,1161.2600
2020-01-10,1157.8101
2020-01-13,1156.9301
2020-01-14,1153.9399
2020-01-15,1157.0500
2020-01-16,1156.7800
2020-01-17,1158.7700
2020-01-20,1160.3600
2020-01-21,1157.5699
2020-01-22,1168.7400
2020-01-23,1163.7300
2020-01-24,1167.6000
2020-01-27,1169.1500
2020-01-28,1176.7300
2020-01-29,1174.2800
2020-01-30,1178.0800
2020-01-31,1187.1200
2020-02-03,1194.8700
2020-02-04,1189.3600
2020-02-05,1182.4800
2020-02-06,1183.4600
2020-02-07,1184.2500
2020-02-10,1191.0900
2020-02-11,1185.6300
2020-02-12,1180.7200
2020-02-13,1177.9600
2020-02-14,1183.4700
2020-02-17,1182.1801
2020-02-18,1183.8101
2020-02-19,1189.9301
2020-02-20,1191.3700
2020-02-21,1204.4000
2020-02-24,1205.7700
2020-02-25,1217.6500
2020-02-26,1214.5500
2020-02-27,1211.3600
2020-02-28,1211.3101
2020-03-02,1200.1000
2020-03-03,1188.2800
2020-03-04,1186.3400
2020-03-05,1183.6801
2020-03-06,1187.4700
2020-03-09,1187.7000
2020-03-10,1199.9600
2020-03-11,1184.7000
2020-03-12,1189.3900
2020-03-13,1209.9700
2020-03-16,1210.8000
2020-03-17,1232.0400
2020-03-18,1237.9900
2020-03-19,1255.3500
2020-03-20,1256.8800
2020-03-23,1253.9500
2020-03-24,1262.9301
2020-03-25,1228.6000
2020-03-26,1231.0800
2020-03-27,1212.1899
2020-03-30,1211.6300
2020-03-31,1222.7000
2020-04-01,1216.6600
2020-04-02,1234.7300
2020-04-03,1226.8500
2020-04-06,1235.8000
2020-04-07,1223.1000
2020-04-08,1215.3101
2020-04-09,1214.7500
2020-04-10,1209.5100
2020-04-13,1211.0400
2020-04-14,1213.9000
2020-04-15,1212.3800
2020-04-16,1222.5500
2020-04-17,1226.6400
2020-04-20,1215.2600
2020-04-21,1218.1000
2020-04-22,1230.8500
2020-04-23,1231.3800
2020-04-24,1232.4500
2020-04-27,1229.5000
2020-04-28,1220.8700
2020-04-29,1220.4000
2020-04-30,1210.7900
2020-05-01,1212.9600
2020-05-04,1223.7800
2020-05-05,1222.4500
2020-05-06,1221.2500
2020-05-07,1228.5300
2020-05-08,1218.6300
2020-05-11,1218.7000
2020-05-12,1222.4000
2020-05-13,1225.6500
2020-05-14,1226.5500
2020-05-15,1225.4600
2020-05-18,1232.0900
2020-05-19,1224.2000
2020-05-20,1224.3199
2020-05-21,1226.5500
2020-05-22,1233.3900
2020-05-25,1239.5500
2020-05-26,1240.0200
2020-05-27,1230.8700
2020-05-28,1238.3000
2020-05-29,1237.9800
2020-06-01,1230.4700
2020-06-02,1222.9900
2020-06-03,1219.1400
2020-06-04,1215.8199
2020-06-05,1215.3800
2020-06-08,1201.1100
2020-06-09,1195.7300
2020-06-10,1197.3000
2020-06-11,1189.7400
2020-06-12,1204.7600
2020-06-15,1202.6100
2020-06-16,1206.9000
2020-06-17,1211.1500
2020-06-18,1214.3500
2020-06-19,1211.3600
2020-06-22,1210.8900
2020-06-23,1208.0000
2020-06-24,1207.9500
2020-06-25,1205.2500
2020-06-26,1201.5200
2020-06-29,1202.6300
2020-06-30,1198.4900
2020-07-01,1198.3900
2020-07-02,1200.7000
2020-07-03,1198.1700
2020-07-06,1198.5000
2020-07-07,1190.9301
2020-07-08,1195.7000
2020-07-09,1192.0200
2020-07-10,1195.7700
2020-07-13,1199.5200
2020-07-14,1203.7800
2020-07-15,1203.9800
2020-07-16,1200.4700
2020-07-17,1204.2300
2020-07-20,1202.5300
2020-07-21,1200.0300
2020-07-22,1192.7400
2020-07-23,1197.2300
2020-07-24,1200.9399
2020-07-27,1200.4900
2020-07-28,1195.9200
2020-07-29,1199.3700
2020-07-30,1190.7300
2020-07-31,1189.5601
2020-08-03,1193.3900
2020-08-04,1191.7600
2020-08-05,1192.2500
2020-08-06,1185.1801
2020-08-07,1183.1700
2020-08-10,1188.1500
2020-08-11,1185.1899
2020-08-12,1184.9800
2020-08-13,1182.7500
2020-08-14,1184.1200
2020-08-17,1186.0400
2020-08-18,1183.1000
2020-08-19,1183.6400
2020-08-20,1181.2100
2020-08-21,1184.2900
2020-08-24,1191.2000
2020-08-25,1188.2500
2020-08-26,1186.4600
2020-08-27,1183.8500
2020-08-28,1186.5800
2020-08-31,1179.5900
2020-09-01,1187.0400
2020-09-02,1184.9200
2020-09-03,1188.6500
2020-09-04,1190.7800
2020-09-07,1186.4200
2020-09-08,1186.8101
2020-09-09,1189.2400
2020-09-10,1184.3800
2020-09-11,1187.2300
2020-09-14,1186.9700
2020-09-15,1180.8400
2020-09-16,1179.2500
2020-09-17,1172.0699
2020-09-18,1168.6500
2020-09-21,1163.9900
2020-09-22,1163.8500
2020-09-23,1162.5000
2020-09-24,1169.7300
2020-09-25,1168.5000
2020-09-28,1173.4399
2020-09-29,1166.4100
2020-09-30,1167.8600
2020-10-01,1163.7800
2020-10-02,1161.9800
2020-10-05,1165.3600
2020-10-06,1156.0900
2020-10-07,1163.8900
2020-10-08,1156.5000
2020-10-09,1150.3600
2020-10-12,1142.6500
2020-10-13,1146.4000
2020-10-14,1147.8900
2020-10-15,1146.3101
2020-10-16,1144.1300
2020-10-19,1141.1801
2020-10-20,1137.0000
2020-10-21,1136.0000
2020-10-22,1132.0300
2020-10-23,1134.1500
2020-10-26,1127.7600
2020-10-27,1131.6400
2020-10-28,1128.2300
2020-10-29,1134.1801
2020-10-30,1129.5200
2020-11-02,1135.6100
2020-11-03,1132.1400
2020-11-04,1130.3300
2020-11-05,1129.7400
2020-11-06,1122.6300
2020-11-09,1121.1500
2020-11-10,1118.6899
2020-11-11,1116.0800
2020-11-12,1111.4500
2020-11-13,1114.9100
2020-11-16,1107.7600
2020-11-17,1106.0900
2020-11-18,1104.9500
2020-11-19,1105.9000
2020-11-20,1114.1400
2020-11-23,1113.8300
2020-11-24,1113.0800
2020-11-25,1109.7100
2020-11-26,1104.4900
2020-11-27,1105.5601
2020-11-30,1104.3300
2020-12-01,1108.5100
2020-12-02,1106.2800
2020-12-03,1099.3800
2020-12-04,1091.3199
2020-12-07,1083.7800
2020-12-08,1083.6801
2020-12-09,1084.8600
2020-12-10,1086.3600
2020-12-11,1086.3700
2020-12-14,1091.5800
2020-12-15,1092.0601
2020-12-16,1088.2100
2020-12-17,1091.6500
2020-12-18,1092.1600
2020-12-21,1098.9800
2020-12-22,1101.8600
2020-12-23,1107.9800
2020-12-24,1104.8000
2020-12-25,1099.9100
2020-12-28,1099.0900
2020-12-29,1095.0000
2020-12-30,1092.6200
2020-12-31,1086.4200
2021-01-01,1084.6500
2021-01-04,1084.7300
2021-01-05,1086.6200
2021-01-06,1086.4500
2021-01-07,1086.9500
2021-01-08,1093.0699
2021-01-11,1092.8199
2021-01-12,1096.4500
2021-01-13,1093.5400
2021-01-14,1097.1100
2021-01-15,1094.9000
2021-01-18,1102.9600
2021-01-19,1103.1000
2021-01-20,1100.9900
2021-01-21,1096.2500
2021-01-22,1099.9000
2021-01-25,1104.6400
2021-01-26,1101.7300
2021-01-27,1101.0000
2021-01-28,1107.5000
2021-01-29,1112.2900
2021-02-01,1117.4301
2021-02-02,1116.8800
2021-02-03,1113.6100
2021-02-04,1113.1500
2021-02-05,1119.1300
2021-02-08,1116.8500
2021-02-09,1116.3300
2021-02-10,1110.0000
2021-02-11,1103.9800
2021-02-12,1102.2200
2021-02-15,1103.3700
2021-02-16,1102.2400
2021-02-17,1106.4600
2021-02-18,1104.5500
2021-02-19,1106.2200
2021-02-22,1103.9399
2021-02-23,1110.6700
2021-02-24,1109.3101
2021-02-25,1107.2100
2021-02-26,1119.1300
2021-03-01,1123.3700
2021-03-02,1101.8300
2021-03-03,1124.3300
2021-03-04,1129.5000
2021-03-05,1133.3500
2021-03-08,1127.4900
2021-03-09,1140.2300
2021-03-10,1134.9100
2021-03-11,1136.0100
2021-03-12,1129.6400
2021-03-15,1134.5000
2021-03-16,1131.3900
2021-03-17,1129.8400
2021-03-18,1121.1300
2021-03-19,1126.1100
2021-03-22,1127.4800
2021-03-23,1125.1200
2021-03-24,1133.2000
2021-03-25,1134.4800
2021-03-26,1134.2100
2021-03-29,1127.9600
2021-03-30,1131.6500
2021-03-31,1132.3199
2021-04-01,1127.2000
2021-04-02,1128.0601
2021-04-05,1128.7900
2021-04-06,1124.1100
2021-04-07,1117.5000
2021-04-08,1117.8600
2021-04-09,1115.8400
2021-04-12,1122.0601
2021-04-13,1124.4500
2021-04-14,1120.6899
2021-04-15,1116.1100
2021-04-16,1115.6700
2021-04-19,1115.6500
2021-04-20,1114.4700
2021-04-21,1116.1100
2021-04-22,1115.6600
2021-04-23,1118.5900
2021-04-26,1114.1300
2021-04-27,1109.2300
2021-04-28,1112.1500
2021-04-29,1108.6600
2021-04-30,1106.6300
2021-05-03,1116.7600
2021-05-04,1120.4000
2021-05-05,1124.9100
2021-05-06,1123.9900
2021-05-07,1119.3900
2021-05-10,1111.9700
2021-05-11,1115.5400
2021-05-12,1118.2300
2021-05-13,1131.6000
2021-05-14,1125.7000
2021-05-17,1125.5300
2021-05-18,1135.5100
2021-05-19,1127.1400
2021-05-20,1130.3700
2021-05-21,1127.0500
2021-05-24,1126.7900
2021-05-25,1122.1899
2021-05-26,1121.3800
2021-05-27,1115.5200
2021-05-28,1117.3000
2021-05-31,1112.8500
2021-06-01,1106.9800
2021-06-02,1107.2100
2021-06-03,1109.8800
2021-06-04,1115.4399
2021-06-07,1109.6801
2021-06-08,1109.3199
2021-06-09,1116.8900
2021-06-10,1116.4100
2021-06-11,1111.2600
2021-06-14,1115.5500
2021-06-15,1116.3199
2021-06-16,1116.0300
2021-06-17,1131.9500
2021-06-18,1133.5400
2021-06-21,1134.2500
2021-06-22,1130.3400
2021-06-23,1132.5100
2021-06-24,1132.6100
2021-06-25,1130.8000
2021-06-28,1125.3400
2021-06-29,1129.0400
2021-06-30,1130.5100
2021-07-01,1129.6000
2021-07-02,1132.4100
2021-07-05,1129.7700
2021-07-06,1129.4399
2021-07-07,1135.4800
2021-07-08,1140.5200
2021-07-09,1146.2800
2021-07-12,1144.3101
2021-07-13,1141.1000
2021-07-14,1148.7000
2021-07-15,1143.4100
2021-07-16,1140.1200
2021-07-19,1141.5000
2021-07-20,1150.0699
2021-07-21,1147.4800
2021-07-22,1148.6899
2021-07-23,1149.9100
2021-07-26,1151.1200
2021-07-27,1151.7600
2021-07-28,1153.5601
2021-07-29,1149.4100
2021-07-30,1142.1200
2021-08-02,1150.9301
2021-08-03,1149.5601
2021-08-04,1148.5800
2021-08-05,1144.0601
2021-08-06,1143.1200
2021-08-09,1144.9200
2021-08-10,1145.8900
2021-08-11,1152.4800
2021-08-12,1152.8500
2021-08-13,1162.0601
2021-08-16,1161.3800
2021-08-17,1164.5000
2021-08-18,1176.4500
2021-08-19,1169.6801
2021-08-20,1175.3900
2021-08-23,1174.2400
2021-08-24,1167.6100
2021-08-25,1163.4700
2021-08-26,1163.3300
2021-08-27,1170.0000
2021-08-30,1161.3300
2021-08-31,1165.5100
2021-09-01,1158.4100
2021-09-02,1155.2800
2021-09-03,1157.1300
2021-09-06,1154.7500
2021-09-07,1155.5400
2021-09-08,1161.0000
2021-09-09,1166.4900
2021-09-10,1169.1300
2021-09-13,1169.3800
2021-09-14,1171.1100
2021-09-15,1170.8000
2021-09-16,1165.2200
2021-09-17,1174.4200
2021-09-20,1181.1100
2021-09-21,1186.3199
2021-09-22,1182.9200
2021-09-23,1181.0300
2021-09-24,1174.7000
2021-09-27,1179.2000
2021-09-28,1176.9600
2021-09-29,1186.8900
2021-09-30,1187.4301
2021-10-01,1183.7200
2021-10-04,1180.0000
2021-10-05,1183.7800
2021-10-06,1187.1700
2021-10-07,1191.3800
2021-10-08,1191.1500
2021-10-11,1195.5800
2021-10-12,1195.8000
2021-10-13,1196.8900
2021-10-14,1186.7100
2021-10-15,1182.1300
2021-10-18,1181.7900
2021-10-19,1185.6801
2021-10-20,1175.6500
2021-10-21,1174.5900
2021-10-22,1176.5500
2021-10-25,1176.5400
2021-10-26,1167.0601
2021-10-27,1167.3300
2021-10-28,1172.1700
2021-10-29,1167.3700
2021-11-01,1174.3800
2021-11-02,1176.5699
2021-11-03,1178.0400
2021-11-04,1179.3400
2021-11-05,1185.8300
2021-11-08,1180.5000
2021-11-09,1199.8600
2021-11-10,1177.5000
2021-11-11,1184.1400
2021-11-12,1183.1100
2021-11-15,1179.1100
2021-11-16,1183.5100
2021-11-17,1184.0500
2021-11-18,1181.2300
2021-11-19,1182.9000
2021-11-22,1191.6300
2021-11-23,1189.5000
2021-11-24,1189.9500
2021-11-25,1187.8800
2021-11-26,1190.2200
2021-11-29,1194.6100
2021-11-30,1190.7400
2021-12-01,1182.8600
2021-12-02,1177.1100
2021-12-03,1176.7700
2021-12-06,1183.1400
2021-12-07,1180.5601
2021-12-08,1176.8400
2021-12-09,1172.5601
2021-12-10,1177.3300
2021-12-13,1178.9700
2021-12-14,1185.1000
2021-12-15,1184.2300
2021-12-16,1184.4000
2021-12-17,1186.1500
2021-12-20,1186.3900
2021-12-21,1190.1200
2021-12-22,1191.2700
2021-12-23,1187.7700
2021-12-24,1185.5000
2021-12-27,1185.9200
2021-12-28,1185.6500
2021-12-29,1187.8500
2021-12-30,1183.6700
2021-12-31,1189.8900
2022-01-03,1187.7800
2022-01-04,1194.6801
2022-01-05,1196.5000
2022-01-06,1199.2500
2022-01-07,1205.7800
2022-01-10,1196.8800
2022-01-11,1198.0900
2022-01-12,1189.4301
2022-01-13,1185.8800
2022-01-14,1186.6100
2022-01-17,1188.9600
2022-01-18,1190.0601
2022-01-19,1192.9800
2022-01-20,1188.1600
2022-01-21,1192.4301
2022-01-24,1191.5000
2022-01-25,1195.6600
2022-01-26,1196.1000
2022-01-27,1200.6300
2022-01-28,1203.4600
2022-01-31,1207.7100
2022-02-01,1205.1200
2022-02-02,1202.5000
2022-02-03,1199.9600
2022-02-04,1200.3300
2022-02-07,1197.0900
2022-02-08,1196.8500
2022-02-09,1196.3600
2022-02-10,1194.0300
2022-02-11,1199.3500
2022-02-14,1199.2400
2022-02-15,1197.3600
2022-02-16,1196.8300
2022-02-17,1196.7500
2022-02-18,1198.6600
2022-02-21,1195.0699
2022-02-22,1194.6801
2022-02-23,1192.6801
2022-02-24,1192.4000
2022-02-25,1206.0000
2022-02-28,1197.5900
2022-03-01,1200.9301
2022-03-02,1205.3700
2022-03-03,1203.1500
2022-03-04,1205.9900
2022-03-07,1216.7100
2022-03-08,1232.3000
2022-03-09,1233.1100
2022-03-10,1223.2300
2022-03-11,1228.6000
2022-03-14,1236.8900
2022-03-15,1242.0500
2022-03-16,1241.6801
2022-03-17,1223.0000
2022-03-18,1210.3300
2022-03-21,1210.3700
2022-03-22,1219.7800
2022-03-23,1214.9500
2022-03-24,1218.0100
2022-03-25,1217.5500
2022-03-28,1224.3800
2022-03-29,1223.6600
2022-03-30,1209.1300
2022-03-31,1210.4399
2022-04-01,1214.5000
2022-04-04,1218.7800
2022-04-05,1213.9000
2022-04-06,1218.7500
2022-04-07,1217.6000
2022-04-08,1222.6600
2022-04-11,1228.2400
2022-04-12,1235.0500
2022-04-13,1228.6000
2022-04-14,1223.1200
2022-04-15,1230.1000
2022-04-18,1228.0900
2022-04-19,1235.3500
2022-04-20,1239.6000
2022-04-21,1234.0900
2022-04-22,1242.4900
2022-04-25,1243.1600
2022-04-26,1249.2100
2022-04-27,1260.7100
2022-04-28,1266.2800
2022-04-29,1272.2900
2022-05-02,1262.5300
2022-05-03,1266.7500
2022-05-04,1261.0601
2022-05-05,1251.5000
2022-05-06,1268.7000
2022-05-09,1270.1300
2022-05-10,1274.8600
2022-05-11,1276.5500
2022-05-12,1278.1500
2022-05-13,1290.7500
2022-05-16,1277.5699
2022-05-17,1279.8500
2022-05-18,1266.6600
2022-05-19,1275.5800
2022-05-20,1263.5500
2022-05-23,1273.2100
2022-05-24,1258.8199
2022-05-25,1260.9900
2022-05-26,1266.6000
2022-05-27,1258.8900
2022-05-30,1251.5900
2022-05-31,1236.1700
2022-06-01,1241.7400
2022-06-02,1246.9500
2022-06-03,1240.8400
2022-06-06,1250.5300
2022-06-07,1254.4800
2022-06-08,1254.5800
2022-06-09,1256.7400
2022-06-10,1264.0200
2022-06-13,1278.2800
2022-06-14,1291.8000
2022-06-15,1289.4800
2022-06-16,1278.1600
2022-06-17,1288.1801
2022-06-20,1290.5000
2022-06-21,1292.3800
2022-06-22,1291.6000
2022-06-23,1297.6801
2022-06-24,1299.8101
2022-06-27,1288.2900
2022-06-28,1286.2000
2022-06-29,1292.0300
2022-06-30,1301.7300
2022-07-01,1287.7100
2022-07-04,1297.8900
2022-07-05,1295.6801
2022-07-06,1308.6600
2022-07-07,1304.8500
2022-07-08,1297.6500
2022-07-11,1293.7900
2022-07-12,1310.8600
2022-07-13,1305.8300
2022-07-14,1304.8500
2022-07-15,1316.1801
2022-07-18,1318.1200
2022-07-19,1318.9100
2022-07-20,1305.5000
2022-07-21,1312.8700
2022-07-22,1306.8500
2022-07-25,1309.3199
2022-07-26,1310.4000
2022-07-27,1310.9000
2022-07-28,1305.9500
2022-07-29,1295.1500
2022-08-01,1302.2800
2022-08-02,1306.7500
2022-08-03,1314.6300
2022-08-04,1307.3800
2022-08-05,1302.0800
2022-08-08,1302.7400
2022-08-09,1299.0300
2022-08-10,1307.5601
2022-08-11,1296.7000
2022-08-12,1306.8300
2022-08-15,1301.3800
2022-08-16,1313.1801
2022-08-17,1311.0000
2022-08-18,1314.8300
2022-08-19,1326.9100
2022-08-22,1334.8600
2022-08-23,1343.3600
2022-08-24,1339.0800
2022-08-25,1340.0000
2022-08-26,1334.4399
2022-08-29,1341.1801
2022-08-30,1345.7300
2022-08-31,1350.1899
2022-09-01,1342.2600
2022-09-02,1355.1000
2022-09-05,1361.5100
2022-09-06,1361.8101
2022-09-07,1378.1100
2022-09-08,1374.3101
2022-09-09,1383.0000
2022-09-12,1379.0601
2022-09-13,1375.8101
2022-09-14,1393.4700
2022-09-15,1391.1801
2022-09-16,1398.6300
2022-09-19,1385.2300
2022-09-20,1390.1100
2022-09-21,1392.5100
2022-09-22,1397.5601
2022-09-23,1403.6600
2022-09-26,1421.8101
2022-09-27,1429.7700
2022-09-28,1426.2600
2022-09-29,1421.9500
2022-09-30,1430.1700
2022-10-03,1439.2300
2022-10-04,1433.3400
2022-10-05,1416.5300
2022-10-06,1416.7600
2022-10-07,1408.4500
2022-10-10,1415.9800
2022-10-11,1428.3500
2022-10-12,1430.8000
2022-10-13,1423.9000
2022-10-14,1430.3000
2022-10-17,1440.7600
2022-10-18,1430.1500
2022-10-19,1425.0200
2022-10-20,1435.0100
2022-10-21,1430.3101
2022-10-24,1428.1100
2022-10-25,1443.9600
2022-10-26,1426.9301
2022-10-27,1412.6899
2022-10-28,1420.6500
2022-10-31,1421.6500
2022-11-01,1424.6700
2022-11-02,1416.6000
2022-11-03,1423.1000
2022-11-04,1423.6500
2022-11-07,1402.1100
2022-11-08,1392.7000
2022-11-09,1374.1500
2022-11-10,1370.5500
2022-11-11,1349.3700
2022-11-14,1313.0300
2022-11-15,1324.0800
2022-11-16,1316.2600
2022-11-17,1336.4301
2022-11-18,1342.7500
2022-11-21,1339.0300
2022-11-22,1359.7500
2022-11-23,1352.6899
2022-11-24,1336.8101
2022-11-25,1317.8900
2022-11-28,1334.5601
2022-11-29,1340.1200
2022-11-30,1325.3700
2022-12-01,1279.8000
2022-12-02,1303.2500
2022-12-05,1299.1700
2022-12-06,1304.3700
2022-12-07,1319.7100
2022-12-08,1314.1000
2022-12-09,1316.6300
2022-12-12,1303.1700
2022-12-13,1305.9200
2022-12-14,1288.9800
2022-12-15,1295.6801
2022-12-16,1317.1000
2022-12-19,1308.8600
2022-12-20,1301.3300
2022-12-21,1283.6400
2022-12-22,1280.7700
2022-12-23,1290.2000
2022-12-26,1279.2400
2022-12-27,1275.1300
2022-12-28,1272.2800
2022-12-29,1274.3199
2022-12-30,1260.2600
2023-01-02,1260.9100
2023-01-03,1270.1000
2023-01-04,1279.0800
2023-01-05,1271.0800
2023-01-06,1274.1801
2023-01-09,1252.8800
2023-01-10,1239.2800
2023-01-11,1240.1600
2023-01-12,1241.6000
2023-01-13,1239.1300
2023-01-16,1236.5900
2023-01-17,1240.7100
2023-01-18,1237.0000
2023-01-19,1237.8800
2023-01-20,1232.1801
2023-01-23,1230.0300
2023-01-24,1229.2800
2023-01-25,1232.6600
2023-01-26,1232.5900
2023-01-27,1231.8500
2023-01-30,1228.9500
2023-01-31,1231.5000
2023-02-01,1232.1500
2023-02-02,1221.9500
2023-02-03,1224.9000
2023-02-06,1246.7500
2023-02-07,1261.2300
2023-02-08,1255.3500
2023-02-09,1260.4700
2023-02-10,1264.5500
2023-02-13,1266.8700
2023-02-14,1272.9399
2023-02-15,1272.2500
2023-02-16,1283.7200
2023-02-17,1288.9600
2023-02-20,1293.9200
2023-02-21,1296.1100
2023-02-22,1305.8300
2023-02-23,1302.8300
2023-02-24,1298.0800
2023-02-27,1313.7000
2023-02-28,1318.3500
2023-03-01,1321.6000
2023-03-02,1305.7300
2023-03-03,1311.0601
2023-03-06,1294.7800
2023-03-07,1299.0000
2023-03-08,1317.9000
2023-03-09,1316.4500
2023-03-10,1325.5500
2023-03-13,1319.5400
2023-03-14,1296.3800
2023-03-15,1304.5800
2023-03-16,1311.7400
2023-03-17,1301.6200
2023-03-20,1307.6500
2023-03-21,1304.9399
2023-03-22,1303.4399
2023-03-23,1298.2500
2023-03-24,1286.2900
2023-03-27,1294.8300
2023-03-28,1297.8000
2023-03-29,1296.9800
2023-03-30,1307.1300
2023-03-31,1296.5000
2023-04-03,1305.4800
2023-04-04,1308.0500
2023-04-05,1312.4100
2023-04-06,1316.2100
2023-04-07,1317.9399
2023-04-10,1315.4500
2023-04-11,1320.8800
2023-04-12,1322.0900
2023-04-13,1322.8300
2023-04-14,1301.4301
2023-04-17,1303.3800
2023-04-18,1316.0699
2023-04-19,1315.9000
2023-04-20,1326.7600
2023-04-21,1323.6000
2023-04-24,1329.3800
2023-04-25,1332.8000
2023-04-26,1341.0000
2023-04-27,1337.8300
2023-04-28,1339.3900
2023-05-01,1337.1700
2023-05-02,1342.7900
2023-05-03,1342.3000
2023-05-04,1335.2300
2023-05-05,1320.1500
2023-05-08,1316.9600
2023-05-09,1322.4100
2023-05-10,1326.0500
2023-05-11,1318.0500
2023-05-12,1329.8800
2023-05-15,1341.5200
2023-05-16,1335.4000
2023-05-17,1342.4301
2023-05-18,1334.1500
2023-05-19,1334.7400
2023-05-22,1324.2100
2023-05-23,1313.8300
2023-05-24,1319.8400
2023-05-25,1318.5200
2023-05-26,1330.8900
2023-05-29,1322.4301
2023-05-30,1324.5900
2023-05-31,1319.7900
2023-06-01,1321.7400
2023-06-02,1312.8500
2023-06-05,1305.1400
2023-06-06,1299.7900
2023-06-07,1299.2000
2023-06-08,1308.3400
2023-06-09,1296.3300
2023-06-12,1286.6899
2023-06-13,1284.5800
2023-06-14,1267.6200
2023-06-15,1273.9900
2023-06-16,1270.0500
2023-06-19,1276.3101
2023-06-20,1283.2400
2023-06-21,1287.5400
2023-06-22,1288.3800
2023-06-23,1298.2100
2023-06-26,1307.6700
2023-06-27,1302.6600
2023-06-28,1296.6000
2023-06-29,1309.0100
2023-06-30,1323.0699
2023-07-03,1315.3000
2023-07-04,1306.1000
2023-07-05,1295.5000
2023-07-06,1302.9700
2023-07-07,1309.2200
2023-07-10,1297.3700
2023-07-11,1299.5400
2023-07-12,1291.5100
2023-07-13,1274.7000
2023-07-14,1266.8300
2023-07-17,1268.3400
2023-07-18,1265.4500
2023-07-19,1264.9399
2023-07-20,1265.0900
2023-07-21,1278.4000
2023-07-24,1285.6500
2023-07-25,1280.5300
2023-07-26,1274.1200
2023-07-27,1275.1700
2023-07-28,1283.8800
2023-07-31,1272.3900
2023-08-01,1277.9301
2023-08-02,1289.0500
2023-08-03,1295.3700
2023-08-04,1296.4000
2023-08-07,1303.0500
2023-08-08,1307.7500
2023-08-09,1316.6700
2023-08-10,1313.6400
2023-08-11,1318.3300
2023-08-14,1329.6100
2023-08-15,1334.7400
2023-08-16,1338.7400
2023-08-17,1343.3300
2023-08-18,1339.0800
2023-08-21,1339.1700
2023-08-22,1339.7400
2023-08-23,1339.6899
2023-08-24,1327.7800
2023-08-25,1326.6200
2023-08-28,1323.6100
2023-08-29,1322.8199
2023-08-30,1321.0699
2023-08-31,1323.0300
2023-09-01,1324.6400
2023-09-04,1317.4600
2023-09-05,1317.9500
2023-09-06,1331.7300
2023-09-07,1333.4600
2023-09-08,1334.0200
2023-09-11,1335.3199
2023-09-12,1320.4399
2023-09-13,1324.1000
2023-09-14,1329.7700
2023-09-15,1327.0601
2023-09-18,1328.4200
2023-09-19,1329.6600
2023-09-20,1328.5300
2023-09-21,1332.3400
2023-09-22,1341.1700
2023-09-25,1334.6600
2023-09-26,1338.4500
2023-09-27,1353.7500
2023-09-28,1352.8199
2023-09-29,1347.8500
2023-10-02,1351.9399
2023-10-03,1354.1899
2023-10-04,1359.2200
2023-10-05,1351.1600
2023-10-06,1346.0601
2023-10-09,1343.3600
2023-10-10,1346.8900
2023-10-11,1341.8900
2023-10-12,1338.2600
2023-10-13,1348.3400
2023-10-16,1352.0699
2023-10-17,1347.7600
2023-10-18,1352.9900
2023-10-19,1354.5601
2023-10-20,1356.2300
2023-10-23,1349.3400
2023-10-24,1334.4399
2023-10-25,1343.6400
2023-10-26,1352.6801
2023-10-27,1350.3400
2023-10-30,1355.2200
2023-10-31,1348.0699
2023-11-01,1350.1600
2023-11-02,1347.8400
2023-11-03,1333.6801
2023-11-06,1307.8400
2023-11-07,1297.1100
2023-11-08,1304.5500
2023-11-09,1308.1200
2023-11-10,1315.2000
2023-11-13,1319.6200
2023-11-14,1319.0699
2023-11-15,1304.2400
2023-11-16,1301.8600
2023-11-17,1292.4500
2023-11-20,1294.5000
2023-11-21,1288.1500
2023-11-22,1295.1899
2023-11-23,1298.7900
2023-11-24,1300.1801
2023-11-27,1289.7900
2023-11-28,1302.5300
2023-11-29,1287.5300
2023-11-30,1288.3600
2023-12-01,1296.6600
2023-12-04,1299.1899
2023-12-05,1307.8000
2023-12-06,1313.3700
2023-12-07,1313.7200
2023-12-08,1312.7600
2023-12-11,1316.5100
2023-12-12,1313.6200
2023-12-13,1310.1400
2023-12-14,1292.0100
2023-12-15,1291.9200
2023-12-18,1276.4700
2023-12-19,1302.9301
2023-12-20,1297.7600
2023-12-21,1296.9800
2023-12-22,1291.7100
2023-12-25,1297.3600
2023-12-26,1294.5800
2023-12-27,1293.9200
2023-12-28,1294.7600
2023-12-29,1277.8400
2024-01-01,1293.5300
2024-01-02,1293.5400
2024-01-03,1307.6200
2024-01-04,1309.5300
2024-01-05,1311.2500
2024-01-08,1313.1300
2024-01-09,1311.8000
2024-01-10,1319.7900
2024-01-11,1317.5000
2024-01-12,1311.9900
2024-01-15,1312.8500
2024-01-16,1319.7100
2024-01-17,1337.7900
2024-01-18,1344.0500
2024-01-19,1337.6600
2024-01-22,1333.2100
2024-01-23,1338.7400
2024-01-24,1336.7800
2024-01-25,1329.8900
2024-01-26,1336.0300
2024-01-29,1336.7600
2024-01-30,1333.2100
2024-01-31,1326.6200
2024-02-01,1333.9100
2024-02-02,1328.9500
2024-02-05,1337.7300
2024-02-06,1333.3900
2024-02-07,1326.7900
2024-02-08,1327.6200
2024-02-09,1331.4700
2024-02-12,1330.0601
2024-02-13,1328.5000
2024-02-14,1340.7900
2024-02-15,1326.0000
2024-02-16,1327.6600
2024-02-19,1331.5800
2024-02-20,1333.3400
2024-02-21,1333.7500
2024-02-22,1332.8700
2024-02-23,1327.1700
2024-02-26,1330.0000
2024-02-27,1331.7200
2024-02-28,1331.7900
2024-02-29,1333.3800
2024-03-01,1335.2000
2024-03-04,1330.9000
2024-03-05,1328.9399
2024-03-06,1333.4301
2024-03-07,1327.0900
2024-03-08,1321.1801
2024-03-11,1315.9800
2024-03-12,1310.5400
2024-03-13,1311.1500
2024-03-14,1313.6500
2024-03-15,1321.9200
2024-03-18,1329.3400
2024-03-19,1336.0900
2024-03-20,1337.0200
2024-03-21,1330.1100
2024-03-22,1334.6801
2024-03-25,1343.6000
2024-03-26,1339.1300
2024-03-27,1343.0601
2024-03-28,1349.8000
2024-03-29,1349.8000
2024-04-01,1345.3101
2024-04-02,1355.5300
2024-04-03,1350.7300
2024-04-04,1344.8400
2024-04-05,1351.3600
2024-04-08,1350.2700
2024-04-09,1354.2200
2024-04-10,1348.5400
2024-04-11,1363.7600
2024-04-12,1367.8400
2024-04-15,1379.6100
2024-04-16,1387.6700
2024-04-17,1387.3400
2024-04-18,1379.5400
2024-04-19,1379.4000
2024-04-22,1373.9301
2024-04-23,1378.8400
2024-04-24,1370.4800
2024-04-25,1376.9700
2024-04-26,1371.7000
2024-04-29,1377.0900
2024-04-30,1374.6400
2024-05-01,1385.4600
2024-05-02,1375.0000
2024-05-03,1364.6400
2024-05-06,1355.0500
2024-05-07,1352.1700
2024-05-08,1357.7300
2024-05-09,1361.9399
2024-05-10,1365.4000
2024-05-13,1370.1100
2024-05-14,1363.7900
2024-05-15,1362.5500
2024-05-16,1353.6000
2024-05-17,1346.0400
2024-05-20,1353.3900
2024-05-21,1360.1600
2024-05-22,1363.4200
2024-05-23,1365.8101
2024-05-24,1367.6200
2024-05-27,1365.7100
2024-05-28,1360.9301
2024-05-29,1362.7600
2024-05-30,1370.5500
2024-05-31,1375.6200
2024-06-03,1382.1000
2024-06-04,1370.7900
2024-06-05,1373.7200
2024-06-06,1368.7400
2024-06-07,1365.2500
2024-06-10,1379.0500
2024-06-11,1373.9600
2024-06-12,1377.3600
2024-06-13,1370.4100
2024-06-14,1373.7400
2024-06-17,1382.2800
2024-06-18,1379.0601
2024-06-19,1378.6100
2024-06-20,1381.1500
2024-06-21,1391.8199
2024-06-24,1388.3900
2024-06-25,1386.1100
2024-06-26,1390.8900
2024-06-27,1393.3800
2024-06-28,1386.9500
2024-07-01,1380.2900
2024-07-02,1383.4200
2024-07-03,1383.4200
2024-07-04,1385.7700
2024-07-05,1380.2500
2024-07-08,1376.5699
2024-07-09,1382.7500
2024-07-10,1382.4200
2024-07-11,1382.9900
2024-07-12,1371.2700
2024-07-15,1374.1100
2024-07-16,1383.6899
2024-07-17,1382.6400
2024-07-18,1378.6500
2024-07-19,1385.2400
2024-07-22,1388.8101
2024-07-23,1387.1000
2024-07-24,1384.5699
2024-07-25,1382.6500
2024-07-26,1381.4301
2024-07-29,1382.0900
2024-07-30,1381.3600
2024-07-31,1383.5000
2024-08-01,1367.9200
2024-08-02,1368.9700
2024-08-05,1357.1700
2024-08-06,1367.4000
2024-08-07,1370.3101
2024-08-08,1375.3300
2024-08-09,1373.7600
2024-08-12,1363.8400
2024-08-13,1369.5400
2024-08-14,1362.1700
2024-08-15,1355.7100
2024-08-16,1363.5100
2024-08-19,1348.9800
2024-08-20,1330.8800
2024-08-21,1327.5800
2024-08-22,1333.6600
2024-08-23,1339.5400
2024-08-26,1323.8800
2024-08-27,1326.6400
2024-08-28,1326.3600
2024-08-29,1336.6899
2024-08-30,1332.8800
2024-09-02,1336.5800
2024-09-03,1337.5500
2024-09-04,1340.4100
2024-09-05,1331.0100
2024-09-06,1332.7900
2024-09-09,1337.7700
2024-09-10,1341.2700
2024-09-11,1343.3400
2024-09-12,1339.1801
2024-09-13,1335.6899
2024-09-16,1329.5100
2024-09-17,1319.1100
2024-09-18,1322.9301
2024-09-19,1322.2600
2024-09-20,1327.6100
2024-09-23,1331.5000
2024-09-24,1333.6200
2024-09-25,1324.8900
2024-09-26,1335.0500
2024-09-27,1313.3000
2024-09-30,1309.3000
2024-10-01,1315.3300
2024-10-02,1324.8400
2024-10-03,1324.0300
2024-10-04,1334.4100
2024-10-07,1345.8800
2024-10-08,1342.3700
2024-10-09,1341.3101
2024-10-10,1343.0200
2024-10-11,1349.7400
2024-10-14,1348.3300
2024-10-15,1357.2700
2024-10-16,1363.1801
2024-10-17,1364.2000
2024-10-18,1370.0500
2024-10-21,1369.0100
2024-10-22,1376.5000
2024-10-23,1376.6300
2024-10-24,1377.3400
2024-10-25,1376.3199
2024-10-28,1387.6600
2024-10-29,1381.9700
2024-10-30,1383.1801
2024-10-31,1378.5699
2024-11-01,1372.9301
2024-11-04,1379.3400
2024-11-05,1372.8600
2024-11-06,1378.0000
2024-11-07,1399.8000
2024-11-08,1372.0800
2024-11-11,1397.2000
2024-11-12,1400.5500
2024-11-13,1406.6500
2024-11-14,1399.0000
2024-11-15,1400.8300
2024-11-18,1394.3500
2024-11-19,1389.5000
2024-11-20,1392.1600
2024-11-21,1397.6200
2024-11-22,1399.6000
2024-11-25,1403.5100
2024-11-26,1395.5601
2024-11-27,1395.2700
2024-11-28,1388.4700
2024-11-29,1393.3000
2024-12-02,1399.8600
2024-12-03,1401.0601
2024-12-04,1411.6700
2024-12-05,1410.8000
2024-12-06,1399.9900
2024-12-09,1424.2200
2024-12-10,1426.6000
2024-12-11,1433.9500
2024-12-12,1429.1500
2024-12-13,1427.8600
2024-12-16,1434.4500
2024-12-17,1431.3500
2024-12-18,1436.4200
2024-12-19,1451.5000
2024-12-20,1437.4500
2024-12-23,1445.4200
2024-12-24,1442.7000
2024-12-25,1453.4200
2024-12-26,1457.6100
2024-12-27,1466.9900
2024-12-30,1472.8000
2024-12-31,1467.3900
2025-01-02,1473.5200
2025-01-03,1471.6500
2025-01-06,1465.5300
2025-01-07,1459.4500
2025-01-08,1451.8800
2025-01-09,1457.9700
2025-01-10,1455.2300
2025-01-13,1472.2500
2025-01-14,1458.8900
2025-01-15,1460.4399
2025-01-16,1437.2200
2025-01-17,1453.3199
2025-01-20,1457.3800
2025-01-21,1435.5300
2025-01-22,1425.7900
2025-01-23,1434.3400
2025-01-24,1433.9301
2025-01-27,1427.6300
2025-01-28,1417.9200
2025-01-29,1443.2600
2025-01-30,1443.3199
2025-01-31,1441.6600
2025-02-03,1456.7800
2025-02-04,1459.0500
2025-02-05,1450.1600
2025-02-06,1443.8900
2025-02-07,1442.1500
2025-02-10,1450.6200
2025-02-11,1453.2100
2025-02-12,1450.7500
2025-02-13,1452.1200
2025-02-14,1438.7400
2025-02-17,1432.6000
2025-02-18,1441.2900
2025-02-19,1440.0800
2025-02-20,1439.9800
2025-02-21,1431.7000
2025-02-24,1434.2900
2025-02-25,1428.6500
2025-02-26,1429.5000
2025-02-27,1434.4200
2025-02-28,1449.8600
2025-03-03,1459.8000
2025-03-04,1457.9301
2025-03-05,1452.8500
2025-03-06,1443.0300
2025-03-07,1446.5000
2025-03-10,1446.2600
2025-03-11,1457.0300
2025-03-12,1451.0200
2025-03-13,1448.7500
2025-03-14,1453.2300
2025-03-17,1449.0500
2025-03-18,1442.4900
2025-03-19,1448.9399
2025-03-20,1443.3900
2025-03-21,1465.8199
2025-03-24,1464.7800
2025-03-25,1466.2700
2025-03-26,1462.0900
2025-03-27,1465.6801
2025-03-28,1461.8900
2025-03-31,1469.4100
2025-04-01,1471.9600
2025-04-02,1469.9700
2025-04-03,1466.0400
2025-04-04,1450.6801
2025-04-07,1458.5200
2025-04-08,1469.9500
2025-04-09,1486.1300
2025-04-10,1443.9500
2025-04-11,1452.0400
2025-04-14,1419.0500
2025-04-15,1419.4200
2025-04-16,1427.0200
2025-04-17,1414.2300
2025-04-22,1421.6400
2025-04-23,1429.2200
2025-04-24,1426.4500
2025-04-25,1430.0601
2025-04-28,1437.3600
2025-04-29,1435.8800
2025-04-30,1431.1600
2025-05-01,1423.7500
2025-05-02,1435.1000
2025-05-05,1398.9000
2025-05-06,1374.3700
2025-05-07,1374.7700
2025-05-08,1397.2900
2025-05-09,1403.8500
2025-05-12,1395.1700
2025-05-13,1416.0300
2025-05-14,1416.0000
2025-05-15,1407.3300
2025-05-16,1397.0200
2025-05-19,1398.1300
2025-05-20,1388.5500
2025-05-21,1392.7300
2025-05-22,1373.8600
2025-05-23,1381.3400
2025-05-26,1364.7300
2025-05-27,1368.1000
2025-05-28,1374.8000
2025-05-29,1373.6000
2025-05-30,1370.4100
2025-06-02,1381.9900
2025-06-03,1376.0699
2025-06-04,1377.7200
2025-06-05,1361.0900
2025-06-06,1354.5500
2025-06-09,1359.1899
2025-06-10,1353.8500
2025-06-11,1363.8800
2025-06-12,1365.6899
2025-06-13,1349.7900
2025-06-16,1365.1400
2025-06-17,1357.7800
2025-06-18,1380.5000
2025-06-19,1370.7500
2025-06-20,1374.8900
2025-06-23,1369.4700
2025-06-24,1361.9399
2025-06-25,1353.7800
2025-06-26,1357.0300
2025-06-27,1352.7600
2025-06-30,1363.5900
2025-07-01,1348.5000
2025-07-02,1355.5900
2025-07-03,1354.7500
2025-07-04,1357.1000
2025-07-07,1362.2000
2025-07-08,1374.6400
2025-07-09,1370.3000
2025-07-10,1373.0000
2025-07-11,1372.6400
2025-07-14,1378.1700
2025-07-15,1382.0100
2025-07-16,1386.4500
2025-07-17,1384.9200
2025-07-18,1391.5800
2025-07-21,1390.5699
2025-07-22,1381.8199
2025-07-23,1379.7800
2025-07-24,1373.7200
2025-07-25,1372.0000
2025-07-28,1382.7800
2025-07-29,1388.2900
2025-07-30,1388.8600
2025-07-31,1392.5200
2025-08-01,1391.5100
2025-08-04,1390.1801
2025-08-05,1383.5900
2025-08-06,1386.5800
2025-08-07,1384.3900
2025-08-08,1384.9700
2025-08-11,1387.8101
2025-08-12,1389.7900
2025-08-13,1383.0900
2025-08-14,1378.7800
2025-08-15,1387.8700
2025-08-18,1387.9800
2025-08-19,1386.9100
2025-08-20,1391.3400
2025-08-21,1396.9100
2025-08-22,1399.6100
2025-08-25,1382.8900
2025-08-26,1389.0500
2025-08-27,1393.9500
2025-08-28,1392.7500
2025-08-29,1384.4100
2025-09-01,1388.8400
2025-09-02,1392.9399
2025-09-03,1394.5699
2025-09-04,1389.6300
2025-09-05,1392.0601
2025-09-08,1385.5100
2025-09-09,1385.7200
2025-09-10,1387.2500
2025-09-11,1387.2000
2025-09-12,1389.5000
2025-09-15,1393.7000
2025-09-16,1385.0100
2025-09-17,1377.6400
2025-09-18,1378.6899
2025-09-19,1386.7500
2025-09-22,1396.2300
2025-09-23,1389.3900
2025-09-24,1391.8500
2025-09-25,1403.6500
2025-09-26,1408.9200
2025-09-29,1408.7100
2025-09-30,1399.3300
2025-10-01,1403.1500
2025-10-02,1401.8199
2025-10-03,1405.6300
2025-10-06,1406.0601
2025-10-07,1409.9200
2025-10-08,1414.5699
2025-10-09,1422.5200
2025-10-10,1421.5100
2025-10-13,1429.0300
2025-10-14,1426.0699
2025-10-15,1429.4301
2025-10-16,1420.0900
2025-10-17,1415.7200
2025-10-20,1419.7400
2025-10-21,1419.7400
2025-10-22,1430.7400
2025-10-23,1430.4000
2025-10-24,1435.8400
2025-10-27,1436.9700
2025-10-28,1430.9700
2025-10-29,1425.9700
2025-10-30,1424.0100
2025-10-31,1424.0200
2025-11-03,1427.1700
2025-11-04,1428.9700
2025-11-05,1439.8101
2025-11-06,1439.7400
2025-11-07,1447.9000
2025-11-10,1454.0000
2025-11-11,1456.0900
2025-11-12,1459.8400
2025-11-13,1468.0200
2025-11-14,1468.7100
2025-11-17,1446.5300
2025-11-18,1461.6899
2025-11-19,1456.5500
2025-11-20,1466.1300
2025-11-21,1473.2500
2025-11-24,1467.7300
2025-11-25,1474.8600
2025-11-26,1464.9200
2025-11-27,1470.5900
2025-11-28,1461.4000
2025-12-01,1465.6200
2025-12-02,1470.1700
2025-12-03,1467.3600
2025-12-04,1465.0300
2025-12-05,1472.3800
2025-12-08,1471.8101
2025-12-09,1468.5100
2025-12-10,1467.9301
2025-12-11,1469.0400
2025-12-12,1470.8500
2025-12-15,1472.9100
2025-12-16,1467.4800
2025-12-17,1471.7400
2025-12-18,1474.0000
2025-12-19,1474.3600
2025-12-22,1473.7200
2025-12-23,1476.8400
2025-12-24,1478.6700
2025-12-26,1446.5200
2025-12-29,1441.3300
2025-12-30,1434.7100
2025-12-31,1437.9100
2026-01-02,1443.6400
2026-01-05,1440.4800
2026-01-06,1445.5601
2026-01-07,1444.9600
2026-01-08,1446.1400
2026-01-09,1450.0800
2026-01-12,1455.2400
2026-01-13,1464.9301
2026-01-14,1473.0100
2026-01-15,1462.9000
2026-01-16,1468.8400
2026-01-19,1471.5800
2026-01-20,1471.5200
2026-01-21,1477.7800
2026-01-22,1464.8300
2026-01-23,1463.2600
2026-01-26,1444.8101
2026-01-27,1440.9800
2026-01-28,1432.5100
2026-01-29,1429.2700
2026-01-30,1428.7600
2026-02-02,1448.8000
2026-02-03,1452.5400
2026-02-04,1446.6801
2026-02-05,1460.1100
2026-02-06,1470.6801
2026-02-09,1462.4000
2026-02-10,1458.5400
2026-02-11,1455.3300
2026-02-12,1444.1899
2026-02-13,1440.9000
2026-02-16,1439.5200
2026-02-17,1440.2300
2026-02-18,1439.9700
2026-02-19,1440.1600
2026-02-20,1447.7500
2026-02-23,1443.4399
2026-02-24,1442.2000
2026-02-25,1439.9900
2026-02-26,1426.9301
2026-02-27,1432.3199
2026-03-02,1438.5000
2026-03-03,1452.2700
2026-03-04,1483.0699
2026-03-05,1460.7500
2026-03-06,1479.5100
2026-03-09,1483.8900
2026-03-10,1464.4700
2026-03-11,1472.7800
2026-03-12,1475.3400
2026-03-13,1470.5800
2026-03-16,1501.7500
2026-03-17,1488.9100
2026-03-18,1484.8700
2026-03-19,1505.2500
2026-03-20,1489.8400
2026-03-23,1504.2100
2026-03-24,1485.3600
2026-03-25,1497.3101
2026-03-26,1500.9700
2026-03-27,1508.3600
2026-03-30,1507.0200
2026-03-31,1516.1300
2026-04-01,1503.3300
2026-04-02,1512.0900
2026-04-03,1509.2200
2026-04-06,1509.2600
2026-04-07,1507.8500
2026-04-08,1499.1300
2026-04-09,1477.6000
2026-04-10,1473.2800
2026-04-13,1482.1801
2026-04-14,1476.8400
2026-04-15,1469.4200
2026-04-16,1474.0601
2026-04-17,1477.9200
2026-04-20,1465.1500
2026-04-21,1469.2600
2026-04-22,1485.8000
2026-04-23,1477.9600
2026-04-24,1479.9500
2026-04-27,1474.6899
2026-04-28,1473.0000
2026-04-29,1471.9900
2026-04-30,1487.3800
2026-05-01,1474.0100
2026-05-04,1471.7300
2026-05-05,1476.0500
2026-05-06,1473.9600
2026-05-07,1444.4500
2026-05-08,1454.7900
2026-05-11,1460.5500
2026-05-12,1474.4500
2026-05-13,1492.9900
2026-05-14,1489.8400
2026-05-15,1493.3400
2026-05-18,1497.1500
2026-05-19,1492.3199
2026-05-20,1507.8500
2026-05-21,1499.7700
2026-05-22,1504.4000
2026-05-25,1512.8300
2026-05-26,1514.7900
2026-05-27,1505.4399
2026-05-28,1503.1100
2026-05-29,1495.2900
2026-06-01,1506.8400
2026-06-02,1511.2700
2026-06-03,1516.6000
2026-06-04,1530.1100
2026-06-05,1533.0699
2026-06-08,1554.4800
2026-06-09,1528.8800
2026-06-10,1525.8101
2026-06-11,1525.0500
2026-06-12,1517.3800
2026-06-15,1509.5000
2026-06-16,1513.3101
2026-06-17,1510.9600
2026-06-18,1525.4200
2026-06-19,1537.5601
2026-06-22,1531.3300
2026-06-23,1539.0500
2026-06-24,1535.2500
2026-06-25,1542.7600
2026-06-26,1546.4800
2026-06-29,1535.2400
2026-06-30,1541.7300
2026-07-01,1548.6100
2026-07-02,1551.8101
2026-07-03,1542.1300
2026-07-06,1531.0000
2026-07-07,1528.7600
2026-07-08,1519.8600
2026-07-09,1503.3500
2026-07-10,1505.9100
2026-07-13,1498.4800
2026-07-14,1497.7000
2026-07-15,1487.8800
2026-07-16,1486.2000
2026-07-17,1478.8500
2026-07-20,1487.3900
2026-07-21,1475.0100
2026-07-22,1479.7200
2026-07-23,1475.6300
2026-07-24,1474.0400
2026-07-27,1458.0100
2026-07-28,1464.4399
2026-07-29,1453.1600
2026-07-30,1442.2800
2026-07-31,1420.6000
2026-08-03,1435.7000
2026-08-04,1428.5000
2026-08-05,1428.4301
2026-08-06,1421.1600
2026-08-07,1422.3000
2026-08-10,1407.0000
2026-08-11,1417.3101
2026-08-12,1412.1801
2026-08-13,1416.4600
2026-08-14,1416.8500
2026-08-17,1415.3700
2026-08-18,1414.7300
2026-08-19,1413.5800
2026-08-20,1389.4000
2026-08-21,1390.7900
2026-08-24,1384.9800
2026-08-25,1380.7600
2026-08-26,1381.4900
2026-08-27,1383.4900
2026-08-28,1380.4500
2026-08-31,1377.1100
2026-09-01,1369.0800
