date,close
2000-08-23,32.0500
2000-08-24,31.6300
2000-08-25,32.0500
2000-08-28,32.8700
2000-08-29,32.7200
2000-08-30,33.4000
2000-08-31,33.1000
2000-09-01,33.3800
2000-09-05,33.8000
2000-09-06,34.9500
2000-09-07,35.3300
2000-09-08,33.7000
2000-09-11,35.1000
2000-09-12,34.2000
2000-09-13,33.8000
2000-09-14,34.1000
2000-09-15,35.8500
2000-09-18,36.8800
2000-09-19,36.5000
2000-09-20,37.5000
2000-09-21,33.9500
2000-09-22,32.6500
2000-09-25,31.5700
2000-09-26,31.5000
2000-09-27,31.5000
2000-09-28,30.3000
2000-09-29,30.8600
2000-10-02,32.1500
2000-10-03,32.0700
2000-10-04,31.5000
2000-10-05,30.6500
2000-10-06,30.8500
2000-10-09,31.8800
2000-10-10,33.1500
2000-10-11,33.1500
2000-10-12,36.1000
2000-10-13,35.0500
2000-10-16,33.1000
2000-10-17,32.9500
2000-10-18,33.5500
2000-10-19,32.9500
2000-10-20,34.3000
2000-10-23,33.7300
2000-10-24,33.3700
2000-10-25,32.9600
2000-10-26,33.7500
2000-10-27,32.7000
2000-10-30,32.8100
2000-10-31,32.6900
2000-11-01,33.2000
2000-11-02,32.5400
2000-11-03,32.6000
2000-11-06,32.8600
2000-11-07,33.4000
2000-11-08,33.2900
2000-11-09,33.9500
2000-11-10,34.0900
2000-11-13,34.4300
2000-11-14,34.8500
2000-11-15,35.6000
2000-11-16,35.0500
2000-11-17,35.6000
2000-11-20,35.2200
2000-11-21,35.1500
2000-11-22,35.4000
2000-11-27,35.3800
2000-11-28,34.2500
2000-11-29,34.6300
2000-11-30,33.8000
2000-12-01,32.0500
2000-12-04,31.3000
2000-12-05,29.5500
2000-12-06,29.8500
2000-12-07,29.3600
2000-12-08,28.5000
2000-12-11,29.4500
2000-12-12,29.6900
2000-12-13,28.5000
2000-12-14,27.9000
2000-12-15,28.8500
2000-12-18,29.6500
2000-12-19,28.8000
2000-12-20,25.6700
2000-12-21,26.0500
2000-12-22,26.1800
2000-12-26,26.6500
2000-12-27,26.4500
2000-12-28,25.8500
2000-12-29,26.8000
2001-01-02,27.2000
2001-01-03,27.9500
2001-01-04,28.2000
2001-01-05,28.0000
2001-01-08,27.3500
2001-01-09,27.7200
2001-01-10,29.5000
2001-01-11,29.5000
2001-01-12,30.0500
2001-01-16,30.3500
2001-01-17,29.6500
2001-01-18,30.4500
2001-01-19,32.1000
2001-01-22,32.0000
2001-01-23,29.5700
2001-01-24,29.0500
2001-01-25,29.3600
2001-01-26,29.7800
2001-01-29,29.0600
2001-01-30,29.0600
2001-01-31,28.7000
2001-02-01,29.8000
2001-02-02,31.2500
2001-02-05,30.5000
2001-02-06,30.3500
2001-02-07,31.2000
2001-02-08,31.5600
2001-02-09,31.0500
2001-02-12,30.5500
2001-02-13,30.3400
2001-02-14,29.7500
2001-02-15,28.8000
2001-02-16,29.1600
2001-02-20,28.5800
2001-02-21,28.5500
2001-02-22,28.8200
2001-02-23,29.0000
2001-02-26,28.4400
2001-02-27,28.1200
2001-02-28,27.4200
2001-03-01,27.6500
2001-03-02,27.8400
2001-03-05,28.6000
2001-03-06,28.3000
2001-03-07,28.9500
2001-03-08,28.4900
2001-03-09,27.8000
2001-03-12,28.0000
2001-03-13,27.4500
2001-03-14,26.4500
2001-03-15,26.6500
2001-03-16,26.7000
2001-03-19,26.1800
2001-03-20,25.9000
2001-03-21,26.8000
2001-03-22,26.5200
2001-03-23,27.3000
2001-03-26,27.4600
2001-03-27,27.7500
2001-03-28,26.2500
2001-03-29,26.3500
2001-03-30,26.4000
2001-04-02,25.5900
2001-04-03,26.1900
2001-04-04,27.1200
2001-04-05,27.2600
2001-04-06,27.0600
2001-04-09,27.3400
2001-04-10,28.4800
2001-04-11,28.1800
2001-04-12,28.2500
2001-04-16,28.7900
2001-04-17,28.2400
2001-04-18,27.9500
2001-04-19,27.8300
2001-04-20,27.2800
2001-04-23,27.6100
2001-04-24,26.8600
2001-04-25,27.2900
2001-04-26,28.4400
2001-04-27,28.2700
2001-04-30,28.4600
2001-05-01,28.9400
2001-05-02,27.8000
2001-05-03,28.4500
2001-05-04,28.3600
2001-05-07,27.7700
2001-05-08,27.3900
2001-05-09,28.2300
2001-05-10,28.5200
2001-05-11,28.5500
2001-05-14,28.7100
2001-05-15,28.9800
2001-05-16,28.8600
2001-05-17,28.9100
2001-05-18,29.9100
2001-05-21,29.9800
2001-05-22,29.7400
2001-05-23,29.5800
2001-05-24,28.4100
2001-05-25,28.3800
2001-05-29,28.6600
2001-05-30,28.5500
2001-05-31,28.3700
2001-06-01,27.9300
2001-06-04,28.1300
2001-06-05,28.2400
2001-06-06,27.7200
2001-06-07,27.7500
2001-06-08,28.4000
2001-06-11,29.0400
2001-06-12,29.1800
2001-06-13,28.8400
2001-06-14,29.0400
2001-06-15,28.5100
2001-06-18,27.5500
2001-06-19,27.4800
2001-06-20,26.5000
2001-06-21,26.5600
2001-06-22,26.8300
2001-06-25,27.2500
2001-06-26,26.9800
2001-06-27,25.6100
2001-06-28,25.5600
2001-06-29,26.2500
2001-07-02,25.9500
2001-07-03,26.2400
2001-07-05,27.0200
2001-07-06,28.2100
2001-07-09,27.5900
2001-07-10,27.4900
2001-07-11,27.1100
2001-07-12,26.8000
2001-07-13,26.5900
2001-07-16,26.0600
2001-07-17,25.5700
2001-07-18,24.8900
2001-07-19,24.7000
2001-07-20,25.5900
2001-07-23,26.1200
2001-07-24,26.3100
2001-07-25,26.8400
2001-07-26,26.7300
2001-07-27,27.0200
2001-07-30,26.6300
2001-07-31,26.3500
2001-08-01,26.7700
2001-08-02,27.7100
2001-08-03,27.6200
2001-08-06,27.7400
2001-08-07,27.9400
2001-08-08,27.5400
2001-08-09,27.6400
2001-08-10,28.0500
2001-08-13,27.8200
2001-08-14,28.0100
2001-08-15,27.5600
2001-08-16,27.4500
2001-08-17,26.6300
2001-08-20,27.1800
2001-08-21,27.8500
2001-08-22,26.3700
2001-08-23,26.6300
2001-08-24,26.9000
2001-08-27,26.6700
2001-08-28,27.1700
2001-08-29,27.0500
2001-08-30,26.5500
2001-08-31,27.2000
2001-09-04,26.9300
2001-09-05,26.9500
2001-09-06,27.5800
2001-09-07,28.0300
2001-09-10,27.6300
2001-09-14,29.5300
2001-09-17,28.8100
2001-09-18,27.7000
2001-09-19,26.7200
2001-09-20,26.5900
2001-09-21,25.9700
2001-09-24,22.0100
2001-09-25,21.8100
2001-09-26,22.3800
2001-09-27,22.7400
2001-09-28,23.4300
2001-10-01,23.2800
2001-10-02,22.7900
2001-10-03,22.0800
2001-10-04,22.6300
2001-10-05,22.3900
2001-10-08,22.4500
2001-10-09,22.4800
2001-10-10,22.5300
2001-10-11,23.3400
2001-10-12,22.5000
2001-10-15,22.2900
2001-10-16,22.0000
2001-10-17,21.8100
2001-10-18,21.3100
2001-10-19,21.8300
2001-10-22,21.7600
2001-10-23,21.8500
2001-10-24,22.3300
2001-10-25,22.0100
2001-10-26,22.0500
2001-10-29,22.1500
2001-10-30,21.8700
2001-10-31,21.1800
2001-11-01,20.3900
2001-11-02,20.1800
2001-11-05,20.0200
2001-11-06,19.9200
2001-11-07,20.0900
2001-11-08,21.1700
2001-11-09,22.2200
2001-11-12,21.2300
2001-11-13,21.6700
2001-11-14,19.7400
2001-11-15,17.4500
2001-11-16,18.0300
2001-11-19,17.7200
2001-11-20,19.1500
2001-11-21,18.9600
2001-11-26,18.6900
2001-11-27,19.4800
2001-11-28,19.2200
2001-11-29,18.6200
2001-11-30,19.4400
2001-12-03,20.0900
2001-12-04,19.6500
2001-12-05,19.4900
2001-12-06,18.5400
2001-12-07,19.0400
2001-12-10,18.3700
2001-12-11,18.0800
2001-12-12,18.3600
2001-12-13,18.1200
2001-12-14,19.2900
2001-12-17,19.2200
2001-12-18,19.3600
2001-12-19,19.8000
2001-12-20,19.2800
2001-12-21,19.6200
2001-12-26,21.2700
2001-12-27,20.9000
2001-12-28,20.4100
2001-12-31,19.8400
2002-01-02,21.0100
2002-01-03,20.3700
2002-01-04,21.6200
2002-01-07,21.4800
2002-01-08,21.2500
2002-01-09,20.1800
2002-01-10,20.3800
2002-01-11,19.6800
2002-01-14,18.8900
2002-01-15,18.9000
2002-01-16,18.8600
2002-01-17,18.0400
2002-01-18,18.0000
2002-01-22,18.6000
2002-01-23,19.4800
2002-01-24,19.7200
2002-01-25,20.0000
2002-01-28,20.0500
2002-01-29,19.5700
2002-01-30,19.1500
2002-01-31,19.4800
2002-02-01,20.4000
2002-02-04,20.0600
2002-02-05,20.0500
2002-02-06,19.7500
2002-02-07,19.6800
2002-02-08,20.2500
2002-02-11,21.3200
2002-02-12,20.7500
2002-02-13,21.1500
2002-02-14,21.2200
2002-02-15,21.5000
2002-02-19,20.8700
2002-02-20,20.2300
2002-02-21,21.0500
2002-02-22,21.0800
2002-02-25,20.4200
2002-02-26,21.3600
2002-02-27,21.2900
2002-02-28,21.8500
2002-03-01,22.3600
2002-03-04,22.5000
2002-03-05,23.1700
2002-03-06,23.2200
2002-03-07,23.7800
2002-03-08,23.8500
2002-03-11,24.3000
2002-03-12,24.1500
2002-03-13,24.1500
2002-03-14,24.5500
2002-03-15,24.4800
2002-03-18,25.0500
2002-03-19,25.0500
2002-03-20,24.7000
2002-03-21,25.6000
2002-03-22,25.2600
2002-03-25,25.0200
2002-03-26,25.4300
2002-03-27,25.8700
2002-03-28,26.2300
2002-04-01,26.8600
2002-04-02,27.7000
2002-04-03,27.5600
2002-04-04,26.6800
2002-04-05,26.2200
2002-04-08,26.5500
2002-04-09,25.8000
2002-04-10,26.1200
2002-04-11,25.0200
2002-04-12,23.4500
2002-04-15,24.5500
2002-04-16,24.8500
2002-04-17,25.9200
2002-04-18,26.0900
2002-04-19,26.4000
2002-04-22,26.3000
2002-04-23,26.5900
2002-04-24,26.4300
2002-04-25,26.6700
2002-04-26,27.1500
2002-04-29,27.5200
2002-04-30,27.2900
2002-05-01,26.7400
2002-05-02,26.3500
2002-05-03,26.7200
2002-05-06,26.0800
2002-05-07,26.6200
2002-05-08,27.7300
2002-05-09,27.7000
2002-05-10,27.8800
2002-05-13,28.4500
2002-05-14,29.3000
2002-05-15,28.2000
2002-05-16,27.9700
2002-05-17,28.2000
2002-05-20,28.2000
2002-05-21,27.0000
2002-05-22,26.4500
2002-05-23,26.1500
2002-05-24,25.8800
2002-05-28,25.1800
2002-05-29,25.7200
2002-05-30,24.7000
2002-05-31,25.3500
2002-06-03,25.1100
2002-06-04,25.3000
2002-06-05,24.8900
2002-06-06,24.9300
2002-06-07,24.7300
2002-06-10,24.3200
2002-06-11,24.1800
2002-06-12,24.6800
2002-06-13,25.6400
2002-06-14,25.8700
2002-06-17,26.0900
2002-06-18,25.3500
2002-06-19,25.3000
2002-06-20,25.6000
2002-06-21,25.7500
2002-06-24,26.4700
2002-06-25,26.3200
2002-06-26,26.7600
2002-06-27,26.8600
2002-06-28,26.8600
2002-07-01,26.8100
2002-07-02,26.7700
2002-07-03,26.8000
2002-07-08,26.0700
2002-07-09,26.0900
2002-07-10,26.7700
2002-07-11,26.8300
2002-07-12,27.4700
2002-07-15,27.0700
2002-07-16,27.7500
2002-07-17,27.8800
2002-07-18,27.5700
2002-07-19,27.8300
2002-07-22,26.6000
2002-07-23,26.3100
2002-07-24,26.8700
2002-07-25,26.7700
2002-07-26,26.5400
2002-07-29,26.5500
2002-07-30,27.3600
2002-07-31,27.0200
2002-08-01,26.4700
2002-08-02,26.8400
2002-08-05,26.5800
2002-08-06,27.1700
2002-08-07,26.5000
2002-08-08,26.6700
2002-08-09,26.8600
2002-08-12,27.8600
2002-08-13,27.9000
2002-08-14,28.1500
2002-08-15,29.0600
2002-08-16,29.3300
2002-08-19,29.8400
2002-08-20,30.1100
2002-08-21,29.2400
2002-08-22,28.8400
2002-08-23,28.7300
2002-08-26,29.2800
2002-08-27,28.8300
2002-08-28,28.3400
2002-08-29,28.9200
2002-08-30,28.9800
2002-09-03,27.7900
2002-09-04,28.2700
2002-09-05,28.9800
2002-09-06,29.6100
2002-09-09,29.7300
2002-09-10,29.7300
2002-09-11,29.7700
2002-09-12,28.8500
2002-09-13,29.8100
2002-09-16,29.6700
2002-09-17,29.0800
2002-09-18,29.4800
2002-09-19,29.5000
2002-09-20,29.8400
2002-09-23,30.7100
2002-09-24,30.7700
2002-09-25,30.6400
2002-09-26,30.4100
2002-09-27,30.5400
2002-09-30,30.4700
2002-10-01,30.8300
2002-10-02,30.4900
2002-10-03,29.7600
2002-10-04,29.6200
2002-10-07,29.6400
2002-10-08,29.4800
2002-10-09,29.3500
2002-10-10,28.9700
2002-10-11,29.3700
2002-10-14,30.0300
2002-10-15,29.7200
2002-10-16,29.4700
2002-10-17,29.6200
2002-10-18,29.6000
2002-10-21,28.3800
2002-10-22,27.9200
2002-10-23,28.1800
2002-10-24,28.2000
2002-10-25,27.0500
2002-10-28,27.2900
2002-10-29,26.8600
2002-10-30,26.8100
2002-10-31,27.2200
2002-11-01,27.1300
2002-11-04,26.9500
2002-11-05,26.1400
2002-11-06,25.7700
2002-11-07,25.3800
2002-11-08,25.7800
2002-11-11,25.9400
2002-11-12,25.9000
2002-11-13,25.1900
2002-11-14,25.2900
2002-11-15,25.5100
2002-11-18,26.7100
2002-11-19,26.4200
2002-11-20,26.9800
2002-11-21,26.3500
2002-11-22,26.7600
2002-11-25,26.1100
2002-11-26,26.4000
2002-11-27,26.8900
2002-12-02,27.2400
2002-12-03,27.3000
2002-12-04,26.7300
2002-12-05,27.2900
2002-12-06,26.9300
2002-12-09,27.2600
2002-12-10,27.7500
2002-12-11,27.4000
2002-12-12,27.9200
2002-12-13,28.4400
2002-12-16,30.1000
2002-12-17,30.1000
2002-12-18,30.4400
2002-12-19,30.5600
2002-12-20,30.3000
2002-12-23,31.7500
2002-12-24,31.9700
2002-12-26,32.4900
2002-12-27,32.7200
2002-12-30,31.3700
2002-12-31,31.2000
2003-01-02,31.8500
2003-01-03,33.0800
2003-01-06,32.1000
2003-01-07,31.0800
2003-01-08,30.5600
2003-01-09,31.9900
2003-01-10,31.6800
2003-01-13,32.2600
2003-01-14,32.3700
2003-01-15,33.2000
2003-01-16,33.6600
2003-01-17,33.9100
2003-01-21,34.6100
2003-01-22,32.8500
2003-01-23,32.2500
2003-01-24,33.2800
2003-01-27,32.2900
2003-01-28,32.6700
2003-01-29,33.6300
2003-01-30,33.8500
2003-01-31,33.5100
2003-02-03,32.7600
2003-02-04,33.5800
2003-02-05,33.9300
2003-02-06,34.1600
2003-02-07,35.1200
2003-02-10,34.4800
2003-02-11,35.4400
2003-02-12,35.7700
2003-02-13,36.3600
2003-02-14,36.8000
2003-02-18,36.9600
2003-02-19,37.1600
2003-02-20,36.7900
2003-02-21,35.5800
2003-02-24,36.4800
2003-02-25,36.0600
2003-02-26,37.7000
2003-02-27,37.2000
2003-02-28,36.6000
2003-03-03,35.8800
2003-03-04,36.8900
2003-03-05,36.6900
2003-03-06,37.0000
2003-03-07,37.7800
2003-03-10,37.2700
2003-03-11,36.7200
2003-03-12,37.8300
2003-03-13,36.0100
2003-03-14,35.3800
2003-03-17,34.9300
2003-03-18,31.6700
2003-03-19,29.8800
2003-03-20,28.6100
2003-03-21,26.9100
2003-03-24,28.6600
2003-03-25,27.9700
2003-03-26,28.6300
2003-03-27,30.3700
2003-03-28,30.1600
2003-03-31,31.0400
2003-04-01,29.7800
2003-04-02,28.5600
2003-04-03,28.9700
2003-04-04,28.6200
2003-04-07,27.9600
2003-04-08,28.0000
2003-04-09,28.8500
2003-04-10,27.4600
2003-04-11,28.1400
2003-04-14,28.6300
2003-04-15,29.2900
2003-04-16,29.1800
2003-04-17,30.5500
2003-04-21,30.8700
2003-04-22,29.9100
2003-04-23,26.6500
2003-04-24,26.6400
2003-04-25,26.2600
2003-04-28,25.4900
2003-04-29,25.2400
2003-04-30,25.8000
2003-05-01,26.0300
2003-05-02,25.6700
2003-05-05,26.4900
2003-05-06,25.7200
2003-05-07,26.2300
2003-05-08,26.9800
2003-05-09,27.7200
2003-05-12,27.3500
2003-05-13,28.5000
2003-05-14,29.1700
2003-05-15,28.7400
2003-05-16,29.1400
2003-05-19,28.8300
2003-05-20,29.2800
2003-05-21,29.0300
2003-05-22,28.8500
2003-05-23,29.1600
2003-05-27,29.3500
2003-05-28,28.5800
2003-05-29,29.1000
2003-05-30,29.5600
2003-06-02,30.7100
2003-06-03,30.6700
2003-06-04,30.0500
2003-06-05,30.7400
2003-06-06,31.2800
2003-06-09,31.4500
2003-06-10,31.7300
2003-06-11,32.3600
2003-06-12,31.5100
2003-06-13,30.6500
2003-06-16,31.1800
2003-06-17,31.0700
2003-06-18,30.3600
2003-06-19,29.9600
2003-06-20,30.8200
2003-06-23,29.1700
2003-06-24,28.7800
2003-06-25,29.9500
2003-06-26,29.0100
2003-06-27,29.2700
2003-06-30,30.1900
2003-07-01,30.4000
2003-07-02,30.1500
2003-07-03,30.4200
2003-07-07,30.1300
2003-07-08,30.2200
2003-07-09,30.8800
2003-07-10,31.0600
2003-07-11,31.2800
2003-07-14,31.2700
2003-07-15,31.6200
2003-07-16,31.0500
2003-07-17,31.4100
2003-07-18,31.9600
2003-07-21,31.7800
2003-07-22,30.1900
2003-07-23,29.6700
2003-07-24,30.2200
2003-07-25,30.1700
2003-07-28,30.1100
2003-07-29,30.2400
2003-07-30,30.6800
2003-07-31,30.5400
2003-08-01,32.3100
2003-08-04,31.8400
2003-08-05,32.2200
2003-08-06,31.7000
2003-08-07,32.3900
2003-08-08,32.1800
2003-08-11,32.0100
2003-08-12,31.9200
2003-08-13,30.7800
2003-08-14,31.0900
2003-08-15,31.0500
2003-08-18,30.8900
2003-08-19,30.7000
2003-08-20,30.9500
2003-08-21,31.8800
2003-08-22,31.8400
2003-08-25,31.5600
2003-08-26,31.9500
2003-08-27,31.2100
2003-08-28,31.5000
2003-08-29,31.5700
2003-09-02,29.4100
2003-09-03,29.4900
2003-09-04,28.9800
2003-09-05,28.8800
2003-09-08,28.8500
2003-09-09,29.1800
2003-09-10,29.3500
2003-09-11,28.8200
2003-09-12,28.2700
2003-09-15,28.1400
2003-09-16,27.5600
2003-09-17,27.0300
2003-09-18,27.1700
2003-09-19,27.0300
2003-09-22,26.9600
2003-09-23,27.1300
2003-09-24,28.2400
2003-09-25,28.2900
2003-09-26,28.1600
2003-09-29,28.4000
2003-09-30,29.2000
2003-10-01,29.3900
2003-10-02,29.8400
2003-10-03,30.4000
2003-10-06,30.4700
2003-10-07,30.4100
2003-10-08,29.8100
2003-10-09,31.0100
2003-10-10,31.9700
2003-10-13,31.9500
2003-10-14,31.8200
2003-10-15,31.7700
2003-10-16,31.5400
2003-10-17,30.6800
2003-10-20,30.3500
2003-10-21,30.1800
2003-10-22,29.9200
2003-10-23,30.3000
2003-10-24,30.1600
2003-10-27,29.9200
2003-10-28,29.5600
2003-10-29,28.9100
2003-10-30,28.4700
2003-10-31,29.1100
2003-11-03,28.9000
2003-11-04,28.7500
2003-11-05,30.3000
2003-11-06,30.2600
2003-11-07,30.8500
2003-11-10,30.8800
2003-11-11,31.1500
2003-11-12,31.3300
2003-11-13,31.9000
2003-11-14,32.3700
2003-11-17,31.7300
2003-11-18,33.2800
2003-11-19,32.9200
2003-11-20,32.8600
2003-11-21,31.6100
2003-11-24,29.7400
2003-11-25,29.7700
2003-11-26,30.4100
2003-12-01,29.9500
2003-12-02,30.7800
2003-12-03,31.1000
2003-12-04,31.2600
2003-12-05,30.7300
2003-12-08,32.1000
2003-12-09,31.7600
2003-12-10,31.8800
2003-12-11,31.8500
2003-12-12,33.0400
2003-12-15,33.1800
2003-12-16,32.8900
2003-12-17,33.3500
2003-12-18,33.7100
2003-12-19,33.0200
2003-12-22,31.8700
2003-12-23,31.9500
2003-12-24,32.8600
2003-12-29,32.4000
2003-12-30,32.7900
2003-12-31,32.5200
2004-01-05,33.7800
2004-01-06,33.7000
2004-01-07,33.6200
2004-01-08,33.9800
2004-01-09,34.3100
2004-01-12,34.7200
2004-01-13,34.4300
2004-01-14,34.5000
2004-01-15,33.4400
2004-01-16,35.0700
2004-01-20,36.2000
2004-01-21,34.5800
2004-01-22,34.9300
2004-01-23,34.9400
2004-01-26,34.4700
2004-01-27,34.1200
2004-01-28,33.6200
2004-01-29,32.8100
2004-01-30,33.0500
2004-02-02,34.9800
2004-02-03,34.1000
2004-02-04,33.1000
2004-02-05,33.0800
2004-02-06,32.4800
2004-02-09,32.8300
2004-02-10,33.8700
2004-02-11,34.0000
2004-02-12,33.9800
2004-02-13,34.5600
2004-02-17,35.1600
2004-02-18,35.4500
2004-02-19,36.0000
2004-02-20,35.6000
2004-02-23,34.3500
2004-02-24,34.5800
2004-02-25,35.6800
2004-02-26,35.5100
2004-02-27,36.1600
2004-03-01,36.8600
2004-03-02,36.6600
2004-03-03,35.8000
2004-03-04,36.6400
2004-03-05,37.2600
2004-03-08,36.5700
2004-03-09,36.2800
2004-03-10,36.1000
2004-03-11,36.7800
2004-03-12,36.1900
2004-03-15,37.4400
2004-03-16,37.4800
2004-03-17,38.1800
2004-03-18,37.9300
2004-03-19,38.0800
2004-03-22,37.1100
2004-03-23,37.4500
2004-03-24,37.0100
2004-03-25,35.5100
2004-03-26,35.7300
2004-03-29,35.4500
2004-03-30,36.2500
2004-03-31,35.7600
2004-04-01,34.2700
2004-04-02,34.3900
2004-04-05,34.3800
2004-04-06,34.9700
2004-04-07,36.1500
2004-04-08,37.1400
2004-04-12,37.8400
2004-04-13,37.2100
2004-04-14,36.7200
2004-04-15,37.5700
2004-04-16,37.7400
2004-04-19,37.4200
2004-04-20,37.6000
2004-04-21,35.7300
2004-04-22,36.7100
2004-04-23,36.4600
2004-04-26,36.9700
2004-04-27,37.5300
2004-04-28,37.4600
2004-04-29,37.3100
2004-04-30,37.3800
2004-05-03,38.2100
2004-05-04,38.9800
2004-05-05,39.5700
2004-05-06,39.3700
2004-05-07,39.9300
2004-05-10,38.9300
2004-05-11,40.0600
2004-05-12,40.7700
2004-05-13,41.0800
2004-05-14,41.3800
2004-05-17,41.5500
2004-05-18,40.5400
2004-05-19,41.5000
2004-05-20,40.9200
2004-05-21,39.9300
2004-05-24,41.7200
2004-05-25,41.1400
2004-05-26,40.7000
2004-05-27,39.4400
2004-05-28,39.8800
2004-06-01,42.3300
2004-06-02,39.9600
2004-06-03,39.2800
2004-06-04,38.4900
2004-06-07,38.6600
2004-06-08,37.2800
2004-06-09,37.5400
2004-06-10,38.4500
2004-06-14,37.5900
2004-06-15,37.1900
2004-06-16,37.3200
2004-06-17,38.4600
2004-06-18,38.7500
2004-06-21,37.6300
2004-06-22,38.1100
2004-06-23,37.5700
2004-06-24,37.9300
2004-06-25,37.5500
2004-06-28,36.2400
2004-06-29,35.6600
2004-06-30,37.0500
2004-07-01,38.7400
2004-07-02,38.3900
2004-07-06,39.6500
2004-07-07,39.0800
2004-07-08,40.3300
2004-07-09,39.9600
2004-07-12,39.5000
2004-07-13,39.4400
2004-07-14,40.9700
2004-07-15,40.7700
2004-07-16,41.2500
2004-07-19,41.6400
2004-07-20,40.8600
2004-07-21,40.5800
2004-07-22,41.3600
2004-07-23,41.7100
2004-07-26,41.4400
2004-07-27,41.8400
2004-07-28,42.9000
2004-07-29,42.7500
2004-07-30,43.8000
2004-08-02,43.8200
2004-08-03,44.1500
2004-08-04,42.8300
2004-08-05,44.4100
2004-08-06,43.9500
2004-08-09,44.8400
2004-08-10,44.5200
2004-08-11,44.8000
2004-08-12,45.5000
2004-08-13,46.5800
2004-08-16,46.0500
2004-08-17,46.7500
2004-08-18,47.2700
2004-08-19,48.7000
2004-08-20,47.8600
2004-08-23,46.0500
2004-08-24,45.2100
2004-08-25,43.4700
2004-08-26,43.1000
2004-08-27,43.1800
2004-08-30,42.2800
2004-08-31,42.1200
2004-09-01,44.0000
2004-09-02,44.0600
2004-09-03,43.9900
2004-09-07,43.3100
2004-09-08,42.7700
2004-09-09,44.6100
2004-09-10,42.8100
2004-09-13,43.8700
2004-09-14,44.3900
2004-09-15,43.5800
2004-09-16,43.8800
2004-09-17,45.5900
2004-09-20,46.3500
2004-09-21,47.1000
2004-09-22,48.3500
2004-09-23,48.4600
2004-09-24,48.8800
2004-09-27,49.6400
2004-09-28,49.9000
2004-09-29,49.5100
2004-09-30,49.6400
2004-10-01,50.1200
2004-10-04,49.9100
2004-10-05,51.0900
2004-10-06,52.0200
2004-10-07,52.6700
2004-10-08,53.3100
2004-10-11,53.6400
2004-10-12,52.5100
2004-10-13,53.6400
2004-10-14,54.7600
2004-10-15,54.9300
2004-10-18,53.6700
2004-10-19,53.2900
2004-10-20,54.9200
2004-10-21,54.4700
2004-10-22,55.1700
2004-10-25,54.5400
2004-10-26,55.1700
2004-10-27,52.4600
2004-10-28,50.9200
2004-10-29,51.7600
2004-11-01,50.1300
2004-11-02,49.6200
2004-11-03,50.8800
2004-11-04,48.8200
2004-11-05,49.6100
2004-11-08,49.0900
2004-11-09,47.3700
2004-11-10,48.8600
2004-11-11,47.4200
2004-11-12,47.3200
2004-11-15,46.8700
2004-11-16,46.1100
2004-11-17,46.8400
2004-11-18,46.2200
2004-11-19,48.4400
2004-11-22,48.6400
2004-11-23,48.9400
2004-11-24,49.4400
2004-11-29,49.7600
2004-11-30,49.1300
2004-12-01,45.4900
2004-12-02,43.2500
2004-12-03,42.5400
2004-12-06,42.9800
2004-12-07,41.4600
2004-12-08,41.9400
2004-12-09,42.5300
2004-12-10,40.7100
2004-12-13,41.0100
2004-12-14,41.8200
2004-12-15,44.1900
2004-12-16,44.1800
2004-12-17,46.2800
2004-12-20,45.6400
2004-12-21,45.7600
2004-12-22,44.2400
2004-12-23,44.1800
2004-12-27,41.3200
2004-12-28,41.7700
2004-12-29,43.6400
2004-12-30,43.4500
2005-01-03,42.1200
2005-01-04,43.9100
2005-01-05,43.3900
2005-01-06,45.5600
2005-01-07,45.4300
2005-01-10,45.3300
2005-01-11,45.6800
2005-01-12,46.3700
2005-01-13,48.0400
2005-01-14,48.3800
2005-01-18,48.3800
2005-01-19,47.5500
2005-01-20,46.9100
2005-01-21,48.5300
2005-01-24,48.8100
2005-01-25,49.6400
2005-01-26,48.7800
2005-01-27,48.8400
2005-01-28,47.1800
2005-01-31,48.2000
2005-02-01,47.1200
2005-02-02,46.6900
2005-02-03,46.4500
2005-02-04,46.4800
2005-02-07,45.2800
2005-02-08,45.4000
2005-02-09,45.4600
2005-02-10,47.1000
2005-02-11,47.1600
2005-02-14,47.4400
2005-02-15,47.2600
2005-02-16,48.3300
2005-02-17,47.5400
2005-02-18,48.3500
2005-02-22,51.1500
2005-02-23,51.1700
2005-02-24,51.3900
2005-02-25,51.4900
2005-02-28,51.7500
2005-03-01,51.6800
2005-03-02,53.0500
2005-03-03,53.5700
2005-03-04,53.7800
2005-03-07,53.8900
2005-03-08,54.5900
2005-03-09,54.7700
2005-03-10,53.5400
2005-03-11,54.4300
2005-03-14,54.9500
2005-03-15,55.0500
2005-03-16,56.4600
2005-03-17,56.4000
2005-03-18,56.7200
2005-03-21,56.6200
2005-03-22,56.0300
2005-03-23,53.8100
2005-03-24,54.8400
2005-03-28,54.0500
2005-03-29,54.2300
2005-03-30,53.9900
2005-03-31,55.4000
2005-04-01,57.2700
2005-04-04,57.0100
2005-04-05,56.0400
2005-04-06,55.8500
2005-04-07,54.1100
2005-04-08,53.3200
2005-04-11,53.7100
2005-04-12,51.8600
2005-04-13,50.2200
2005-04-14,51.1300
2005-04-15,50.4900
2005-04-18,50.3700
2005-04-19,52.2900
2005-04-20,52.4400
2005-04-21,54.2000
2005-04-22,55.3900
2005-04-25,54.5700
2005-04-26,54.2000
2005-04-27,51.6100
2005-04-28,51.7700
2005-04-29,49.7200
2005-05-02,50.9200
2005-05-03,49.5000
2005-05-04,50.1300
2005-05-05,50.8300
2005-05-06,50.9600
2005-05-09,52.0300
2005-05-10,52.0700
2005-05-11,50.4500
2005-05-12,48.5400
2005-05-13,48.6700
2005-05-16,48.6100
2005-05-17,48.9700
2005-05-18,47.2500
2005-05-19,46.9200
2005-05-20,46.8000
2005-05-23,49.1600
2005-05-24,49.6700
2005-05-25,50.9800
2005-05-26,51.0100
2005-05-27,51.8500
2005-05-31,51.9700
2005-06-01,54.6000
2005-06-02,53.6300
2005-06-03,55.0300
2005-06-06,54.4900
2005-06-07,53.7600
2005-06-08,52.5400
2005-06-09,54.2800
2005-06-10,53.5400
2005-06-13,55.6200
2005-06-14,55.0000
2005-06-15,55.5700
2005-06-16,56.5800
2005-06-17,58.4700
2005-06-20,59.3700
2005-06-21,58.9000
2005-06-22,58.0900
2005-06-23,59.4200
2005-06-24,59.8400
2005-06-27,60.5400
2005-06-28,58.2000
2005-06-29,57.2600
2005-06-30,56.5000
2005-07-01,58.7500
2005-07-05,59.5900
2005-07-06,61.2800
2005-07-07,60.7300
2005-07-08,59.6300
2005-07-11,58.9200
2005-07-12,60.6200
2005-07-13,60.0100
2005-07-14,57.8000
2005-07-15,58.0900
2005-07-18,57.3200
2005-07-19,57.4600
2005-07-20,56.7200
2005-07-21,57.1300
2005-07-22,58.6500
2005-07-25,59.0000
2005-07-26,59.2000
2005-07-27,59.1100
2005-07-28,59.9400
2005-07-29,60.5700
2005-08-01,61.5700
2005-08-02,61.8900
2005-08-03,60.8600
2005-08-04,61.3800
2005-08-05,62.3100
2005-08-08,63.9400
2005-08-09,63.0700
2005-08-10,64.9000
2005-08-11,65.8000
2005-08-12,66.8600
2005-08-15,66.2700
2005-08-16,66.0800
2005-08-17,63.2500
2005-08-18,63.2700
2005-08-19,65.3500
2005-08-22,65.4500
2005-08-23,65.7100
2005-08-24,67.3200
2005-08-25,67.4900
2005-08-26,66.1300
2005-08-29,67.2000
2005-08-30,69.8100
2005-08-31,68.9400
2005-09-01,69.4700
2005-09-02,67.5700
2005-09-06,65.9600
2005-09-07,64.3700
2005-09-08,64.4900
2005-09-09,64.0800
2005-09-12,63.3300
2005-09-13,63.1100
2005-09-14,65.0900
2005-09-15,64.7500
2005-09-16,63.0000
2005-09-19,67.3900
2005-09-20,66.2300
2005-09-21,66.8000
2005-09-22,66.5000
2005-09-23,64.1900
2005-09-26,65.8200
2005-09-27,65.0700
2005-09-28,66.3500
2005-09-29,66.7900
2005-09-30,66.2400
2005-10-03,65.4700
2005-10-04,63.9000
2005-10-05,62.7900
2005-10-06,61.3600
2005-10-07,61.8400
2005-10-10,61.8000
2005-10-11,63.5300
2005-10-12,64.1200
2005-10-13,63.0800
2005-10-14,62.6300
2005-10-17,64.3600
2005-10-18,63.2000
2005-10-19,62.4100
2005-10-20,61.0300
2005-10-21,60.6300
2005-10-24,60.3200
2005-10-25,62.4400
2005-10-26,60.6600
2005-10-27,61.0900
2005-10-28,61.2200
2005-10-31,59.7600
2005-11-01,59.8500
2005-11-02,59.7500
2005-11-03,61.7800
2005-11-04,60.5800
2005-11-07,59.4700
2005-11-08,59.7100
2005-11-09,58.9300
2005-11-10,57.8000
2005-11-11,57.5300
2005-11-14,57.6900
2005-11-15,56.9800
2005-11-16,57.8800
2005-11-17,56.3300
2005-11-18,56.1400
2005-11-21,57.7000
2005-11-22,58.8400
2005-11-23,58.7100
2005-11-28,57.3600
2005-11-29,56.5000
2005-11-30,57.3200
2005-12-01,58.4700
2005-12-02,59.3200
2005-12-05,59.9100
2005-12-06,59.9400
2005-12-07,59.2100
2005-12-08,60.6600
2005-12-09,59.3900
2005-12-12,61.3000
2005-12-13,61.3700
2005-12-14,60.8500
2005-12-15,59.9900
2005-12-16,58.0600
2005-12-19,57.3300
2005-12-20,57.9800
2005-12-21,58.5600
2005-12-22,58.2800
2005-12-23,58.4300
2005-12-27,58.1600
2005-12-28,59.8200
2005-12-29,60.3200
2005-12-30,61.0400
2006-01-03,63.1400
2006-01-04,63.4200
2006-01-05,62.7900
2006-01-06,64.2100
2006-01-09,63.5000
2006-01-10,63.3700
2006-01-11,63.9400
2006-01-12,63.9400
2006-01-13,63.9200
2006-01-17,66.3100
2006-01-18,65.7300
2006-01-19,66.8300
2006-01-20,68.3500
2006-01-23,68.1000
2006-01-24,67.0600
2006-01-25,65.8500
2006-01-26,66.2600
2006-01-27,67.7600
2006-01-30,68.3500
2006-01-31,67.9200
2006-02-01,66.5600
2006-02-02,64.6800
2006-02-03,65.3700
2006-02-06,65.1100
2006-02-07,63.0900
2006-02-08,62.5500
2006-02-09,62.6200
2006-02-10,61.8400
2006-02-13,61.2400
2006-02-14,59.5700
2006-02-15,57.7000
2006-02-16,58.4600
2006-02-17,59.8800
2006-02-21,61.1000
2006-02-22,61.0100
2006-02-23,60.5400
2006-02-24,62.9100
2006-02-27,61.0000
2006-02-28,61.4100
2006-03-01,61.9700
2006-03-02,63.3600
2006-03-03,63.6700
2006-03-06,62.4100
2006-03-07,61.5800
2006-03-08,60.0200
2006-03-09,60.4700
2006-03-10,59.9600
2006-03-13,61.7700
2006-03-14,63.1000
2006-03-15,62.1700
2006-03-16,63.5800
2006-03-17,62.7700
2006-03-20,60.4200
2006-03-21,60.5700
2006-03-22,61.7700
2006-03-23,63.9100
2006-03-24,64.2600
2006-03-27,64.1600
2006-03-28,66.0700
2006-03-29,66.4500
2006-03-30,67.1500
2006-03-31,66.6300
2006-04-03,66.7400
2006-04-04,66.2300
2006-04-05,67.0700
2006-04-06,67.9400
2006-04-07,67.3900
2006-04-10,68.7400
2006-04-11,68.9800
2006-04-12,68.6200
2006-04-13,69.3200
2006-04-17,70.4000
2006-04-18,71.3500
2006-04-19,72.1700
2006-04-20,71.9500
2006-04-21,75.1700
2006-04-24,73.3300
2006-04-25,72.8800
2006-04-26,71.9300
2006-04-27,70.9700
2006-04-28,71.8800
2006-05-01,73.7000
2006-05-02,74.6100
2006-05-03,72.2800
2006-05-04,69.9400
2006-05-05,70.1900
2006-05-08,69.7700
2006-05-09,70.6900
2006-05-10,72.1300
2006-05-11,73.3200
2006-05-12,72.0400
2006-05-15,69.4100
2006-05-16,69.5300
2006-05-17,68.7000
2006-05-18,69.4500
2006-05-19,68.5300
2006-05-22,69.2300
2006-05-23,71.7600
2006-05-24,69.8600
2006-05-25,71.3200
2006-05-26,71.3700
2006-05-30,72.0300
2006-05-31,71.2900
2006-06-01,70.3400
2006-06-02,72.3300
2006-06-05,72.6000
2006-06-06,72.5000
2006-06-07,70.8200
2006-06-08,70.3500
2006-06-09,71.6300
2006-06-12,70.3600
2006-06-13,68.5600
2006-06-14,69.1400
2006-06-15,69.5000
2006-06-16,69.8800
2006-06-19,68.9800
2006-06-20,68.9400
2006-06-21,70.3300
2006-06-22,70.8400
2006-06-23,70.8700
2006-06-26,71.8000
2006-06-27,71.9200
2006-06-28,72.1900
2006-06-29,73.5200
2006-06-30,73.9800
2006-07-05,75.1900
2006-07-06,75.1400
2006-07-07,74.0900
2006-07-10,73.6100
2006-07-11,74.1600
2006-07-12,74.9500
2006-07-13,76.7000
2006-07-14,77.0300
2006-07-17,75.3000
2006-07-18,73.5400
2006-07-19,72.6600
2006-07-20,73.0800
2006-07-21,74.4300
2006-07-24,75.0500
2006-07-25,73.7500
2006-07-26,73.9400
2006-07-27,74.5400
2006-07-28,73.2400
2006-07-31,74.4000
2006-08-01,74.9100
2006-08-02,75.8100
2006-08-03,75.4600
2006-08-04,74.7600
2006-08-07,76.9800
2006-08-08,76.3100
2006-08-09,76.3500
2006-08-10,74.0000
2006-08-11,74.3500
2006-08-14,73.5300
2006-08-15,73.0500
2006-08-16,71.8900
2006-08-17,70.0600
2006-08-18,71.1400
2006-08-21,72.4500
2006-08-22,72.6300
2006-08-23,71.7600
2006-08-24,72.3600
2006-08-25,72.5100
2006-08-28,70.6100
2006-08-29,69.7100
2006-08-30,70.0300
2006-08-31,70.2600
2006-09-01,69.1900
2006-09-04,68.0200
2006-09-05,68.6000
2006-09-06,67.5000
2006-09-07,67.3200
2006-09-08,66.2500
2006-09-11,65.6100
2006-09-12,63.7600
2006-09-13,63.9700
2006-09-14,63.2200
2006-09-15,63.3300
2006-09-18,63.8000
2006-09-19,61.6600
2006-09-20,60.4600
2006-09-21,61.5900
2006-09-22,60.5500
2006-09-25,61.4500
2006-09-26,61.0100
2006-09-27,62.9600
2006-09-28,62.7600
2006-09-29,62.9100
2006-10-02,61.0300
2006-10-03,58.6800
2006-10-04,59.4100
2006-10-05,60.0300
2006-10-06,59.7600
2006-10-09,59.9600
2006-10-10,58.5200
2006-10-11,57.5900
2006-10-12,57.8600
2006-10-13,58.5700
2006-10-16,59.9400
2006-10-17,58.9300
2006-10-18,57.6500
2006-10-19,58.5000
2006-10-20,56.8200
2006-10-23,58.8100
2006-10-24,59.3500
2006-10-25,61.4000
2006-10-26,60.3600
2006-10-27,60.7500
2006-10-30,58.3600
2006-10-31,58.7300
2006-11-01,58.7100
2006-11-02,57.8800
2006-11-03,59.1400
2006-11-06,60.0200
2006-11-07,58.9300
2006-11-08,59.8300
2006-11-09,61.1600
2006-11-10,59.5900
2006-11-13,58.5800
2006-11-14,58.2800
2006-11-15,58.7600
2006-11-16,56.2600
2006-11-17,55.8100
2006-11-20,58.8000
2006-11-21,60.1700
2006-11-22,59.2400
2006-11-27,60.3200
2006-11-28,60.9900
2006-11-29,62.4600
2006-11-30,63.1300
2006-12-01,63.4300
2006-12-04,62.4400
2006-12-05,62.4300
2006-12-06,62.1900
2006-12-07,62.4900
2006-12-08,62.0300
2006-12-11,61.2200
2006-12-12,61.0200
2006-12-13,61.3700
2006-12-14,62.5100
2006-12-15,63.4300
2006-12-18,62.2100
2006-12-19,63.1500
2006-12-20,63.7200
2006-12-21,62.6600
2006-12-22,62.4100
2006-12-26,61.1000
2006-12-27,60.3400
2006-12-28,60.5300
2006-12-29,61.0500
2007-01-02,61.0500
2007-01-03,58.3200
2007-01-04,55.5900
2007-01-05,56.3100
2007-01-08,56.0900
2007-01-09,55.6400
2007-01-10,54.0200
2007-01-11,51.8800
2007-01-12,52.9900
2007-01-16,51.2100
2007-01-17,52.2400
2007-01-18,50.4800
2007-01-19,51.9900
2007-01-22,51.1300
2007-01-23,55.0400
2007-01-24,55.3700
2007-01-25,54.2300
2007-01-26,55.4200
2007-01-29,54.0100
2007-01-30,56.9700
2007-01-31,58.1400
2007-02-01,57.3000
2007-02-02,59.0200
2007-02-05,58.7400
2007-02-06,58.8800
2007-02-07,57.7100
2007-02-08,59.7100
2007-02-09,59.8900
2007-02-12,57.8100
2007-02-13,59.0600
2007-02-14,58.0000
2007-02-15,57.9900
2007-02-16,59.3900
2007-02-20,58.0700
2007-02-21,60.0700
2007-02-22,60.9500
2007-02-23,61.1400
2007-02-26,61.3900
2007-02-27,61.4600
2007-02-28,61.7900
2007-03-01,62.0000
2007-03-02,61.6400
2007-03-05,60.0700
2007-03-06,60.6900
2007-03-07,61.8200
2007-03-08,61.6400
2007-03-09,60.0500
2007-03-12,58.9100
2007-03-13,57.9300
2007-03-14,58.1600
2007-03-15,57.5500
2007-03-16,57.1100
2007-03-19,56.5900
2007-03-20,56.7300
2007-03-21,59.6100
2007-03-22,61.6900
2007-03-23,62.2800
2007-03-26,62.9100
2007-03-27,62.9300
2007-03-28,64.0800
2007-03-29,66.0300
2007-03-30,65.8700
2007-04-02,65.9400
2007-04-03,64.6400
2007-04-04,64.3800
2007-04-05,64.2800
2007-04-09,61.5100
2007-04-10,61.8900
2007-04-11,62.0100
2007-04-12,63.8500
2007-04-13,63.6300
2007-04-16,63.6100
2007-04-17,63.1000
2007-04-18,63.1300
2007-04-19,61.8300
2007-04-20,63.3800
2007-04-23,65.8900
2007-04-24,64.5800
2007-04-25,65.8400
2007-04-26,65.0600
2007-04-27,66.4600
2007-04-30,65.7100
2007-05-01,64.4000
2007-05-02,63.6800
2007-05-03,63.1900
2007-05-04,61.9300
2007-05-07,61.4700
2007-05-08,62.2600
2007-05-09,61.5500
2007-05-10,61.8100
2007-05-11,62.3700
2007-05-14,62.4600
2007-05-15,63.1700
2007-05-16,62.5500
2007-05-17,64.8600
2007-05-18,64.9400
2007-05-21,66.2700
2007-05-22,64.9700
2007-05-23,65.7700
2007-05-24,64.1800
2007-05-25,65.2000
2007-05-29,63.1500
2007-05-30,63.4900
2007-05-31,64.0100
2007-06-01,65.0800
2007-06-04,66.2100
2007-06-05,65.6100
2007-06-06,65.9600
2007-06-07,66.9300
2007-06-08,64.7600
2007-06-11,65.9700
2007-06-12,65.3500
2007-06-13,66.2600
2007-06-14,67.6500
2007-06-15,68.0000
2007-06-18,69.0900
2007-06-19,69.1000
2007-06-20,68.1900
2007-06-21,68.6500
2007-06-22,69.1400
2007-06-25,69.1800
2007-06-26,67.7700
2007-06-27,68.9700
2007-06-28,69.5700
2007-06-29,70.6800
2007-07-02,71.0900
2007-07-03,71.4100
2007-07-05,71.8100
2007-07-06,72.8100
2007-07-09,72.1900
2007-07-10,72.8100
2007-07-11,72.5600
2007-07-12,72.5000
2007-07-13,73.9300
2007-07-16,74.1500
2007-07-17,74.0200
2007-07-18,75.0500
2007-07-19,75.9200
2007-07-20,75.5700
2007-07-23,74.8900
2007-07-24,73.5600
2007-07-25,75.8800
2007-07-26,74.9500
2007-07-27,77.0200
2007-07-30,76.8300
2007-07-31,78.2100
2007-08-01,76.5300
2007-08-02,76.8600
2007-08-03,75.4800
2007-08-06,72.0600
2007-08-07,72.4200
2007-08-08,72.1500
2007-08-09,71.5900
2007-08-10,71.4700
2007-08-13,71.6200
2007-08-14,72.3800
2007-08-15,73.3300
2007-08-16,71.0000
2007-08-17,71.9800
2007-08-20,71.1200
2007-08-21,69.4700
2007-08-22,69.2600
2007-08-23,69.8300
2007-08-24,71.0900
2007-08-27,71.9700
2007-08-28,71.7300
2007-08-29,73.5100
2007-08-30,73.3600
2007-08-31,74.0400
2007-09-04,75.0800
2007-09-05,75.7300
2007-09-06,76.3000
2007-09-07,76.7000
2007-09-10,77.4900
2007-09-11,78.2300
2007-09-12,79.9100
2007-09-13,80.0900
2007-09-14,79.1000
2007-09-17,80.5700
2007-09-18,81.5100
2007-09-19,81.9300
2007-09-20,83.3200
2007-09-21,81.6200
2007-09-24,80.9500
2007-09-25,79.5300
2007-09-26,80.3000
2007-09-27,82.8800
2007-09-28,81.6600
2007-10-01,80.2400
2007-10-02,80.0500
2007-10-03,79.9400
2007-10-04,81.4400
2007-10-05,81.2200
2007-10-08,79.0200
2007-10-09,80.2600
2007-10-10,81.3000
2007-10-11,83.0800
2007-10-12,83.6900
2007-10-15,86.1300
2007-10-16,87.6100
2007-10-17,87.4000
2007-10-18,89.4700
2007-10-19,88.6000
2007-10-22,87.5600
2007-10-23,85.2700
2007-10-24,87.1000
2007-10-25,90.4600
2007-10-26,91.8600
2007-10-29,93.5300
2007-10-30,90.3800
2007-10-31,94.5300
2007-11-01,93.4900
2007-11-02,95.9300
2007-11-05,93.9800
2007-11-06,96.7000
2007-11-07,96.3700
2007-11-08,95.4600
2007-11-09,96.3200
2007-11-12,94.6200
2007-11-13,91.1700
2007-11-14,94.0900
2007-11-15,93.4300
2007-11-16,95.1000
2007-11-19,94.6400
2007-11-20,98.0300
2007-11-21,97.2900
2007-11-23,98.1800
2007-11-26,97.7000
2007-11-27,94.4200
2007-11-28,90.6200
2007-11-29,91.0100
2007-11-30,88.7100
2007-12-03,89.3100
2007-12-04,88.3200
2007-12-05,87.4900
2007-12-06,90.2300
2007-12-07,88.2800
2007-12-10,87.8600
2007-12-11,90.0200
2007-12-12,94.3900
2007-12-13,92.2500
2007-12-14,91.2700
2007-12-17,90.6300
2007-12-18,90.4900
2007-12-19,91.2400
2007-12-20,91.0600
2007-12-21,93.3100
2007-12-24,94.1300
2007-12-26,95.9700
2007-12-27,96.6200
2007-12-28,96.0000
2007-12-31,95.9800
2008-01-02,99.6200
2008-01-03,99.1800
2008-01-04,97.9100
2008-01-07,95.0900
2008-01-08,96.3300
2008-01-09,95.6700
2008-01-10,93.7100
2008-01-11,92.6900
2008-01-14,94.2000
2008-01-15,91.9000
2008-01-16,90.8400
2008-01-17,90.1300
2008-01-18,90.5700
2008-01-22,89.8500
2008-01-23,86.9900
2008-01-24,89.4100
2008-01-25,90.7100
2008-01-28,90.9900
2008-01-29,91.6400
2008-01-30,92.3300
2008-01-31,91.7500
2008-02-01,88.9600
2008-02-04,90.0200
2008-02-05,88.4100
2008-02-06,87.1400
2008-02-07,88.1100
2008-02-08,91.7700
2008-02-11,93.5900
2008-02-12,92.7800
2008-02-13,93.2700
2008-02-14,95.4600
2008-02-15,95.5000
2008-02-19,100.0100
2008-02-20,100.7400
2008-02-21,98.2300
2008-02-22,98.8100
2008-02-25,99.2300
2008-02-26,100.8800
2008-02-27,99.6400
2008-02-28,102.5900
2008-02-29,101.8400
2008-03-03,102.4500
2008-03-04,99.5200
2008-03-05,104.5200
2008-03-06,105.4700
2008-03-07,105.1500
2008-03-10,107.9000
2008-03-11,108.7500
2008-03-12,109.9200
2008-03-13,110.3300
2008-03-14,110.2100
2008-03-17,105.6800
2008-03-18,109.4200
2008-03-19,104.4800
2008-03-20,101.8400
2008-03-24,100.8600
2008-03-25,101.2200
2008-03-26,105.9000
2008-03-27,107.5800
2008-03-28,105.6200
2008-03-31,101.5800
2008-04-01,100.9800
2008-04-02,104.8300
2008-04-03,103.8300
2008-04-04,106.2300
2008-04-07,109.0900
2008-04-08,108.5000
2008-04-09,110.8700
2008-04-10,110.1100
2008-04-11,110.1400
2008-04-14,111.7600
2008-04-15,113.7900
2008-04-16,114.9300
2008-04-17,114.8600
2008-04-18,116.6900
2008-04-21,117.4800
2008-04-22,119.3700
2008-04-23,118.3000
2008-04-24,116.0600
2008-04-25,118.5200
2008-04-28,118.7500
2008-04-29,115.6300
2008-04-30,113.4600
2008-05-01,112.5200
2008-05-02,116.3200
2008-05-05,119.9700
2008-05-06,121.8400
2008-05-07,123.5300
2008-05-08,123.6900
2008-05-09,125.9600
2008-05-12,124.2300
2008-05-13,125.8000
2008-05-14,124.2200
2008-05-15,124.1200
2008-05-16,126.2900
2008-05-19,127.0500
2008-05-20,129.0700
2008-05-21,133.1700
2008-05-22,130.8100
2008-05-23,132.1900
2008-05-27,128.8500
2008-05-28,131.0300
2008-05-29,126.6200
2008-05-30,127.3500
2008-06-02,127.7600
2008-06-03,124.3100
2008-06-04,122.3000
2008-06-05,127.7900
2008-06-06,138.5400
2008-06-09,134.3500
2008-06-10,131.3100
2008-06-11,136.3800
2008-06-12,136.7400
2008-06-13,134.8600
2008-06-16,134.6100
2008-06-17,134.0100
2008-06-18,136.6800
2008-06-19,131.9300
2008-06-20,134.6200
2008-06-23,136.7400
2008-06-24,137.0000
2008-06-25,134.5500
2008-06-26,139.6400
2008-06-27,140.2100
2008-06-30,140.0000
2008-07-01,140.9700
2008-07-02,143.5700
2008-07-03,145.2900
2008-07-07,141.3700
2008-07-08,136.0400
2008-07-09,136.0500
2008-07-10,141.6500
2008-07-11,145.0800
2008-07-14,145.1800
2008-07-15,138.7400
2008-07-16,134.6000
2008-07-17,129.2900
2008-07-18,128.8800
2008-07-21,131.0400
2008-07-22,127.9500
2008-07-23,124.4400
2008-07-24,125.4900
2008-07-25,123.2600
2008-07-28,124.7300
2008-07-29,122.1900
2008-07-30,126.7700
2008-07-31,124.0800
2008-08-01,125.1000
2008-08-04,121.4100
2008-08-05,119.1700
2008-08-06,118.5800
2008-08-07,120.0200
2008-08-08,115.2000
2008-08-11,114.4500
2008-08-12,113.0100
2008-08-13,116.0000
2008-08-14,115.0100
2008-08-15,113.7700
2008-08-18,112.8700
2008-08-19,114.5300
2008-08-20,114.9800
2008-08-21,121.1800
2008-08-22,114.5900
2008-08-25,115.1100
2008-08-26,116.2700
2008-08-27,118.1500
2008-08-28,115.5900
2008-08-29,115.4600
2008-09-02,109.7100
2008-09-03,109.3500
2008-09-04,107.8900
2008-09-05,106.2300
2008-09-08,106.3400
2008-09-09,103.2600
2008-09-10,102.5800
2008-09-11,100.8700
2008-09-12,101.1800
2008-09-15,95.7100
2008-09-16,91.1500
2008-09-17,97.1600
2008-09-18,97.8800
2008-09-19,104.5500
2008-09-22,120.9200
2008-09-23,106.6100
2008-09-24,105.7300
2008-09-25,108.0200
2008-09-26,106.8900
2008-09-29,96.3700
2008-09-30,100.6400
2008-10-01,98.5300
2008-10-02,93.9700
2008-10-03,93.8800
2008-10-06,87.8100
2008-10-07,90.0600
2008-10-08,88.9500
2008-10-09,86.5900
2008-10-10,77.7000
2008-10-13,81.1900
2008-10-14,78.6300
2008-10-15,74.5400
2008-10-16,69.8500
2008-10-17,71.8500
2008-10-20,74.2500
2008-10-21,70.8900
2008-10-22,66.7500
2008-10-23,67.8400
2008-10-24,64.1500
2008-10-27,63.2200
2008-10-28,62.7300
2008-10-29,67.5000
2008-10-30,65.9600
2008-10-31,67.8100
2008-11-03,63.9100
2008-11-04,70.5300
2008-11-05,65.3000
2008-11-06,60.7700
2008-11-07,61.0400
2008-11-10,62.4100
2008-11-11,59.3300
2008-11-12,56.1600
2008-11-13,58.2400
2008-11-14,57.0400
2008-11-17,54.9500
2008-11-18,54.3900
2008-11-19,53.6200
2008-11-20,49.6200
2008-11-21,49.9300
2008-11-24,54.5000
2008-11-25,50.7700
2008-11-26,54.4400
2008-11-28,54.4300
2008-12-01,49.2800
2008-12-02,46.9600
2008-12-03,46.7900
2008-12-04,43.6700
2008-12-05,40.8100
2008-12-08,43.7100
2008-12-09,42.0700
2008-12-10,43.5200
2008-12-11,47.9800
2008-12-12,46.2800
2008-12-15,44.5100
2008-12-16,43.6000
2008-12-17,40.0600
2008-12-18,36.2200
2008-12-19,33.8700
2008-12-22,39.9100
2008-12-23,38.9800
2008-12-24,35.3500
2008-12-26,37.7100
2008-12-29,40.0200
2008-12-30,39.0300
2008-12-31,44.6000
2009-01-02,46.3400
2009-01-05,48.8100
2009-01-06,48.5800
2009-01-07,42.6300
2009-01-08,41.7000
2009-01-09,40.8300
2009-01-12,37.5900
2009-01-13,37.7800
2009-01-14,37.2800
2009-01-15,35.4000
2009-01-16,36.5100
2009-01-20,38.7400
2009-01-21,43.5500
2009-01-22,43.6700
2009-01-23,46.4700
2009-01-26,45.7300
2009-01-27,41.5800
2009-01-28,42.1600
2009-01-29,41.4400
2009-01-30,41.6800
2009-02-02,40.0800
2009-02-03,40.7800
2009-02-04,40.3200
2009-02-05,41.1700
2009-02-06,40.1700
2009-02-09,39.5600
2009-02-10,37.5500
2009-02-11,35.9400
2009-02-12,33.9800
2009-02-13,37.5100
2009-02-17,34.9300
2009-02-18,34.6200
2009-02-19,39.4800
2009-02-20,38.9400
2009-02-23,38.4400
2009-02-24,39.9600
2009-02-25,42.5000
2009-02-26,45.2200
2009-02-27,44.7600
2009-03-02,40.1500
2009-03-03,41.6500
2009-03-04,45.3800
2009-03-05,43.6100
2009-03-06,45.5200
2009-03-09,47.0700
2009-03-10,45.7100
2009-03-11,42.3300
2009-03-12,47.0300
2009-03-13,46.2500
2009-03-16,47.3500
2009-03-17,49.1600
2009-03-18,48.1400
2009-03-19,51.6100
2009-03-20,51.0600
2009-03-23,53.8000
2009-03-24,53.9800
2009-03-25,52.7700
2009-03-26,54.3400
2009-03-27,52.3800
2009-03-30,48.4100
2009-03-31,49.6600
2009-04-01,48.3900
2009-04-02,52.6400
2009-04-03,52.5100
2009-04-06,51.0500
2009-04-07,49.1500
2009-04-08,49.3800
2009-04-09,52.2400
2009-04-13,50.0500
2009-04-14,49.4100
2009-04-15,49.2500
2009-04-16,49.9800
2009-04-17,50.3300
2009-04-20,45.8800
2009-04-21,46.5100
2009-04-22,48.8500
2009-04-23,49.6200
2009-04-24,51.5500
2009-04-27,50.1400
2009-04-28,49.9200
2009-04-29,50.9700
2009-04-30,51.1200
2009-05-01,53.2000
2009-05-04,54.4700
2009-05-05,53.8400
2009-05-06,56.3400
2009-05-07,56.7100
2009-05-08,58.6300
2009-05-11,58.5000
2009-05-12,58.8500
2009-05-13,58.0200
2009-05-14,58.6200
2009-05-15,56.3400
2009-05-18,59.0300
2009-05-19,59.6500
2009-05-20,62.0400
2009-05-21,61.0500
2009-05-22,61.6700
2009-05-26,62.4500
2009-05-27,63.4500
2009-05-28,65.0800
2009-05-29,66.3100
2009-06-01,68.5800
2009-06-02,68.5500
2009-06-03,66.1200
2009-06-04,68.8100
2009-06-05,68.4400
2009-06-08,68.0900
2009-06-09,70.0100
2009-06-10,71.3300
2009-06-11,72.6800
2009-06-12,72.0400
2009-06-15,70.6200
2009-06-16,70.4700
2009-06-17,71.0300
2009-06-18,71.3700
2009-06-19,69.5500
2009-06-22,66.9300
2009-06-23,69.2400
2009-06-24,68.6700
2009-06-25,70.2300
2009-06-26,69.1600
2009-06-29,71.4900
2009-06-30,69.8900
2009-07-01,69.3100
2009-07-02,66.7300
2009-07-06,64.0500
2009-07-07,62.9300
2009-07-08,60.1400
2009-07-09,60.4100
2009-07-10,59.8900
2009-07-13,59.6900
2009-07-14,59.5200
2009-07-15,61.5400
2009-07-16,62.0200
2009-07-17,63.5600
2009-07-20,63.9800
2009-07-21,64.7200
2009-07-22,65.4000
2009-07-23,67.1600
2009-07-24,68.0500
2009-07-27,68.3800
2009-07-28,67.2300
2009-07-29,63.3500
2009-07-30,66.9400
2009-07-31,69.4500
2009-08-03,71.5800
2009-08-04,71.4200
2009-08-05,71.9700
2009-08-06,71.9400
2009-08-07,70.9300
2009-08-10,70.6000
2009-08-11,69.4500
2009-08-12,70.1600
2009-08-13,70.5200
2009-08-14,67.5100
2009-08-17,66.7500
2009-08-18,69.1900
2009-08-19,72.4200
2009-08-20,72.5400
2009-08-21,73.8900
2009-08-24,74.3700
2009-08-25,72.0500
2009-08-26,71.4300
2009-08-27,72.4900
2009-08-28,72.7400
2009-08-31,69.9600
2009-09-01,68.0500
2009-09-02,68.0500
2009-09-03,67.9600
2009-09-04,68.0200
2009-09-08,71.1000
2009-09-09,71.3100
2009-09-10,71.9400
2009-09-11,69.2900
2009-09-14,68.8600
2009-09-15,70.9300
2009-09-16,72.5100
2009-09-17,72.4700
2009-09-18,72.0400
2009-09-21,69.7100
2009-09-22,71.5500
2009-09-23,68.9700
2009-09-24,65.8900
2009-09-25,66.0200
2009-09-28,66.8400
2009-09-29,66.7100
2009-09-30,70.6100
2009-10-01,70.8200
2009-10-02,69.9500
2009-10-05,70.4100
2009-10-06,70.8800
2009-10-07,69.5700
2009-10-08,71.6900
2009-10-09,71.7700
2009-10-12,73.2700
2009-10-13,74.1500
2009-10-14,75.1800
2009-10-15,77.5800
2009-10-16,78.5300
2009-10-19,79.6100
2009-10-20,79.0900
2009-10-21,81.3700
2009-10-22,81.1900
2009-10-23,80.5000
2009-10-26,78.6800
2009-10-27,79.5500
2009-10-28,77.4600
2009-10-29,79.8700
2009-10-30,77.0000
2009-11-02,78.1300
2009-11-03,79.6000
2009-11-04,80.4000
2009-11-05,79.6200
2009-11-06,77.4300
2009-11-09,79.4300
2009-11-10,79.0500
2009-11-11,79.2800
2009-11-12,76.9400
2009-11-13,76.3500
2009-11-16,78.9000
2009-11-17,79.1400
2009-11-18,79.5800
2009-11-19,77.4600
2009-11-20,76.7200
2009-11-23,77.5600
2009-11-24,76.0200
2009-11-25,77.9600
2009-11-27,76.0500
2009-11-30,77.2800
2009-12-01,78.3700
2009-12-02,76.6000
2009-12-03,76.4600
2009-12-04,75.4700
2009-12-07,73.9300
2009-12-08,72.6200
2009-12-09,70.6700
2009-12-10,70.5400
2009-12-11,69.8700
2009-12-14,69.5100
2009-12-15,70.6900
2009-12-16,72.6600
2009-12-17,72.6500
2009-12-18,73.3600
2009-12-21,72.4700
2009-12-22,74.4000
2009-12-23,76.6700
2009-12-24,78.0500
2009-12-28,78.7700
2009-12-29,78.8700
2009-12-30,79.2800
2009-12-31,79.3600
2010-01-04,81.5100
2010-01-05,81.7700
2010-01-06,83.1800
2010-01-07,82.6600
2010-01-08,82.7500
2010-01-11,82.5200
2010-01-12,80.7900
2010-01-13,79.6500
2010-01-14,79.3900
2010-01-15,78.0000
2010-01-19,79.0200
2010-01-20,77.6200
2010-01-21,76.0800
2010-01-22,74.5400
2010-01-25,75.2600
2010-01-26,74.7100
2010-01-27,73.6700
2010-01-28,73.6400
2010-01-29,72.8900
2010-02-01,74.4300
2010-02-02,77.2300
2010-02-03,76.9800
2010-02-04,73.1400
2010-02-05,71.1900
2010-02-08,71.8900
2010-02-09,73.7500
2010-02-10,74.5200
2010-02-11,75.2800
2010-02-12,74.1300
2010-02-16,77.0100
2010-02-17,77.3300
2010-02-18,79.0600
2010-02-19,79.8100
2010-02-22,80.1600
2010-02-23,78.8600
2010-02-24,80.0000
2010-02-25,78.1700
2010-02-26,79.6600
2010-03-01,78.7000
2010-03-02,79.6800
2010-03-03,80.8700
2010-03-04,80.2100
2010-03-05,81.5000
2010-03-08,81.8700
2010-03-09,81.4900
2010-03-10,82.0900
2010-03-11,82.1100
2010-03-12,81.2400
2010-03-15,79.8000
2010-03-16,81.7000
2010-03-17,82.9300
2010-03-18,82.2000
2010-03-19,80.6800
2010-03-22,81.2500
2010-03-23,81.9100
2010-03-24,80.6100
2010-03-25,80.5300
2010-03-26,80.0000
2010-03-29,82.1700
2010-03-30,82.3700
2010-03-31,83.7600
2010-04-01,84.8700
2010-04-05,86.6200
2010-04-06,86.8400
2010-04-07,85.8800
2010-04-08,85.3900
2010-04-09,84.9200
2010-04-12,84.3400
2010-04-13,84.0500
2010-04-14,85.8400
2010-04-15,85.5100
2010-04-16,83.2400
2010-04-19,81.4500
2010-04-20,83.4500
2010-04-21,83.6800
2010-04-22,83.7000
2010-04-23,85.1200
2010-04-26,84.2000
2010-04-27,82.4400
2010-04-28,83.2200
2010-04-29,85.1700
2010-04-30,86.1500
2010-05-03,86.1900
2010-05-04,82.7400
2010-05-05,79.9700
2010-05-06,77.1100
2010-05-07,75.1100
2010-05-10,76.8000
2010-05-11,76.3700
2010-05-12,75.6500
2010-05-13,74.4000
2010-05-14,71.6100
2010-05-17,70.0800
2010-05-18,69.4100
2010-05-19,69.8700
2010-05-20,68.0100
2010-05-21,70.0400
2010-05-24,70.2100
2010-05-25,68.7500
2010-05-26,71.5100
2010-05-27,74.5500
2010-05-28,73.9700
2010-06-01,72.5800
2010-06-02,72.8600
2010-06-03,74.6100
2010-06-04,71.5100
2010-06-07,71.4400
2010-06-08,71.9900
2010-06-09,74.3800
2010-06-10,75.4800
2010-06-11,73.7800
2010-06-14,75.1200
2010-06-15,76.9400
2010-06-16,77.6700
2010-06-17,76.7900
2010-06-18,77.1800
2010-06-21,77.8200
2010-06-22,77.2100
2010-06-23,76.3500
2010-06-24,76.5100
2010-06-25,78.8600
2010-06-28,78.2500
2010-06-29,75.9400
2010-06-30,75.6300
2010-07-01,72.9500
2010-07-02,72.1400
2010-07-06,71.9800
2010-07-07,74.0700
2010-07-08,75.4400
2010-07-09,76.0900
2010-07-12,74.9500
2010-07-13,77.1500
2010-07-14,77.0400
2010-07-15,76.6200
2010-07-16,76.0100
2010-07-19,76.5400
2010-07-20,77.4400
2010-07-21,76.5600
2010-07-22,79.3000
2010-07-23,78.9800
2010-07-26,78.9800
2010-07-27,77.5000
2010-07-28,76.9900
2010-07-29,78.3600
2010-07-30,78.9500
2010-08-02,81.3400
2010-08-03,82.5500
2010-08-04,82.4700
2010-08-05,82.0100
2010-08-06,80.7000
2010-08-09,81.4800
2010-08-10,80.2500
2010-08-11,78.0200
2010-08-12,75.7400
2010-08-13,75.3900
2010-08-16,75.2400
2010-08-17,75.7700
2010-08-18,75.4200
2010-08-19,74.4300
2010-08-20,73.4600
2010-08-23,73.1000
2010-08-24,71.6300
2010-08-25,72.5200
2010-08-26,73.3600
2010-08-27,75.1700
2010-08-30,74.7000
2010-08-31,71.9200
2010-09-01,73.9100
2010-09-02,75.0200
2010-09-03,74.6000
2010-09-07,74.0900
2010-09-08,74.6700
2010-09-09,74.2500
2010-09-10,76.4500
2010-09-13,77.1900
2010-09-14,76.8000
2010-09-15,76.0200
2010-09-16,74.5700
2010-09-17,73.6600
2010-09-20,74.8600
2010-09-21,73.5200
2010-09-22,74.7100
2010-09-23,75.1800
2010-09-24,76.4900
2010-09-27,76.5200
2010-09-28,76.1800
2010-09-29,77.8600
2010-09-30,79.9700
2010-10-01,81.5800
2010-10-04,81.4700
2010-10-05,82.8200
2010-10-06,83.2300
2010-10-07,81.6700
2010-10-08,82.6600
2010-10-11,82.2100
2010-10-12,81.6700
2010-10-13,83.0100
2010-10-14,82.6900
2010-10-15,81.2500
2010-10-18,83.0800
2010-10-19,79.4900
2010-10-20,81.7700
2010-10-21,80.5600
2010-10-22,81.6900
2010-10-25,82.5200
2010-10-26,82.5500
2010-10-27,81.9400
2010-10-28,82.1800
2010-10-29,81.4300
2010-11-01,82.9500
2010-11-02,83.9000
2010-11-03,84.6900
2010-11-04,86.4900
2010-11-05,86.8500
2010-11-08,87.0600
2010-11-09,86.7200
2010-11-10,87.8100
2010-11-11,87.8100
2010-11-12,84.8800
2010-11-15,84.8600
2010-11-16,82.3400
2010-11-17,80.4400
2010-11-18,81.8500
2010-11-19,81.5100
2010-11-22,81.7400
2010-11-23,81.2500
2010-11-24,83.8600
2010-11-26,83.7600
2010-11-29,85.7300
2010-11-30,84.1100
2010-12-01,86.7500
2010-12-02,88.0000
2010-12-03,89.1900
2010-12-06,89.3800
2010-12-07,88.6900
2010-12-08,88.2800
2010-12-09,88.3700
2010-12-10,87.7900
2010-12-13,88.6100
2010-12-14,88.2800
2010-12-15,88.6200
2010-12-16,87.7000
2010-12-17,88.0200
2010-12-20,88.8100
2010-12-21,89.8200
2010-12-22,90.4800
2010-12-23,91.5100
2010-12-27,91.0000
2010-12-28,91.4900
2010-12-29,91.1200
2010-12-30,89.8400
2010-12-31,91.3800
2011-01-03,91.5500
2011-01-04,89.3800
2011-01-05,90.3000
2011-01-06,88.3800
2011-01-07,88.0300
2011-01-10,89.2500
2011-01-11,91.1100
2011-01-12,91.8600
2011-01-13,91.4000
2011-01-14,91.5400
2011-01-18,91.3800
2011-01-19,90.8600
2011-01-20,88.8600
2011-01-21,89.1100
2011-01-24,87.8700
2011-01-25,86.1900
2011-01-26,87.3300
2011-01-27,85.6400
2011-01-28,89.3400
2011-01-31,92.1900
2011-02-01,90.7700
2011-02-02,90.8600
2011-02-03,90.5400
2011-02-04,89.0300
2011-02-07,87.4800
2011-02-08,86.9400
2011-02-09,86.7100
2011-02-10,86.7300
2011-02-11,85.5800
2011-02-14,84.8100
2011-02-15,84.3200
2011-02-16,84.9900
2011-02-17,86.3600
2011-02-18,86.2000
2011-02-22,93.5700
2011-02-23,98.1000
2011-02-24,97.2800
2011-02-25,97.8800
2011-02-28,96.9700
2011-03-01,99.6300
2011-03-02,102.2300
2011-03-03,101.9100
2011-03-04,104.4200
2011-03-07,105.4400
2011-03-08,105.0200
2011-03-09,104.3800
2011-03-10,102.7000
2011-03-11,101.1600
2011-03-14,101.1900
2011-03-15,97.1800
2011-03-16,97.9800
2011-03-17,101.4200
2011-03-18,101.0700
2011-03-21,102.3300
2011-03-22,104.0000
2011-03-23,105.7500
2011-03-24,105.6000
2011-03-25,105.4000
2011-03-28,103.9800
2011-03-29,104.7900
2011-03-30,104.2700
2011-03-31,106.7200
2011-04-01,107.9400
2011-04-04,108.4700
2011-04-05,108.3400
2011-04-06,108.8300
2011-04-07,110.3000
2011-04-08,112.7900
2011-04-11,109.9200
2011-04-12,106.2500
2011-04-13,107.1100
2011-04-14,108.1100
2011-04-15,109.6600
2011-04-18,107.1200
2011-04-19,108.1500
2011-04-20,111.4500
2011-04-21,112.2900
2011-04-25,112.2800
2011-04-26,112.2100
2011-04-27,112.7600
2011-04-28,112.8600
2011-04-29,113.9300
2011-05-02,113.5200
2011-05-03,111.0500
2011-05-04,109.2400
2011-05-05,99.8000
2011-05-06,97.1800
2011-05-09,102.5500
2011-05-10,103.8800
2011-05-11,98.2100
2011-05-12,98.9700
2011-05-13,99.6500
2011-05-16,97.3700
2011-05-17,96.9100
2011-05-18,100.1000
2011-05-19,98.4400
2011-05-20,99.4900
2011-05-23,97.7000
2011-05-24,99.5900
2011-05-25,101.3200
2011-05-26,100.2300
2011-05-27,100.5900
2011-05-31,102.7000
2011-06-01,100.2900
2011-06-02,100.4000
2011-06-03,100.2200
2011-06-06,99.0100
2011-06-07,99.0900
2011-06-08,100.7400
2011-06-09,101.9300
2011-06-10,99.2900
2011-06-13,97.3000
2011-06-14,99.3700
2011-06-15,94.8100
2011-06-16,94.9500
2011-06-17,93.0100
2011-06-20,93.2600
2011-06-21,93.4000
2011-06-22,95.4100
2011-06-23,91.0200
2011-06-24,91.1600
2011-06-27,90.6100
2011-06-28,92.8900
2011-06-29,94.7700
2011-06-30,95.4200
2011-07-01,94.9400
2011-07-05,96.8900
2011-07-06,96.6500
2011-07-07,98.6700
2011-07-08,96.2000
2011-07-11,95.1500
2011-07-12,97.4300
2011-07-13,98.0500
2011-07-14,95.6900
2011-07-15,97.2400
2011-07-18,95.9300
2011-07-19,97.5000
2011-07-20,98.1400
2011-07-21,99.1300
2011-07-22,99.8700
2011-07-25,99.2000
2011-07-26,99.5900
2011-07-27,97.4000
2011-07-28,97.4400
2011-07-29,95.7000
2011-08-01,94.8900
2011-08-02,93.7900
2011-08-03,91.9300
2011-08-04,86.6300
2011-08-05,86.8800
2011-08-08,81.3100
2011-08-09,79.3000
2011-08-10,82.8900
2011-08-11,85.7200
2011-08-12,85.3800
2011-08-15,87.8800
2011-08-16,86.6500
2011-08-17,87.5800
2011-08-18,82.3800
2011-08-19,82.2600
2011-08-22,84.1200
2011-08-23,85.4400
2011-08-24,85.1600
2011-08-25,85.3000
2011-08-26,85.3700
2011-08-29,87.2700
2011-08-30,88.9000
2011-08-31,88.8100
2011-09-01,88.9300
2011-09-02,86.4500
2011-09-06,86.0200
2011-09-07,89.3400
2011-09-08,89.0500
2011-09-09,87.2400
2011-09-12,88.1900
2011-09-13,90.2100
2011-09-14,88.9100
2011-09-15,89.4000
2011-09-16,87.9600
2011-09-19,85.7000
2011-09-20,86.8900
2011-09-21,85.9200
2011-09-22,80.5100
2011-09-23,79.8500
2011-09-26,80.2400
2011-09-27,84.4500
2011-09-28,81.2100
2011-09-29,82.1400
2011-09-30,79.2000
2011-10-03,77.6100
2011-10-04,75.6700
2011-10-05,79.6800
2011-10-06,82.5900
2011-10-07,82.9800
2011-10-10,85.4100
2011-10-11,85.8100
2011-10-12,85.5700
2011-10-13,84.2300
2011-10-14,86.8000
2011-10-17,86.3800
2011-10-18,88.3400
2011-10-19,86.1100
2011-10-20,85.3000
2011-10-21,87.4000
2011-10-24,91.2700
2011-10-25,93.1700
2011-10-26,90.2000
2011-10-27,93.9600
2011-10-28,93.3200
2011-10-31,93.1900
2011-11-01,92.1900
2011-11-02,92.5100
2011-11-03,94.0700
2011-11-04,94.2600
2011-11-07,95.5200
2011-11-08,96.8000
2011-11-09,95.7400
2011-11-10,97.7800
2011-11-11,98.9900
2011-11-14,98.1400
2011-11-15,99.3700
2011-11-16,102.5900
2011-11-17,98.8200
2011-11-18,97.4100
2011-11-21,96.9200
2011-11-22,98.0100
2011-11-23,96.1700
2011-11-25,96.7700
2011-11-28,98.2100
2011-11-29,99.7900
2011-11-30,100.3600
2011-12-01,100.2000
2011-12-02,100.9600
2011-12-05,100.9900
2011-12-06,101.2800
2011-12-07,100.4900
2011-12-08,98.3400
2011-12-09,99.4100
2011-12-12,97.7700
2011-12-13,100.1400
2011-12-14,94.9500
2011-12-15,93.8700
2011-12-16,93.5300
2011-12-19,93.8800
2011-12-20,97.2200
2011-12-21,98.6700
2011-12-22,99.5300
2011-12-23,99.6800
2011-12-27,101.3400
2011-12-28,99.3600
2011-12-29,99.6500
2011-12-30,98.8300
2012-01-03,102.9600
2012-01-04,103.2200
2012-01-05,101.8100
2012-01-06,101.5600
2012-01-09,101.3100
2012-01-10,102.2400
2012-01-11,100.8700
2012-01-12,99.1000
2012-01-13,98.7000
2012-01-17,100.7100
2012-01-18,100.5900
2012-01-19,100.3900
2012-01-20,98.4600
2012-01-23,99.5800
2012-01-24,98.9500
2012-01-25,99.4000
2012-01-26,99.7000
2012-01-27,99.5600
2012-01-30,98.7800
2012-01-31,98.4800
2012-02-01,97.6100
2012-02-02,96.3600
2012-02-03,97.8400
2012-02-06,96.9100
2012-02-07,98.4100
2012-02-08,98.7100
2012-02-09,99.8400
2012-02-10,98.6700
2012-02-13,100.9100
2012-02-14,100.7400
2012-02-15,101.8000
2012-02-16,102.3100
2012-02-17,103.2400
2012-02-21,105.8400
2012-02-22,106.2800
2012-02-23,107.8300
2012-02-24,109.7700
2012-02-27,108.5600
2012-02-28,106.5500
2012-02-29,107.0700
2012-03-01,108.8400
2012-03-02,106.7000
2012-03-05,106.7200
2012-03-06,104.7000
2012-03-07,106.1600
2012-03-08,106.5800
2012-03-09,107.4000
2012-03-12,106.3400
2012-03-13,106.7100
2012-03-14,105.4300
2012-03-15,105.1100
2012-03-16,107.0600
2012-03-19,108.0900
2012-03-20,105.6100
2012-03-21,107.2700
2012-03-22,105.3500
2012-03-23,106.8700
2012-03-26,107.0300
2012-03-27,107.3300
2012-03-28,105.4100
2012-03-29,102.7800
2012-03-30,103.0200
2012-04-02,105.2300
2012-04-03,104.0100
2012-04-04,101.4700
2012-04-05,103.3100
2012-04-09,102.4600
2012-04-10,101.0200
2012-04-11,102.7000
2012-04-12,103.6400
2012-04-13,102.8300
2012-04-16,102.9300
2012-04-17,104.2000
2012-04-18,102.6700
2012-04-19,102.2700
2012-04-20,103.0500
2012-04-23,103.1100
2012-04-24,103.5500
2012-04-25,104.1200
2012-04-26,104.5500
2012-04-27,104.9300
2012-04-30,104.8700
2012-05-01,106.1600
2012-05-02,105.2200
2012-05-03,102.5400
2012-05-04,98.4900
2012-05-07,97.9400
2012-05-08,97.0100
2012-05-09,96.8100
2012-05-10,97.0800
2012-05-11,96.1300
2012-05-14,94.7800
2012-05-15,93.9800
2012-05-16,92.8100
2012-05-17,92.5600
2012-05-18,91.4800
2012-05-21,92.5700
2012-05-22,91.6600
2012-05-23,89.9000
2012-05-24,90.6600
2012-05-25,90.8600
2012-05-29,90.7600
2012-05-30,87.8200
2012-05-31,86.5300
2012-06-01,83.2300
2012-06-04,83.9800
2012-06-05,84.2900
2012-06-06,85.0200
2012-06-07,84.8200
2012-06-08,84.1000
2012-06-11,82.7000
2012-06-12,83.3200
2012-06-13,82.6200
2012-06-14,83.9100
2012-06-15,84.0300
2012-06-18,83.2700
2012-06-19,84.0300
2012-06-20,81.8000
2012-06-21,78.2000
2012-06-22,79.7600
2012-06-25,79.2100
2012-06-26,79.3600
2012-06-27,80.2100
2012-06-28,77.6900
2012-06-29,84.9600
2012-07-02,83.7500
2012-07-03,87.6600
2012-07-05,87.2200
2012-07-06,84.4500
2012-07-09,85.9900
2012-07-10,83.9100
2012-07-11,85.8100
2012-07-12,86.0800
2012-07-13,87.1000
2012-07-16,88.4300
2012-07-17,89.2200
2012-07-18,89.8700
2012-07-19,92.6600
2012-07-20,91.4400
2012-07-23,88.1400
2012-07-24,88.5000
2012-07-25,88.9700
2012-07-26,89.3900
2012-07-27,90.1300
2012-07-30,89.7800
2012-07-31,88.0600
2012-08-01,88.9100
2012-08-02,87.1300
2012-08-03,91.4000
2012-08-06,92.2000
2012-08-07,93.6700
2012-08-08,93.3500
2012-08-09,93.3600
2012-08-10,92.8700
2012-08-13,92.7300
2012-08-14,93.4300
2012-08-15,94.3300
2012-08-16,95.6000
2012-08-17,96.0100
2012-08-20,95.9700
2012-08-21,96.6800
2012-08-22,97.2600
2012-08-23,96.2700
2012-08-24,96.1500
2012-08-27,95.4700
2012-08-28,96.3300
2012-08-29,95.4900
2012-08-30,94.6200
2012-08-31,96.4700
2012-09-04,95.3000
2012-09-05,95.3600
2012-09-06,95.5300
2012-09-07,96.4200
2012-09-10,96.5400
2012-09-11,97.1700
2012-09-12,97.0100
2012-09-13,98.3100
2012-09-14,99.0000
2012-09-17,96.6200
2012-09-18,95.2900
2012-09-19,91.9800
2012-09-20,91.8700
2012-09-21,92.8900
2012-09-24,91.9300
2012-09-25,91.3700
2012-09-26,89.9800
2012-09-27,91.8500
2012-09-28,92.1900
2012-10-01,92.4800
2012-10-02,91.8900
2012-10-03,88.1400
2012-10-04,91.7100
2012-10-05,89.8800
2012-10-08,89.3300
2012-10-09,92.3900
2012-10-10,91.2500
2012-10-11,92.0700
2012-10-12,91.8600
2012-10-15,91.8500
2012-10-16,92.0900
2012-10-17,92.1200
2012-10-18,92.1000
2012-10-19,90.0500
2012-10-22,88.7300
2012-10-23,86.6700
2012-10-24,85.7300
2012-10-25,86.0500
2012-10-26,86.2800
2012-10-31,86.2400
2012-11-01,87.0900
2012-11-02,84.8600
2012-11-05,85.6500
2012-11-06,88.7100
2012-11-07,84.4400
2012-11-08,85.0900
2012-11-09,86.0700
2012-11-12,85.5700
2012-11-13,85.3800
2012-11-14,86.3200
2012-11-15,85.4500
2012-11-16,86.6700
2012-11-19,89.2800
2012-11-20,86.7500
2012-11-21,87.3800
2012-11-23,88.2800
2012-11-26,87.7400
2012-11-27,87.1800
2012-11-28,86.4900
2012-11-29,88.0700
2012-11-30,88.9100
2012-12-03,89.0900
2012-12-04,88.5000
2012-12-05,87.8800
2012-12-06,86.2600
2012-12-07,85.9300
2012-12-10,85.5600
2012-12-11,85.7900
2012-12-12,86.7700
2012-12-13,85.8900
2012-12-14,86.7300
2012-12-17,87.2000
2012-12-18,87.9300
2012-12-19,89.5100
2012-12-20,90.1300
2012-12-21,88.6600
2012-12-24,88.6100
2012-12-26,90.9800
2012-12-27,90.8700
2012-12-28,90.8000
2012-12-31,91.8200
2013-01-02,93.1200
2013-01-03,92.9200
2013-01-04,93.0900
2013-01-07,93.1900
2013-01-08,93.1500
2013-01-09,93.1000
2013-01-10,93.8200
2013-01-11,93.5600
2013-01-14,94.1400
2013-01-15,93.2800
2013-01-16,94.2400
2013-01-17,95.4900
2013-01-18,95.5600
2013-01-22,96.2400
2013-01-23,95.2300
2013-01-24,95.9500
2013-01-25,95.8800
2013-01-28,96.4400
2013-01-29,97.5700
2013-01-30,97.9400
2013-01-31,97.4900
2013-02-01,97.7700
2013-02-04,96.1700
2013-02-05,96.6400
2013-02-06,96.6200
2013-02-07,95.8300
2013-02-08,95.7200
2013-02-11,97.0300
2013-02-12,97.5100
2013-02-13,97.0100
2013-02-14,97.3100
2013-02-15,95.8600
2013-02-19,96.6600
2013-02-20,94.4600
2013-02-21,92.8400
2013-02-22,93.1300
2013-02-25,93.1100
2013-02-26,92.6300
2013-02-27,92.7600
2013-02-28,92.0500
2013-03-01,90.6800
2013-03-04,90.1200
2013-03-05,90.8200
2013-03-06,90.4300
2013-03-07,91.5600
2013-03-08,91.9500
2013-03-11,92.0600
2013-03-12,92.5400
2013-03-13,92.5200
2013-03-14,93.0300
2013-03-15,93.4500
2013-03-18,93.7400
2013-03-19,92.1600
2013-03-20,92.9600
2013-03-21,92.4500
2013-03-22,93.7100
2013-03-25,94.8100
2013-03-26,96.3400
2013-03-27,96.5800
2013-03-28,97.2300
2013-04-01,97.0700
2013-04-02,97.1900
2013-04-03,94.4500
2013-04-04,93.2600
2013-04-05,92.7000
2013-04-08,93.3600
2013-04-09,94.2000
2013-04-10,94.6400
2013-04-11,93.5100
2013-04-12,91.2900
2013-04-15,88.7100
2013-04-16,88.7200
2013-04-17,86.6800
2013-04-18,87.7300
2013-04-19,88.0100
2013-04-22,88.7600
2013-04-23,89.1800
2013-04-24,91.4300
2013-04-25,93.6400
2013-04-26,93.0000
2013-04-29,94.5000
2013-04-30,93.4600
2013-05-01,91.0300
2013-05-02,93.9900
2013-05-03,95.6100
2013-05-06,96.1600
2013-05-07,95.6200
2013-05-08,96.6200
2013-05-09,96.3900
2013-05-10,96.0400
2013-05-13,95.1700
2013-05-14,94.2100
2013-05-15,94.3000
2013-05-16,95.1600
2013-05-17,96.0200
2013-05-20,96.7100
2013-05-21,96.1600
2013-05-22,94.2800
2013-05-23,94.2500
2013-05-24,94.1500
2013-05-28,95.0100
2013-05-29,93.1300
2013-05-30,93.6100
2013-05-31,91.9700
2013-06-03,93.4500
2013-06-04,93.3100
2013-06-05,93.7400
2013-06-06,94.7600
2013-06-07,96.0300
2013-06-10,95.7700
2013-06-11,95.3800
2013-06-12,95.8800
2013-06-13,96.6900
2013-06-14,97.8500
2013-06-17,97.7700
2013-06-18,98.4400
2013-06-19,98.2400
2013-06-20,95.4000
2013-06-21,93.6900
2013-06-24,95.1800
2013-06-25,95.3200
2013-06-26,95.5000
2013-06-27,97.0500
2013-06-28,96.5600
2013-07-01,97.9900
2013-07-02,99.6000
2013-07-03,101.2400
2013-07-05,103.2200
2013-07-08,103.1400
2013-07-09,103.5300
2013-07-10,106.5200
2013-07-11,104.9100
2013-07-12,105.9500
2013-07-15,106.3200
2013-07-16,106.0000
2013-07-17,106.4800
2013-07-18,108.0400
2013-07-19,108.0500
2013-07-22,106.9100
2013-07-23,107.2300
2013-07-24,105.3900
2013-07-25,105.4900
2013-07-26,104.7000
2013-07-29,104.5500
2013-07-30,103.0800
2013-07-31,105.0300
2013-08-01,107.8900
2013-08-02,106.9400
2013-08-05,106.5600
2013-08-06,105.3000
2013-08-07,104.3700
2013-08-08,103.4000
2013-08-09,105.9700
2013-08-12,106.1100
2013-08-13,106.8300
2013-08-14,106.8500
2013-08-15,107.3300
2013-08-16,107.4600
2013-08-19,107.1000
2013-08-20,104.9700
2013-08-21,103.8500
2013-08-22,105.0300
2013-08-23,106.4200
2013-08-26,105.9200
2013-08-27,109.0100
2013-08-28,110.1000
2013-08-29,108.8000
2013-08-30,107.6500
2013-09-03,108.5400
2013-09-04,107.2300
2013-09-05,108.3700
2013-09-06,110.5300
2013-09-09,109.5200
2013-09-10,107.3900
2013-09-11,107.5600
2013-09-12,108.6000
2013-09-13,108.2100
2013-09-16,106.5900
2013-09-17,105.4200
2013-09-18,108.0700
2013-09-19,106.3900
2013-09-20,104.6800
2013-09-23,103.5900
2013-09-24,103.1300
2013-09-25,102.6600
2013-09-26,103.0300
2013-09-27,102.8700
2013-09-30,102.3300
2013-10-01,102.0400
2013-10-02,104.1000
2013-10-03,103.3100
2013-10-04,103.8400
2013-10-07,103.0300
2013-10-08,103.4900
2013-10-09,101.6100
2013-10-10,103.0100
2013-10-11,102.0200
2013-10-14,102.4100
2013-10-15,101.2100
2013-10-16,102.2900
2013-10-17,100.6700
2013-10-18,100.8100
2013-10-21,99.2200
2013-10-22,97.8000
2013-10-23,96.8600
2013-10-24,97.1100
2013-10-25,97.8500
2013-10-28,98.6800
2013-10-29,98.2000
2013-10-30,96.7700
2013-10-31,96.3800
2013-11-01,94.6100
2013-11-04,94.6200
2013-11-05,93.3700
2013-11-06,94.8000
2013-11-07,94.2000
2013-11-08,94.6000
2013-11-11,95.1400
2013-11-12,93.0400
2013-11-13,93.8800
2013-11-14,93.7600
2013-11-15,93.8400
2013-11-18,93.0300
2013-11-19,93.3400
2013-11-20,93.3300
2013-11-21,95.4400
2013-11-22,94.8400
2013-11-25,94.0900
2013-11-26,93.6800
2013-11-27,92.3000
2013-11-29,92.7200
2013-12-02,93.8200
2013-12-03,96.0400
2013-12-04,97.2000
2013-12-05,97.3800
2013-12-06,97.6500
2013-12-09,97.3400
2013-12-10,98.5100
2013-12-11,97.4400
2013-12-12,97.5000
2013-12-13,96.6000
2013-12-16,97.4800
2013-12-17,97.2200
2013-12-18,97.8000
2013-12-19,98.7700
2013-12-20,99.3200
2013-12-23,98.9100
2013-12-24,99.2200
2013-12-26,99.5500
2013-12-27,100.3200
2013-12-30,99.2900
2013-12-31,98.4200
2014-01-02,95.4400
2014-01-03,93.9600
2014-01-06,93.4300
2014-01-07,93.6700
2014-01-08,92.3300
2014-01-09,91.6600
2014-01-10,92.7200
2014-01-13,91.8000
2014-01-14,92.5900
2014-01-15,94.1700
2014-01-16,93.9600
2014-01-17,94.3700
2014-01-21,94.9900
2014-01-22,96.7300
2014-01-23,97.3200
2014-01-24,96.6400
2014-01-27,95.7200
2014-01-28,97.4100
2014-01-29,97.3600
2014-01-30,98.2300
2014-01-31,97.4900
2014-02-03,96.4300
2014-02-04,97.1900
2014-02-05,97.3800
2014-02-06,97.8400
2014-02-07,99.8800
2014-02-10,100.0600
2014-02-11,99.9400
2014-02-12,100.3700
2014-02-13,100.3500
2014-02-14,100.3000
2014-02-18,102.4300
2014-02-19,103.3100
2014-02-20,102.9200
2014-02-21,102.2000
2014-02-24,102.8200
2014-02-25,101.8300
2014-02-26,102.5900
2014-02-27,102.4000
2014-02-28,102.5900
2014-03-03,104.9200
2014-03-04,103.3300
2014-03-05,101.4500
2014-03-06,101.5600
2014-03-07,102.5800
2014-03-10,101.1200
2014-03-11,100.0300
2014-03-12,97.9900
2014-03-13,98.2000
2014-03-14,98.8900
2014-03-17,98.0800
2014-03-18,99.7000
2014-03-19,100.3700
2014-03-20,99.4300
2014-03-21,99.4600
2014-03-24,99.6000
2014-03-25,99.1900
2014-03-26,100.2600
2014-03-27,101.2800
2014-03-28,101.6700
2014-03-31,101.5800
2014-04-01,99.7400
2014-04-02,99.6200
2014-04-03,100.2900
2014-04-04,101.1400
2014-04-07,100.4400
2014-04-08,102.5600
2014-04-09,103.6000
2014-04-10,103.4000
2014-04-11,103.7400
2014-04-14,104.0500
2014-04-15,103.7500
2014-04-16,103.7600
2014-04-17,104.3000
2014-04-21,104.3700
2014-04-22,102.1300
2014-04-23,101.4400
2014-04-24,101.9400
2014-04-25,100.6000
2014-04-28,100.8400
2014-04-29,101.2800
2014-04-30,99.7400
2014-05-01,99.4200
2014-05-02,99.7600
2014-05-05,99.4800
2014-05-06,99.5000
2014-05-07,100.7700
2014-05-08,100.2600
2014-05-09,99.9900
2014-05-12,100.5900
2014-05-13,101.7000
2014-05-14,102.3700
2014-05-15,101.5000
2014-05-16,102.0200
2014-05-19,102.6100
2014-05-20,102.4400
2014-05-21,104.0700
2014-05-22,103.7400
2014-05-23,104.3500
2014-05-27,104.1100
2014-05-28,102.7200
2014-05-29,103.5800
2014-05-30,102.7100
2014-06-02,102.4700
2014-06-03,102.6600
2014-06-04,102.6400
2014-06-05,102.4800
2014-06-06,102.6600
2014-06-09,104.4100
2014-06-10,104.3500
2014-06-11,104.4000
2014-06-12,106.5300
2014-06-13,106.9100
2014-06-16,106.9000
2014-06-17,106.3600
2014-06-18,105.9700
2014-06-19,106.4300
2014-06-20,107.2600
2014-06-23,106.1700
2014-06-24,106.0300
2014-06-25,106.5000
2014-06-26,105.8400
2014-06-27,105.7400
2014-06-30,105.3700
2014-07-01,105.3400
2014-07-02,104.4800
2014-07-03,104.0600
2014-07-07,103.5300
2014-07-08,103.4000
2014-07-09,102.2900
2014-07-10,102.9300
2014-07-11,100.8300
2014-07-14,100.9100
2014-07-15,99.9600
2014-07-16,101.2000
2014-07-17,103.1900
2014-07-18,103.1300
2014-07-21,104.5900
2014-07-22,104.4200
2014-07-23,103.1200
2014-07-24,102.0700
2014-07-25,102.0900
2014-07-28,101.6700
2014-07-29,100.9700
2014-07-30,100.2700
2014-07-31,98.1700
2014-08-01,97.8800
2014-08-04,98.2900
2014-08-05,97.3800
2014-08-06,96.9200
2014-08-07,97.3400
2014-08-08,97.6500
2014-08-11,98.0800
2014-08-12,97.3700
2014-08-13,97.5900
2014-08-14,95.5800
2014-08-15,97.3500
2014-08-18,96.4100
2014-08-19,94.4800
2014-08-20,96.0700
2014-08-21,93.9600
2014-08-22,93.6500
2014-08-25,93.3500
2014-08-26,93.8600
2014-08-27,93.8800
2014-08-28,94.5500
2014-08-29,95.9600
2014-09-02,92.8800
2014-09-03,95.5400
2014-09-04,94.4500
2014-09-05,93.2900
2014-09-08,92.6600
2014-09-09,92.7500
2014-09-10,91.6700
2014-09-11,92.8300
2014-09-12,92.2700
2014-09-15,92.9200
2014-09-16,94.8800
2014-09-17,94.4200
2014-09-18,93.0700
2014-09-19,92.4100
2014-09-22,91.5200
2014-09-23,91.5600
2014-09-24,92.8000
2014-09-25,92.5300
2014-09-26,93.5400
2014-09-29,94.5700
2014-09-30,91.1600
2014-10-01,90.7300
2014-10-02,91.0100
2014-10-03,89.7400
2014-10-06,90.3400
2014-10-07,88.8500
2014-10-08,87.3100
2014-10-09,85.7700
2014-10-10,85.8200
2014-10-13,85.7400
2014-10-14,81.8400
2014-10-15,81.7800
2014-10-16,82.7000
2014-10-17,82.7500
2014-10-20,82.7100
2014-10-21,82.8100
2014-10-22,80.5200
2014-10-23,82.0900
2014-10-24,81.0100
2014-10-27,81.0000
2014-10-28,81.4200
2014-10-29,82.2000
2014-10-30,81.1200
2014-10-31,80.5400
2014-11-03,78.7800
2014-11-04,77.1900
2014-11-05,78.6800
2014-11-06,77.9100
2014-11-07,78.6500
2014-11-10,77.4000
2014-11-11,77.9400
2014-11-12,77.1800
2014-11-13,74.2100
2014-11-14,75.8200
2014-11-17,75.6400
2014-11-18,74.6100
2014-11-19,74.5800
2014-11-20,75.5800
2014-11-21,76.5100
2014-11-24,75.7800
2014-11-25,74.0900
2014-11-26,73.6900
2014-11-28,66.1500
2014-12-01,69.0000
2014-12-02,66.8800
2014-12-03,67.3800
2014-12-04,66.8100
2014-12-05,65.8400
2014-12-08,63.0500
2014-12-09,63.8200
2014-12-10,60.9400
2014-12-11,59.9500
2014-12-12,57.8100
2014-12-15,55.9100
2014-12-16,55.9300
2014-12-17,56.4700
2014-12-18,54.1100
2014-12-19,56.5200
2014-12-22,55.2600
2014-12-23,57.1200
2014-12-24,55.8400
2014-12-26,54.7300
2014-12-29,53.6100
2014-12-30,54.1200
2014-12-31,53.2700
2015-01-02,52.6900
2015-01-05,50.0400
2015-01-06,47.9300
2015-01-07,48.6500
2015-01-08,48.7900
2015-01-09,48.3600
2015-01-12,46.0700
2015-01-13,45.8900
2015-01-14,48.4800
2015-01-15,46.2500
2015-01-16,48.6900
2015-01-20,46.3900
2015-01-21,47.7800
2015-01-22,46.3100
2015-01-23,45.5900
2015-01-26,45.1500
2015-01-27,46.2300
2015-01-28,44.4500
2015-01-29,44.5300
2015-01-30,48.2400
2015-02-02,49.5700
2015-02-03,53.0500
2015-02-04,48.4500
2015-02-05,50.4800
2015-02-06,51.6900
2015-02-09,52.8600
2015-02-10,50.0200
2015-02-11,48.8400
2015-02-12,51.2100
2015-02-13,52.7800
2015-02-17,53.5300
2015-02-18,52.1400
2015-02-19,51.1600
2015-02-20,50.3400
2015-02-23,49.4500
2015-02-24,49.2800
2015-02-25,50.9900
2015-02-26,48.1700
2015-02-27,49.7600
2015-03-02,49.5900
2015-03-03,50.5200
2015-03-04,51.5300
2015-03-05,50.7600
2015-03-06,49.6100
2015-03-09,50.0000
2015-03-10,48.2900
2015-03-11,48.1700
2015-03-12,47.0500
2015-03-13,44.8400
2015-03-16,43.8800
2015-03-17,43.4600
2015-03-18,44.6600
2015-03-19,43.9600
2015-03-20,45.7200
2015-03-23,47.4500
2015-03-24,47.5100
2015-03-25,49.2100
2015-03-26,51.4300
2015-03-27,48.8700
2015-03-30,48.6800
2015-03-31,47.6000
2015-04-01,50.0900
2015-04-02,49.1400
2015-04-06,52.1400
2015-04-07,53.9800
2015-04-08,50.4200
2015-04-09,50.7900
2015-04-10,51.6400
2015-04-13,51.9100
2015-04-14,53.2900
2015-04-15,56.3900
2015-04-16,56.7100
2015-04-17,55.7400
2015-04-20,56.3800
2015-04-21,55.2600
2015-04-22,56.1600
2015-04-23,57.7400
2015-04-24,57.1500
2015-04-27,56.9900
2015-04-28,57.0600
2015-04-29,58.5800
2015-04-30,59.6300
2015-05-01,59.1500
2015-05-04,58.9300
2015-05-05,60.4000
2015-05-06,60.9300
2015-05-07,58.9400
2015-05-08,59.3900
2015-05-11,59.2500
2015-05-12,60.7500
2015-05-13,60.5000
2015-05-14,59.8800
2015-05-15,59.6900
2015-05-18,59.4300
2015-05-19,57.2600
2015-05-20,58.9800
2015-05-21,60.7200
2015-05-22,59.7200
2015-05-26,58.0300
2015-05-27,57.5100
2015-05-28,57.6800
2015-05-29,60.3000
2015-06-01,60.2000
2015-06-02,61.2600
2015-06-03,59.6400
2015-06-04,58.0000
2015-06-05,59.1300
2015-06-08,58.1400
2015-06-09,60.1400
2015-06-10,61.4300
2015-06-11,60.7700
2015-06-12,59.9600
2015-06-15,59.5200
2015-06-16,59.9700
2015-06-17,59.9200
2015-06-18,60.4500
2015-06-19,59.6100
2015-06-22,59.6800
2015-06-23,61.0100
2015-06-24,60.2700
2015-06-25,59.7000
2015-06-26,59.6300
2015-06-29,58.3300
2015-06-30,59.4700
2015-07-01,56.9600
2015-07-02,56.9300
2015-07-06,52.5300
2015-07-07,52.3300
2015-07-08,51.6500
2015-07-09,52.7800
2015-07-10,52.7400
2015-07-13,52.2000
2015-07-14,53.0400
2015-07-15,51.4100
2015-07-16,50.9100
2015-07-17,50.8900
2015-07-20,50.1500
2015-07-21,50.3600
2015-07-22,49.1900
2015-07-23,48.4500
2015-07-24,48.1400
2015-07-27,47.3900
2015-07-28,47.9800
2015-07-29,48.7900
2015-07-30,48.5200
2015-07-31,47.1200
2015-08-03,45.1700
2015-08-04,45.7400
2015-08-05,45.1500
2015-08-06,44.6600
2015-08-07,43.8700
2015-08-10,44.9600
2015-08-11,43.0800
2015-08-12,43.3000
2015-08-13,42.2300
2015-08-14,42.5000
2015-08-17,41.8700
2015-08-18,42.6200
2015-08-19,40.8000
2015-08-20,41.1400
2015-08-21,40.4500
2015-08-24,38.2400
2015-08-25,39.3100
2015-08-26,38.6000
2015-08-27,42.5600
2015-08-28,45.2200
2015-08-31,49.2000
2015-09-01,45.4100
2015-09-02,46.2500
2015-09-03,46.7500
2015-09-04,46.0500
2015-09-08,45.9400
2015-09-09,44.1500
2015-09-10,45.9200
2015-09-11,44.6300
2015-09-14,44.0000
2015-09-15,44.5900
2015-09-16,47.1500
2015-09-17,46.9000
2015-09-18,44.6800
2015-09-21,46.6800
2015-09-22,45.8300
2015-09-23,44.4800
2015-09-24,44.9100
2015-09-25,45.7000
2015-09-28,44.4300
2015-09-29,45.2300
2015-09-30,45.0900
2015-10-01,44.7400
2015-10-02,45.5400
2015-10-05,46.2600
2015-10-06,48.5300
2015-10-07,47.8100
2015-10-08,49.4300
2015-10-09,49.6300
2015-10-12,47.1000
2015-10-13,46.6600
2015-10-14,46.6400
2015-10-15,46.3800
2015-10-16,47.2600
2015-10-19,45.8900
2015-10-20,45.5500
2015-10-21,45.2000
2015-10-22,45.3800
2015-10-23,44.6000
2015-10-26,43.9800
2015-10-27,43.2000
2015-10-28,45.9400
2015-10-29,46.0600
2015-10-30,46.5900
2015-11-02,46.1400
2015-11-03,47.9000
2015-11-04,46.3200
2015-11-05,45.2000
2015-11-06,44.2900
2015-11-09,43.8700
2015-11-10,44.2100
2015-11-11,42.9300
2015-11-12,41.7500
2015-11-13,40.7400
2015-11-16,41.7400
2015-11-17,40.6700
2015-11-18,40.7500
2015-11-19,40.5400
2015-11-20,40.3900
2015-11-23,41.7500
2015-11-24,42.8700
2015-11-25,43.0400
2015-11-27,41.7100
2015-11-30,41.6500
2015-12-01,41.8500
2015-12-02,39.9400
2015-12-03,41.0800
2015-12-04,39.9700
2015-12-07,37.6500
2015-12-08,37.5100
2015-12-09,37.1600
2015-12-10,36.7600
2015-12-11,35.6200
2015-12-14,36.3100
2015-12-15,37.3500
2015-12-16,35.5200
2015-12-17,34.9500
2015-12-18,34.7300
2015-12-21,34.7400
2015-12-22,36.1400
2015-12-23,37.5000
2015-12-24,38.1000
2015-12-28,36.8100
2015-12-29,37.8700
2015-12-30,36.6000
2015-12-31,37.0400
2016-01-04,36.7600
2016-01-05,35.9700
2016-01-06,33.9700
2016-01-07,33.2700
2016-01-08,33.1600
2016-01-11,31.4100
2016-01-12,30.4400
2016-01-13,30.4800
2016-01-14,31.2000
2016-01-15,29.4200
2016-01-19,28.4600
2016-01-20,26.5500
2016-01-21,29.5300
2016-01-22,32.1900
2016-01-25,30.3400
2016-01-26,31.4500
2016-01-27,32.3000
2016-01-28,33.2200
2016-01-29,33.6200
2016-02-01,31.6200
2016-02-02,29.8800
2016-02-03,32.2800
2016-02-04,31.7200
2016-02-05,30.8900
2016-02-08,29.6900
2016-02-09,27.9400
2016-02-10,27.4500
2016-02-11,26.2100
2016-02-12,29.4400
2016-02-16,29.0400
2016-02-17,30.6600
2016-02-18,30.7700
2016-02-19,29.6400
2016-02-22,31.4800
2016-02-23,31.8700
2016-02-24,32.1500
2016-02-25,33.0700
2016-02-26,32.7800
2016-02-29,33.7500
2016-03-01,34.4000
2016-03-02,34.6600
2016-03-03,34.5700
2016-03-04,35.9200
2016-03-07,37.9000
2016-03-08,36.5000
2016-03-09,38.2900
2016-03-10,37.8400
2016-03-11,38.5000
2016-03-14,37.1800
2016-03-15,36.3400
2016-03-16,38.4600
2016-03-17,40.2000
2016-03-18,39.4400
2016-03-21,39.9100
2016-03-22,41.4500
2016-03-23,39.7900
2016-03-24,39.4600
2016-03-28,39.3900
2016-03-29,38.2800
2016-03-30,38.3200
2016-03-31,38.3400
2016-04-01,36.7900
2016-04-04,35.7000
2016-04-05,35.8900
2016-04-06,37.7500
2016-04-07,37.2600
2016-04-08,39.7200
2016-04-11,40.3600
2016-04-12,42.1700
2016-04-13,41.7600
2016-04-14,41.5000
2016-04-15,40.3600
2016-04-18,39.7800
2016-04-19,41.0800
2016-04-20,42.6300
2016-04-21,43.1800
2016-04-22,43.7300
2016-04-25,42.6400
2016-04-26,44.0400
2016-04-27,45.3300
2016-04-28,46.0300
2016-04-29,45.9200
2016-05-02,44.7800
2016-05-03,43.6500
2016-05-04,43.7800
2016-05-05,44.3200
2016-05-06,44.6600
2016-05-09,43.4400
2016-05-10,44.6600
2016-05-11,46.2300
2016-05-12,46.7000
2016-05-13,46.2100
2016-05-16,47.7200
2016-05-17,48.3100
2016-05-18,48.1900
2016-05-19,48.1600
2016-05-20,47.7500
2016-05-23,48.0800
2016-05-24,48.6200
2016-05-25,49.5600
2016-05-26,49.4800
2016-05-27,49.3300
2016-05-31,49.1000
2016-06-01,49.0100
2016-06-02,49.1700
2016-06-03,48.6200
2016-06-06,49.6900
2016-06-07,50.3600
2016-06-08,51.2300
2016-06-09,50.5600
2016-06-10,49.0700
2016-06-13,48.8800
2016-06-14,48.4900
2016-06-15,48.0100
2016-06-16,46.2100
2016-06-17,47.9800
2016-06-20,49.3700
2016-06-21,48.8500
2016-06-22,49.1300
2016-06-23,50.1100
2016-06-24,47.6400
2016-06-27,46.3300
2016-06-28,47.8500
2016-06-29,49.8800
2016-06-30,48.3300
2016-07-01,48.9900
2016-07-05,46.6000
2016-07-06,47.4300
2016-07-07,45.1400
2016-07-08,45.4100
2016-07-11,44.7600
2016-07-12,46.8000
2016-07-13,44.7500
2016-07-14,45.6800
2016-07-15,45.9500
2016-07-18,45.2400
2016-07-19,44.6500
2016-07-20,44.9400
2016-07-21,44.7500
2016-07-22,44.1900
2016-07-25,43.1300
2016-07-26,42.9200
2016-07-27,41.9200
2016-07-28,41.1400
2016-07-29,41.6000
2016-08-01,40.0600
2016-08-02,39.5100
2016-08-03,40.8300
2016-08-04,41.9300
2016-08-05,41.8000
2016-08-08,43.0200
2016-08-09,42.7700
2016-08-10,41.7100
2016-08-11,43.4900
2016-08-12,44.4900
2016-08-15,45.7400
2016-08-16,46.5800
2016-08-17,46.7900
2016-08-18,48.2200
2016-08-19,48.5200
2016-08-22,47.0500
2016-08-23,48.1000
2016-08-24,46.7700
2016-08-25,47.3300
2016-08-26,47.6400
2016-08-29,46.9800
2016-08-30,46.3500
2016-08-31,44.7000
2016-09-01,43.1600
2016-09-02,44.4400
2016-09-06,44.8300
2016-09-07,45.5000
2016-09-08,47.6200
2016-09-09,45.8800
2016-09-12,46.2900
2016-09-13,44.9000
2016-09-14,43.5800
2016-09-15,43.9100
2016-09-16,43.0300
2016-09-19,43.3000
2016-09-20,43.4400
2016-09-21,45.3400
2016-09-22,46.3200
2016-09-23,44.4800
2016-09-26,45.9300
2016-09-27,44.6700
2016-09-28,47.0500
2016-09-29,47.8300
2016-09-30,48.2400
2016-10-03,48.8100
2016-10-04,48.6900
2016-10-05,49.8300
2016-10-06,50.4400
2016-10-07,49.8100
2016-10-11,50.7900
2016-10-12,50.1800
2016-10-13,50.4400
2016-10-14,50.3500
2016-10-17,49.9400
2016-10-18,50.2900
2016-10-19,51.6000
2016-10-20,50.4300
2016-10-21,50.8500
2016-10-24,50.5200
2016-10-25,49.9600
2016-10-26,49.1800
2016-10-27,49.7200
2016-10-28,48.7000
2016-10-31,46.8600
2016-11-01,46.6700
2016-11-02,45.3400
2016-11-03,44.6600
2016-11-04,44.0700
2016-11-07,44.8900
2016-11-08,44.9800
2016-11-09,45.2700
2016-11-10,44.6600
2016-11-14,43.3200
2016-11-15,45.8100
2016-11-16,45.5700
2016-11-17,45.4200
2016-11-18,45.6900
2016-11-21,47.4900
2016-11-22,48.0300
2016-11-23,47.9600
2016-11-25,46.0600
2016-11-28,47.0800
2016-11-29,45.2300
2016-11-30,49.4400
2016-12-01,51.0600
2016-12-02,51.6800
2016-12-05,51.7900
2016-12-06,50.9300
2016-12-07,49.7700
2016-12-08,50.8400
2016-12-09,51.5000
2016-12-12,52.8300
2016-12-13,52.9800
2016-12-14,51.0400
2016-12-15,50.9000
2016-12-16,51.9000
2016-12-19,52.1200
2016-12-20,52.2300
2016-12-21,52.4900
2016-12-22,52.9500
2016-12-23,53.0200
2016-12-27,53.9000
2016-12-28,54.0600
2016-12-29,53.7700
2016-12-30,53.7200
2017-01-03,52.3300
2017-01-04,53.2600
2017-01-05,53.7600
2017-01-06,53.9900
2017-01-09,51.9600
2017-01-10,50.8200
2017-01-11,52.2500
2017-01-12,53.0100
2017-01-13,52.3700
2017-01-17,52.4800
2017-01-18,51.0800
2017-01-19,51.3700
2017-01-20,52.4200
2017-01-23,52.7500
2017-01-24,53.1800
2017-01-25,52.7500
2017-01-26,53.7800
2017-01-27,53.1700
2017-01-30,52.6300
2017-01-31,52.8100
2017-02-01,53.8800
2017-02-02,53.5400
2017-02-03,53.8300
2017-02-06,53.0100
2017-02-07,52.1700
2017-02-08,52.3400
2017-02-09,53.0000
2017-02-10,53.8600
2017-02-13,52.9300
2017-02-14,53.2000
2017-02-15,53.1100
2017-02-16,53.3600
2017-02-17,53.4000
2017-02-21,54.0600
2017-02-22,53.5900
2017-02-23,54.4500
2017-02-24,53.9900
2017-02-27,54.0500
2017-02-28,54.0100
2017-03-01,53.8300
2017-03-02,52.6100
2017-03-03,53.3300
2017-03-06,53.2000
2017-03-07,53.1400
2017-03-08,50.2800
2017-03-09,49.2800
2017-03-10,48.4900
2017-03-13,48.4000
2017-03-14,47.7200
2017-03-15,48.8600
2017-03-16,48.7500
2017-03-17,48.7800
2017-03-20,48.2200
2017-03-21,47.3400
2017-03-22,48.0400
2017-03-23,47.7000
2017-03-24,47.9700
2017-03-27,47.7300
2017-03-28,48.3700
2017-03-29,49.5100
2017-03-30,50.3500
2017-03-31,50.6000
2017-04-03,50.2400
2017-04-04,51.0300
2017-04-05,51.1500
2017-04-06,51.7000
2017-04-07,52.2400
2017-04-10,53.0800
2017-04-11,53.4000
2017-04-12,53.1100
2017-04-13,53.1800
2017-04-17,52.6500
2017-04-18,52.4100
2017-04-19,50.4400
2017-04-20,50.2700
2017-04-21,49.6200
2017-04-24,49.2300
2017-04-25,49.5600
2017-04-26,49.6200
2017-04-27,48.9700
2017-04-28,49.3300
2017-05-01,48.8400
2017-05-02,47.6600
2017-05-03,47.8200
2017-05-04,45.5200
2017-05-05,46.2200
2017-05-08,46.4300
2017-05-09,45.8800
2017-05-10,47.3300
2017-05-11,47.8300
2017-05-12,47.8400
2017-05-15,48.8500
2017-05-16,48.6600
2017-05-17,49.0700
2017-05-18,49.3500
2017-05-19,50.3300
2017-05-22,50.7300
2017-05-23,51.4700
2017-05-24,51.3600
2017-05-25,48.9000
2017-05-26,49.8000
2017-05-30,49.6600
2017-05-31,48.3200
2017-06-01,48.3600
2017-06-02,47.6600
2017-06-05,47.4000
2017-06-06,48.1900
2017-06-07,45.7200
2017-06-08,45.6400
2017-06-09,45.8300
2017-06-12,46.0800
2017-06-13,46.4600
2017-06-14,44.7300
2017-06-15,44.4600
2017-06-16,44.7400
2017-06-19,44.2000
2017-06-20,43.2300
2017-06-21,42.5300
2017-06-22,42.7400
2017-06-23,43.0100
2017-06-26,43.3800
2017-06-27,44.2400
2017-06-28,44.7400
2017-06-29,44.9300
2017-06-30,46.0400
2017-07-03,47.0700
2017-07-05,45.1300
2017-07-06,45.5200
2017-07-07,44.2300
2017-07-10,44.4000
2017-07-11,45.0400
2017-07-12,45.4900
2017-07-13,46.0800
2017-07-14,46.5400
2017-07-17,46.0200
2017-07-18,46.4000
2017-07-19,47.1200
2017-07-20,46.7900
2017-07-21,45.7700
2017-07-24,46.3400
2017-07-25,47.8900
2017-07-26,48.7500
2017-07-27,49.0400
2017-07-28,49.7100
2017-07-31,50.1700
2017-08-01,49.1600
2017-08-02,49.5900
2017-08-03,49.0300
2017-08-04,49.5800
2017-08-07,49.3900
2017-08-08,49.1700
2017-08-09,49.5600
2017-08-10,48.5900
2017-08-11,48.8200
2017-08-14,47.5900
2017-08-15,47.5500
2017-08-16,46.7800
2017-08-17,47.0900
2017-08-18,48.5100
2017-08-21,47.3700
2017-08-22,47.6400
2017-08-23,48.4100
2017-08-24,47.4300
2017-08-25,47.8700
2017-08-28,46.5700
2017-08-29,46.4400
2017-08-30,45.9600
2017-08-31,47.2300
2017-09-01,47.2900
2017-09-05,48.6600
2017-09-06,49.1600
2017-09-07,49.0900
2017-09-08,47.4800
2017-09-11,48.0700
2017-09-12,48.2300
2017-09-13,49.3000
2017-09-14,49.8900
2017-09-15,49.8900
2017-09-18,49.9100
2017-09-19,49.4800
2017-09-20,50.4100
2017-09-21,50.5500
2017-09-22,50.6600
2017-09-25,52.2200
2017-09-26,51.8800
2017-09-27,52.1400
2017-09-28,51.5600
2017-09-29,51.6700
2017-10-02,50.5800
2017-10-03,50.4200
2017-10-04,49.9800
2017-10-05,50.7900
2017-10-06,49.2900
2017-10-09,49.5800
2017-10-10,50.9200
2017-10-11,51.3000
2017-10-12,50.6000
2017-10-13,51.4500
2017-10-16,51.8700
2017-10-17,51.8800
2017-10-18,52.0400
2017-10-19,51.2900
2017-10-20,51.4700
2017-10-23,51.9000
2017-10-24,52.4700
2017-10-25,52.1800
2017-10-26,52.6400
2017-10-27,53.9000
2017-10-30,54.1500
2017-10-31,54.3800
2017-11-01,54.3000
2017-11-02,54.5400
2017-11-03,55.6400
2017-11-06,57.3500
2017-11-07,57.2000
2017-11-08,56.8100
2017-11-09,57.1700
2017-11-10,56.7400
2017-11-13,56.7600
2017-11-14,55.7000
2017-11-15,55.3300
2017-11-16,55.1400
2017-11-17,56.5500
2017-11-20,56.0900
2017-11-21,56.8300
2017-11-22,58.0200
2017-11-24,58.9500
2017-11-27,58.1100
2017-11-28,57.9900
2017-11-29,57.3000
2017-11-30,57.4000
2017-12-01,58.3600
2017-12-04,57.4700
2017-12-05,57.6200
2017-12-06,55.9600
2017-12-07,56.6900
2017-12-08,57.3600
2017-12-11,57.9900
2017-12-12,57.1400
2017-12-13,56.6000
2017-12-14,57.0400
2017-12-15,57.3000
2017-12-18,57.1600
2017-12-19,57.4600
2017-12-20,58.0900
2017-12-21,58.3600
2017-12-22,58.4700
2017-12-26,59.9700
2017-12-27,59.6400
2017-12-28,59.8400
2017-12-29,60.4200
2018-01-02,60.3700
2018-01-03,61.6300
2018-01-04,62.0100
2018-01-05,61.4400
2018-01-08,61.7300
2018-01-09,62.9600
2018-01-10,63.5700
2018-01-11,63.8000
2018-01-12,64.3000
2018-01-16,63.7300
2018-01-17,63.9700
2018-01-18,63.9500
2018-01-19,63.3700
2018-01-22,63.4900
2018-01-23,64.4700
2018-01-24,65.6100
2018-01-25,65.5100
2018-01-26,66.1400
2018-01-29,65.5600
2018-01-30,64.5000
2018-01-31,64.7300
2018-02-01,65.8000
2018-02-02,65.4500
2018-02-05,64.1500
2018-02-06,63.3900
2018-02-07,61.7900
2018-02-08,61.1500
2018-02-09,59.2000
2018-02-12,59.2900
2018-02-13,59.1900
2018-02-14,60.6000
2018-02-15,61.3400
2018-02-16,61.6800
2018-02-20,61.9000
2018-02-21,61.6800
2018-02-22,62.7700
2018-02-23,63.5500
2018-02-26,63.9100
2018-02-27,63.0100
2018-02-28,61.6400
2018-03-01,60.9900
2018-03-02,61.2500
2018-03-05,62.5700
2018-03-06,62.6000
2018-03-07,61.1500
2018-03-08,60.1200
2018-03-09,62.0400
2018-03-12,61.3600
2018-03-13,60.7100
2018-03-14,60.9600
2018-03-15,61.1900
2018-03-16,62.3400
2018-03-19,62.0600
2018-03-20,63.4000
2018-03-21,65.1700
2018-03-22,64.3000
2018-03-23,65.8800
2018-03-26,65.5500
2018-03-27,65.2500
2018-03-28,64.3800
2018-03-29,64.9400
2018-04-02,63.0100
2018-04-03,63.5100
2018-04-04,63.3700
2018-04-05,63.5400
2018-04-06,62.0600
2018-04-09,63.4200
2018-04-10,65.5100
2018-04-11,66.8200
2018-04-12,67.0700
2018-04-13,67.3900
2018-04-16,66.2200
2018-04-17,66.5200
2018-04-18,68.4700
2018-04-19,68.2900
2018-04-20,68.3800
2018-04-23,68.6400
2018-04-24,67.7000
2018-04-25,68.0500
2018-04-26,68.1900
2018-04-27,68.1000
2018-04-30,68.5700
2018-05-01,67.2500
2018-05-02,67.9300
2018-05-03,68.4300
2018-05-04,69.7200
2018-05-07,70.7300
2018-05-08,69.0600
2018-05-09,71.1400
2018-05-10,71.3600
2018-05-11,70.7000
2018-05-14,70.9600
2018-05-15,71.3100
2018-05-16,71.4900
2018-05-17,71.4900
2018-05-18,71.2800
2018-05-21,72.2400
2018-05-22,72.1300
2018-05-23,71.8400
2018-05-24,70.7100
2018-05-25,67.8800
2018-05-29,66.7300
2018-05-30,68.2100
2018-05-31,67.0400
2018-06-01,65.8100
2018-06-04,64.7500
2018-06-05,65.5200
2018-06-06,64.7300
2018-06-07,65.9500
2018-06-08,65.7400
2018-06-11,66.1000
2018-06-12,66.3600
2018-06-13,66.6400
2018-06-14,66.8900
2018-06-15,65.0600
2018-06-18,65.8500
2018-06-19,65.0700
2018-06-20,66.2200
2018-06-21,65.5400
2018-06-22,68.5800
2018-06-25,68.0800
2018-06-26,70.5300
2018-06-27,72.7600
2018-06-28,73.4500
2018-06-29,74.1500
2018-07-02,73.9400
2018-07-03,74.1400
2018-07-05,72.9400
2018-07-06,73.8000
2018-07-09,73.8500
2018-07-10,74.1100
2018-07-11,70.3800
2018-07-12,70.3300
2018-07-13,71.0100
2018-07-16,68.0600
2018-07-17,68.0800
2018-07-18,68.7600
2018-07-19,69.4600
2018-07-20,70.4600
2018-07-23,67.8900
2018-07-24,68.5200
2018-07-25,69.3000
2018-07-26,69.6100
2018-07-27,68.6900
2018-07-30,70.1300
2018-07-31,68.7600
2018-08-01,67.6600
2018-08-02,68.9600
2018-08-03,68.4900
2018-08-06,69.0100
2018-08-07,69.1700
2018-08-08,66.9400
2018-08-09,66.8100
2018-08-10,67.6300
2018-08-13,67.2000
2018-08-14,67.0400
2018-08-15,65.0100
2018-08-16,65.4600
2018-08-17,65.9100
2018-08-20,66.4300
2018-08-21,67.3500
2018-08-22,67.8600
2018-08-23,67.8300
2018-08-24,68.7200
2018-08-27,68.8700
2018-08-28,68.5300
2018-08-29,69.5100
2018-08-30,70.2500
2018-08-31,69.8000
2018-09-04,69.8700
2018-09-05,68.7200
2018-09-06,67.7700
2018-09-07,67.7500
2018-09-10,67.5400
2018-09-11,69.2500
2018-09-12,70.3700
2018-09-13,68.5900
2018-09-14,68.9900
2018-09-17,68.9100
2018-09-18,69.8500
2018-09-19,71.1200
2018-09-20,70.8000
2018-09-21,70.7800
2018-09-24,72.0800
2018-09-25,72.2800
2018-09-26,71.5700
2018-09-27,72.1200
2018-09-28,73.2500
2018-10-01,75.3000
2018-10-02,75.2300
2018-10-03,76.4100
2018-10-04,74.3300
2018-10-05,74.3400
2018-10-08,74.2900
2018-10-09,74.9600
2018-10-10,73.1700
2018-10-11,70.9700
2018-10-12,71.3400
2018-10-15,71.7800
2018-10-16,71.9200
2018-10-17,69.7500
2018-10-18,68.6500
2018-10-19,69.1200
2018-10-22,69.1700
2018-10-23,66.4300
2018-10-24,66.8200
2018-10-25,67.3300
2018-10-26,67.5900
2018-10-29,67.0400
2018-10-30,66.1800
2018-10-31,65.3100
2018-11-01,63.6900
2018-11-02,63.1400
2018-11-05,63.1000
2018-11-06,62.2100
2018-11-07,61.6700
2018-11-08,60.6700
2018-11-09,60.1900
2018-11-12,59.9300
2018-11-13,55.6900
2018-11-14,56.2500
2018-11-15,56.4600
2018-11-16,56.4600
2018-11-19,56.7600
2018-11-20,53.4300
2018-11-21,54.6300
2018-11-23,50.4200
2018-11-26,51.6300
2018-11-27,51.5600
2018-11-28,50.2900
2018-11-29,51.4500
2018-11-30,50.9300
2018-12-03,52.9500
2018-12-04,53.2500
2018-12-06,51.4900
2018-12-07,52.6100
2018-12-10,51.0000
2018-12-11,51.6500
2018-12-12,51.1500
2018-12-13,52.5800
2018-12-14,51.2000
2018-12-17,49.8800
2018-12-18,46.2400
2018-12-19,47.2000
2018-12-20,45.8800
2018-12-21,45.5900
2018-12-24,42.5300
2018-12-26,46.2200
2018-12-27,44.6100
2018-12-28,45.3300
2018-12-31,45.4100
2019-01-02,46.5400
2019-01-03,47.0900
2019-01-04,47.9600
2019-01-07,48.5200
2019-01-08,49.7800
2019-01-09,52.3600
2019-01-10,52.5900
2019-01-11,51.5900
2019-01-14,50.5100
2019-01-15,52.1100
2019-01-16,52.3100
2019-01-17,52.0700
2019-01-18,53.8000
2019-01-22,52.5700
2019-01-23,52.6200
2019-01-24,53.1300
2019-01-25,53.6900
2019-01-28,51.9900
2019-01-29,53.3100
2019-01-30,54.2300
2019-01-31,53.7900
2019-02-01,55.2600
2019-02-04,54.5600
2019-02-05,53.6600
2019-02-06,54.0100
2019-02-07,52.6400
2019-02-08,52.7200
2019-02-11,52.4100
2019-02-12,53.1000
2019-02-13,53.9000
2019-02-14,54.4100
2019-02-15,55.5900
2019-02-19,56.0900
2019-02-20,56.9200
2019-02-21,56.9600
2019-02-22,57.2600
2019-02-25,55.4800
2019-02-26,55.5000
2019-02-27,56.9400
2019-02-28,57.2200
2019-03-01,55.8000
2019-03-04,56.5900
2019-03-05,56.5600
2019-03-06,56.2200
2019-03-07,56.6600
2019-03-08,56.0700
2019-03-11,56.7900
2019-03-12,56.8700
2019-03-13,58.2600
2019-03-14,58.6100
2019-03-15,58.5200
2019-03-18,59.0900
2019-03-19,59.0300
2019-03-20,59.8300
2019-03-21,59.9800
2019-03-22,59.0400
2019-03-25,58.8200
2019-03-26,59.9400
2019-03-27,59.4100
2019-03-28,59.3000
2019-03-29,60.1400
2019-04-01,61.5900
2019-04-02,62.5800
2019-04-03,62.4600
2019-04-04,62.1000
2019-04-05,63.0800
2019-04-08,64.4000
2019-04-09,63.9800
2019-04-10,64.6100
2019-04-11,63.5800
2019-04-12,63.8900
2019-04-15,63.4000
2019-04-16,64.0500
2019-04-17,63.7600
2019-04-18,64.0000
2019-04-22,65.7000
2019-04-23,66.3000
2019-04-24,65.8900
2019-04-25,65.2100
2019-04-26,63.3000
2019-04-29,63.5000
2019-04-30,63.9100
2019-05-01,63.6000
2019-05-02,61.8100
2019-05-03,61.9400
2019-05-06,62.2500
2019-05-07,61.4000
2019-05-08,62.1200
2019-05-09,61.7000
2019-05-10,61.6600
2019-05-13,61.0400
2019-05-14,61.7800
2019-05-15,62.0200
2019-05-16,62.8700
2019-05-17,62.7600
2019-05-20,63.1000
2019-05-21,62.9900
2019-05-22,61.4200
2019-05-23,57.9100
2019-05-24,58.6300
2019-05-28,59.1400
2019-05-29,58.8100
2019-05-30,56.5900
2019-05-31,53.5000
2019-06-03,53.2500
2019-06-04,53.4800
2019-06-05,51.6800
2019-06-06,52.5900
2019-06-07,53.9900
2019-06-10,53.2600
2019-06-11,53.2700
2019-06-12,51.1400
2019-06-13,52.2800
2019-06-14,52.5100
2019-06-17,51.9300
2019-06-18,53.9000
2019-06-19,53.7600
2019-06-20,56.6500
2019-06-21,57.4300
2019-06-24,57.9000
2019-06-25,57.8300
2019-06-26,59.3800
2019-06-27,59.4300
2019-06-28,58.4700
2019-07-01,59.0900
2019-07-02,56.2500
2019-07-03,57.3400
2019-07-05,57.5100
2019-07-08,57.6600
2019-07-09,57.8300
2019-07-10,60.4300
2019-07-11,60.2000
2019-07-12,60.2100
2019-07-15,59.5800
2019-07-16,57.6200
2019-07-17,56.7800
2019-07-18,55.3000
2019-07-19,55.6300
2019-07-22,56.2200
2019-07-23,56.7700
2019-07-24,55.8800
2019-07-25,56.0200
2019-07-26,56.2000
2019-07-29,56.8700
2019-07-30,58.0500
2019-07-31,58.5800
2019-08-01,53.9500
2019-08-02,55.6600
2019-08-05,54.6900
2019-08-06,53.6300
2019-08-07,51.0900
2019-08-08,52.5400
2019-08-09,54.5000
2019-08-12,54.9300
2019-08-13,57.1000
2019-08-14,55.2300
2019-08-15,54.4700
2019-08-16,54.8700
2019-08-19,56.2100
2019-08-20,56.3400
2019-08-21,55.6800
2019-08-22,55.3500
2019-08-23,54.1700
2019-08-26,53.6400
2019-08-27,54.9300
2019-08-28,55.7800
2019-08-29,56.7100
2019-08-30,55.1000
2019-09-03,53.9400
2019-09-04,56.2600
2019-09-05,56.3000
2019-09-06,56.5200
2019-09-09,57.8500
2019-09-10,57.4000
2019-09-11,55.7500
2019-09-12,55.0900
2019-09-13,54.8500
2019-09-16,62.9000
2019-09-17,59.3400
2019-09-18,58.1100
2019-09-19,58.1300
2019-09-20,58.0900
2019-09-23,58.6400
2019-09-24,57.2900
2019-09-25,56.4900
2019-09-26,56.4100
2019-09-27,55.9100
2019-09-30,54.0700
2019-10-01,53.6200
2019-10-02,52.6400
2019-10-03,52.4500
2019-10-04,52.8100
2019-10-07,52.7500
2019-10-08,52.6300
2019-10-09,52.5900
2019-10-10,53.5500
2019-10-11,54.7000
2019-10-14,53.5900
2019-10-15,52.8100
2019-10-16,53.3600
2019-10-17,53.9300
2019-10-18,53.7800
2019-10-21,53.3100
2019-10-22,54.1600
2019-10-23,55.9700
2019-10-24,56.2300
2019-10-25,56.6600
2019-10-28,55.8100
2019-10-29,55.5400
2019-10-30,55.0600
2019-10-31,54.1800
2019-11-01,56.2000
2019-11-04,56.5400
2019-11-05,57.2300
2019-11-06,56.3500
2019-11-07,57.1500
2019-11-08,57.2400
2019-11-11,56.8600
2019-11-12,56.8000
2019-11-13,57.1200
2019-11-14,56.7700
2019-11-15,57.7200
2019-11-18,57.0500
2019-11-19,55.2100
2019-11-20,57.1100
2019-11-21,58.5800
2019-11-22,57.7700
2019-11-25,58.0100
2019-11-26,58.4100
2019-11-27,58.1100
2019-11-29,55.1700
2019-12-02,55.9600
2019-12-03,56.1000
2019-12-04,58.4300
2019-12-05,58.4300
2019-12-06,59.2000
2019-12-09,59.0200
2019-12-10,59.2400
2019-12-11,58.7600
2019-12-12,59.1800
2019-12-13,60.0700
2019-12-16,60.2100
2019-12-17,60.9400
2019-12-18,60.9300
2019-12-19,61.2200
2019-12-20,60.4400
2019-12-23,60.5200
2019-12-24,61.1100
2019-12-26,61.6800
2019-12-27,61.7200
2019-12-30,61.6800
2019-12-31,61.0600
2020-01-02,61.1800
2020-01-03,63.0500
2020-01-06,63.2700
2020-01-07,62.7000
2020-01-08,59.6100
2020-01-09,59.5600
2020-01-10,59.0400
2020-01-13,58.0800
2020-01-14,58.2300
2020-01-15,57.8100
2020-01-16,58.5200
2020-01-17,58.5400
2020-01-21,58.3400
2020-01-22,56.7400
2020-01-23,55.5900
2020-01-24,54.1900
2020-01-27,53.1400
2020-01-28,53.4800
2020-01-29,53.3300
2020-01-30,52.1400
2020-01-31,51.5600
2020-02-03,50.1100
2020-02-04,49.6100
2020-02-05,50.7500
2020-02-06,50.9500
2020-02-07,50.3200
2020-02-10,49.5700
2020-02-11,49.9400
2020-02-12,51.1700
2020-02-13,51.4200
2020-02-14,52.0500
2020-02-18,52.0500
2020-02-19,53.2900
2020-02-20,53.7800
2020-02-21,53.3800
2020-02-24,51.4300
2020-02-25,49.9000
2020-02-26,48.7300
2020-02-27,47.0900
2020-02-28,44.7600
2020-03-02,46.7500
2020-03-03,47.1800
2020-03-04,46.7800
2020-03-05,45.9000
2020-03-06,41.2800
2020-03-09,31.1300
2020-03-10,34.3600
2020-03-11,32.9800
2020-03-12,31.5000
2020-03-13,31.7300
2020-03-16,28.7000
2020-03-17,26.9500
2020-03-18,20.3700
2020-03-19,25.2200
2020-03-20,22.4300
2020-03-23,23.3600
2020-03-24,24.0100
2020-03-25,24.4900
2020-03-26,22.6000
2020-03-27,21.5100
2020-03-30,20.0900
2020-03-31,20.4800
2020-04-01,20.3100
2020-04-02,25.3200
2020-04-03,28.3400
2020-04-06,26.0800
2020-04-07,23.6300
2020-04-08,25.0900
2020-04-09,22.7600
2020-04-13,22.4100
2020-04-14,20.1100
2020-04-15,19.8700
2020-04-16,19.8700
2020-04-17,18.2700
2020-04-20,-37.6300
2020-04-21,10.0100
2020-04-22,13.7800
2020-04-23,16.5000
2020-04-24,16.9400
2020-04-27,12.7800
2020-04-28,12.3400
2020-04-29,15.0600
2020-04-30,18.8400
2020-05-01,19.7800
2020-05-04,20.3900
2020-05-05,24.5600
2020-05-06,23.9900
2020-05-07,23.5500
2020-05-08,24.7400
2020-05-11,24.1400
2020-05-12,25.7800
2020-05-13,25.2900
2020-05-14,27.5600
2020-05-15,29.4300
2020-05-18,31.8200
2020-05-19,32.5000
2020-05-20,33.4900
2020-05-21,33.9200
2020-05-22,33.2500
2020-05-26,34.3500
2020-05-27,32.8100
2020-05-28,33.7100
2020-05-29,35.4900
2020-06-01,35.4400
2020-06-02,36.8100
2020-06-03,37.2900
2020-06-04,37.4100
2020-06-05,39.5500
2020-06-08,38.1900
2020-06-09,38.9400
2020-06-10,39.6000
2020-06-11,36.3400
2020-06-12,36.2600
2020-06-15,37.1200
2020-06-16,38.3800
2020-06-17,37.9600
2020-06-18,38.8400
2020-06-19,39.7500
2020-06-22,40.4600
2020-06-23,40.3700
2020-06-24,38.0100
2020-06-25,38.7200
2020-06-26,38.4900
2020-06-29,39.7000
2020-06-30,39.2700
2020-07-01,39.8200
2020-07-02,40.6500
2020-07-06,40.6300
2020-07-07,40.6200
2020-07-08,40.9000
2020-07-09,39.6200
2020-07-10,40.5500
2020-07-13,40.1000
2020-07-14,40.2900
2020-07-15,41.2000
2020-07-16,40.7500
2020-07-17,40.5900
2020-07-20,40.8100
2020-07-21,41.9600
2020-07-22,41.9000
2020-07-23,41.0700
2020-07-24,41.2900
2020-07-27,41.6000
2020-07-28,41.0400
2020-07-29,41.2700
2020-07-30,39.9200
2020-07-31,40.2700
2020-08-03,41.0100
2020-08-04,41.7000
2020-08-05,42.1900
2020-08-06,41.9500
2020-08-07,41.2200
2020-08-10,41.9400
2020-08-11,41.6100
2020-08-12,42.6700
2020-08-13,42.2400
2020-08-14,42.0100
2020-08-17,42.8900
2020-08-18,42.8900
2020-08-19,42.9300
2020-08-20,42.5800
2020-08-21,42.3400
2020-08-24,42.6200
2020-08-25,43.3500
2020-08-26,43.3900
2020-08-27,43.0400
2020-08-28,42.9700
2020-08-31,42.6100
2020-09-01,42.7600
2020-09-02,41.5100
2020-09-03,41.3700
2020-09-04,39.7700
2020-09-08,36.7600
2020-09-09,38.0500
2020-09-10,37.3000
2020-09-11,37.3300
2020-09-14,37.2600
2020-09-15,38.2800
2020-09-16,40.1600
2020-09-17,40.9700
2020-09-18,41.1100
2020-09-21,39.3100
2020-09-22,39.6000
2020-09-23,39.9300
2020-09-24,40.3100
2020-09-25,40.2500
2020-09-28,40.6000
2020-09-29,39.2900
2020-09-30,40.2200
2020-10-01,38.7200
2020-10-02,37.0500
2020-10-05,39.2200
2020-10-06,40.6700
2020-10-07,39.9500
2020-10-08,41.1900
2020-10-09,40.6000
2020-10-12,39.4300
2020-10-13,40.2000
2020-10-14,41.0400
2020-10-15,40.9600
2020-10-16,40.8800
2020-10-19,40.8300
2020-10-20,41.4600
2020-10-21,40.0300
2020-10-22,40.6400
2020-10-23,39.8500
2020-10-26,38.5600
2020-10-27,39.5700
2020-10-28,37.3900
2020-10-29,36.1700
2020-10-30,35.7900
2020-11-02,36.8100
2020-11-03,37.6600
2020-11-04,39.1500
2020-11-05,38.7900
2020-11-06,37.1400
2020-11-09,40.2900
2020-11-10,41.3600
2020-11-11,41.4500
2020-11-12,41.1200
2020-11-13,40.1300
2020-11-16,41.3400
2020-11-17,41.4300
2020-11-18,41.8200
2020-11-19,41.7400
2020-11-20,42.1500
2020-11-23,43.0600
2020-11-24,44.9100
2020-11-25,45.7100
2020-11-27,45.5300
2020-11-30,45.3400
2020-12-01,44.5500
2020-12-02,45.2800
2020-12-03,45.6400
2020-12-04,46.2600
2020-12-07,45.7600
2020-12-08,45.6000
2020-12-09,45.5200
2020-12-10,46.7800
2020-12-11,46.5700
2020-12-14,46.9900
2020-12-15,47.6200
2020-12-16,47.8200
2020-12-17,48.3600
2020-12-18,49.1000
2020-12-21,47.7400
2020-12-22,47.0200
2020-12-23,48.1200
2020-12-24,48.2300
2020-12-28,47.6200
2020-12-29,48.0000
2020-12-30,48.4000
2020-12-31,48.5200
2021-01-04,47.6200
2021-01-05,49.9300
2021-01-06,50.6300
2021-01-07,50.8300
2021-01-08,52.2400
2021-01-11,52.2500
2021-01-12,53.2100
2021-01-13,52.9100
2021-01-14,53.5700
2021-01-15,52.3600
2021-01-19,52.9800
2021-01-20,53.2400
2021-01-21,53.1300
2021-01-22,52.2700
2021-01-25,52.7700
2021-01-26,52.6100
2021-01-27,52.8500
2021-01-28,52.3400
2021-01-29,52.2000
2021-02-01,53.5500
2021-02-02,54.7600
2021-02-03,55.6900
2021-02-04,56.2300
2021-02-05,56.8500
2021-02-08,57.9700
2021-02-09,58.3600
2021-02-10,58.6800
2021-02-11,58.2400
2021-02-12,59.4700
2021-02-16,60.0500
2021-02-17,61.1400
2021-02-18,60.5200
2021-02-19,59.2400
2021-02-22,61.4900
2021-02-23,61.6700
2021-02-24,63.2200
2021-02-25,63.5300
2021-02-26,61.5000
2021-03-01,60.6400
2021-03-02,59.7500
2021-03-03,61.2800
2021-03-04,63.8300
2021-03-05,66.0900
2021-03-08,65.0500
2021-03-09,64.0100
2021-03-10,64.4400
2021-03-11,66.0200
2021-03-12,65.6100
2021-03-15,65.3900
2021-03-16,64.8000
2021-03-17,64.6000
2021-03-18,60.0000
2021-03-19,61.4200
2021-03-22,61.5500
2021-03-23,57.7600
2021-03-24,61.1800
2021-03-25,58.5600
2021-03-26,60.9700
2021-03-29,61.5600
2021-03-30,60.5500
2021-03-31,59.1600
2021-04-01,61.4500
2021-04-05,58.6500
2021-04-06,59.3300
2021-04-07,59.7700
2021-04-08,59.6000
2021-04-09,59.3200
2021-04-12,59.7000
2021-04-13,60.1800
2021-04-14,63.1500
2021-04-15,63.4600
2021-04-16,63.1300
2021-04-19,63.3800
2021-04-20,62.4400
2021-04-21,61.3500
2021-04-22,61.4300
2021-04-23,62.1400
2021-04-26,61.9100
2021-04-27,62.9400
2021-04-28,63.8600
2021-04-29,65.0100
2021-04-30,63.5800
2021-05-03,64.4900
2021-05-04,65.6900
2021-05-05,65.6300
2021-05-06,64.7100
2021-05-07,64.9000
2021-05-10,64.9200
2021-05-11,65.2800
2021-05-12,66.0800
2021-05-13,63.8200
2021-05-14,65.3700
2021-05-17,66.2700
2021-05-18,65.4900
2021-05-19,63.3600
2021-05-20,62.0500
2021-05-21,63.5800
2021-05-24,66.0500
2021-05-25,66.0700
2021-05-26,66.2100
2021-05-27,66.8500
2021-05-28,66.3200
2021-06-01,67.7200
2021-06-02,68.8300
2021-06-03,68.8100
2021-06-04,69.6200
2021-06-07,69.2300
2021-06-08,70.0500
2021-06-09,69.9600
2021-06-10,70.2900
2021-06-11,70.9100
2021-06-14,70.8800
2021-06-15,72.1200
2021-06-16,72.1500
2021-06-17,71.0400
2021-06-18,71.6400
2021-06-21,73.6600
2021-06-22,73.0600
2021-06-23,73.0800
2021-06-24,73.3000
2021-06-25,74.0500
2021-06-28,72.9100
2021-06-29,72.9800
2021-06-30,73.4700
2021-07-01,75.2300
2021-07-02,75.1600
2021-07-06,73.3700
2021-07-07,72.2000
2021-07-08,72.9400
2021-07-09,74.5600
2021-07-12,74.1000
2021-07-13,75.2500
2021-07-14,73.1300
2021-07-15,71.6500
2021-07-16,71.8100
2021-07-19,66.4200
2021-07-20,67.4200
2021-07-21,70.3000
2021-07-22,71.9100
2021-07-23,72.0700
2021-07-26,71.9100
2021-07-27,71.6500
2021-07-28,72.3900
2021-07-29,73.6200
2021-07-30,73.9500
2021-08-02,71.2600
2021-08-03,70.5600
2021-08-04,68.1500
2021-08-05,69.0900
2021-08-06,68.2800
2021-08-09,66.4800
2021-08-10,68.2900
2021-08-11,69.2500
2021-08-12,69.0900
2021-08-13,68.4400
2021-08-16,67.2900
2021-08-17,66.5900
2021-08-18,65.4600
2021-08-19,63.6900
2021-08-20,62.3200
2021-08-23,65.6400
2021-08-24,67.5400
2021-08-25,68.3600
2021-08-26,67.4200
2021-08-27,68.7400
2021-08-30,69.2100
2021-08-31,68.5000
2021-09-01,68.5900
2021-09-02,69.9900
2021-09-03,69.2900
2021-09-07,68.3500
2021-09-08,69.3000
2021-09-09,68.1400
2021-09-10,69.7200
2021-09-13,70.4500
2021-09-14,70.4600
2021-09-15,72.6100
2021-09-16,72.6100
2021-09-17,71.9700
2021-09-20,70.2900
2021-09-21,70.5600
2021-09-22,72.2300
2021-09-23,73.3000
2021-09-24,73.9800
2021-09-27,75.4500
2021-09-28,75.2900
2021-09-29,74.8300
2021-09-30,75.0300
2021-10-01,75.8800
2021-10-04,77.6200
2021-10-05,78.9300
2021-10-06,77.4300
2021-10-07,78.3000
2021-10-08,79.3500
2021-10-11,80.5200
2021-10-12,80.6400
2021-10-13,80.4400
2021-10-14,81.3100
2021-10-15,82.2800
2021-10-18,82.4400
2021-10-19,82.9600
2021-10-20,83.8700
2021-10-21,82.5000
2021-10-22,83.7600
2021-10-25,83.7600
2021-10-26,84.6500
2021-10-27,82.6600
2021-10-28,82.8100
2021-10-29,83.5700
2021-11-01,84.0500
2021-11-02,83.9100
2021-11-03,80.8600
2021-11-04,78.8100
2021-11-05,81.2700
2021-11-08,81.9300
2021-11-09,84.1500
2021-11-10,81.3400
2021-11-11,81.5900
2021-11-12,80.7900
2021-11-15,80.8800
2021-11-16,80.7600
2021-11-17,78.3600
2021-11-18,79.0100
2021-11-19,76.1000
2021-11-22,76.7500
2021-11-23,78.5000
2021-11-24,78.3900
2021-11-26,68.1500
2021-11-29,69.9500
2021-11-30,66.1800
2021-12-01,65.5700
2021-12-02,66.5000
2021-12-03,66.2600
2021-12-06,69.4900
2021-12-07,72.0500
2021-12-08,72.3600
2021-12-09,70.9400
2021-12-10,71.6700
2021-12-13,71.2900
2021-12-14,70.7300
2021-12-15,70.8700
2021-12-16,72.3800
2021-12-17,70.8600
2021-12-20,68.2300
2021-12-21,71.1200
2021-12-22,72.7600
2021-12-23,73.7900
2021-12-27,75.5700
2021-12-28,75.9800
2021-12-29,76.5600
2021-12-30,76.9900
2021-12-31,75.2100
2022-01-03,76.0800
2022-01-04,76.9900
2022-01-05,77.8500
2022-01-06,79.4600
2022-01-07,78.9000
2022-01-10,78.2300
2022-01-11,81.2200
2022-01-12,82.6400
2022-01-13,82.1200
2022-01-14,83.8200
2022-01-18,85.4300
2022-01-19,86.9600
2022-01-20,86.9000
2022-01-21,85.1400
2022-01-24,83.3100
2022-01-25,85.6000
2022-01-26,87.3500
2022-01-27,86.6100
2022-01-28,86.8200
2022-01-31,88.1500
2022-02-01,88.2000
2022-02-02,88.2600
2022-02-03,90.2700
2022-02-04,92.3100
2022-02-07,91.3200
2022-02-08,89.3600
2022-02-09,89.6600
2022-02-10,89.8800
2022-02-11,93.1000
2022-02-14,95.4600
2022-02-15,92.0700
2022-02-16,93.6600
2022-02-17,91.7600
2022-02-18,91.0700
2022-02-22,92.3500
2022-02-23,92.1000
2022-02-24,92.8100
2022-02-25,91.5900
2022-02-28,95.7200
2022-03-01,103.4100
2022-03-02,110.6000
2022-03-03,107.6700
2022-03-04,115.6800
2022-03-07,119.4000
2022-03-08,123.7000
2022-03-09,108.7000
2022-03-10,106.0200
2022-03-11,109.3300
2022-03-14,103.0100
2022-03-15,96.4400
2022-03-16,95.0400
2022-03-17,102.9800
2022-03-18,104.7000
2022-03-21,112.1200
2022-03-22,111.7600
2022-03-23,114.9300
2022-03-24,112.3400
2022-03-25,113.9000
2022-03-28,105.9600
2022-03-29,104.2400
2022-03-30,107.8200
2022-03-31,100.2800
2022-04-01,99.2700
2022-04-04,103.2800
2022-04-05,101.9600
2022-04-06,96.2300
2022-04-07,96.0300
2022-04-08,98.2600
2022-04-11,94.2900
2022-04-12,100.6000
2022-04-13,104.2500
2022-04-14,106.9500
2022-04-18,108.2100
2022-04-19,102.5600
2022-04-20,102.7500
2022-04-21,103.7900
2022-04-22,102.0700
2022-04-25,98.5400
2022-04-26,101.7000
2022-04-27,102.0200
2022-04-28,105.3600
2022-04-29,104.6900
2022-05-02,105.1700
2022-05-03,102.4100
2022-05-04,107.8100
2022-05-05,108.2600
2022-05-06,109.7700
2022-05-09,103.0900
2022-05-10,99.7600
2022-05-11,105.7100
2022-05-12,106.1300
2022-05-13,110.4900
2022-05-16,114.2000
2022-05-17,112.4000
2022-05-18,109.5900
2022-05-19,112.2100
2022-05-20,113.2300
2022-05-23,110.2900
2022-05-24,109.7700
2022-05-25,110.3300
2022-05-26,114.0900
2022-05-27,115.0700
2022-05-31,114.6700
2022-06-01,115.2600
2022-06-02,116.8700
2022-06-03,118.8700
2022-06-06,118.5000
2022-06-07,119.4100
2022-06-08,122.1100
2022-06-09,121.5100
2022-06-10,120.6700
2022-06-13,120.9300
2022-06-14,118.9300
2022-06-15,115.3100
2022-06-16,117.5900
2022-06-17,109.5600
2022-06-21,110.6500
2022-06-22,106.1900
2022-06-23,104.2700
2022-06-24,107.6200
2022-06-27,109.5700
2022-06-28,111.7600
2022-06-29,109.7800
2022-06-30,105.7600
2022-07-01,108.4300
2022-07-05,99.5000
2022-07-06,98.5300
2022-07-07,102.7300
2022-07-08,104.7900
2022-07-11,104.0900
2022-07-12,95.8400
2022-07-13,96.3000
2022-07-14,95.7800
2022-07-15,97.5900
2022-07-18,102.6000
2022-07-19,104.2200
2022-07-20,102.2600
2022-07-21,96.3500
2022-07-22,94.7000
2022-07-25,96.7000
2022-07-26,94.9800
2022-07-27,97.2600
2022-07-28,96.4200
2022-07-29,98.6200
2022-08-01,93.8900
2022-08-02,94.4200
2022-08-03,90.6600
2022-08-04,88.5400
2022-08-05,89.0100
2022-08-08,90.7600
2022-08-09,90.5000
2022-08-10,91.9300
2022-08-11,94.3400
2022-08-12,92.0900
2022-08-15,89.4100
2022-08-16,86.5300
2022-08-17,88.1100
2022-08-18,90.5000
2022-08-19,90.7700
2022-08-22,90.2300
2022-08-23,93.7400
2022-08-24,94.8900
2022-08-25,92.5200
2022-08-26,93.0600
2022-08-29,97.0100
2022-08-30,91.6400
2022-08-31,89.5500
2022-09-01,86.6100
2022-09-02,86.8700
2022-09-06,86.8800
2022-09-07,81.9400
2022-09-08,83.5400
2022-09-09,86.7900
2022-09-12,87.7800
2022-09-13,87.3100
2022-09-14,88.4800
2022-09-15,85.1000
2022-09-16,85.1100
2022-09-19,85.7300
2022-09-20,84.4500
2022-09-21,82.9400
2022-09-22,83.4900
2022-09-23,78.7400
2022-09-26,76.7100
2022-09-27,78.5000
2022-09-28,82.1500
2022-09-29,81.2300
2022-09-30,79.4900
2022-10-03,83.6300
2022-10-04,86.5200
2022-10-05,87.7600
2022-10-06,88.4500
2022-10-07,92.6400
2022-10-10,91.1300
2022-10-11,89.3500
2022-10-12,87.2700
2022-10-13,89.1100
2022-10-14,85.6100
2022-10-17,85.4600
2022-10-18,82.8200
2022-10-19,85.5500
2022-10-20,85.9800
2022-10-21,85.0500
2022-10-24,84.5800
2022-10-25,85.3200
2022-10-26,87.9100
2022-10-27,89.0800
2022-10-28,87.9000
2022-10-31,86.5300
2022-11-01,88.3700
2022-11-02,90.0000
2022-11-03,88.1700
2022-11-04,92.6100
2022-11-07,91.7900
2022-11-08,88.9100
2022-11-09,85.8300
2022-11-10,86.4700
2022-11-11,88.9600
2022-11-14,85.8700
2022-11-15,86.9200
2022-11-16,85.5900
2022-11-17,81.6400
2022-11-18,80.0800
2022-11-21,79.7300
2022-11-22,80.9500
2022-11-23,77.9400
2022-11-25,76.2800
2022-11-28,77.2400
2022-11-29,78.2000
2022-11-30,80.5500
2022-12-01,81.2200
2022-12-02,79.9800
2022-12-05,76.9300
2022-12-06,74.2500
2022-12-07,72.0100
2022-12-08,71.4600
2022-12-09,71.0200
2022-12-12,73.1700
2022-12-13,75.3900
2022-12-14,77.2800
2022-12-15,76.1100
2022-12-16,74.2900
2022-12-19,75.1900
2022-12-20,76.0900
2022-12-21,78.2900
2022-12-22,77.4900
2022-12-23,79.5600
2022-12-27,79.5300
2022-12-28,78.9600
2022-12-29,78.4000
2022-12-30,80.2600
2023-01-03,76.9300
2023-01-04,72.8400
2023-01-05,73.6700
2023-01-06,73.7700
2023-01-09,74.6300
2023-01-10,75.1200
2023-01-11,77.4100
2023-01-12,78.3900
2023-01-13,79.8600
2023-01-17,80.1800
2023-01-18,79.4800
2023-01-19,80.3300
2023-01-20,81.3100
2023-01-23,81.6200
2023-01-24,80.1300
2023-01-25,80.1500
2023-01-26,81.0100
2023-01-27,79.6800
2023-01-30,77.9000
2023-01-31,78.8700
2023-02-01,76.4100
2023-02-02,75.8800
2023-02-03,73.3900
2023-02-06,74.1100
2023-02-07,77.1400
2023-02-08,78.4700
2023-02-09,78.0600
2023-02-10,79.7200
2023-02-13,80.1400
2023-02-14,79.0600
2023-02-15,78.5900
2023-02-16,78.4900
2023-02-17,76.3400
2023-02-21,76.1600
2023-02-22,73.9500
2023-02-23,75.3900
2023-02-24,76.3200
2023-02-27,75.6800
2023-02-28,77.0500
2023-03-01,77.6900
2023-03-02,78.1600
2023-03-03,79.6800
2023-03-06,80.4600
2023-03-07,77.5800
2023-03-08,76.6600
2023-03-09,75.7200
2023-03-10,76.6800
2023-03-13,74.8000
2023-03-14,71.3300
2023-03-15,67.6100
2023-03-16,68.3500
2023-03-17,66.7400
2023-03-20,67.6400
2023-03-21,69.3300
2023-03-22,70.9000
2023-03-23,69.9600
2023-03-24,69.2600
2023-03-27,72.8100
2023-03-28,73.2000
2023-03-29,72.9700
2023-03-30,74.3700
2023-03-31,75.6700
2023-04-03,80.4200
2023-04-04,80.7100
2023-04-05,80.6100
2023-04-06,80.7000
2023-04-10,79.7400
2023-04-11,81.5300
2023-04-12,83.2600
2023-04-13,82.1600
2023-04-14,82.5200
2023-04-17,80.8300
2023-04-18,80.8600
2023-04-19,79.1600
2023-04-20,77.2900
2023-04-21,77.8700
2023-04-24,78.7600
2023-04-25,77.0700
2023-04-26,74.3000
2023-04-27,74.7600
2023-04-28,76.7800
2023-05-01,75.6600
2023-05-02,71.6600
2023-05-03,68.6000
2023-05-04,68.5600
2023-05-05,71.3400
2023-05-08,73.1600
2023-05-09,73.7100
2023-05-10,72.5600
2023-05-11,70.8700
2023-05-12,70.0400
2023-05-15,71.1100
2023-05-16,70.8600
2023-05-17,72.8300
2023-05-18,71.8600
2023-05-19,71.5500
2023-05-22,71.9900
2023-05-23,72.9100
2023-05-24,74.3400
2023-05-25,71.8300
2023-05-26,72.6700
2023-05-30,69.4600
2023-05-31,68.0900
2023-06-01,70.1000
2023-06-02,71.7400
2023-06-05,72.1500
2023-06-06,71.7400
2023-06-07,72.5300
2023-06-08,71.2900
2023-06-09,70.1700
2023-06-12,67.1200
2023-06-13,69.4200
2023-06-14,68.2700
2023-06-15,70.6200
2023-06-16,71.7800
2023-06-20,70.5000
2023-06-21,72.5300
2023-06-22,69.5100
2023-06-23,69.1600
2023-06-26,69.3700
2023-06-27,67.7000
2023-06-28,69.5600
2023-06-29,69.8600
2023-06-30,70.6400
2023-07-03,69.7900
2023-07-05,71.7900
2023-07-06,71.8000
2023-07-07,73.8600
2023-07-10,72.9900
2023-07-11,74.8300
2023-07-12,75.7500
2023-07-13,76.8900
2023-07-14,75.4200
2023-07-17,74.1500
2023-07-18,75.7500
2023-07-19,75.3500
2023-07-20,75.6300
2023-07-21,77.0700
2023-07-24,78.7400
2023-07-25,79.6300
2023-07-26,78.7800
2023-07-27,80.0900
2023-07-28,80.5800
2023-07-31,81.8000
2023-08-01,81.3700
2023-08-02,79.4900
2023-08-03,81.5500
2023-08-04,82.8200
2023-08-07,81.9400
2023-08-08,82.9200
2023-08-09,84.4000
2023-08-10,82.8200
2023-08-11,83.1900
2023-08-14,82.5100
2023-08-15,80.9900
2023-08-16,79.3800
2023-08-17,80.3900
2023-08-18,81.2500
2023-08-21,80.7200
2023-08-22,80.3500
2023-08-23,78.8900
2023-08-24,79.0500
2023-08-25,79.8300
2023-08-28,80.1000
2023-08-29,81.1600
2023-08-30,81.6300
2023-08-31,83.6300
2023-09-01,85.5500
2023-09-05,86.6900
2023-09-06,87.5400
2023-09-07,86.8700
2023-09-08,87.5100
2023-09-11,87.2900
2023-09-12,88.8400
2023-09-13,88.5200
2023-09-14,90.1600
2023-09-15,90.7700
2023-09-18,91.4800
2023-09-19,91.2000
2023-09-20,90.2800
2023-09-21,89.6300
2023-09-22,90.0300
2023-09-25,89.6800
2023-09-26,90.3900
2023-09-27,93.6800
2023-09-28,91.7100
2023-09-29,90.7900
2023-10-02,88.8200
2023-10-03,89.2300
2023-10-04,84.2200
2023-10-05,82.3100
2023-10-06,82.7900
2023-10-09,86.3800
2023-10-10,85.9700
2023-10-11,83.4900
2023-10-12,82.9100
2023-10-13,87.6900
2023-10-16,86.6600
2023-10-17,86.6600
2023-10-18,88.3200
2023-10-19,89.3700
2023-10-20,88.7500
2023-10-23,85.4900
2023-10-24,83.7400
2023-10-25,85.3900
2023-10-26,83.2100
2023-10-27,85.5400
2023-10-30,82.3100
2023-10-31,81.0200
2023-11-01,80.4400
2023-11-02,82.4600
2023-11-03,80.5100
2023-11-06,80.8200
2023-11-07,77.3700
2023-11-08,75.3300
2023-11-09,75.7400
2023-11-10,77.1700
2023-11-13,78.2600
2023-11-14,78.2600
2023-11-15,76.6600
2023-11-16,72.9000
2023-11-17,75.8900
2023-11-20,77.6000
2023-11-21,77.7700
2023-11-22,77.1000
2023-11-24,75.5400
2023-11-27,74.8600
2023-11-28,76.4100
2023-11-29,77.8600
2023-11-30,75.9600
2023-12-01,74.0700
2023-12-04,73.0400
2023-12-05,72.3200
2023-12-06,69.3800
2023-12-07,69.3400
2023-12-08,71.2300
2023-12-11,71.3200
2023-12-12,68.6100
2023-12-13,69.4700
2023-12-14,71.5800
2023-12-15,71.4300
2023-12-18,72.4700
2023-12-19,73.4400
2023-12-20,74.2200
2023-12-21,73.8900
2023-12-22,73.5600
2023-12-26,75.5700
2023-12-27,74.1100
2023-12-28,71.7700
2023-12-29,71.6500
2024-01-02,70.3800
2024-01-03,72.7000
2024-01-04,72.1900
2024-01-05,73.8100
2024-01-08,70.7700
2024-01-09,72.2400
2024-01-10,71.3700
2024-01-11,72.0200
2024-01-12,72.6800
2024-01-16,72.4000
2024-01-17,72.5600
2024-01-18,74.0800
2024-01-19,73.4100
2024-01-22,75.1900
2024-01-23,74.3700
2024-01-24,75.0900
2024-01-25,77.3600
2024-01-26,78.0100
2024-01-29,76.7800
2024-01-30,77.8200
2024-01-31,75.8500
2024-02-01,73.8200
2024-02-02,72.2800
2024-02-05,72.7800
2024-02-06,73.3100
2024-02-07,73.8600
2024-02-08,76.2200
2024-02-09,76.8400
2024-02-12,76.9200
2024-02-13,77.8700
2024-02-14,76.6400
2024-02-15,78.0300
2024-02-16,79.1900
2024-02-20,78.1800
2024-02-21,77.9100
2024-02-22,78.6100
2024-02-23,76.4900
2024-02-26,77.5800
2024-02-27,78.8700
2024-02-28,78.5400
2024-02-29,78.2600
2024-03-01,79.9700
2024-03-04,78.7400
2024-03-05,78.1500
2024-03-06,79.1300
2024-03-07,78.9300
2024-03-08,78.0100
2024-03-11,77.9300
2024-03-12,77.5600
2024-03-13,79.7200
2024-03-14,81.2600
2024-03-15,81.0400
2024-03-18,82.7200
2024-03-19,83.4700
2024-03-20,81.6800
2024-03-21,81.0700
2024-03-22,80.6300
2024-03-25,81.9500
2024-03-26,81.6200
2024-03-27,81.3500
2024-03-28,83.1700
2024-04-01,83.7100
2024-04-02,85.1500
2024-04-03,85.4300
2024-04-04,86.5900
2024-04-05,86.9100
2024-04-08,86.4300
2024-04-09,85.2300
2024-04-10,86.2100
2024-04-11,85.0200
2024-04-12,85.6600
2024-04-15,85.4100
2024-04-16,85.3600
2024-04-17,82.6900
2024-04-18,82.7300
2024-04-19,83.1400
2024-04-22,82.8500
2024-04-23,83.3600
2024-04-24,82.8100
2024-04-25,83.5700
2024-04-26,83.8500
2024-04-29,82.6300
2024-04-30,81.9300
2024-05-01,79.0000
2024-05-02,78.9500
2024-05-03,78.1100
2024-05-06,78.4800
2024-05-07,78.3800
2024-05-08,78.9900
2024-05-09,79.2600
2024-05-10,78.2600
2024-05-13,79.1200
2024-05-14,78.0200
2024-05-15,78.6300
2024-05-16,79.2300
2024-05-17,80.0600
2024-05-20,79.8000
2024-05-21,79.2600
2024-05-22,77.5700
2024-05-23,76.8700
2024-05-24,77.7200
2024-05-28,79.8300
2024-05-29,79.2300
2024-05-30,77.9100
2024-05-31,76.9900
2024-06-03,74.2200
2024-06-04,73.2500
2024-06-05,74.0700
2024-06-06,75.5500
2024-06-07,75.5300
2024-06-10,77.7400
2024-06-11,77.9000
2024-06-12,78.5000
2024-06-13,78.6200
2024-06-14,78.4500
2024-06-17,80.3300
2024-06-18,81.5700
2024-06-20,82.1700
2024-06-21,80.7300
2024-06-24,81.6300
2024-06-25,80.8300
2024-06-26,80.9000
2024-06-27,81.7400
2024-06-28,81.5400
2024-07-01,83.3800
2024-07-02,82.8100
2024-07-03,83.8800
2024-07-05,83.1600
2024-07-08,82.3300
2024-07-09,81.4100
2024-07-10,82.1000
2024-07-11,82.6200
2024-07-12,82.2100
2024-07-15,81.9100
2024-07-16,80.7600
2024-07-17,82.8500
2024-07-18,82.8200
2024-07-19,80.1300
2024-07-22,79.7800
2024-07-23,76.9600
2024-07-24,77.5900
2024-07-25,78.2800
2024-07-26,77.1600
2024-07-29,75.8100
2024-07-30,74.7300
2024-07-31,77.9100
2024-08-01,76.3100
2024-08-02,73.5200
2024-08-05,72.9400
2024-08-06,73.2000
2024-08-07,75.2300
2024-08-08,76.1900
2024-08-09,76.8400
2024-08-12,80.0600
2024-08-13,78.3500
2024-08-14,76.9800
2024-08-15,78.1600
2024-08-16,76.6500
2024-08-19,74.3700
2024-08-20,74.0400
2024-08-21,71.9300
2024-08-22,73.0100
2024-08-23,74.8300
2024-08-26,77.4200
2024-08-27,75.5300
2024-08-28,74.5200
2024-08-29,75.9100
2024-08-30,73.5500
2024-09-03,70.3400
2024-09-04,69.2000
2024-09-05,69.1500
2024-09-06,67.6700
2024-09-09,68.7100
2024-09-10,65.7500
2024-09-11,67.3100
2024-09-12,68.9700
2024-09-13,68.6500
2024-09-16,70.0900
2024-09-17,71.1900
2024-09-18,70.9100
2024-09-19,71.9500
2024-09-20,71.9200
2024-09-23,70.3700
2024-09-24,71.5600
2024-09-25,69.6900
2024-09-26,67.6700
2024-09-27,68.1800
2024-09-30,68.1700
2024-10-01,69.8300
2024-10-02,70.1000
2024-10-03,73.7100
2024-10-04,74.3800
2024-10-07,77.1400
2024-10-08,73.5700
2024-10-09,73.2400
2024-10-10,75.8500
2024-10-11,75.5600
2024-10-14,73.8300
2024-10-15,70.5800
2024-10-16,70.3900
2024-10-17,70.6700
2024-10-18,69.2200
2024-10-21,70.5600
2024-10-22,72.0900
2024-10-23,70.7700
2024-10-24,70.1900
2024-10-25,71.7800
2024-10-28,67.3800
2024-10-29,67.2100
2024-10-30,68.6100
2024-10-31,69.2600
2024-11-01,69.4900
2024-11-04,71.4700
2024-11-05,71.9900
2024-11-06,71.6900
2024-11-07,72.3600
2024-11-08,70.3800
2024-11-11,68.0400
2024-11-12,68.1200
2024-11-13,68.4300
2024-11-14,68.7000
2024-11-15,67.0200
2024-11-18,69.1600
2024-11-19,69.3900
2024-11-20,68.8700
2024-11-21,70.1000
2024-11-22,71.2400
2024-11-25,68.9400
2024-11-26,68.7700
2024-11-27,68.7200
2024-11-29,68.0000
2024-12-02,68.1000
2024-12-03,69.9400
2024-12-04,68.5400
2024-12-05,68.3000
2024-12-06,67.2000
2024-12-09,68.3700
2024-12-10,68.5900
2024-12-11,70.2900
2024-12-12,70.0200
2024-12-13,71.2900
2024-12-16,70.7100
2024-12-17,70.0800
2024-12-18,70.5800
2024-12-19,69.9100
2024-12-20,69.4600
2024-12-23,69.2400
2024-12-24,70.1000
2024-12-26,69.6200
2024-12-27,70.6000
2024-12-30,70.9900
2024-12-31,71.7200
2025-01-02,73.1300
2025-01-03,73.9600
2025-01-06,73.5600
2025-01-07,74.2500
2025-01-08,73.3200
2025-01-09,73.9200
2025-01-10,76.5700
2025-01-13,78.8200
2025-01-14,77.5000
2025-01-15,80.0400
2025-01-16,78.6800
2025-01-17,77.8800
2025-01-21,75.8900
2025-01-22,75.4400
2025-01-23,74.6200
2025-01-24,74.6600
2025-01-27,73.1700
2025-01-28,73.7700
2025-01-29,72.6200
2025-01-30,72.7300
2025-01-31,72.5300
2025-02-03,73.1600
2025-02-04,72.7000
2025-02-05,71.0300
2025-02-06,70.6100
2025-02-07,71.0000
2025-02-10,72.3200
2025-02-11,73.3200
2025-02-12,71.3700
2025-02-13,71.2900
2025-02-14,70.7400
2025-02-18,71.8500
2025-02-19,72.2500
2025-02-20,72.5700
2025-02-21,70.4000
2025-02-24,70.7000
2025-02-25,68.9300
2025-02-26,68.6200
2025-02-27,70.3500
2025-02-28,69.7600
2025-03-03,68.3700
2025-03-04,68.2600
2025-03-05,66.3100
2025-03-06,66.3600
2025-03-07,67.0400
2025-03-10,66.0300
2025-03-11,66.2500
2025-03-12,67.6800
2025-03-13,66.5500
2025-03-14,67.1800
2025-03-17,67.5800
2025-03-18,66.9000
2025-03-19,67.1600
2025-03-20,68.2600
2025-03-21,68.2800
2025-03-24,69.1100
2025-03-25,69.0000
2025-03-26,69.6500
2025-03-27,69.9200
2025-03-28,69.3600
2025-03-31,71.4800
2025-04-01,71.2000
2025-04-02,71.7100
2025-04-03,66.9500
2025-04-04,61.9900
2025-04-07,60.7000
2025-04-08,59.5800
2025-04-09,62.3500
2025-04-10,60.0700
2025-04-11,61.5000
2025-04-14,61.5300
2025-04-15,61.3300
2025-04-16,62.4700
2025-04-17,64.6800
2025-04-21,63.0800
2025-04-22,64.3100
2025-04-23,62.2700
2025-04-24,62.7900
2025-04-25,63.0200
2025-04-28,62.0500
2025-04-29,60.4200
2025-04-30,58.2100
2025-05-01,59.2400
2025-05-02,58.2900
2025-05-05,57.1300
2025-05-06,59.0900
2025-05-07,58.0700
2025-05-08,59.9100
2025-05-09,61.0200
2025-05-12,61.9500
2025-05-13,63.6700
2025-05-14,63.1500
2025-05-15,61.6200
2025-05-16,62.4900
2025-05-19,62.6900
2025-05-20,62.5600
2025-05-21,61.5700
2025-05-22,61.2000
2025-05-23,61.5300
2025-05-27,60.8900
2025-05-28,61.8400
2025-05-29,60.9400
2025-05-30,60.7900
2025-06-02,62.5200
2025-06-03,63.4100
2025-06-04,62.8500
2025-06-05,63.3700
2025-06-06,64.5800
2025-06-09,65.2900
2025-06-10,64.9800
2025-06-11,68.1500
2025-06-12,68.0400
2025-06-13,72.9800
2025-06-16,71.7700
2025-06-17,74.8400
2025-06-18,75.1400
2025-06-20,74.9300
2025-06-23,68.5100
2025-06-24,64.3700
2025-06-25,64.9200
2025-06-26,65.2400
2025-06-27,65.5200
2025-06-30,65.1100
2025-07-01,65.4500
2025-07-02,67.4500
2025-07-03,67.0000
2025-07-04,66.5000
2025-07-07,67.9300
2025-07-08,68.3300
2025-07-09,68.3800
2025-07-10,66.5700
2025-07-11,68.4500
2025-07-14,66.9800
2025-07-15,66.5200
2025-07-16,66.3800
2025-07-17,67.5400
2025-07-18,67.3400
2025-07-21,67.2000
2025-07-22,66.2100
2025-07-23,65.2500
2025-07-24,66.0300
2025-07-25,65.1600
2025-07-28,66.7100
2025-07-29,69.2100
2025-07-30,70.0000
2025-07-31,69.2600
2025-08-01,67.3300
2025-08-04,66.2900
2025-08-05,65.1600
2025-08-06,64.3500
2025-08-07,63.8800
2025-08-08,63.8800
2025-08-11,63.9600
2025-08-12,63.1700
2025-08-13,62.6500
2025-08-14,63.9600
2025-08-15,62.8000
2025-08-18,63.4200
2025-08-19,62.3500
2025-08-20,63.2100
2025-08-21,63.5200
2025-08-22,63.6600
2025-08-25,64.8000
2025-08-26,63.2500
2025-08-27,64.1500
2025-08-28,64.6000
2025-08-29,64.0100
2025-09-02,65.5900
2025-09-03,63.9700
2025-09-04,63.4800
2025-09-05,61.8700
2025-09-08,62.2600
2025-09-09,62.6300
2025-09-10,63.6700
2025-09-11,62.3700
2025-09-12,62.6900
2025-09-15,63.3000
2025-09-16,64.5200
2025-09-17,64.0500
2025-09-18,63.5700
2025-09-19,62.6800
2025-09-22,62.6400
2025-09-23,63.4100
2025-09-24,64.9900
2025-09-25,64.9800
2025-09-26,65.7200
2025-09-29,63.4500
2025-09-30,62.3700
2025-10-01,61.7800
2025-10-02,60.4800
2025-10-03,60.8800
2025-10-06,61.6900
2025-10-07,61.7300
2025-10-08,62.5500
2025-10-09,61.5100
2025-10-10,58.9000
2025-10-13,59.4900
2025-10-14,58.7000
2025-10-15,58.2700
2025-10-16,57.4600
2025-10-17,57.5400
2025-10-20,57.5200
2025-10-21,57.8200
2025-10-22,58.5000
2025-10-23,61.7900
2025-10-24,61.5000
2025-10-27,61.3100
2025-10-28,60.1500
2025-10-29,60.4800
2025-10-30,60.5700
2025-10-31,60.9800
2025-11-03,61.0500
2025-11-04,60.5600
2025-11-05,59.6000
2025-11-06,59.4300
2025-11-07,59.7500
2025-11-10,60.1300
2025-11-11,61.0400
2025-11-12,58.4900
2025-11-13,58.6900
2025-11-14,60.0900
2025-11-17,59.9100
2025-11-18,60.7400
2025-11-19,59.4400
2025-11-20,59.1400
2025-11-21,58.0600
2025-11-24,58.8400
2025-11-25,57.9500
2025-11-26,58.6500
2025-11-28,58.5500
2025-12-01,59.3200
2025-12-02,58.6400
2025-12-03,58.9500
2025-12-04,59.6700
2025-12-05,60.0800
2025-12-08,58.8800
2025-12-09,58.2500
2025-12-10,58.4600
2025-12-11,57.6000
2025-12-12,57.4400
2025-12-15,56.8200
2025-12-16,55.2700
2025-12-17,55.9400
2025-12-18,56.1500
2025-12-19,56.6600
2025-12-22,58.0100
2025-12-23,58.3800
2025-12-24,58.3500
2025-12-26,56.7400
2025-12-29,58.0800
2025-12-30,57.9500
2025-12-31,57.4200
2026-01-02,57.3200
2026-01-05,58.3200
2026-01-06,57.1300
2026-01-07,55.9900
2026-01-08,57.7600
2026-01-09,59.1200
2026-01-12,59.5000
2026-01-13,61.1500
2026-01-14,62.0200
2026-01-15,59.1900
2026-01-16,59.4400
2026-01-20,60.3400
2026-01-21,60.6200
2026-01-22,59.3600
2026-01-23,61.0700
2026-01-26,60.6300
2026-01-27,62.3900
2026-01-28,63.2100
2026-01-29,65.4200
2026-01-30,65.2100
2026-02-02,62.1400
2026-02-03,63.2100
2026-02-04,65.1400
2026-02-05,63.2900
2026-02-06,63.5500
2026-02-09,64.3600
2026-02-10,63.9600
2026-02-11,64.6300
2026-02-12,62.8400
2026-02-13,62.8900
2026-02-17,62.3300
2026-02-18,65.1900
2026-02-19,66.4300
2026-02-20,66.3900
2026-02-23,66.3100
2026-02-24,65.6300
2026-02-25,65.4200
2026-02-26,65.2100
2026-02-27,67.0200
2026-03-02,71.2300
2026-03-03,74.5600
2026-03-04,74.6600
2026-03-05,81.0100
2026-03-06,90.9000
2026-03-09,94.7700
2026-03-10,83.4500
2026-03-11,87.2500
2026-03-12,95.7300
2026-03-13,98.7100
2026-03-16,93.5000
2026-03-17,96.2100
2026-03-18,96.3200
2026-03-19,96.1400
2026-03-20,98.3200
2026-03-23,88.1300
2026-03-24,92.3500
2026-03-25,90.3200
2026-03-26,94.4800
2026-03-27,99.6400
2026-03-30,102.8800
2026-03-31,101.3800
2026-04-01,100.1200
2026-04-02,111.5400
2026-04-06,112.4100
2026-04-07,112.9500
2026-04-08,94.4100
2026-04-09,97.8700
2026-04-10,96.5700
2026-04-13,99.0800
2026-04-14,91.2800
2026-04-15,91.2900
2026-04-16,94.6900
2026-04-17,83.8500
2026-04-20,89.6100
2026-04-21,92.1300
2026-04-22,92.9600
2026-04-23,95.8500
2026-04-24,94.4000
2026-04-27,96.3700
2026-04-28,99.9300
2026-04-29,106.8800
2026-04-30,105.0700
2026-05-01,101.9400
2026-05-04,106.4200
2026-05-05,102.2700
2026-05-06,95.0800
2026-05-07,94.8100
2026-05-08,95.4200
2026-05-11,98.0700
2026-05-12,102.1800
2026-05-13,101.0200
2026-05-14,101.1700
2026-05-15,105.4200
2026-05-18,108.6600
2026-05-19,107.7700
2026-05-20,98.2600
2026-05-21,96.3500
2026-05-22,96.6000
2026-05-26,93.8900
2026-05-27,88.6800
2026-05-28,88.9000
2026-05-29,87.3600
2026-06-01,92.1600
2026-06-02,93.7600
2026-06-03,96.0200
2026-06-04,93.0400
2026-06-05,90.5400
2026-06-08,91.3000
2026-06-09,88.2000
2026-06-10,90.0300
2026-06-11,87.7100
2026-06-12,84.8800
2026-06-15,80.7500
2026-06-16,76.0500
2026-06-17,76.7900
2026-06-18,76.6000
2026-06-22,74.8200
2026-06-23,73.2100
2026-06-24,70.3400
2026-06-25,71.9200
2026-06-26,69.2300
2026-06-29,70.7500
2026-06-30,69.5000
2026-07-01,68.5800
2026-07-02,68.6900
2026-07-06,68.5500
2026-07-07,70.4400
2026-07-08,73.5200
2026-07-09,72.0800
2026-07-10,71.4100
2026-07-13,78.1400
2026-07-14,79.3400
2026-07-15,79.6000
2026-07-16,78.9500
2026-07-17,82.4900
2026-07-20,83.2300
2026-07-21,84.9100
2026-07-22,86.8300
2026-07-23,92.1900
2026-07-24,89.3100
2026-07-27,82.6100
2026-07-28,79.2600
2026-07-29,83.2700
